2026-01-20 09:13:08.468 INFO  org.testng.internal.Utils - [TestNG] Running:
  C:\Users\2457157\IdeaProjects\HealthIndexCalculator\parallel.xml

2026-01-20 09:13:08.562 INFO  listeners.Listener1 - Initializing ExtentReports. Report path: C:\Users\2457157\IdeaProjects\HealthIndexCalculator/reports/Test-Report2026.01.20.09.13.08.html
2026-01-20 09:13:08.562 INFO  listeners.Listener1 - Initializing ExtentReports. Report path: C:\Users\2457157\IdeaProjects\HealthIndexCalculator/reports/Test-Report2026.01.20.09.13.08.html
2026-01-20 09:13:09.823 INFO  listeners.Listener1 - System info set: Browser=edge
2026-01-20 09:13:09.823 INFO  listeners.Listener1 - System info set: Browser=chrome
2026-01-20 09:13:09.823 INFO  listeners.Listener1 - ExtentReports initialization complete
2026-01-20 09:13:09.823 INFO  listeners.Listener1 - ExtentReports initialization complete
2026-01-20 09:13:18.219 INFO  tests.CalculatorFunctionalityTest - edge Browser started
2026-01-20 09:13:19.582 INFO  tests.CalculatorFunctionalityTest - Initializing CalculatorForm, ExcelDataManager, TopNavigation
2026-01-20 09:13:20.596 INFO  tests.CalculatorFunctionalityTest - Setup complete for CalculatorFunctionalityTest
2026-01-20 09:13:21.635 INFO  listeners.Listener1 - onTestStart -> isFormHeadingPresent
2026-01-20 09:13:21.764 INFO  tests.CalculatorFunctionalityTest - Verifying form heading presence
2026-01-20 09:13:22.298 INFO  tests.CalculatorFunctionalityTest - Form Heading assertion passed
2026-01-20 09:13:22.314 INFO  listeners.Listener1 - onTestSuccess -> isFormHeadingPresent
2026-01-20 09:13:27.371 INFO  tests.CalculatorFunctionalityTest - chrome Browser started
2026-01-20 09:13:29.494 INFO  tests.CalculatorFunctionalityTest - Initializing CalculatorForm, ExcelDataManager, TopNavigation
2026-01-20 09:13:29.592 INFO  tests.CalculatorFunctionalityTest - Setup complete for CalculatorFunctionalityTest
2026-01-20 09:13:29.641 INFO  listeners.Listener1 - onTestStart -> isFormHeadingPresent
2026-01-20 09:13:29.647 INFO  tests.CalculatorFunctionalityTest - Verifying form heading presence
2026-01-20 09:13:30.086 INFO  tests.CalculatorFunctionalityTest - Form Heading assertion passed
2026-01-20 09:13:30.086 INFO  listeners.Listener1 - onTestSuccess -> isFormHeadingPresent
2026-01-20 09:13:35.986 INFO  tests.ResultsPageUiTest - edge Browser started
2026-01-20 09:13:36.678 INFO  tests.ResultsPageUiTest - Initializing page objects: TopNavigation, CalculatorForm, ResultPage
2026-01-20 09:13:36.945 INFO  tests.ResultsPageUiTest - Page objects initialized successfully
2026-01-20 09:13:36.973 INFO  tests.ResultsPageUiTest - Providing data for 'resultPageCheck'
2026-01-20 09:13:36.973 INFO  tests.ResultsPageUiTest - Data provided: 1 row(s)
2026-01-20 09:13:37.031 INFO  listeners.Listener1 - onTestStart -> resultPageCheck
2026-01-20 09:13:37.033 INFO  listeners.Listener1 - Parameters for resultPageCheck: [20, 67, 120/80]
2026-01-20 09:13:37.047 INFO  tests.ResultsPageUiTest - === Starting 'resultPageCheck' test ===
2026-01-20 09:13:37.056 INFO  tests.ResultsPageUiTest - Input data -> Age: 20, Pulse: 67, BP: 120/80
2026-01-20 09:13:37.089 INFO  tests.ResultsPageUiTest - Entering age
2026-01-20 09:13:38.668 INFO  tests.ResultsPageUiTest - Entering pulse
2026-01-20 09:13:39.472 INFO  tests.ResultsPageUiTest - Entering blood pressure
2026-01-20 09:13:40.472 INFO  tests.ResultsPageUiTest - Clicking Calculate
2026-01-20 09:13:43.620 INFO  tests.ResultsPageUiTest - Locating feedback text area
2026-01-20 09:13:43.784 INFO  tests.ResultsPageUiTest - Computing scroll metrics: scrollHeight vs clientHeight
2026-01-20 09:13:44.073 INFO  tests.ResultsPageUiTest - chrome Browser started
2026-01-20 09:13:44.274 INFO  tests.ResultsPageUiTest - scrollHeight: 120
2026-01-20 09:13:44.274 INFO  tests.ResultsPageUiTest - clientHeight: 76
2026-01-20 09:13:44.274 INFO  tests.ResultsPageUiTest - Is feedback textarea scrollable? true
2026-01-20 09:13:44.274 INFO  tests.ResultsPageUiTest - PASS: The result text box is scrollable
2026-01-20 09:13:44.305 INFO  tests.ResultsPageUiTest - Checking CSS 'resize' property
2026-01-20 09:13:44.674 INFO  tests.ResultsPageUiTest - resize CSS value: vertical
2026-01-20 09:13:44.674 INFO  tests.ResultsPageUiTest - Is feedback textarea resizable? true
2026-01-20 09:13:44.687 INFO  tests.ResultsPageUiTest - PASS: The result textbox is resizable
2026-01-20 09:13:44.687 INFO  tests.ResultsPageUiTest - Asserting all soft assertions
2026-01-20 09:13:44.687 INFO  tests.ResultsPageUiTest - === Completed 'resultPageCheck' test ===
2026-01-20 09:13:44.707 INFO  listeners.Listener1 - onTestSuccess -> resultPageCheck
2026-01-20 09:13:44.819 INFO  listeners.Listener1 - onTestStart -> isAgeFieldPresent
2026-01-20 09:13:44.819 INFO  tests.CalculatorFunctionalityTest - Verifying age field presence
2026-01-20 09:13:45.519 INFO  tests.CalculatorFunctionalityTest - Age field presence assertion passed
2026-01-20 09:13:45.519 INFO  listeners.Listener1 - onTestSuccess -> isAgeFieldPresent
2026-01-20 09:13:45.557 INFO  listeners.Listener1 - onTestStart -> isLogoPresent
2026-01-20 09:13:45.557 INFO  tests.ResultsPageUiTest - === Starting 'isLogoPresent' test ===
2026-01-20 09:13:45.836 INFO  tests.ResultsPageUiTest - Logo present? true
2026-01-20 09:13:45.842 INFO  tests.ResultsPageUiTest - PASS: Logo is visible
2026-01-20 09:13:45.842 INFO  tests.ResultsPageUiTest - === Completed 'isLogoPresent' test ===
2026-01-20 09:13:45.844 INFO  listeners.Listener1 - onTestSuccess -> isLogoPresent
2026-01-20 09:13:45.886 INFO  listeners.Listener1 - onTestStart -> isPulseRateFieldPresent
2026-01-20 09:13:45.904 INFO  tests.CalculatorFunctionalityTest - Verifying pulse field presence
2026-01-20 09:13:46.198 INFO  tests.ResultsPageUiTest - Initializing page objects: TopNavigation, CalculatorForm, ResultPage
2026-01-20 09:13:46.343 INFO  tests.ResultsPageUiTest - Page objects initialized successfully
2026-01-20 09:13:46.361 INFO  tests.ResultsPageUiTest - Providing data for 'resultPageCheck'
2026-01-20 09:13:46.361 INFO  tests.ResultsPageUiTest - Data provided: 1 row(s)
2026-01-20 09:13:46.387 INFO  listeners.Listener1 - onTestStart -> resultPageCheck
2026-01-20 09:13:46.387 INFO  listeners.Listener1 - Parameters for resultPageCheck: [20, 67, 120/80]
2026-01-20 09:13:46.394 INFO  tests.ResultsPageUiTest - === Starting 'resultPageCheck' test ===
2026-01-20 09:13:46.394 INFO  tests.ResultsPageUiTest - Input data -> Age: 20, Pulse: 67, BP: 120/80
2026-01-20 09:13:46.394 INFO  tests.ResultsPageUiTest - Entering age
2026-01-20 09:13:46.633 INFO  tests.CalculatorFunctionalityTest - Pulse field presence assertion passed
2026-01-20 09:13:46.638 INFO  listeners.Listener1 - onTestSuccess -> isPulseRateFieldPresent
2026-01-20 09:13:46.668 INFO  listeners.Listener1 - onTestStart -> isLogoTextPresent
2026-01-20 09:13:46.680 INFO  tests.ResultsPageUiTest - === Starting 'isLogoTextPresent' test ===
2026-01-20 09:13:46.965 INFO  tests.ResultsPageUiTest - Logo text present? true
2026-01-20 09:13:46.965 INFO  tests.ResultsPageUiTest - PASS: Logo text is visible
2026-01-20 09:13:46.965 INFO  tests.ResultsPageUiTest - === Completed 'isLogoTextPresent' test ===
2026-01-20 09:13:46.975 INFO  listeners.Listener1 - onTestSuccess -> isLogoTextPresent
2026-01-20 09:13:46.999 INFO  listeners.Listener1 - onTestStart -> isBloodPressureFieldPresent
2026-01-20 09:13:47.003 INFO  tests.CalculatorFunctionalityTest - Verifying BP field presence
2026-01-20 09:13:47.529 INFO  tests.CalculatorFunctionalityTest - BP field presence assertion passed
2026-01-20 09:13:47.529 INFO  listeners.Listener1 - onTestSuccess -> isBloodPressureFieldPresent
2026-01-20 09:13:47.561 INFO  listeners.Listener1 - onTestStart -> isResultBoxPresent
2026-01-20 09:13:47.664 INFO  tests.ResultsPageUiTest - Entering pulse
2026-01-20 09:13:47.834 INFO  tests.ResultsPageUiTest - === Starting 'isResultBoxPresent' test ===
2026-01-20 09:13:48.137 INFO  tests.ResultsPageUiTest - Result box present? true
2026-01-20 09:13:48.152 INFO  tests.ResultsPageUiTest - PASS: Result box is visible
2026-01-20 09:13:48.152 INFO  tests.ResultsPageUiTest - === Completed 'isResultBoxPresent' test ===
2026-01-20 09:13:48.152 INFO  listeners.Listener1 - onTestSuccess -> isResultBoxPresent
2026-01-20 09:13:48.188 INFO  listeners.Listener1 - onTestStart -> isCalculateButtonPresentAndClickable
2026-01-20 09:13:48.195 INFO  tests.CalculatorFunctionalityTest - Verifying Calculate Button presence and Clickability
2026-01-20 09:13:49.161 INFO  tests.ResultsPageUiTest - Entering blood pressure
2026-01-20 09:13:49.425 INFO  tests.CalculatorFunctionalityTest - Calculate button presence & clickability assertion passed
2026-01-20 09:13:49.427 INFO  listeners.Listener1 - onTestSuccess -> isCalculateButtonPresentAndClickable
2026-01-20 09:13:49.478 INFO  listeners.Listener1 - onTestStart -> isHeadingPresent
2026-01-20 09:13:49.493 INFO  tests.ResultsPageUiTest - === Starting 'isHeadingPresent' test ===
2026-01-20 09:13:49.921 INFO  tests.ResultsPageUiTest - Heading present? true
2026-01-20 09:13:49.921 INFO  tests.ResultsPageUiTest - PASS: Heading is visible
2026-01-20 09:13:49.921 INFO  tests.ResultsPageUiTest - === Completed 'isHeadingPresent' test ===
2026-01-20 09:13:49.921 INFO  listeners.Listener1 - onTestSuccess -> isHeadingPresent
2026-01-20 09:13:50.970 INFO  tests.ResultsPageUiTest - Clicking Calculate
2026-01-20 09:13:52.238 INFO  tests.ResultsPageUiTest - Locating feedback text area
2026-01-20 09:13:52.358 INFO  tests.ResultsPageUiTest - Computing scroll metrics: scrollHeight vs clientHeight
2026-01-20 09:13:52.637 INFO  tests.ResultsPageUiTest - scrollHeight: 120
2026-01-20 09:13:52.637 INFO  tests.ResultsPageUiTest - clientHeight: 76
2026-01-20 09:13:52.637 INFO  tests.ResultsPageUiTest - Is feedback textarea scrollable? true
2026-01-20 09:13:52.640 INFO  tests.ResultsPageUiTest - PASS: The result text box is scrollable
2026-01-20 09:13:52.640 INFO  tests.ResultsPageUiTest - Checking CSS 'resize' property
2026-01-20 09:13:52.800 INFO  tests.ResultsPageUiTest - resize CSS value: vertical
2026-01-20 09:13:52.800 INFO  tests.ResultsPageUiTest - Is feedback textarea resizable? true
2026-01-20 09:13:52.800 INFO  tests.ResultsPageUiTest - PASS: The result textbox is resizable
2026-01-20 09:13:52.800 INFO  tests.ResultsPageUiTest - Asserting all soft assertions
2026-01-20 09:13:52.800 INFO  tests.ResultsPageUiTest - === Completed 'resultPageCheck' test ===
2026-01-20 09:13:52.805 INFO  listeners.Listener1 - onTestSuccess -> resultPageCheck
2026-01-20 09:13:52.923 INFO  listeners.Listener1 - onTestStart -> isAgeFieldPresent
2026-01-20 09:13:52.937 INFO  tests.CalculatorFunctionalityTest - Verifying age field presence
2026-01-20 09:13:54.075 INFO  tests.CalculatorFunctionalityTest - Age field presence assertion passed
2026-01-20 09:13:54.076 INFO  listeners.Listener1 - onTestSuccess -> isAgeFieldPresent
2026-01-20 09:13:54.151 INFO  listeners.Listener1 - onTestStart -> isLogoPresent
2026-01-20 09:13:54.175 INFO  tests.ResultsPageUiTest - === Starting 'isLogoPresent' test ===
2026-01-20 09:13:54.637 INFO  tests.ResultsPageUiTest - Logo present? true
2026-01-20 09:13:54.639 INFO  tests.ResultsPageUiTest - PASS: Logo is visible
2026-01-20 09:13:54.639 INFO  tests.ResultsPageUiTest - === Completed 'isLogoPresent' test ===
2026-01-20 09:13:54.639 INFO  listeners.Listener1 - onTestSuccess -> isLogoPresent
2026-01-20 09:13:54.682 INFO  listeners.Listener1 - onTestStart -> isPulseRateFieldPresent
2026-01-20 09:13:54.696 INFO  tests.CalculatorFunctionalityTest - Verifying pulse field presence
2026-01-20 09:13:55.490 INFO  tests.CalculatorFunctionalityTest - Pulse field presence assertion passed
2026-01-20 09:13:55.492 INFO  listeners.Listener1 - onTestSuccess -> isPulseRateFieldPresent
2026-01-20 09:13:55.566 INFO  listeners.Listener1 - onTestStart -> isLogoTextPresent
2026-01-20 09:14:02.557 INFO  tests.CalculatorFunctionalityTest - Loaded {} data rows from Excel
2026-01-20 09:14:37.771 INFO  tests.ResultsPageUiTest - === Starting 'isLogoTextPresent' test ===
2026-01-20 09:14:38.009 INFO  listeners.Listener1 - onTestStart -> sendData
2026-01-20 09:14:38.095 INFO  listeners.Listener1 - Parameters for sendData: ["", "", "", negative]
2026-01-20 09:14:38.346 INFO  tests.ResultsPageUiTest - Logo text present? true
2026-01-20 09:14:38.346 INFO  tests.ResultsPageUiTest - PASS: Logo text is visible
2026-01-20 09:14:38.346 INFO  tests.ResultsPageUiTest - === Completed 'isLogoTextPresent' test ===
2026-01-20 09:14:38.356 INFO  listeners.Listener1 - onTestSuccess -> isLogoTextPresent
2026-01-20 09:14:38.771 INFO  tests.CalculatorFunctionalityTest - Executing data row: age='""', pulse='""', bp='""', testType='negative'
2026-01-20 09:14:38.835 INFO  listeners.Listener1 - onTestStart -> isBloodPressureFieldPresent
2026-01-20 09:14:38.864 INFO  tests.CalculatorFunctionalityTest - Verifying BP field presence
2026-01-20 09:14:40.386 INFO  tests.CalculatorFunctionalityTest - BP field presence assertion passed
2026-01-20 09:14:40.386 INFO  listeners.Listener1 - onTestSuccess -> isBloodPressureFieldPresent
2026-01-20 09:14:40.445 INFO  listeners.Listener1 - onTestStart -> isResultBoxPresent
2026-01-20 09:14:40.451 INFO  tests.ResultsPageUiTest - === Starting 'isResultBoxPresent' test ===
2026-01-20 09:14:40.886 INFO  tests.ResultsPageUiTest - Result box present? true
2026-01-20 09:14:40.886 INFO  tests.ResultsPageUiTest - PASS: Result box is visible
2026-01-20 09:14:40.886 INFO  tests.ResultsPageUiTest - === Completed 'isResultBoxPresent' test ===
2026-01-20 09:14:40.886 INFO  listeners.Listener1 - onTestSuccess -> isResultBoxPresent
2026-01-20 09:14:40.979 INFO  listeners.Listener1 - onTestStart -> isCalculateButtonPresentAndClickable
2026-01-20 09:14:40.979 INFO  tests.CalculatorFunctionalityTest - Verifying Calculate Button presence and Clickability
2026-01-20 09:14:42.981 INFO  tests.CalculatorFunctionalityTest - Calculate button presence & clickability assertion passed
2026-01-20 09:14:42.981 INFO  listeners.Listener1 - onTestSuccess -> isCalculateButtonPresentAndClickable
2026-01-20 09:14:43.042 INFO  listeners.Listener1 - onTestStart -> isHeadingPresent
2026-01-20 09:14:43.047 INFO  tests.ResultsPageUiTest - === Starting 'isHeadingPresent' test ===
2026-01-20 09:14:43.351 INFO  tests.ResultsPageUiTest - Heading present? true
2026-01-20 09:14:43.351 INFO  tests.ResultsPageUiTest - PASS: Heading is visible
2026-01-20 09:14:43.351 INFO  tests.ResultsPageUiTest - === Completed 'isHeadingPresent' test ===
2026-01-20 09:14:43.351 INFO  listeners.Listener1 - onTestSuccess -> isHeadingPresent
2026-01-20 09:14:44.330 INFO  tests.CalculatorFunctionalityTest - Loaded {} data rows from Excel
2026-01-20 09:14:44.362 INFO  listeners.Listener1 - onTestStart -> sendData
2026-01-20 09:14:44.369 INFO  listeners.Listener1 - Parameters for sendData: ["", "", "", negative]
2026-01-20 09:14:44.378 INFO  tests.CalculatorFunctionalityTest - Executing data row: age='""', pulse='""', bp='""', testType='negative'
2026-01-20 09:14:49.889 INFO  tests.CalculatorFunctionalityTest - Clicking Calculate
2026-01-20 09:14:51.121 INFO  tests.CalculatorFunctionalityTest - Alert detected after submit
2026-01-20 09:14:51.377 INFO  tests.CalculatorFunctionalityTest - Negative case: navigatedToResult=false
2026-01-20 09:15:09.270 INFO  listeners.Listener1 - onTestSuccess -> sendData
2026-01-20 09:15:09.270 INFO  listeners.Listener1 - Deleting pre-submit screenshot for passed test: C:\Users\2457157\IdeaProjects\HealthIndexCalculator\reports\screenshots\age_____pulse_____bp_____type_negative_before_20260120_091449_842.png
2026-01-20 09:15:09.286 INFO  listeners.Listener1 - onTestStart -> sendData
2026-01-20 09:15:09.286 INFO  listeners.Listener1 - Parameters for sendData: [0, 60, 70/31, negative]
2026-01-20 09:15:09.286 INFO  tests.CalculatorFunctionalityTest - Executing data row: age='0', pulse='60', bp='70/31', testType='negative'
2026-01-20 09:15:09.288 INFO  tests.CalculatorFunctionalityTest - Clicking Calculate
2026-01-20 09:15:10.218 INFO  tests.CalculatorFunctionalityTest - Alert detected after submit
2026-01-20 09:15:10.337 INFO  tests.CalculatorFunctionalityTest - Negative case: navigatedToResult=false
2026-01-20 09:15:10.340 INFO  listeners.Listener1 - onTestSuccess -> sendData
2026-01-20 09:15:10.340 INFO  listeners.Listener1 - Deleting pre-submit screenshot for passed test: C:\Users\2457157\IdeaProjects\HealthIndexCalculator\reports\screenshots\age_____pulse_____bp_____type_negative_before_20260120_091453_487.png
2026-01-20 09:15:10.379 INFO  listeners.Listener1 - onTestStart -> sendData
2026-01-20 09:15:10.386 INFO  listeners.Listener1 - Parameters for sendData: [0, 60, 70/31, negative]
2026-01-20 09:15:10.393 INFO  tests.CalculatorFunctionalityTest - Executing data row: age='0', pulse='60', bp='70/31', testType='negative'
2026-01-20 09:15:13.125 INFO  tests.CalculatorFunctionalityTest - Clicking Calculate
2026-01-20 09:15:13.675 INFO  tests.CalculatorFunctionalityTest - Alert detected after submit
2026-01-20 09:15:13.733 INFO  tests.CalculatorFunctionalityTest - Negative case: navigatedToResult=false
2026-01-20 09:15:13.741 INFO  listeners.Listener1 - onTestSuccess -> sendData
2026-01-20 09:15:13.742 INFO  listeners.Listener1 - Deleting pre-submit screenshot for passed test: C:\Users\2457157\IdeaProjects\HealthIndexCalculator\reports\screenshots\age_0__pulse_60__bp_70_31__type_negative_before_20260120_091513_112.png
2026-01-20 09:15:13.753 INFO  listeners.Listener1 - onTestStart -> sendData
2026-01-20 09:15:13.753 INFO  listeners.Listener1 - Parameters for sendData: [1, 72, 120/81, positive]
2026-01-20 09:15:13.753 INFO  tests.CalculatorFunctionalityTest - Executing data row: age='1', pulse='72', bp='120/81', testType='positive'
2026-01-20 09:15:17.452 INFO  tests.CalculatorFunctionalityTest - Clicking Calculate
2026-01-20 09:15:18.608 INFO  tests.CalculatorFunctionalityTest - Clicking Calculate
2026-01-20 09:15:19.944 INFO  tests.CalculatorFunctionalityTest - Alert detected after submit
2026-01-20 09:15:20.074 INFO  tests.CalculatorFunctionalityTest - Negative case: navigatedToResult=false
2026-01-20 09:15:20.083 INFO  listeners.Listener1 - onTestSuccess -> sendData
2026-01-20 09:15:20.091 INFO  listeners.Listener1 - Deleting pre-submit screenshot for passed test: C:\Users\2457157\IdeaProjects\HealthIndexCalculator\reports\screenshots\age_0__pulse_60__bp_70_31__type_negative_before_20260120_091518_570.png
2026-01-20 09:15:20.222 INFO  listeners.Listener1 - onTestStart -> sendData
2026-01-20 09:15:20.222 INFO  listeners.Listener1 - Parameters for sendData: [1, 72, 120/81, positive]
2026-01-20 09:15:20.240 INFO  tests.CalculatorFunctionalityTest - Executing data row: age='1', pulse='72', bp='120/81', testType='positive'
2026-01-20 09:15:24.037 INFO  tests.CalculatorFunctionalityTest - No alert branch: navigatedToResult=true
2026-01-20 09:15:24.037 INFO  tests.CalculatorFunctionalityTest - Positive case passed: navigated; returning Home via logo text
2026-01-20 09:15:24.319 INFO  tests.CalculatorFunctionalityTest - Clicking Calculate
2026-01-20 09:15:25.449 INFO  tests.CalculatorFunctionalityTest - Clicked 'VitalGuard' logo text to return Home
2026-01-20 09:15:25.452 INFO  listeners.Listener1 - onTestSuccess -> sendData
2026-01-20 09:15:25.456 INFO  listeners.Listener1 - Deleting pre-submit screenshot for passed test: C:\Users\2457157\IdeaProjects\HealthIndexCalculator\reports\screenshots\age_1__pulse_72__bp_120_81__type_positive_before_20260120_091517_421.png
2026-01-20 09:15:25.526 INFO  listeners.Listener1 - onTestStart -> sendData
2026-01-20 09:15:25.528 INFO  listeners.Listener1 - Parameters for sendData: [69.5, -25, 160/91, negative]
2026-01-20 09:15:25.528 INFO  tests.CalculatorFunctionalityTest - Executing data row: age='69.5', pulse='-25', bp='160/91', testType='negative'
2026-01-20 09:15:29.003 INFO  tests.CalculatorFunctionalityTest - No alert branch: navigatedToResult=true
2026-01-20 09:15:29.003 INFO  tests.CalculatorFunctionalityTest - Positive case passed: navigated; returning Home via logo text
2026-01-20 09:15:30.407 INFO  tests.CalculatorFunctionalityTest - Clicked 'VitalGuard' logo text to return Home
2026-01-20 09:15:30.407 INFO  listeners.Listener1 - onTestSuccess -> sendData
2026-01-20 09:15:30.407 INFO  listeners.Listener1 - Deleting pre-submit screenshot for passed test: C:\Users\2457157\IdeaProjects\HealthIndexCalculator\reports\screenshots\age_1__pulse_72__bp_120_81__type_positive_before_20260120_091524_307.png
2026-01-20 09:15:30.443 INFO  listeners.Listener1 - onTestStart -> sendData
2026-01-20 09:15:30.443 INFO  listeners.Listener1 - Parameters for sendData: [69.5, -25, 160/91, negative]
2026-01-20 09:15:30.447 INFO  tests.CalculatorFunctionalityTest - Executing data row: age='69.5', pulse='-25', bp='160/91', testType='negative'
2026-01-20 09:15:31.258 INFO  tests.CalculatorFunctionalityTest - Clicking Calculate
2026-01-20 09:15:34.187 INFO  tests.CalculatorFunctionalityTest - Clicking Calculate
2026-01-20 09:15:35.554 INFO  tests.CalculatorFunctionalityTest - No alert branch: navigatedToResult=true
2026-01-20 09:15:36.585 ERROR tests.CalculatorFunctionalityTest - Negative case failed: navigated without alert
2026-01-20 09:15:37.345 ERROR listeners.Listener1 - onTestFailure -> sendData
java.lang.AssertionError: The following asserts failed:
	NEGATIVE input incorrectly navigated to Result page without showing any alert.
	at org.testng.asserts.SoftAssert.assertAll(SoftAssert.java:46)
	at org.testng.asserts.SoftAssert.assertAll(SoftAssert.java:30)
	at tests.CalculatorFunctionalityTest.sendData(CalculatorFunctionalityTest.java:213)
	at java.base/jdk.internal.reflect.DirectMethodHandleAccessor.invoke(DirectMethodHandleAccessor.java:103)
	at java.base/java.lang.reflect.Method.invoke(Method.java:580)
	at org.testng.internal.invokers.MethodInvocationHelper.invokeMethod(MethodInvocationHelper.java:141)
	at org.testng.internal.invokers.TestInvoker.invokeMethod(TestInvoker.java:687)
	at org.testng.internal.invokers.TestInvoker.invokeTestMethod(TestInvoker.java:230)
	at org.testng.internal.invokers.MethodRunner.runInSequence(MethodRunner.java:63)
	at org.testng.internal.invokers.TestInvoker$MethodInvocationAgent.invoke(TestInvoker.java:995)
	at org.testng.internal.invokers.TestInvoker.invokeTestMethods(TestInvoker.java:203)
	at org.testng.internal.invokers.TestMethodWorker.invokeTestMethods(TestMethodWorker.java:154)
	at org.testng.internal.invokers.TestMethodWorker.run(TestMethodWorker.java:134)
	at java.base/java.util.ArrayList.forEach(ArrayList.java:1596)
	at org.testng.TestRunner.privateRun(TestRunner.java:741)
	at org.testng.TestRunner.run(TestRunner.java:616)
	at org.testng.SuiteRunner.runTest(SuiteRunner.java:421)
	at org.testng.SuiteRunner$SuiteWorker.run(SuiteRunner.java:463)
	at org.testng.internal.thread.ThreadUtil.lambda$execute$0(ThreadUtil.java:64)
	at java.base/java.util.concurrent.FutureTask.run$$$capture(FutureTask.java:317)
	at java.base/java.util.concurrent.FutureTask.run(FutureTask.java)
	at java.base/java.util.concurrent.ThreadPoolExecutor.runWorker(ThreadPoolExecutor.java:1144)
	at java.base/java.util.concurrent.ThreadPoolExecutor$Worker.run(ThreadPoolExecutor.java:642)
	at java.base/java.lang.Thread.run(Thread.java:1583)
2026-01-20 09:15:37.464 INFO  listeners.Listener1 - Attaching pre-submit screenshot: C:\Users\2457157\IdeaProjects\HealthIndexCalculator\reports\screenshots\age_69.5__pulse_-25__bp_160_91__type_negative_before_20260120_091531_244.png
2026-01-20 09:15:37.490 INFO  listeners.Listener1 - Attaching failure screenshot: C:\Users\2457157\IdeaProjects\HealthIndexCalculator\reports\screenshots\age_69.5__pulse_-25__bp_160_91__type_negative_failed_no_alert_20260120_091535_554.png
2026-01-20 09:15:37.557 INFO  listeners.Listener1 - onTestStart -> sendData
2026-01-20 09:15:37.557 INFO  listeners.Listener1 - Parameters for sendData: [120, Seventy Two, 0/0, negative]
2026-01-20 09:15:43.967 INFO  tests.CalculatorFunctionalityTest - Executing data row: age='120', pulse='Seventy Two', bp='0/0', testType='negative'
2026-01-20 09:15:44.025 INFO  tests.CalculatorFunctionalityTest - No alert branch: navigatedToResult=true
2026-01-20 09:15:48.104 INFO  tests.CalculatorFunctionalityTest - Clicking Calculate
2026-01-20 09:15:48.592 ERROR tests.CalculatorFunctionalityTest - Negative case failed: navigated without alert
2026-01-20 09:15:49.011 INFO  tests.CalculatorFunctionalityTest - Alert detected after submit
2026-01-20 09:15:49.127 INFO  tests.CalculatorFunctionalityTest - Negative case: navigatedToResult=false
2026-01-20 09:15:49.143 INFO  listeners.Listener1 - onTestSuccess -> sendData
2026-01-20 09:15:49.143 INFO  listeners.Listener1 - Deleting pre-submit screenshot for passed test: C:\Users\2457157\IdeaProjects\HealthIndexCalculator\reports\screenshots\age_120__pulse_Seventy_Two__bp_0_0__type_negative_before_20260120_091548_071.png
2026-01-20 09:15:49.197 INFO  listeners.Listener1 - onTestStart -> sendData
2026-01-20 09:15:49.202 INFO  listeners.Listener1 - Parameters for sendData: [121, @$%, 0/0, negative]
2026-01-20 09:15:49.202 INFO  tests.CalculatorFunctionalityTest - Executing data row: age='121', pulse='@$%', bp='0/0', testType='negative'
2026-01-20 09:15:49.507 ERROR listeners.Listener1 - onTestFailure -> sendData
java.lang.AssertionError: The following asserts failed:
	NEGATIVE input incorrectly navigated to Result page without showing any alert.
	at org.testng.asserts.SoftAssert.assertAll(SoftAssert.java:46)
	at org.testng.asserts.SoftAssert.assertAll(SoftAssert.java:30)
	at tests.CalculatorFunctionalityTest.sendData(CalculatorFunctionalityTest.java:213)
	at java.base/jdk.internal.reflect.DirectMethodHandleAccessor.invoke(DirectMethodHandleAccessor.java:103)
	at java.base/java.lang.reflect.Method.invoke(Method.java:580)
	at org.testng.internal.invokers.MethodInvocationHelper.invokeMethod(MethodInvocationHelper.java:141)
	at org.testng.internal.invokers.TestInvoker.invokeMethod(TestInvoker.java:687)
	at org.testng.internal.invokers.TestInvoker.invokeTestMethod(TestInvoker.java:230)
	at org.testng.internal.invokers.MethodRunner.runInSequence(MethodRunner.java:63)
	at org.testng.internal.invokers.TestInvoker$MethodInvocationAgent.invoke(TestInvoker.java:995)
	at org.testng.internal.invokers.TestInvoker.invokeTestMethods(TestInvoker.java:203)
	at org.testng.internal.invokers.TestMethodWorker.invokeTestMethods(TestMethodWorker.java:154)
	at org.testng.internal.invokers.TestMethodWorker.run(TestMethodWorker.java:134)
	at java.base/java.util.ArrayList.forEach(ArrayList.java:1596)
	at org.testng.TestRunner.privateRun(TestRunner.java:741)
	at org.testng.TestRunner.run(TestRunner.java:616)
	at org.testng.SuiteRunner.runTest(SuiteRunner.java:421)
	at org.testng.SuiteRunner$SuiteWorker.run(SuiteRunner.java:463)
	at org.testng.internal.thread.ThreadUtil.lambda$execute$0(ThreadUtil.java:64)
	at java.base/java.util.concurrent.FutureTask.run$$$capture(FutureTask.java:317)
	at java.base/java.util.concurrent.FutureTask.run(FutureTask.java)
	at java.base/java.util.concurrent.ThreadPoolExecutor.runWorker(ThreadPoolExecutor.java:1144)
	at java.base/java.util.concurrent.ThreadPoolExecutor$Worker.run(ThreadPoolExecutor.java:642)
	at java.base/java.lang.Thread.run(Thread.java:1583)
2026-01-20 09:15:49.511 INFO  listeners.Listener1 - Attaching pre-submit screenshot: C:\Users\2457157\IdeaProjects\HealthIndexCalculator\reports\screenshots\age_69.5__pulse_-25__bp_160_91__type_negative_before_20260120_091534_176.png
2026-01-20 09:15:49.513 INFO  listeners.Listener1 - Attaching failure screenshot: C:\Users\2457157\IdeaProjects\HealthIndexCalculator\reports\screenshots\age_69.5__pulse_-25__bp_160_91__type_negative_failed_no_alert_20260120_091544_025.png
2026-01-20 09:15:49.580 INFO  listeners.Listener1 - onTestStart -> sendData
2026-01-20 09:15:49.580 INFO  listeners.Listener1 - Parameters for sendData: [120, Seventy Two, 0/0, negative]
2026-01-20 09:15:49.585 INFO  tests.CalculatorFunctionalityTest - Executing data row: age='120', pulse='Seventy Two', bp='0/0', testType='negative'
2026-01-20 09:15:51.545 INFO  tests.CalculatorFunctionalityTest - Clicking Calculate
2026-01-20 09:15:52.403 INFO  tests.CalculatorFunctionalityTest - Alert detected after submit
2026-01-20 09:15:52.462 INFO  tests.CalculatorFunctionalityTest - Negative case: navigatedToResult=false
2026-01-20 09:15:52.462 INFO  listeners.Listener1 - onTestSuccess -> sendData
2026-01-20 09:15:52.462 INFO  listeners.Listener1 - Deleting pre-submit screenshot for passed test: C:\Users\2457157\IdeaProjects\HealthIndexCalculator\reports\screenshots\age_121__pulse______bp_0_0__type_negative_before_20260120_091551_539.png
2026-01-20 09:15:52.489 INFO  listeners.Listener1 - onTestStart -> sendData
2026-01-20 09:15:52.489 INFO  listeners.Listener1 - Parameters for sendData: [120.5, 80yrs, 1000/1000, negative]
2026-01-20 09:15:52.489 INFO  tests.CalculatorFunctionalityTest - Executing data row: age='120.5', pulse='80yrs', bp='1000/1000', testType='negative'
2026-01-20 09:15:57.654 INFO  tests.CalculatorFunctionalityTest - Clicking Calculate
2026-01-20 09:15:57.654 INFO  tests.CalculatorFunctionalityTest - Clicking Calculate
2026-01-20 09:15:58.757 INFO  tests.CalculatorFunctionalityTest - Alert detected after submit
2026-01-20 09:15:58.847 INFO  tests.CalculatorFunctionalityTest - Negative case: navigatedToResult=false
2026-01-20 09:15:58.855 INFO  listeners.Listener1 - onTestSuccess -> sendData
2026-01-20 09:15:58.855 INFO  listeners.Listener1 - Deleting pre-submit screenshot for passed test: C:\Users\2457157\IdeaProjects\HealthIndexCalculator\reports\screenshots\age_120.5__pulse_80yrs__bp_1000_1000__type_negative_before_20260120_091557_635.png
2026-01-20 09:15:58.890 INFO  listeners.Listener1 - onTestStart -> sendData
2026-01-20 09:15:58.890 INFO  listeners.Listener1 - Parameters for sendData: [abc, 1000, abc, negative]
2026-01-20 09:15:58.905 INFO  tests.CalculatorFunctionalityTest - Executing data row: age='abc', pulse='1000', bp='abc', testType='negative'
2026-01-20 09:15:59.165 INFO  tests.CalculatorFunctionalityTest - Alert detected after submit
2026-01-20 09:15:59.253 INFO  tests.CalculatorFunctionalityTest - Negative case: navigatedToResult=false
2026-01-20 09:15:59.253 INFO  listeners.Listener1 - onTestSuccess -> sendData
2026-01-20 09:15:59.253 INFO  listeners.Listener1 - Deleting pre-submit screenshot for passed test: C:\Users\2457157\IdeaProjects\HealthIndexCalculator\reports\screenshots\age_120__pulse_Seventy_Two__bp_0_0__type_negative_before_20260120_091557_631.png
2026-01-20 09:15:59.290 INFO  listeners.Listener1 - onTestStart -> sendData
2026-01-20 09:15:59.290 INFO  listeners.Listener1 - Parameters for sendData: [121, @$%, 0/0, negative]
2026-01-20 09:15:59.306 INFO  tests.CalculatorFunctionalityTest - Executing data row: age='121', pulse='@$%', bp='0/0', testType='negative'
2026-01-20 09:16:03.542 INFO  tests.CalculatorFunctionalityTest - Clicking Calculate
2026-01-20 09:16:03.538 INFO  tests.CalculatorFunctionalityTest - Clicking Calculate
2026-01-20 09:16:04.238 INFO  tests.CalculatorFunctionalityTest - Alert detected after submit
2026-01-20 09:16:04.306 INFO  tests.CalculatorFunctionalityTest - Negative case: navigatedToResult=false
2026-01-20 09:16:04.306 INFO  listeners.Listener1 - onTestSuccess -> sendData
2026-01-20 09:16:04.306 INFO  listeners.Listener1 - Deleting pre-submit screenshot for passed test: C:\Users\2457157\IdeaProjects\HealthIndexCalculator\reports\screenshots\age_abc__pulse_1000__bp_abc__type_negative_before_20260120_091603_523.png
2026-01-20 09:16:04.372 INFO  listeners.Listener1 - onTestStart -> sendData
2026-01-20 09:16:04.376 INFO  listeners.Listener1 - Parameters for sendData: [@#, 65.5, abc/abc, negative]
2026-01-20 09:16:04.378 INFO  tests.CalculatorFunctionalityTest - Executing data row: age='@#', pulse='65.5', bp='abc/abc', testType='negative'
2026-01-20 09:16:04.579 INFO  tests.CalculatorFunctionalityTest - Alert detected after submit
2026-01-20 09:16:04.665 INFO  tests.CalculatorFunctionalityTest - Negative case: navigatedToResult=false
2026-01-20 09:16:04.669 INFO  listeners.Listener1 - onTestSuccess -> sendData
2026-01-20 09:16:04.673 INFO  listeners.Listener1 - Deleting pre-submit screenshot for passed test: C:\Users\2457157\IdeaProjects\HealthIndexCalculator\reports\screenshots\age_121__pulse______bp_0_0__type_negative_before_20260120_091603_521.png
2026-01-20 09:16:04.711 INFO  listeners.Listener1 - onTestStart -> sendData
2026-01-20 09:16:04.711 INFO  listeners.Listener1 - Parameters for sendData: [120.5, 80yrs, 1000/1000, negative]
2026-01-20 09:16:04.711 INFO  tests.CalculatorFunctionalityTest - Executing data row: age='120.5', pulse='80yrs', bp='1000/1000', testType='negative'
2026-01-20 09:16:06.847 INFO  tests.CalculatorFunctionalityTest - Clicking Calculate
2026-01-20 09:16:07.068 INFO  tests.CalculatorFunctionalityTest - Clicking Calculate
2026-01-20 09:16:07.509 INFO  tests.CalculatorFunctionalityTest - Alert detected after submit
2026-01-20 09:16:07.563 INFO  tests.CalculatorFunctionalityTest - Negative case: navigatedToResult=false
2026-01-20 09:16:07.563 INFO  listeners.Listener1 - onTestSuccess -> sendData
2026-01-20 09:16:07.563 INFO  listeners.Listener1 - Deleting pre-submit screenshot for passed test: C:\Users\2457157\IdeaProjects\HealthIndexCalculator\reports\screenshots\age_120.5__pulse_80yrs__bp_1000_1000__type_negative_before_20260120_091606_830.png
2026-01-20 09:16:08.092 INFO  tests.CalculatorFunctionalityTest - Alert detected after submit
2026-01-20 09:16:08.169 INFO  tests.CalculatorFunctionalityTest - Negative case: navigatedToResult=false
2026-01-20 09:16:08.174 INFO  listeners.Listener1 - onTestSuccess -> sendData
2026-01-20 09:16:08.174 INFO  listeners.Listener1 - Deleting pre-submit screenshot for passed test: C:\Users\2457157\IdeaProjects\HealthIndexCalculator\reports\screenshots\age_____pulse_65.5__bp_abc_abc__type_negative_before_20260120_091607_055.png
2026-01-20 09:16:13.842 INFO  listeners.Listener1 - onTestStart -> sendData
2026-01-20 09:16:13.844 INFO  listeners.Listener1 - Parameters for sendData: [abc, 1000, abc, negative]
2026-01-20 09:16:13.844 INFO  tests.CalculatorFunctionalityTest - Executing data row: age='abc', pulse='1000', bp='abc', testType='negative'
2026-01-20 09:16:13.853 INFO  listeners.Listener1 - onTestStart -> sendData
2026-01-20 09:16:13.853 INFO  listeners.Listener1 - Parameters for sendData: [e, "", *(@), negative]
2026-01-20 09:16:13.886 INFO  tests.CalculatorFunctionalityTest - Executing data row: age='e', pulse='""', bp='*(@)', testType='negative'
2026-01-20 09:16:17.918 INFO  tests.CalculatorFunctionalityTest - Clicking Calculate
2026-01-20 09:16:18.747 INFO  tests.CalculatorFunctionalityTest - Alert detected after submit
2026-01-20 09:16:18.860 INFO  tests.CalculatorFunctionalityTest - Negative case: navigatedToResult=false
2026-01-20 09:16:18.869 INFO  listeners.Listener1 - onTestSuccess -> sendData
2026-01-20 09:16:18.869 INFO  listeners.Listener1 - Deleting pre-submit screenshot for passed test: C:\Users\2457157\IdeaProjects\HealthIndexCalculator\reports\screenshots\age_e__pulse_____bp_______type_negative_before_20260120_091617_897.png
2026-01-20 09:16:22.970 INFO  tests.CalculatorFunctionalityTest - Clicking Calculate
2026-01-20 09:16:23.015 INFO  listeners.Listener1 - onTestStart -> sendData
2026-01-20 09:16:23.021 INFO  listeners.Listener1 - Parameters for sendData: [-1, 55, -1, negative]
2026-01-20 09:16:23.021 INFO  tests.CalculatorFunctionalityTest - Executing data row: age='-1', pulse='55', bp='-1', testType='negative'
2026-01-20 09:16:23.660 INFO  tests.CalculatorFunctionalityTest - Alert detected after submit
2026-01-20 09:16:23.773 INFO  tests.CalculatorFunctionalityTest - Negative case: navigatedToResult=false
2026-01-20 09:16:23.773 INFO  listeners.Listener1 - onTestSuccess -> sendData
2026-01-20 09:16:23.773 INFO  listeners.Listener1 - Deleting pre-submit screenshot for passed test: C:\Users\2457157\IdeaProjects\HealthIndexCalculator\reports\screenshots\age_abc__pulse_1000__bp_abc__type_negative_before_20260120_091622_947.png
2026-01-20 09:16:23.822 INFO  listeners.Listener1 - onTestStart -> sendData
2026-01-20 09:16:23.822 INFO  listeners.Listener1 - Parameters for sendData: [@#, 65.5, abc/abc, negative]
2026-01-20 09:16:23.822 INFO  tests.CalculatorFunctionalityTest - Executing data row: age='@#', pulse='65.5', bp='abc/abc', testType='negative'
2026-01-20 09:16:26.412 INFO  tests.CalculatorFunctionalityTest - Clicking Calculate
2026-01-20 09:16:26.990 INFO  tests.CalculatorFunctionalityTest - Clicking Calculate
2026-01-20 09:16:27.525 INFO  tests.CalculatorFunctionalityTest - Alert detected after submit
2026-01-20 09:16:27.639 INFO  tests.CalculatorFunctionalityTest - Negative case: navigatedToResult=false
2026-01-20 09:16:27.645 INFO  listeners.Listener1 - onTestSuccess -> sendData
2026-01-20 09:16:27.645 INFO  listeners.Listener1 - Deleting pre-submit screenshot for passed test: C:\Users\2457157\IdeaProjects\HealthIndexCalculator\reports\screenshots\age_-1__pulse_55__bp_-1__type_negative_before_20260120_091626_396.png
2026-01-20 09:16:27.741 INFO  listeners.Listener1 - onTestStart -> sendData
2026-01-20 09:16:27.741 INFO  listeners.Listener1 - Parameters for sendData: [35, 80, 80/120, negative]
2026-01-20 09:16:27.754 INFO  tests.CalculatorFunctionalityTest - Executing data row: age='35', pulse='80', bp='80/120', testType='negative'
2026-01-20 09:16:28.538 INFO  tests.CalculatorFunctionalityTest - Alert detected after submit
2026-01-20 09:16:28.694 INFO  tests.CalculatorFunctionalityTest - Negative case: navigatedToResult=false
2026-01-20 09:16:28.694 INFO  listeners.Listener1 - onTestSuccess -> sendData
2026-01-20 09:16:28.694 INFO  listeners.Listener1 - Deleting pre-submit screenshot for passed test: C:\Users\2457157\IdeaProjects\HealthIndexCalculator\reports\screenshots\age_____pulse_65.5__bp_abc_abc__type_negative_before_20260120_091626_937.png
2026-01-20 09:16:28.769 INFO  listeners.Listener1 - onTestStart -> sendData
2026-01-20 09:16:28.769 INFO  listeners.Listener1 - Parameters for sendData: [e, "", *(@), negative]
2026-01-20 09:16:28.769 INFO  tests.CalculatorFunctionalityTest - Executing data row: age='e', pulse='""', bp='*(@)', testType='negative'
2026-01-20 09:16:37.696 INFO  tests.CalculatorFunctionalityTest - Clicking Calculate
2026-01-20 09:16:37.709 INFO  tests.CalculatorFunctionalityTest - Clicking Calculate
2026-01-20 09:16:39.608 INFO  tests.CalculatorFunctionalityTest - Alert detected after submit
2026-01-20 09:16:39.750 INFO  tests.CalculatorFunctionalityTest - Negative case: navigatedToResult=false
2026-01-20 09:16:39.756 INFO  listeners.Listener1 - onTestSuccess -> sendData
2026-01-20 09:16:39.756 INFO  listeners.Listener1 - Deleting pre-submit screenshot for passed test: C:\Users\2457157\IdeaProjects\HealthIndexCalculator\reports\screenshots\age_e__pulse_____bp_______type_negative_before_20260120_091637_659.png
2026-01-20 09:16:39.806 INFO  listeners.Listener1 - onTestStart -> sendData
2026-01-20 09:16:39.822 INFO  listeners.Listener1 - Parameters for sendData: [-1, 55, -1, negative]
2026-01-20 09:16:39.822 INFO  tests.CalculatorFunctionalityTest - Executing data row: age='-1', pulse='55', bp='-1', testType='negative'
2026-01-20 09:16:42.534 INFO  tests.CalculatorFunctionalityTest - Clicking Calculate
2026-01-20 09:16:42.584 INFO  tests.CalculatorFunctionalityTest - No alert branch: navigatedToResult=true
2026-01-20 09:16:42.848 INFO  tests.CalculatorFunctionalityTest - Alert detected after submit
2026-01-20 09:16:42.876 INFO  tests.CalculatorFunctionalityTest - Negative case: navigatedToResult=false
2026-01-20 09:16:42.881 INFO  listeners.Listener1 - onTestSuccess -> sendData
2026-01-20 09:16:42.881 INFO  listeners.Listener1 - Deleting pre-submit screenshot for passed test: C:\Users\2457157\IdeaProjects\HealthIndexCalculator\reports\screenshots\age_-1__pulse_55__bp_-1__type_negative_before_20260120_091642_534.png
2026-01-20 09:16:42.889 INFO  listeners.Listener1 - onTestStart -> sendData
2026-01-20 09:16:42.889 INFO  listeners.Listener1 - Parameters for sendData: [35, 80, 80/120, negative]
2026-01-20 09:16:42.889 INFO  tests.CalculatorFunctionalityTest - Executing data row: age='35', pulse='80', bp='80/120', testType='negative'
2026-01-20 09:16:43.135 ERROR tests.CalculatorFunctionalityTest - Negative case failed: navigated without alert
2026-01-20 09:16:43.691 INFO  tests.CalculatorFunctionalityTest - Clicking Calculate
2026-01-20 09:16:47.135 INFO  tests.CalculatorFunctionalityTest - No alert branch: navigatedToResult=true
2026-01-20 09:16:47.955 ERROR tests.CalculatorFunctionalityTest - Negative case failed: navigated without alert
2026-01-20 09:16:48.504 ERROR listeners.Listener1 - onTestFailure -> sendData
java.lang.AssertionError: The following asserts failed:
	NEGATIVE input incorrectly navigated to Result page without showing any alert.
	at org.testng.asserts.SoftAssert.assertAll(SoftAssert.java:46)
	at org.testng.asserts.SoftAssert.assertAll(SoftAssert.java:30)
	at tests.CalculatorFunctionalityTest.sendData(CalculatorFunctionalityTest.java:213)
	at java.base/jdk.internal.reflect.DirectMethodHandleAccessor.invoke(DirectMethodHandleAccessor.java:103)
	at java.base/java.lang.reflect.Method.invoke(Method.java:580)
	at org.testng.internal.invokers.MethodInvocationHelper.invokeMethod(MethodInvocationHelper.java:141)
	at org.testng.internal.invokers.TestInvoker.invokeMethod(TestInvoker.java:687)
	at org.testng.internal.invokers.TestInvoker.invokeTestMethod(TestInvoker.java:230)
	at org.testng.internal.invokers.MethodRunner.runInSequence(MethodRunner.java:63)
	at org.testng.internal.invokers.TestInvoker$MethodInvocationAgent.invoke(TestInvoker.java:995)
	at org.testng.internal.invokers.TestInvoker.invokeTestMethods(TestInvoker.java:203)
	at org.testng.internal.invokers.TestMethodWorker.invokeTestMethods(TestMethodWorker.java:154)
	at org.testng.internal.invokers.TestMethodWorker.run(TestMethodWorker.java:134)
	at java.base/java.util.ArrayList.forEach(ArrayList.java:1596)
	at org.testng.TestRunner.privateRun(TestRunner.java:741)
	at org.testng.TestRunner.run(TestRunner.java:616)
	at org.testng.SuiteRunner.runTest(SuiteRunner.java:421)
	at org.testng.SuiteRunner$SuiteWorker.run(SuiteRunner.java:463)
	at org.testng.internal.thread.ThreadUtil.lambda$execute$0(ThreadUtil.java:64)
	at java.base/java.util.concurrent.FutureTask.run$$$capture(FutureTask.java:317)
	at java.base/java.util.concurrent.FutureTask.run(FutureTask.java)
	at java.base/java.util.concurrent.ThreadPoolExecutor.runWorker(ThreadPoolExecutor.java:1144)
	at java.base/java.util.concurrent.ThreadPoolExecutor$Worker.run(ThreadPoolExecutor.java:642)
	at java.base/java.lang.Thread.run(Thread.java:1583)
2026-01-20 09:16:48.506 INFO  listeners.Listener1 - Attaching pre-submit screenshot: C:\Users\2457157\IdeaProjects\HealthIndexCalculator\reports\screenshots\age_35__pulse_80__bp_80_120__type_negative_before_20260120_091643_691.png
2026-01-20 09:16:48.506 INFO  listeners.Listener1 - Attaching failure screenshot: C:\Users\2457157\IdeaProjects\HealthIndexCalculator\reports\screenshots\age_35__pulse_80__bp_80_120__type_negative_failed_no_alert_20260120_091647_135.png
2026-01-20 09:16:48.536 INFO  listeners.Listener1 - onTestStart -> sendData
2026-01-20 09:16:48.536 INFO  listeners.Listener1 - Parameters for sendData: [42, 70, 0/100, negative]
2026-01-20 09:16:48.536 INFO  tests.CalculatorFunctionalityTest - Executing data row: age='42', pulse='70', bp='0/100', testType='negative'
2026-01-20 09:16:55.896 INFO  tests.CalculatorFunctionalityTest - Clicking Calculate
2026-01-20 09:17:01.340 INFO  tests.CalculatorFunctionalityTest - No alert branch: navigatedToResult=true
2026-01-20 09:17:02.234 ERROR tests.CalculatorFunctionalityTest - Negative case failed: navigated without alert
2026-01-20 09:17:03.075 ERROR listeners.Listener1 - onTestFailure -> sendData
java.lang.AssertionError: The following asserts failed:
	NEGATIVE input incorrectly navigated to Result page without showing any alert.
	at org.testng.asserts.SoftAssert.assertAll(SoftAssert.java:46)
	at org.testng.asserts.SoftAssert.assertAll(SoftAssert.java:30)
	at tests.CalculatorFunctionalityTest.sendData(CalculatorFunctionalityTest.java:213)
	at java.base/jdk.internal.reflect.DirectMethodHandleAccessor.invoke(DirectMethodHandleAccessor.java:103)
	at java.base/java.lang.reflect.Method.invoke(Method.java:580)
	at org.testng.internal.invokers.MethodInvocationHelper.invokeMethod(MethodInvocationHelper.java:141)
	at org.testng.internal.invokers.TestInvoker.invokeMethod(TestInvoker.java:687)
	at org.testng.internal.invokers.TestInvoker.invokeTestMethod(TestInvoker.java:230)
	at org.testng.internal.invokers.MethodRunner.runInSequence(MethodRunner.java:63)
	at org.testng.internal.invokers.TestInvoker$MethodInvocationAgent.invoke(TestInvoker.java:995)
	at org.testng.internal.invokers.TestInvoker.invokeTestMethods(TestInvoker.java:203)
	at org.testng.internal.invokers.TestMethodWorker.invokeTestMethods(TestMethodWorker.java:154)
	at org.testng.internal.invokers.TestMethodWorker.run(TestMethodWorker.java:134)
	at java.base/java.util.ArrayList.forEach(ArrayList.java:1596)
	at org.testng.TestRunner.privateRun(TestRunner.java:741)
	at org.testng.TestRunner.run(TestRunner.java:616)
	at org.testng.SuiteRunner.runTest(SuiteRunner.java:421)
	at org.testng.SuiteRunner$SuiteWorker.run(SuiteRunner.java:463)
	at org.testng.internal.thread.ThreadUtil.lambda$execute$0(ThreadUtil.java:64)
	at java.base/java.util.concurrent.FutureTask.run$$$capture(FutureTask.java:317)
	at java.base/java.util.concurrent.FutureTask.run(FutureTask.java)
	at java.base/java.util.concurrent.ThreadPoolExecutor.runWorker(ThreadPoolExecutor.java:1144)
	at java.base/java.util.concurrent.ThreadPoolExecutor$Worker.run(ThreadPoolExecutor.java:642)
	at java.base/java.lang.Thread.run(Thread.java:1583)
2026-01-20 09:17:03.075 INFO  listeners.Listener1 - Attaching pre-submit screenshot: C:\Users\2457157\IdeaProjects\HealthIndexCalculator\reports\screenshots\age_42__pulse_70__bp_0_100__type_negative_before_20260120_091655_872.png
2026-01-20 09:17:03.075 INFO  listeners.Listener1 - Attaching failure screenshot: C:\Users\2457157\IdeaProjects\HealthIndexCalculator\reports\screenshots\age_42__pulse_70__bp_0_100__type_negative_failed_no_alert_20260120_091701_340.png
2026-01-20 09:17:03.103 INFO  listeners.Listener1 - onTestStart -> sendData
2026-01-20 09:17:03.103 INFO  listeners.Listener1 - Parameters for sendData: [55, 100, 122/0, negative]
2026-01-20 09:17:03.118 INFO  tests.CalculatorFunctionalityTest - Executing data row: age='55', pulse='100', bp='122/0', testType='negative'
2026-01-20 09:17:04.945 INFO  tests.CalculatorFunctionalityTest - Clicking Calculate
2026-01-20 09:17:08.600 INFO  tests.CalculatorFunctionalityTest - No alert branch: navigatedToResult=true
2026-01-20 09:17:09.391 ERROR tests.CalculatorFunctionalityTest - Negative case failed: navigated without alert
2026-01-20 09:17:09.804 ERROR listeners.Listener1 - onTestFailure -> sendData
java.lang.AssertionError: The following asserts failed:
	NEGATIVE input incorrectly navigated to Result page without showing any alert.
	at org.testng.asserts.SoftAssert.assertAll(SoftAssert.java:46)
	at org.testng.asserts.SoftAssert.assertAll(SoftAssert.java:30)
	at tests.CalculatorFunctionalityTest.sendData(CalculatorFunctionalityTest.java:213)
	at java.base/jdk.internal.reflect.DirectMethodHandleAccessor.invoke(DirectMethodHandleAccessor.java:103)
	at java.base/java.lang.reflect.Method.invoke(Method.java:580)
	at org.testng.internal.invokers.MethodInvocationHelper.invokeMethod(MethodInvocationHelper.java:141)
	at org.testng.internal.invokers.TestInvoker.invokeMethod(TestInvoker.java:687)
	at org.testng.internal.invokers.TestInvoker.invokeTestMethod(TestInvoker.java:230)
	at org.testng.internal.invokers.MethodRunner.runInSequence(MethodRunner.java:63)
	at org.testng.internal.invokers.TestInvoker$MethodInvocationAgent.invoke(TestInvoker.java:995)
	at org.testng.internal.invokers.TestInvoker.invokeTestMethods(TestInvoker.java:203)
	at org.testng.internal.invokers.TestMethodWorker.invokeTestMethods(TestMethodWorker.java:154)
	at org.testng.internal.invokers.TestMethodWorker.run(TestMethodWorker.java:134)
	at java.base/java.util.ArrayList.forEach(ArrayList.java:1596)
	at org.testng.TestRunner.privateRun(TestRunner.java:741)
	at org.testng.TestRunner.run(TestRunner.java:616)
	at org.testng.SuiteRunner.runTest(SuiteRunner.java:421)
	at org.testng.SuiteRunner$SuiteWorker.run(SuiteRunner.java:463)
	at org.testng.internal.thread.ThreadUtil.lambda$execute$0(ThreadUtil.java:64)
	at java.base/java.util.concurrent.FutureTask.run$$$capture(FutureTask.java:317)
	at java.base/java.util.concurrent.FutureTask.run(FutureTask.java)
	at java.base/java.util.concurrent.ThreadPoolExecutor.runWorker(ThreadPoolExecutor.java:1144)
	at java.base/java.util.concurrent.ThreadPoolExecutor$Worker.run(ThreadPoolExecutor.java:642)
	at java.base/java.lang.Thread.run(Thread.java:1583)
2026-01-20 09:17:09.806 INFO  listeners.Listener1 - Attaching pre-submit screenshot: C:\Users\2457157\IdeaProjects\HealthIndexCalculator\reports\screenshots\age_55__pulse_100__bp_122_0__type_negative_before_20260120_091704_938.png
2026-01-20 09:17:09.806 INFO  listeners.Listener1 - Attaching failure screenshot: C:\Users\2457157\IdeaProjects\HealthIndexCalculator\reports\screenshots\age_55__pulse_100__bp_122_0__type_negative_failed_no_alert_20260120_091708_600.png
2026-01-20 09:17:09.828 INFO  listeners.Listener1 - onTestStart -> sendData
2026-01-20 09:17:09.828 INFO  listeners.Listener1 - Parameters for sendData: [63, 65, 120/120, negative]
2026-01-20 09:17:09.832 INFO  tests.CalculatorFunctionalityTest - Executing data row: age='63', pulse='65', bp='120/120', testType='negative'
2026-01-20 09:17:11.398 INFO  tests.CalculatorFunctionalityTest - Clicking Calculate
2026-01-20 09:17:15.252 ERROR listeners.Listener1 - onTestFailure -> sendData
java.lang.AssertionError: The following asserts failed:
	NEGATIVE input incorrectly navigated to Result page without showing any alert.
	at org.testng.asserts.SoftAssert.assertAll(SoftAssert.java:46)
	at org.testng.asserts.SoftAssert.assertAll(SoftAssert.java:30)
	at tests.CalculatorFunctionalityTest.sendData(CalculatorFunctionalityTest.java:213)
	at java.base/jdk.internal.reflect.DirectMethodHandleAccessor.invoke(DirectMethodHandleAccessor.java:103)
	at java.base/java.lang.reflect.Method.invoke(Method.java:580)
	at org.testng.internal.invokers.MethodInvocationHelper.invokeMethod(MethodInvocationHelper.java:141)
	at org.testng.internal.invokers.TestInvoker.invokeMethod(TestInvoker.java:687)
	at org.testng.internal.invokers.TestInvoker.invokeTestMethod(TestInvoker.java:230)
	at org.testng.internal.invokers.MethodRunner.runInSequence(MethodRunner.java:63)
	at org.testng.internal.invokers.TestInvoker$MethodInvocationAgent.invoke(TestInvoker.java:995)
	at org.testng.internal.invokers.TestInvoker.invokeTestMethods(TestInvoker.java:203)
	at org.testng.internal.invokers.TestMethodWorker.invokeTestMethods(TestMethodWorker.java:154)
	at org.testng.internal.invokers.TestMethodWorker.run(TestMethodWorker.java:134)
	at java.base/java.util.ArrayList.forEach(ArrayList.java:1596)
	at org.testng.TestRunner.privateRun(TestRunner.java:741)
	at org.testng.TestRunner.run(TestRunner.java:616)
	at org.testng.SuiteRunner.runTest(SuiteRunner.java:421)
	at org.testng.SuiteRunner$SuiteWorker.run(SuiteRunner.java:463)
	at org.testng.internal.thread.ThreadUtil.lambda$execute$0(ThreadUtil.java:64)
	at java.base/java.util.concurrent.FutureTask.run$$$capture(FutureTask.java:317)
	at java.base/java.util.concurrent.FutureTask.run(FutureTask.java)
	at java.base/java.util.concurrent.ThreadPoolExecutor.runWorker(ThreadPoolExecutor.java:1144)
	at java.base/java.util.concurrent.ThreadPoolExecutor$Worker.run(ThreadPoolExecutor.java:642)
	at java.base/java.lang.Thread.run(Thread.java:1583)
2026-01-20 09:17:15.252 INFO  listeners.Listener1 - Attaching pre-submit screenshot: C:\Users\2457157\IdeaProjects\HealthIndexCalculator\reports\screenshots\age_35__pulse_80__bp_80_120__type_negative_before_20260120_091637_659.png
2026-01-20 09:17:15.252 INFO  listeners.Listener1 - Attaching failure screenshot: C:\Users\2457157\IdeaProjects\HealthIndexCalculator\reports\screenshots\age_35__pulse_80__bp_80_120__type_negative_failed_no_alert_20260120_091642_584.png
2026-01-20 09:17:15.318 INFO  listeners.Listener1 - onTestStart -> sendData
2026-01-20 09:17:15.318 INFO  listeners.Listener1 - Parameters for sendData: [42, 70, 0/100, negative]
2026-01-20 09:17:15.318 INFO  tests.CalculatorFunctionalityTest - Executing data row: age='42', pulse='70', bp='0/100', testType='negative'
2026-01-20 09:17:18.446 INFO  tests.CalculatorFunctionalityTest - No alert branch: navigatedToResult=true
2026-01-20 09:17:19.201 INFO  tests.CalculatorFunctionalityTest - Clicking Calculate
2026-01-20 09:17:19.761 ERROR tests.CalculatorFunctionalityTest - Negative case failed: navigated without alert
2026-01-20 09:17:20.873 ERROR listeners.Listener1 - onTestFailure -> sendData
java.lang.AssertionError: The following asserts failed:
	NEGATIVE input incorrectly navigated to Result page without showing any alert.
	at org.testng.asserts.SoftAssert.assertAll(SoftAssert.java:46)
	at org.testng.asserts.SoftAssert.assertAll(SoftAssert.java:30)
	at tests.CalculatorFunctionalityTest.sendData(CalculatorFunctionalityTest.java:213)
	at java.base/jdk.internal.reflect.DirectMethodHandleAccessor.invoke(DirectMethodHandleAccessor.java:103)
	at java.base/java.lang.reflect.Method.invoke(Method.java:580)
	at org.testng.internal.invokers.MethodInvocationHelper.invokeMethod(MethodInvocationHelper.java:141)
	at org.testng.internal.invokers.TestInvoker.invokeMethod(TestInvoker.java:687)
	at org.testng.internal.invokers.TestInvoker.invokeTestMethod(TestInvoker.java:230)
	at org.testng.internal.invokers.MethodRunner.runInSequence(MethodRunner.java:63)
	at org.testng.internal.invokers.TestInvoker$MethodInvocationAgent.invoke(TestInvoker.java:995)
	at org.testng.internal.invokers.TestInvoker.invokeTestMethods(TestInvoker.java:203)
	at org.testng.internal.invokers.TestMethodWorker.invokeTestMethods(TestMethodWorker.java:154)
	at org.testng.internal.invokers.TestMethodWorker.run(TestMethodWorker.java:134)
	at java.base/java.util.ArrayList.forEach(ArrayList.java:1596)
	at org.testng.TestRunner.privateRun(TestRunner.java:741)
	at org.testng.TestRunner.run(TestRunner.java:616)
	at org.testng.SuiteRunner.runTest(SuiteRunner.java:421)
	at org.testng.SuiteRunner$SuiteWorker.run(SuiteRunner.java:463)
	at org.testng.internal.thread.ThreadUtil.lambda$execute$0(ThreadUtil.java:64)
	at java.base/java.util.concurrent.FutureTask.run$$$capture(FutureTask.java:317)
	at java.base/java.util.concurrent.FutureTask.run(FutureTask.java)
	at java.base/java.util.concurrent.ThreadPoolExecutor.runWorker(ThreadPoolExecutor.java:1144)
	at java.base/java.util.concurrent.ThreadPoolExecutor$Worker.run(ThreadPoolExecutor.java:642)
	at java.base/java.lang.Thread.run(Thread.java:1583)
2026-01-20 09:17:20.876 INFO  listeners.Listener1 - Attaching pre-submit screenshot: C:\Users\2457157\IdeaProjects\HealthIndexCalculator\reports\screenshots\age_63__pulse_65__bp_120_120__type_negative_before_20260120_091711_386.png
2026-01-20 09:17:20.876 INFO  listeners.Listener1 - Attaching failure screenshot: C:\Users\2457157\IdeaProjects\HealthIndexCalculator\reports\screenshots\age_63__pulse_65__bp_120_120__type_negative_failed_no_alert_20260120_091718_449.png
2026-01-20 09:17:22.509 INFO  listeners.Listener1 - onTestStart -> sendData
2026-01-20 09:17:22.510 INFO  listeners.Listener1 - Parameters for sendData: [29, 75, 120/, negative]
2026-01-20 09:17:22.510 INFO  tests.CalculatorFunctionalityTest - Executing data row: age='29', pulse='75', bp='120/', testType='negative'
2026-01-20 09:17:23.535 INFO  tests.CalculatorFunctionalityTest - No alert branch: navigatedToResult=true
2026-01-20 09:17:25.909 INFO  tests.CalculatorFunctionalityTest - Clicking Calculate
2026-01-20 09:17:25.987 ERROR tests.CalculatorFunctionalityTest - Negative case failed: navigated without alert
2026-01-20 09:17:27.214 INFO  tests.CalculatorFunctionalityTest - Alert detected after submit
2026-01-20 09:17:27.305 INFO  tests.CalculatorFunctionalityTest - Negative case: navigatedToResult=false
2026-01-20 09:17:27.305 INFO  listeners.Listener1 - onTestSuccess -> sendData
2026-01-20 09:17:27.305 INFO  listeners.Listener1 - Deleting pre-submit screenshot for passed test: C:\Users\2457157\IdeaProjects\HealthIndexCalculator\reports\screenshots\age_29__pulse_75__bp_120___type_negative_before_20260120_091725_894.png
2026-01-20 09:17:27.344 INFO  listeners.Listener1 - onTestStart -> sendData
2026-01-20 09:17:27.344 INFO  listeners.Listener1 - Parameters for sendData: [31, 68, /80, negative]
2026-01-20 09:17:27.353 INFO  tests.CalculatorFunctionalityTest - Executing data row: age='31', pulse='68', bp='/80', testType='negative'
2026-01-20 09:17:27.705 ERROR listeners.Listener1 - onTestFailure -> sendData
java.lang.AssertionError: The following asserts failed:
	NEGATIVE input incorrectly navigated to Result page without showing any alert.
	at org.testng.asserts.SoftAssert.assertAll(SoftAssert.java:46)
	at org.testng.asserts.SoftAssert.assertAll(SoftAssert.java:30)
	at tests.CalculatorFunctionalityTest.sendData(CalculatorFunctionalityTest.java:213)
	at java.base/jdk.internal.reflect.DirectMethodHandleAccessor.invoke(DirectMethodHandleAccessor.java:103)
	at java.base/java.lang.reflect.Method.invoke(Method.java:580)
	at org.testng.internal.invokers.MethodInvocationHelper.invokeMethod(MethodInvocationHelper.java:141)
	at org.testng.internal.invokers.TestInvoker.invokeMethod(TestInvoker.java:687)
	at org.testng.internal.invokers.TestInvoker.invokeTestMethod(TestInvoker.java:230)
	at org.testng.internal.invokers.MethodRunner.runInSequence(MethodRunner.java:63)
	at org.testng.internal.invokers.TestInvoker$MethodInvocationAgent.invoke(TestInvoker.java:995)
	at org.testng.internal.invokers.TestInvoker.invokeTestMethods(TestInvoker.java:203)
	at org.testng.internal.invokers.TestMethodWorker.invokeTestMethods(TestMethodWorker.java:154)
	at org.testng.internal.invokers.TestMethodWorker.run(TestMethodWorker.java:134)
	at java.base/java.util.ArrayList.forEach(ArrayList.java:1596)
	at org.testng.TestRunner.privateRun(TestRunner.java:741)
	at org.testng.TestRunner.run(TestRunner.java:616)
	at org.testng.SuiteRunner.runTest(SuiteRunner.java:421)
	at org.testng.SuiteRunner$SuiteWorker.run(SuiteRunner.java:463)
	at org.testng.internal.thread.ThreadUtil.lambda$execute$0(ThreadUtil.java:64)
	at java.base/java.util.concurrent.FutureTask.run$$$capture(FutureTask.java:317)
	at java.base/java.util.concurrent.FutureTask.run(FutureTask.java)
	at java.base/java.util.concurrent.ThreadPoolExecutor.runWorker(ThreadPoolExecutor.java:1144)
	at java.base/java.util.concurrent.ThreadPoolExecutor$Worker.run(ThreadPoolExecutor.java:642)
	at java.base/java.lang.Thread.run(Thread.java:1583)
2026-01-20 09:17:27.705 INFO  listeners.Listener1 - Attaching pre-submit screenshot: C:\Users\2457157\IdeaProjects\HealthIndexCalculator\reports\screenshots\age_42__pulse_70__bp_0_100__type_negative_before_20260120_091719_185.png
2026-01-20 09:17:27.705 INFO  listeners.Listener1 - Attaching failure screenshot: C:\Users\2457157\IdeaProjects\HealthIndexCalculator\reports\screenshots\age_42__pulse_70__bp_0_100__type_negative_failed_no_alert_20260120_091723_535.png
2026-01-20 09:17:27.769 INFO  listeners.Listener1 - onTestStart -> sendData
2026-01-20 09:17:27.770 INFO  listeners.Listener1 - Parameters for sendData: [55, 100, 122/0, negative]
2026-01-20 09:17:28.053 INFO  tests.CalculatorFunctionalityTest - Executing data row: age='55', pulse='100', bp='122/0', testType='negative'
2026-01-20 09:17:30.392 INFO  tests.CalculatorFunctionalityTest - Clicking Calculate
2026-01-20 09:17:31.256 INFO  tests.CalculatorFunctionalityTest - Alert detected after submit
2026-01-20 09:17:31.346 INFO  tests.CalculatorFunctionalityTest - Negative case: navigatedToResult=false
2026-01-20 09:17:31.350 INFO  listeners.Listener1 - onTestSuccess -> sendData
2026-01-20 09:17:31.358 INFO  listeners.Listener1 - Deleting pre-submit screenshot for passed test: C:\Users\2457157\IdeaProjects\HealthIndexCalculator\reports\screenshots\age_31__pulse_68__bp__80__type_negative_before_20260120_091730_386.png
2026-01-20 09:17:31.389 INFO  listeners.Listener1 - onTestStart -> sendData
2026-01-20 09:17:31.396 INFO  listeners.Listener1 - Parameters for sendData: [25, 72, 118/76, positive]
2026-01-20 09:17:31.405 INFO  tests.CalculatorFunctionalityTest - Executing data row: age='25', pulse='72', bp='118/76', testType='positive'
2026-01-20 09:17:33.396 INFO  tests.CalculatorFunctionalityTest - Clicking Calculate
2026-01-20 09:17:35.393 INFO  tests.CalculatorFunctionalityTest - Clicking Calculate
2026-01-20 09:17:37.551 INFO  tests.CalculatorFunctionalityTest - No alert branch: navigatedToResult=true
2026-01-20 09:17:38.535 ERROR tests.CalculatorFunctionalityTest - Negative case failed: navigated without alert
2026-01-20 09:17:39.086 ERROR listeners.Listener1 - onTestFailure -> sendData
java.lang.AssertionError: The following asserts failed:
	NEGATIVE input incorrectly navigated to Result page without showing any alert.
	at org.testng.asserts.SoftAssert.assertAll(SoftAssert.java:46)
	at org.testng.asserts.SoftAssert.assertAll(SoftAssert.java:30)
	at tests.CalculatorFunctionalityTest.sendData(CalculatorFunctionalityTest.java:213)
	at java.base/jdk.internal.reflect.DirectMethodHandleAccessor.invoke(DirectMethodHandleAccessor.java:103)
	at java.base/java.lang.reflect.Method.invoke(Method.java:580)
	at org.testng.internal.invokers.MethodInvocationHelper.invokeMethod(MethodInvocationHelper.java:141)
	at org.testng.internal.invokers.TestInvoker.invokeMethod(TestInvoker.java:687)
	at org.testng.internal.invokers.TestInvoker.invokeTestMethod(TestInvoker.java:230)
	at org.testng.internal.invokers.MethodRunner.runInSequence(MethodRunner.java:63)
	at org.testng.internal.invokers.TestInvoker$MethodInvocationAgent.invoke(TestInvoker.java:995)
	at org.testng.internal.invokers.TestInvoker.invokeTestMethods(TestInvoker.java:203)
	at org.testng.internal.invokers.TestMethodWorker.invokeTestMethods(TestMethodWorker.java:154)
	at org.testng.internal.invokers.TestMethodWorker.run(TestMethodWorker.java:134)
	at java.base/java.util.ArrayList.forEach(ArrayList.java:1596)
	at org.testng.TestRunner.privateRun(TestRunner.java:741)
	at org.testng.TestRunner.run(TestRunner.java:616)
	at org.testng.SuiteRunner.runTest(SuiteRunner.java:421)
	at org.testng.SuiteRunner$SuiteWorker.run(SuiteRunner.java:463)
	at org.testng.internal.thread.ThreadUtil.lambda$execute$0(ThreadUtil.java:64)
	at java.base/java.util.concurrent.FutureTask.run$$$capture(FutureTask.java:317)
	at java.base/java.util.concurrent.FutureTask.run(FutureTask.java)
	at java.base/java.util.concurrent.ThreadPoolExecutor.runWorker(ThreadPoolExecutor.java:1144)
	at java.base/java.util.concurrent.ThreadPoolExecutor$Worker.run(ThreadPoolExecutor.java:642)
	at java.base/java.lang.Thread.run(Thread.java:1583)
2026-01-20 09:17:39.086 INFO  listeners.Listener1 - Attaching pre-submit screenshot: C:\Users\2457157\IdeaProjects\HealthIndexCalculator\reports\screenshots\age_55__pulse_100__bp_122_0__type_negative_before_20260120_091733_360.png
2026-01-20 09:17:39.097 INFO  listeners.Listener1 - Attaching failure screenshot: C:\Users\2457157\IdeaProjects\HealthIndexCalculator\reports\screenshots\age_55__pulse_100__bp_122_0__type_negative_failed_no_alert_20260120_091737_551.png
2026-01-20 09:17:42.901 INFO  listeners.Listener1 - onTestStart -> sendData
2026-01-20 09:17:42.901 INFO  listeners.Listener1 - Parameters for sendData: [63, 65, 120/120, negative]
2026-01-20 09:17:42.901 INFO  tests.CalculatorFunctionalityTest - Executing data row: age='63', pulse='65', bp='120/120', testType='negative'
2026-01-20 09:17:42.938 INFO  tests.CalculatorFunctionalityTest - No alert branch: navigatedToResult=true
2026-01-20 09:17:42.938 INFO  tests.CalculatorFunctionalityTest - Positive case passed: navigated; returning Home via logo text
2026-01-20 09:17:45.649 INFO  tests.CalculatorFunctionalityTest - Clicked 'VitalGuard' logo text to return Home
2026-01-20 09:17:45.656 INFO  listeners.Listener1 - onTestSuccess -> sendData
2026-01-20 09:17:45.656 INFO  listeners.Listener1 - Deleting pre-submit screenshot for passed test: C:\Users\2457157\IdeaProjects\HealthIndexCalculator\reports\screenshots\age_25__pulse_72__bp_118_76__type_positive_before_20260120_091735_380.png
2026-01-20 09:17:46.269 INFO  listeners.Listener1 - onTestStart -> sendData
2026-01-20 09:17:46.269 INFO  listeners.Listener1 - Parameters for sendData: [34, 64, 110/70, positive]
2026-01-20 09:17:46.295 INFO  tests.CalculatorFunctionalityTest - Executing data row: age='34', pulse='64', bp='110/70', testType='positive'
2026-01-20 09:17:46.301 INFO  tests.CalculatorFunctionalityTest - Clicking Calculate
2026-01-20 09:17:49.054 INFO  tests.CalculatorFunctionalityTest - Clicking Calculate
2026-01-20 09:17:50.203 INFO  tests.CalculatorFunctionalityTest - No alert branch: navigatedToResult=true
2026-01-20 09:17:51.054 ERROR tests.CalculatorFunctionalityTest - Negative case failed: navigated without alert
2026-01-20 09:17:51.457 ERROR listeners.Listener1 - onTestFailure -> sendData
java.lang.AssertionError: The following asserts failed:
	NEGATIVE input incorrectly navigated to Result page without showing any alert.
	at org.testng.asserts.SoftAssert.assertAll(SoftAssert.java:46)
	at org.testng.asserts.SoftAssert.assertAll(SoftAssert.java:30)
	at tests.CalculatorFunctionalityTest.sendData(CalculatorFunctionalityTest.java:213)
	at java.base/jdk.internal.reflect.DirectMethodHandleAccessor.invoke(DirectMethodHandleAccessor.java:103)
	at java.base/java.lang.reflect.Method.invoke(Method.java:580)
	at org.testng.internal.invokers.MethodInvocationHelper.invokeMethod(MethodInvocationHelper.java:141)
	at org.testng.internal.invokers.TestInvoker.invokeMethod(TestInvoker.java:687)
	at org.testng.internal.invokers.TestInvoker.invokeTestMethod(TestInvoker.java:230)
	at org.testng.internal.invokers.MethodRunner.runInSequence(MethodRunner.java:63)
	at org.testng.internal.invokers.TestInvoker$MethodInvocationAgent.invoke(TestInvoker.java:995)
	at org.testng.internal.invokers.TestInvoker.invokeTestMethods(TestInvoker.java:203)
	at org.testng.internal.invokers.TestMethodWorker.invokeTestMethods(TestMethodWorker.java:154)
	at org.testng.internal.invokers.TestMethodWorker.run(TestMethodWorker.java:134)
	at java.base/java.util.ArrayList.forEach(ArrayList.java:1596)
	at org.testng.TestRunner.privateRun(TestRunner.java:741)
	at org.testng.TestRunner.run(TestRunner.java:616)
	at org.testng.SuiteRunner.runTest(SuiteRunner.java:421)
	at org.testng.SuiteRunner$SuiteWorker.run(SuiteRunner.java:463)
	at org.testng.internal.thread.ThreadUtil.lambda$execute$0(ThreadUtil.java:64)
	at java.base/java.util.concurrent.FutureTask.run$$$capture(FutureTask.java:317)
	at java.base/java.util.concurrent.FutureTask.run(FutureTask.java)
	at java.base/java.util.concurrent.ThreadPoolExecutor.runWorker(ThreadPoolExecutor.java:1144)
	at java.base/java.util.concurrent.ThreadPoolExecutor$Worker.run(ThreadPoolExecutor.java:642)
	at java.base/java.lang.Thread.run(Thread.java:1583)
2026-01-20 09:17:51.457 INFO  listeners.Listener1 - Attaching pre-submit screenshot: C:\Users\2457157\IdeaProjects\HealthIndexCalculator\reports\screenshots\age_63__pulse_65__bp_120_120__type_negative_before_20260120_091746_237.png
2026-01-20 09:17:51.457 INFO  listeners.Listener1 - Attaching failure screenshot: C:\Users\2457157\IdeaProjects\HealthIndexCalculator\reports\screenshots\age_63__pulse_65__bp_120_120__type_negative_failed_no_alert_20260120_091750_203.png
2026-01-20 09:17:51.488 INFO  listeners.Listener1 - onTestStart -> sendData
2026-01-20 09:17:51.488 INFO  listeners.Listener1 - Parameters for sendData: [29, 75, 120/, negative]
2026-01-20 09:17:51.488 INFO  tests.CalculatorFunctionalityTest - Executing data row: age='29', pulse='75', bp='120/', testType='negative'
2026-01-20 09:17:53.268 INFO  tests.CalculatorFunctionalityTest - No alert branch: navigatedToResult=true
2026-01-20 09:17:53.268 INFO  tests.CalculatorFunctionalityTest - Positive case passed: navigated; returning Home via logo text
2026-01-20 09:17:54.002 INFO  tests.CalculatorFunctionalityTest - Clicking Calculate
2026-01-20 09:17:54.427 INFO  tests.CalculatorFunctionalityTest - Clicked 'VitalGuard' logo text to return Home
2026-01-20 09:17:54.427 INFO  listeners.Listener1 - onTestSuccess -> sendData
2026-01-20 09:17:54.427 INFO  listeners.Listener1 - Deleting pre-submit screenshot for passed test: C:\Users\2457157\IdeaProjects\HealthIndexCalculator\reports\screenshots\age_34__pulse_64__bp_110_70__type_positive_before_20260120_091749_042.png
2026-01-20 09:17:54.692 INFO  tests.CalculatorFunctionalityTest - Alert detected after submit
2026-01-20 09:17:54.734 INFO  tests.CalculatorFunctionalityTest - Negative case: navigatedToResult=false
2026-01-20 09:17:54.747 INFO  listeners.Listener1 - onTestSuccess -> sendData
2026-01-20 09:17:54.747 INFO  listeners.Listener1 - Deleting pre-submit screenshot for passed test: C:\Users\2457157\IdeaProjects\HealthIndexCalculator\reports\screenshots\age_29__pulse_75__bp_120___type_negative_before_20260120_091753_984.png
2026-01-20 09:17:54.917 INFO  listeners.Listener1 - onTestStart -> sendData
2026-01-20 09:17:54.917 INFO  listeners.Listener1 - Parameters for sendData: [31, 68, /80, negative]
2026-01-20 09:17:54.917 INFO  listeners.Listener1 - onTestStart -> sendData
2026-01-20 09:17:54.917 INFO  listeners.Listener1 - Parameters for sendData: [47, 82, 130/85, positive]
2026-01-20 09:17:54.933 INFO  tests.CalculatorFunctionalityTest - Executing data row: age='31', pulse='68', bp='/80', testType='negative'
2026-01-20 09:17:54.933 INFO  tests.CalculatorFunctionalityTest - Executing data row: age='47', pulse='82', bp='130/85', testType='positive'
2026-01-20 09:17:57.892 INFO  tests.CalculatorFunctionalityTest - Clicking Calculate
2026-01-20 09:17:58.463 INFO  tests.CalculatorFunctionalityTest - Clicking Calculate
2026-01-20 09:17:58.593 INFO  tests.CalculatorFunctionalityTest - Alert detected after submit
2026-01-20 09:17:58.674 INFO  tests.CalculatorFunctionalityTest - Negative case: navigatedToResult=false
2026-01-20 09:17:58.674 INFO  listeners.Listener1 - onTestSuccess -> sendData
2026-01-20 09:17:58.674 INFO  listeners.Listener1 - Deleting pre-submit screenshot for passed test: C:\Users\2457157\IdeaProjects\HealthIndexCalculator\reports\screenshots\age_31__pulse_68__bp__80__type_negative_before_20260120_091757_876.png
2026-01-20 09:17:58.695 INFO  listeners.Listener1 - onTestStart -> sendData
2026-01-20 09:17:58.704 INFO  listeners.Listener1 - Parameters for sendData: [25, 72, 118/76, positive]
2026-01-20 09:17:58.704 INFO  tests.CalculatorFunctionalityTest - Executing data row: age='25', pulse='72', bp='118/76', testType='positive'
2026-01-20 09:18:04.284 INFO  tests.CalculatorFunctionalityTest - Clicking Calculate
2026-01-20 09:18:05.091 INFO  tests.CalculatorFunctionalityTest - No alert branch: navigatedToResult=true
2026-01-20 09:18:05.091 INFO  tests.CalculatorFunctionalityTest - Positive case passed: navigated; returning Home via logo text
2026-01-20 09:18:06.105 INFO  tests.CalculatorFunctionalityTest - Clicked 'VitalGuard' logo text to return Home
2026-01-20 09:18:06.105 INFO  listeners.Listener1 - onTestSuccess -> sendData
2026-01-20 09:18:06.108 INFO  listeners.Listener1 - Deleting pre-submit screenshot for passed test: C:\Users\2457157\IdeaProjects\HealthIndexCalculator\reports\screenshots\age_47__pulse_82__bp_130_85__type_positive_before_20260120_091758_453.png
2026-01-20 09:18:06.149 INFO  listeners.Listener1 - onTestStart -> sendData
2026-01-20 09:18:06.149 INFO  listeners.Listener1 - Parameters for sendData: [58, 96, 140/95, positive]
2026-01-20 09:18:06.149 INFO  tests.CalculatorFunctionalityTest - Executing data row: age='58', pulse='96', bp='140/95', testType='positive'
2026-01-20 09:18:08.433 INFO  tests.CalculatorFunctionalityTest - No alert branch: navigatedToResult=true
2026-01-20 09:18:08.433 INFO  tests.CalculatorFunctionalityTest - Positive case passed: navigated; returning Home via logo text
2026-01-20 09:18:09.280 INFO  tests.CalculatorFunctionalityTest - Clicked 'VitalGuard' logo text to return Home
2026-01-20 09:18:09.280 INFO  listeners.Listener1 - onTestSuccess -> sendData
2026-01-20 09:18:09.286 INFO  listeners.Listener1 - Deleting pre-submit screenshot for passed test: C:\Users\2457157\IdeaProjects\HealthIndexCalculator\reports\screenshots\age_25__pulse_72__bp_118_76__type_positive_before_20260120_091804_251.png
2026-01-20 09:18:11.735 INFO  listeners.Listener1 - onTestStart -> sendData
2026-01-20 09:18:11.736 INFO  listeners.Listener1 - Parameters for sendData: [34, 64, 110/70, positive]
2026-01-20 09:18:11.737 INFO  tests.CalculatorFunctionalityTest - Executing data row: age='34', pulse='64', bp='110/70', testType='positive'
2026-01-20 09:18:11.742 INFO  tests.CalculatorFunctionalityTest - Clicking Calculate
2026-01-20 09:18:16.622 INFO  tests.CalculatorFunctionalityTest - Clicking Calculate
2026-01-20 09:18:20.730 INFO  tests.CalculatorFunctionalityTest - No alert branch: navigatedToResult=true
2026-01-20 09:18:20.730 INFO  tests.CalculatorFunctionalityTest - Positive case passed: navigated; returning Home via logo text
2026-01-20 09:18:21.210 INFO  tests.CalculatorFunctionalityTest - Clicked 'VitalGuard' logo text to return Home
2026-01-20 09:18:21.216 INFO  listeners.Listener1 - onTestSuccess -> sendData
2026-01-20 09:18:21.216 INFO  listeners.Listener1 - Deleting pre-submit screenshot for passed test: C:\Users\2457157\IdeaProjects\HealthIndexCalculator\reports\screenshots\age_34__pulse_64__bp_110_70__type_positive_before_20260120_091816_620.png
2026-01-20 09:18:21.224 INFO  listeners.Listener1 - onTestStart -> sendData
2026-01-20 09:18:21.224 INFO  listeners.Listener1 - Parameters for sendData: [47, 82, 130/85, positive]
2026-01-20 09:18:21.224 INFO  tests.CalculatorFunctionalityTest - Executing data row: age='47', pulse='82', bp='130/85', testType='positive'
2026-01-20 09:18:23.228 INFO  tests.CalculatorFunctionalityTest - Clicking Calculate
2026-01-20 09:18:26.905 INFO  tests.CalculatorFunctionalityTest - No alert branch: navigatedToResult=true
2026-01-20 09:18:26.905 INFO  tests.CalculatorFunctionalityTest - Positive case passed: navigated; returning Home via logo text
2026-01-20 09:18:27.436 INFO  tests.CalculatorFunctionalityTest - Clicked 'VitalGuard' logo text to return Home
2026-01-20 09:18:27.436 INFO  listeners.Listener1 - onTestSuccess -> sendData
2026-01-20 09:18:27.436 INFO  listeners.Listener1 - Deleting pre-submit screenshot for passed test: C:\Users\2457157\IdeaProjects\HealthIndexCalculator\reports\screenshots\age_47__pulse_82__bp_130_85__type_positive_before_20260120_091823_225.png
2026-01-20 09:18:27.457 INFO  listeners.Listener1 - onTestStart -> sendData
2026-01-20 09:18:27.457 INFO  listeners.Listener1 - Parameters for sendData: [58, 96, 140/95, positive]
2026-01-20 09:18:27.459 INFO  tests.CalculatorFunctionalityTest - Executing data row: age='58', pulse='96', bp='140/95', testType='positive'
2026-01-20 09:18:29.172 INFO  tests.CalculatorFunctionalityTest - Clicking Calculate
2026-01-20 09:18:35.499 INFO  tests.CalculatorFunctionalityTest - No alert branch: navigatedToResult=true
2026-01-20 09:18:35.499 INFO  tests.CalculatorFunctionalityTest - Positive case passed: navigated; returning Home via logo text
2026-01-20 09:18:35.685 INFO  tests.CalculatorFunctionalityTest - Clicked 'VitalGuard' logo text to return Home
2026-01-20 09:18:35.685 INFO  listeners.Listener1 - onTestSuccess -> sendData
2026-01-20 09:18:35.685 INFO  listeners.Listener1 - Deleting pre-submit screenshot for passed test: C:\Users\2457157\IdeaProjects\HealthIndexCalculator\reports\screenshots\age_58__pulse_96__bp_140_95__type_positive_before_20260120_091829_168.png
2026-01-20 09:18:35.685 INFO  listeners.Listener1 - onTestStart -> sendData
2026-01-20 09:18:35.690 INFO  listeners.Listener1 - Parameters for sendData: [72, 60, 150/100, positive]
2026-01-20 09:18:35.690 INFO  tests.CalculatorFunctionalityTest - Executing data row: age='72', pulse='60', bp='150/100', testType='positive'
2026-01-20 09:18:36.366 INFO  tests.CalculatorFunctionalityTest - Clicking Calculate
2026-01-20 09:18:40.057 INFO  tests.CalculatorFunctionalityTest - No alert branch: navigatedToResult=true
2026-01-20 09:18:40.057 INFO  tests.CalculatorFunctionalityTest - Positive case passed: navigated; returning Home via logo text
2026-01-20 09:18:40.285 INFO  tests.CalculatorFunctionalityTest - No alert branch: navigatedToResult=true
2026-01-20 09:18:40.285 INFO  tests.CalculatorFunctionalityTest - Positive case passed: navigated; returning Home via logo text
2026-01-20 09:18:40.500 INFO  tests.CalculatorFunctionalityTest - Clicked 'VitalGuard' logo text to return Home
2026-01-20 09:18:40.500 INFO  listeners.Listener1 - onTestSuccess -> sendData
2026-01-20 09:18:40.500 INFO  listeners.Listener1 - Deleting pre-submit screenshot for passed test: C:\Users\2457157\IdeaProjects\HealthIndexCalculator\reports\screenshots\age_72__pulse_60__bp_150_100__type_positive_before_20260120_091836_366.png
2026-01-20 09:18:40.517 INFO  listeners.Listener1 - onTestStart -> sendData
2026-01-20 09:18:40.517 INFO  listeners.Listener1 - Parameters for sendData: [5, 100, 95/60, positive]
2026-01-20 09:18:40.523 INFO  tests.CalculatorFunctionalityTest - Executing data row: age='5', pulse='100', bp='95/60', testType='positive'
2026-01-20 09:18:41.062 INFO  tests.CalculatorFunctionalityTest - Clicked 'VitalGuard' logo text to return Home
2026-01-20 09:18:41.062 INFO  listeners.Listener1 - onTestSuccess -> sendData
2026-01-20 09:18:41.064 INFO  listeners.Listener1 - Deleting pre-submit screenshot for passed test: C:\Users\2457157\IdeaProjects\HealthIndexCalculator\reports\screenshots\age_58__pulse_96__bp_140_95__type_positive_before_20260120_091811_740.png
2026-01-20 09:18:41.079 INFO  listeners.Listener1 - onTestStart -> sendData
2026-01-20 09:18:41.079 INFO  listeners.Listener1 - Parameters for sendData: [72, 60, 150/100, positive]
2026-01-20 09:18:41.079 INFO  tests.CalculatorFunctionalityTest - Executing data row: age='72', pulse='60', bp='150/100', testType='positive'
2026-01-20 09:18:48.621 INFO  tests.CalculatorFunctionalityTest - Clicking Calculate
2026-01-20 09:18:48.621 INFO  tests.CalculatorFunctionalityTest - Clicking Calculate
2026-01-20 09:18:52.438 INFO  tests.CalculatorFunctionalityTest - No alert branch: navigatedToResult=true
2026-01-20 09:18:52.438 INFO  tests.CalculatorFunctionalityTest - Positive case passed: navigated; returning Home via logo text
2026-01-20 09:18:52.899 INFO  tests.CalculatorFunctionalityTest - Clicked 'VitalGuard' logo text to return Home
2026-01-20 09:18:52.899 INFO  listeners.Listener1 - onTestSuccess -> sendData
2026-01-20 09:18:52.899 INFO  listeners.Listener1 - Deleting pre-submit screenshot for passed test: C:\Users\2457157\IdeaProjects\HealthIndexCalculator\reports\screenshots\age_5__pulse_100__bp_95_60__type_positive_before_20260120_091848_614.png
2026-01-20 09:18:52.910 INFO  listeners.Listener1 - onTestStart -> sendData
2026-01-20 09:18:52.910 INFO  listeners.Listener1 - Parameters for sendData: [88, 58, 160/70, positive]
2026-01-20 09:18:52.916 INFO  tests.CalculatorFunctionalityTest - Executing data row: age='88', pulse='58', bp='160/70', testType='positive'
2026-01-20 09:18:54.654 INFO  tests.CalculatorFunctionalityTest - Clicking Calculate
2026-01-20 09:18:58.526 INFO  tests.CalculatorFunctionalityTest - No alert branch: navigatedToResult=true
2026-01-20 09:18:58.526 INFO  tests.CalculatorFunctionalityTest - Positive case passed: navigated; returning Home via logo text
2026-01-20 09:18:59.184 INFO  tests.CalculatorFunctionalityTest - Clicked 'VitalGuard' logo text to return Home
2026-01-20 09:18:59.184 INFO  listeners.Listener1 - onTestSuccess -> sendData
2026-01-20 09:18:59.184 INFO  listeners.Listener1 - Deleting pre-submit screenshot for passed test: C:\Users\2457157\IdeaProjects\HealthIndexCalculator\reports\screenshots\age_88__pulse_58__bp_160_70__type_positive_before_20260120_091854_650.png
2026-01-20 09:18:59.203 INFO  listeners.Listener1 - onTestStart -> sendData
2026-01-20 09:18:59.203 INFO  listeners.Listener1 - Parameters for sendData: [40, 40, 90/50, positive]
2026-01-20 09:18:59.203 INFO  tests.CalculatorFunctionalityTest - Executing data row: age='40', pulse='40', bp='90/50', testType='positive'
2026-01-20 09:19:01.211 INFO  tests.CalculatorFunctionalityTest - Clicking Calculate
2026-01-20 09:19:05.126 INFO  tests.CalculatorFunctionalityTest - No alert branch: navigatedToResult=true
2026-01-20 09:19:05.126 INFO  tests.CalculatorFunctionalityTest - Positive case passed: navigated; returning Home via logo text
2026-01-20 09:19:05.821 INFO  tests.CalculatorFunctionalityTest - Clicked 'VitalGuard' logo text to return Home
2026-01-20 09:19:05.821 INFO  listeners.Listener1 - onTestSuccess -> sendData
2026-01-20 09:19:05.838 INFO  listeners.Listener1 - Deleting pre-submit screenshot for passed test: C:\Users\2457157\IdeaProjects\HealthIndexCalculator\reports\screenshots\age_40__pulse_40__bp_90_50__type_positive_before_20260120_091901_211.png
2026-01-20 09:19:05.879 INFO  listeners.Listener1 - onTestStart -> sendData
2026-01-20 09:19:05.879 INFO  listeners.Listener1 - Parameters for sendData: [40, 140, 170/110, negative]
2026-01-20 09:19:05.971 ERROR listeners.Listener1 - onTestFailure -> sendData
java.lang.AssertionError: AI testType mismatch for: 40,140,170/110 expected [false] but found [true]
	at org.testng.Assert.fail(Assert.java:111)
	at org.testng.Assert.failNotEquals(Assert.java:1590)
	at org.testng.Assert.assertEqualsImpl(Assert.java:150)
	at org.testng.Assert.assertEquals(Assert.java:132)
	at org.testng.Assert.assertEquals(Assert.java:1079)
	at org.testng.Assert.assertEquals(Assert.java:1043)
	at tests.CalculatorFunctionalityTest.sendData(CalculatorFunctionalityTest.java:95)
	at java.base/jdk.internal.reflect.DirectMethodHandleAccessor.invoke(DirectMethodHandleAccessor.java:103)
	at java.base/java.lang.reflect.Method.invoke(Method.java:580)
	at org.testng.internal.invokers.MethodInvocationHelper.invokeMethod(MethodInvocationHelper.java:141)
	at org.testng.internal.invokers.TestInvoker.invokeMethod(TestInvoker.java:687)
	at org.testng.internal.invokers.TestInvoker.invokeTestMethod(TestInvoker.java:230)
	at org.testng.internal.invokers.MethodRunner.runInSequence(MethodRunner.java:63)
	at org.testng.internal.invokers.TestInvoker$MethodInvocationAgent.invoke(TestInvoker.java:995)
	at org.testng.internal.invokers.TestInvoker.invokeTestMethods(TestInvoker.java:203)
	at org.testng.internal.invokers.TestMethodWorker.invokeTestMethods(TestMethodWorker.java:154)
	at org.testng.internal.invokers.TestMethodWorker.run(TestMethodWorker.java:134)
	at java.base/java.util.ArrayList.forEach(ArrayList.java:1596)
	at org.testng.TestRunner.privateRun(TestRunner.java:741)
	at org.testng.TestRunner.run(TestRunner.java:616)
	at org.testng.SuiteRunner.runTest(SuiteRunner.java:421)
	at org.testng.SuiteRunner$SuiteWorker.run(SuiteRunner.java:463)
	at org.testng.internal.thread.ThreadUtil.lambda$execute$0(ThreadUtil.java:64)
	at java.base/java.util.concurrent.FutureTask.run$$$capture(FutureTask.java:317)
	at java.base/java.util.concurrent.FutureTask.run(FutureTask.java)
	at java.base/java.util.concurrent.ThreadPoolExecutor.runWorker(ThreadPoolExecutor.java:1144)
	at java.base/java.util.concurrent.ThreadPoolExecutor$Worker.run(ThreadPoolExecutor.java:642)
	at java.base/java.lang.Thread.run(Thread.java:1583)
2026-01-20 09:19:05.975 INFO  listeners.Listener1 - No pre-submit screenshot path provided by the test.
2026-01-20 09:19:05.975 INFO  listeners.Listener1 - No failure screenshot path provided by the test.
2026-01-20 09:19:11.616 INFO  tests.CalculatorFunctionalityTest - No alert branch: navigatedToResult=true
2026-01-20 09:19:11.616 INFO  tests.CalculatorFunctionalityTest - Positive case passed: navigated; returning Home via logo text
2026-01-20 09:19:12.628 INFO  tests.CalculatorFunctionalityTest - Clicked 'VitalGuard' logo text to return Home
2026-01-20 09:19:12.631 INFO  listeners.Listener1 - onTestSuccess -> sendData
2026-01-20 09:19:12.632 INFO  listeners.Listener1 - Deleting pre-submit screenshot for passed test: C:\Users\2457157\IdeaProjects\HealthIndexCalculator\reports\screenshots\age_72__pulse_60__bp_150_100__type_positive_before_20260120_091848_614.png
2026-01-20 09:19:12.676 INFO  listeners.Listener1 - onTestStart -> sendData
2026-01-20 09:19:12.686 INFO  listeners.Listener1 - Parameters for sendData: [5, 100, 95/60, positive]
2026-01-20 09:19:12.686 INFO  tests.CalculatorFunctionalityTest - Executing data row: age='5', pulse='100', bp='95/60', testType='positive'
2026-01-20 09:19:16.385 INFO  tests.CalculatorFunctionalityTest - Clicking Calculate
2026-01-20 09:19:20.566 INFO  tests.CalculatorFunctionalityTest - No alert branch: navigatedToResult=true
2026-01-20 09:19:20.566 INFO  tests.CalculatorFunctionalityTest - Positive case passed: navigated; returning Home via logo text
2026-01-20 09:19:28.763 INFO  tests.CalculatorFunctionalityTest - Clicked 'VitalGuard' logo text to return Home
2026-01-20 09:19:28.767 INFO  listeners.Listener1 - onTestSuccess -> sendData
2026-01-20 09:19:28.767 INFO  listeners.Listener1 - Deleting pre-submit screenshot for passed test: C:\Users\2457157\IdeaProjects\HealthIndexCalculator\reports\screenshots\age_5__pulse_100__bp_95_60__type_positive_before_20260120_091916_367.png
2026-01-20 09:19:28.779 INFO  listeners.Listener1 - onTestStart -> sendData
2026-01-20 09:19:28.783 INFO  listeners.Listener1 - Parameters for sendData: [88, 58, 160/70, positive]
2026-01-20 09:19:28.784 INFO  tests.CalculatorFunctionalityTest - Executing data row: age='88', pulse='58', bp='160/70', testType='positive'
2026-01-20 09:19:32.367 INFO  tests.CalculatorFunctionalityTest - Clicking Calculate
2026-01-20 09:19:36.299 INFO  tests.CalculatorFunctionalityTest - No alert branch: navigatedToResult=true
2026-01-20 09:19:36.299 INFO  tests.CalculatorFunctionalityTest - Positive case passed: navigated; returning Home via logo text
2026-01-20 09:19:37.154 INFO  tests.CalculatorFunctionalityTest - Tearing down webdriver
2026-01-20 09:19:37.157 INFO  listeners.Listener1 - onTestStart -> isResultDisplayed
2026-01-20 09:19:37.158 INFO  tests.ResultsPageUiTest - === Starting 'isResultDisplayed' test ===
2026-01-20 09:19:37.487 INFO  tests.CalculatorFunctionalityTest - Clicked 'VitalGuard' logo text to return Home
2026-01-20 09:19:37.489 INFO  listeners.Listener1 - onTestSuccess -> sendData
2026-01-20 09:19:37.489 INFO  listeners.Listener1 - Deleting pre-submit screenshot for passed test: C:\Users\2457157\IdeaProjects\HealthIndexCalculator\reports\screenshots\age_88__pulse_58__bp_160_70__type_positive_before_20260120_091932_367.png
2026-01-20 09:19:37.500 INFO  listeners.Listener1 - onTestStart -> sendData
2026-01-20 09:19:37.501 INFO  listeners.Listener1 - Parameters for sendData: [40, 40, 90/50, positive]
2026-01-20 09:19:37.502 INFO  tests.CalculatorFunctionalityTest - Executing data row: age='40', pulse='40', bp='90/50', testType='positive'
2026-01-20 09:19:37.519 INFO  tests.ResultsPageUiTest - Result displayed? true
2026-01-20 09:19:37.519 INFO  tests.ResultsPageUiTest - PASS: Result is displayed
2026-01-20 09:19:37.519 INFO  tests.ResultsPageUiTest - === Completed 'isResultDisplayed' test ===
2026-01-20 09:19:37.520 INFO  listeners.Listener1 - onTestSuccess -> isResultDisplayed
2026-01-20 09:19:37.528 INFO  listeners.Listener1 - onTestStart -> isFeedbackBoxdisplayed
2026-01-20 09:19:37.528 INFO  tests.ResultsPageUiTest - === Starting 'isFeedbackBoxdisplayed' test ===
2026-01-20 09:19:37.678 INFO  tests.ResultsPageUiTest - Feedback box present? true
2026-01-20 09:19:37.679 INFO  tests.ResultsPageUiTest - PASS: Feedback box is present
2026-01-20 09:19:37.679 INFO  tests.ResultsPageUiTest - === Completed 'isFeedbackBoxdisplayed' test ===
2026-01-20 09:19:37.679 INFO  listeners.Listener1 - onTestSuccess -> isFeedbackBoxdisplayed
2026-01-20 09:19:39.287 INFO  tests.CalculatorFunctionalityTest - Clicking Calculate
2026-01-20 09:19:43.232 INFO  tests.CalculatorFunctionalityTest - No alert branch: navigatedToResult=true
2026-01-20 09:19:43.232 INFO  tests.CalculatorFunctionalityTest - Positive case passed: navigated; returning Home via logo text
2026-01-20 09:19:43.832 INFO  tests.CalculatorFunctionalityTest - Clicked 'VitalGuard' logo text to return Home
2026-01-20 09:19:43.832 INFO  listeners.Listener1 - onTestSuccess -> sendData
2026-01-20 09:19:43.832 INFO  listeners.Listener1 - Deleting pre-submit screenshot for passed test: C:\Users\2457157\IdeaProjects\HealthIndexCalculator\reports\screenshots\age_40__pulse_40__bp_90_50__type_positive_before_20260120_091939_287.png
2026-01-20 09:19:43.858 INFO  listeners.Listener1 - onTestStart -> sendData
2026-01-20 09:19:43.860 INFO  listeners.Listener1 - Parameters for sendData: [40, 140, 170/110, negative]
2026-01-20 09:19:43.860 ERROR listeners.Listener1 - onTestFailure -> sendData
java.lang.AssertionError: AI testType mismatch for: 40,140,170/110 expected [false] but found [true]
	at org.testng.Assert.fail(Assert.java:111)
	at org.testng.Assert.failNotEquals(Assert.java:1590)
	at org.testng.Assert.assertEqualsImpl(Assert.java:150)
	at org.testng.Assert.assertEquals(Assert.java:132)
	at org.testng.Assert.assertEquals(Assert.java:1079)
	at org.testng.Assert.assertEquals(Assert.java:1043)
	at tests.CalculatorFunctionalityTest.sendData(CalculatorFunctionalityTest.java:95)
	at java.base/jdk.internal.reflect.DirectMethodHandleAccessor.invoke(DirectMethodHandleAccessor.java:103)
	at java.base/java.lang.reflect.Method.invoke(Method.java:580)
	at org.testng.internal.invokers.MethodInvocationHelper.invokeMethod(MethodInvocationHelper.java:141)
	at org.testng.internal.invokers.TestInvoker.invokeMethod(TestInvoker.java:687)
	at org.testng.internal.invokers.TestInvoker.invokeTestMethod(TestInvoker.java:230)
	at org.testng.internal.invokers.MethodRunner.runInSequence(MethodRunner.java:63)
	at org.testng.internal.invokers.TestInvoker$MethodInvocationAgent.invoke(TestInvoker.java:995)
	at org.testng.internal.invokers.TestInvoker.invokeTestMethods(TestInvoker.java:203)
	at org.testng.internal.invokers.TestMethodWorker.invokeTestMethods(TestMethodWorker.java:154)
	at org.testng.internal.invokers.TestMethodWorker.run(TestMethodWorker.java:134)
	at java.base/java.util.ArrayList.forEach(ArrayList.java:1596)
	at org.testng.TestRunner.privateRun(TestRunner.java:741)
	at org.testng.TestRunner.run(TestRunner.java:616)
	at org.testng.SuiteRunner.runTest(SuiteRunner.java:421)
	at org.testng.SuiteRunner$SuiteWorker.run(SuiteRunner.java:463)
	at org.testng.internal.thread.ThreadUtil.lambda$execute$0(ThreadUtil.java:64)
	at java.base/java.util.concurrent.FutureTask.run$$$capture(FutureTask.java:317)
	at java.base/java.util.concurrent.FutureTask.run(FutureTask.java)
	at java.base/java.util.concurrent.ThreadPoolExecutor.runWorker(ThreadPoolExecutor.java:1144)
	at java.base/java.util.concurrent.ThreadPoolExecutor$Worker.run(ThreadPoolExecutor.java:642)
	at java.base/java.lang.Thread.run(Thread.java:1583)
2026-01-20 09:19:43.860 INFO  listeners.Listener1 - No pre-submit screenshot path provided by the test.
2026-01-20 09:19:43.860 INFO  listeners.Listener1 - No failure screenshot path provided by the test.
2026-01-20 09:20:08.799 INFO  tests.ResultsPageUiTest - Tearing down webdriver
2026-01-20 09:20:08.815 INFO  listeners.Listener1 - Flushing ExtentReports...
2026-01-20 09:20:10.873 INFO  listeners.Listener1 - ExtentReports flushed successfully
2026-01-20 09:20:10.873 INFO  listeners.Listener1 - Cleared testMap. Listener finished.
2026-01-20 09:20:14.915 INFO  tests.CalculatorFunctionalityTest - Tearing down webdriver
2026-01-20 09:20:14.921 INFO  listeners.Listener1 - onTestStart -> isResultDisplayed
2026-01-20 09:20:14.921 INFO  tests.ResultsPageUiTest - === Starting 'isResultDisplayed' test ===
2026-01-20 09:20:14.988 INFO  tests.ResultsPageUiTest - Result displayed? true
2026-01-20 09:20:14.988 INFO  tests.ResultsPageUiTest - PASS: Result is displayed
2026-01-20 09:20:14.988 INFO  tests.ResultsPageUiTest - === Completed 'isResultDisplayed' test ===
2026-01-20 09:20:14.988 INFO  listeners.Listener1 - onTestSuccess -> isResultDisplayed
2026-01-20 09:20:14.994 INFO  listeners.Listener1 - onTestStart -> isFeedbackBoxdisplayed
2026-01-20 09:20:14.994 INFO  tests.ResultsPageUiTest - === Starting 'isFeedbackBoxdisplayed' test ===
2026-01-20 09:20:15.049 INFO  tests.ResultsPageUiTest - Feedback box present? true
2026-01-20 09:20:15.049 INFO  tests.ResultsPageUiTest - PASS: Feedback box is present
2026-01-20 09:20:15.049 INFO  tests.ResultsPageUiTest - === Completed 'isFeedbackBoxdisplayed' test ===
2026-01-20 09:20:15.049 INFO  listeners.Listener1 - onTestSuccess -> isFeedbackBoxdisplayed
2026-01-20 09:20:46.082 INFO  tests.ResultsPageUiTest - Tearing down webdriver
2026-01-20 09:20:46.082 INFO  listeners.Listener1 - Flushing ExtentReports...
2026-01-20 09:20:46.447 INFO  listeners.Listener1 - ExtentReports flushed successfully
2026-01-20 09:20:46.461 INFO  listeners.Listener1 - Cleared testMap. Listener finished.
2026-01-20 16:42:57.218 INFO  org.testng.internal.Utils - [TestNG] Running:
  C:\Users\2457157\IdeaProjects\HealthIndexCalculator\parallel.xml

2026-01-20 16:42:57.288 INFO  listeners.Listener1 - Initializing ExtentReports. Report path: C:\Users\2457157\IdeaProjects\HealthIndexCalculator/reports/Test-Report2026.01.20.16.42.57.html
2026-01-20 16:42:57.288 INFO  listeners.Listener1 - Initializing ExtentReports. Report path: C:\Users\2457157\IdeaProjects\HealthIndexCalculator/reports/Test-Report2026.01.20.16.42.57.html
2026-01-20 16:42:57.801 INFO  listeners.Listener1 - System info set: Browser=edge
2026-01-20 16:42:57.801 INFO  listeners.Listener1 - System info set: Browser=chrome
2026-01-20 16:42:57.801 INFO  listeners.Listener1 - ExtentReports initialization complete
2026-01-20 16:42:57.801 INFO  listeners.Listener1 - ExtentReports initialization complete
2026-01-20 16:43:04.366 INFO  tests.CalculatorFunctionalityTest - chrome Browser started
2026-01-20 16:43:04.366 INFO  tests.CalculatorFunctionalityTest - edge Browser started
2026-01-20 16:43:06.215 INFO  tests.CalculatorFunctionalityTest - Initializing CalculatorForm, ExcelDataManager, TopNavigation
2026-01-20 16:43:06.337 INFO  tests.CalculatorFunctionalityTest - Initializing CalculatorForm, ExcelDataManager, TopNavigation
2026-01-20 16:43:07.321 INFO  tests.CalculatorFunctionalityTest - Setup complete for CalculatorFunctionalityTest
2026-01-20 16:43:07.321 INFO  tests.CalculatorFunctionalityTest - Setup complete for CalculatorFunctionalityTest
2026-01-20 16:43:08.490 INFO  listeners.Listener1 - onTestStart -> isFormHeadingPresent
2026-01-20 16:43:08.490 INFO  listeners.Listener1 - onTestStart -> isFormHeadingPresent
2026-01-20 16:43:08.657 INFO  tests.CalculatorFunctionalityTest - Verifying form heading presence
2026-01-20 16:43:08.657 INFO  tests.CalculatorFunctionalityTest - Verifying form heading presence
2026-01-20 16:43:09.137 INFO  tests.CalculatorFunctionalityTest - Form Heading assertion passed
2026-01-20 16:43:09.141 INFO  listeners.Listener1 - onTestSuccess -> isFormHeadingPresent
2026-01-20 16:43:09.241 INFO  tests.CalculatorFunctionalityTest - Form Heading assertion passed
2026-01-20 16:43:09.241 INFO  listeners.Listener1 - onTestSuccess -> isFormHeadingPresent
2026-01-20 16:43:16.158 INFO  tests.ResultsPageUiTest - chrome Browser started
2026-01-20 16:43:20.792 INFO  tests.ResultsPageUiTest - edge Browser started
2026-01-20 16:43:21.339 INFO  tests.ResultsPageUiTest - Initializing page objects: TopNavigation, CalculatorForm, ResultPage
2026-01-20 16:43:21.493 INFO  tests.ResultsPageUiTest - Page objects initialized successfully
2026-01-20 16:43:21.530 INFO  tests.ResultsPageUiTest - Providing data for 'resultPageCheck'
2026-01-20 16:43:21.548 INFO  tests.ResultsPageUiTest - Data provided: 1 row(s)
2026-01-20 16:43:21.597 INFO  listeners.Listener1 - onTestStart -> resultPageCheck
2026-01-20 16:43:21.597 INFO  listeners.Listener1 - Parameters for resultPageCheck: [20, 67, 120/80]
2026-01-20 16:43:21.612 INFO  tests.ResultsPageUiTest - === Starting 'resultPageCheck' test ===
2026-01-20 16:43:21.612 INFO  tests.ResultsPageUiTest - Input data -> Age: 20, Pulse: 67, BP: 120/80
2026-01-20 16:43:21.628 INFO  tests.ResultsPageUiTest - Entering age
2026-01-20 16:43:22.459 INFO  tests.ResultsPageUiTest - Entering pulse
2026-01-20 16:43:23.077 INFO  tests.ResultsPageUiTest - Entering blood pressure
2026-01-20 16:43:23.627 INFO  tests.ResultsPageUiTest - Clicking Calculate
2026-01-20 16:43:24.782 INFO  tests.ResultsPageUiTest - Locating feedback text area
2026-01-20 16:43:24.820 INFO  tests.ResultsPageUiTest - Computing scroll metrics: scrollHeight vs clientHeight
2026-01-20 16:43:24.841 INFO  tests.ResultsPageUiTest - scrollHeight: 120
2026-01-20 16:43:24.843 INFO  tests.ResultsPageUiTest - clientHeight: 76
2026-01-20 16:43:24.843 INFO  tests.ResultsPageUiTest - Is feedback textarea scrollable? true
2026-01-20 16:43:24.843 INFO  tests.ResultsPageUiTest - PASS: The result text box is scrollable
2026-01-20 16:43:24.843 INFO  tests.ResultsPageUiTest - Checking CSS 'resize' property
2026-01-20 16:43:24.860 INFO  tests.ResultsPageUiTest - resize CSS value: vertical
2026-01-20 16:43:24.860 INFO  tests.ResultsPageUiTest - Is feedback textarea resizable? true
2026-01-20 16:43:24.860 INFO  tests.ResultsPageUiTest - PASS: The result textbox is resizable
2026-01-20 16:43:24.860 INFO  tests.ResultsPageUiTest - Asserting all soft assertions
2026-01-20 16:43:24.860 INFO  tests.ResultsPageUiTest - === Completed 'resultPageCheck' test ===
2026-01-20 16:43:24.860 INFO  listeners.Listener1 - onTestSuccess -> resultPageCheck
2026-01-20 16:43:24.871 INFO  listeners.Listener1 - onTestStart -> isAgeFieldPresent
2026-01-20 16:43:24.871 INFO  tests.CalculatorFunctionalityTest - Verifying age field presence
2026-01-20 16:43:25.018 INFO  tests.CalculatorFunctionalityTest - Age field presence assertion passed
2026-01-20 16:43:25.020 INFO  listeners.Listener1 - onTestSuccess -> isAgeFieldPresent
2026-01-20 16:43:25.076 INFO  listeners.Listener1 - onTestStart -> isLogoPresent
2026-01-20 16:43:25.079 INFO  tests.ResultsPageUiTest - === Starting 'isLogoPresent' test ===
2026-01-20 16:43:25.273 INFO  tests.ResultsPageUiTest - Logo present? true
2026-01-20 16:43:25.273 INFO  tests.ResultsPageUiTest - PASS: Logo is visible
2026-01-20 16:43:25.273 INFO  tests.ResultsPageUiTest - === Completed 'isLogoPresent' test ===
2026-01-20 16:43:25.273 INFO  listeners.Listener1 - onTestSuccess -> isLogoPresent
2026-01-20 16:43:25.339 INFO  listeners.Listener1 - onTestStart -> isPulseRateFieldPresent
2026-01-20 16:43:25.356 INFO  tests.CalculatorFunctionalityTest - Verifying pulse field presence
2026-01-20 16:43:25.843 INFO  tests.ResultsPageUiTest - Initializing page objects: TopNavigation, CalculatorForm, ResultPage
2026-01-20 16:43:25.864 INFO  tests.CalculatorFunctionalityTest - Pulse field presence assertion passed
2026-01-20 16:43:25.872 INFO  listeners.Listener1 - onTestSuccess -> isPulseRateFieldPresent
2026-01-20 16:43:25.922 INFO  listeners.Listener1 - onTestStart -> isLogoTextPresent
2026-01-20 16:43:25.938 INFO  tests.ResultsPageUiTest - === Starting 'isLogoTextPresent' test ===
2026-01-20 16:43:25.972 INFO  tests.ResultsPageUiTest - Page objects initialized successfully
2026-01-20 16:43:25.972 INFO  tests.ResultsPageUiTest - Providing data for 'resultPageCheck'
2026-01-20 16:43:25.972 INFO  tests.ResultsPageUiTest - Data provided: 1 row(s)
2026-01-20 16:43:25.992 INFO  listeners.Listener1 - onTestStart -> resultPageCheck
2026-01-20 16:43:25.992 INFO  listeners.Listener1 - Parameters for resultPageCheck: [20, 67, 120/80]
2026-01-20 16:43:25.992 INFO  tests.ResultsPageUiTest - === Starting 'resultPageCheck' test ===
2026-01-20 16:43:26.005 INFO  tests.ResultsPageUiTest - Input data -> Age: 20, Pulse: 67, BP: 120/80
2026-01-20 16:43:26.005 INFO  tests.ResultsPageUiTest - Entering age
2026-01-20 16:43:26.076 INFO  tests.ResultsPageUiTest - Logo text present? true
2026-01-20 16:43:26.076 INFO  tests.ResultsPageUiTest - PASS: Logo text is visible
2026-01-20 16:43:26.076 INFO  tests.ResultsPageUiTest - === Completed 'isLogoTextPresent' test ===
2026-01-20 16:43:26.076 INFO  listeners.Listener1 - onTestSuccess -> isLogoTextPresent
2026-01-20 16:43:26.100 INFO  listeners.Listener1 - onTestStart -> isBloodPressureFieldPresent
2026-01-20 16:43:26.105 INFO  tests.CalculatorFunctionalityTest - Verifying BP field presence
2026-01-20 16:43:27.225 INFO  tests.CalculatorFunctionalityTest - BP field presence assertion passed
2026-01-20 16:43:27.252 INFO  listeners.Listener1 - onTestSuccess -> isBloodPressureFieldPresent
2026-01-20 16:43:27.373 INFO  listeners.Listener1 - onTestStart -> isResultBoxPresent
2026-01-20 16:43:27.389 INFO  tests.ResultsPageUiTest - === Starting 'isResultBoxPresent' test ===
2026-01-20 16:43:27.605 INFO  tests.ResultsPageUiTest - Result box present? true
2026-01-20 16:43:27.605 INFO  tests.ResultsPageUiTest - PASS: Result box is visible
2026-01-20 16:43:27.612 INFO  tests.ResultsPageUiTest - === Completed 'isResultBoxPresent' test ===
2026-01-20 16:43:27.614 INFO  listeners.Listener1 - onTestSuccess -> isResultBoxPresent
2026-01-20 16:43:27.661 INFO  listeners.Listener1 - onTestStart -> isCalculateButtonPresentAndClickable
2026-01-20 16:43:27.673 INFO  tests.CalculatorFunctionalityTest - Verifying Calculate Button presence and Clickability
2026-01-20 16:43:28.401 INFO  tests.ResultsPageUiTest - Entering pulse
2026-01-20 16:43:28.528 INFO  tests.CalculatorFunctionalityTest - Calculate button presence & clickability assertion passed
2026-01-20 16:43:28.542 INFO  listeners.Listener1 - onTestSuccess -> isCalculateButtonPresentAndClickable
2026-01-20 16:43:28.558 INFO  listeners.Listener1 - onTestStart -> isHeadingPresent
2026-01-20 16:43:28.575 INFO  tests.ResultsPageUiTest - === Starting 'isHeadingPresent' test ===
2026-01-20 16:43:28.799 INFO  tests.ResultsPageUiTest - Heading present? true
2026-01-20 16:43:28.799 INFO  tests.ResultsPageUiTest - PASS: Heading is visible
2026-01-20 16:43:28.799 INFO  tests.ResultsPageUiTest - === Completed 'isHeadingPresent' test ===
2026-01-20 16:43:28.810 INFO  listeners.Listener1 - onTestSuccess -> isHeadingPresent
2026-01-20 16:43:29.541 INFO  tests.ResultsPageUiTest - Entering blood pressure
2026-01-20 16:43:30.955 INFO  tests.ResultsPageUiTest - Clicking Calculate
2026-01-20 16:43:32.489 INFO  tests.ResultsPageUiTest - Locating feedback text area
2026-01-20 16:43:32.606 INFO  tests.ResultsPageUiTest - Computing scroll metrics: scrollHeight vs clientHeight
2026-01-20 16:43:32.788 INFO  tests.ResultsPageUiTest - scrollHeight: 120
2026-01-20 16:43:32.788 INFO  tests.ResultsPageUiTest - clientHeight: 76
2026-01-20 16:43:32.788 INFO  tests.ResultsPageUiTest - Is feedback textarea scrollable? true
2026-01-20 16:43:32.788 INFO  tests.ResultsPageUiTest - PASS: The result text box is scrollable
2026-01-20 16:43:32.788 INFO  tests.ResultsPageUiTest - Checking CSS 'resize' property
2026-01-20 16:43:32.928 INFO  tests.ResultsPageUiTest - resize CSS value: vertical
2026-01-20 16:43:32.928 INFO  tests.ResultsPageUiTest - Is feedback textarea resizable? true
2026-01-20 16:43:32.928 INFO  tests.ResultsPageUiTest - PASS: The result textbox is resizable
2026-01-20 16:43:32.928 INFO  tests.ResultsPageUiTest - Asserting all soft assertions
2026-01-20 16:43:32.928 INFO  tests.ResultsPageUiTest - === Completed 'resultPageCheck' test ===
2026-01-20 16:43:32.932 INFO  listeners.Listener1 - onTestSuccess -> resultPageCheck
2026-01-20 16:43:32.976 INFO  listeners.Listener1 - onTestStart -> isAgeFieldPresent
2026-01-20 16:43:32.978 INFO  tests.CalculatorFunctionalityTest - Verifying age field presence
2026-01-20 16:43:33.363 INFO  tests.CalculatorFunctionalityTest - Age field presence assertion passed
2026-01-20 16:43:33.363 INFO  listeners.Listener1 - onTestSuccess -> isAgeFieldPresent
2026-01-20 16:43:33.423 INFO  listeners.Listener1 - onTestStart -> isLogoPresent
2026-01-20 16:43:33.435 INFO  tests.ResultsPageUiTest - === Starting 'isLogoPresent' test ===
2026-01-20 16:43:33.590 INFO  tests.ResultsPageUiTest - Logo present? true
2026-01-20 16:43:33.590 INFO  tests.ResultsPageUiTest - PASS: Logo is visible
2026-01-20 16:43:33.590 INFO  tests.ResultsPageUiTest - === Completed 'isLogoPresent' test ===
2026-01-20 16:43:33.590 INFO  listeners.Listener1 - onTestSuccess -> isLogoPresent
2026-01-20 16:43:33.622 INFO  listeners.Listener1 - onTestStart -> isPulseRateFieldPresent
2026-01-20 16:43:33.622 INFO  tests.CalculatorFunctionalityTest - Verifying pulse field presence
2026-01-20 16:43:34.018 INFO  tests.CalculatorFunctionalityTest - Pulse field presence assertion passed
2026-01-20 16:43:34.018 INFO  listeners.Listener1 - onTestSuccess -> isPulseRateFieldPresent
2026-01-20 16:43:34.050 INFO  listeners.Listener1 - onTestStart -> isLogoTextPresent
2026-01-20 16:43:34.050 INFO  tests.ResultsPageUiTest - === Starting 'isLogoTextPresent' test ===
2026-01-20 16:43:34.172 INFO  tests.ResultsPageUiTest - Logo text present? true
2026-01-20 16:43:34.172 INFO  tests.ResultsPageUiTest - PASS: Logo text is visible
2026-01-20 16:43:34.172 INFO  tests.ResultsPageUiTest - === Completed 'isLogoTextPresent' test ===
2026-01-20 16:43:34.172 INFO  listeners.Listener1 - onTestSuccess -> isLogoTextPresent
2026-01-20 16:43:34.216 INFO  listeners.Listener1 - onTestStart -> isBloodPressureFieldPresent
2026-01-20 16:43:34.216 INFO  tests.CalculatorFunctionalityTest - Verifying BP field presence
2026-01-20 16:43:34.492 INFO  tests.CalculatorFunctionalityTest - BP field presence assertion passed
2026-01-20 16:43:34.501 INFO  listeners.Listener1 - onTestSuccess -> isBloodPressureFieldPresent
2026-01-20 16:43:34.522 INFO  listeners.Listener1 - onTestStart -> isResultBoxPresent
2026-01-20 16:43:34.532 INFO  tests.ResultsPageUiTest - === Starting 'isResultBoxPresent' test ===
2026-01-20 16:43:34.723 INFO  tests.ResultsPageUiTest - Result box present? true
2026-01-20 16:43:34.723 INFO  tests.ResultsPageUiTest - PASS: Result box is visible
2026-01-20 16:43:34.723 INFO  tests.ResultsPageUiTest - === Completed 'isResultBoxPresent' test ===
2026-01-20 16:43:34.743 INFO  listeners.Listener1 - onTestSuccess -> isResultBoxPresent
2026-01-20 16:43:34.789 INFO  listeners.Listener1 - onTestStart -> isCalculateButtonPresentAndClickable
2026-01-20 16:43:34.801 INFO  tests.CalculatorFunctionalityTest - Verifying Calculate Button presence and Clickability
2026-01-20 16:43:35.269 INFO  tests.CalculatorFunctionalityTest - Calculate button presence & clickability assertion passed
2026-01-20 16:43:35.272 INFO  listeners.Listener1 - onTestSuccess -> isCalculateButtonPresentAndClickable
2026-01-20 16:43:35.290 INFO  listeners.Listener1 - onTestStart -> isHeadingPresent
2026-01-20 16:43:35.305 INFO  tests.ResultsPageUiTest - === Starting 'isHeadingPresent' test ===
2026-01-20 16:43:35.483 INFO  tests.ResultsPageUiTest - Heading present? true
2026-01-20 16:43:35.483 INFO  tests.ResultsPageUiTest - PASS: Heading is visible
2026-01-20 16:43:35.483 INFO  tests.ResultsPageUiTest - === Completed 'isHeadingPresent' test ===
2026-01-20 16:43:35.483 INFO  listeners.Listener1 - onTestSuccess -> isHeadingPresent
2026-01-20 16:43:36.211 INFO  tests.CalculatorFunctionalityTest - Loaded {} data rows from Excel
2026-01-20 16:43:36.211 INFO  tests.CalculatorFunctionalityTest - Loaded {} data rows from Excel
2026-01-20 16:43:36.223 INFO  listeners.Listener1 - onTestStart -> sendData
2026-01-20 16:43:36.223 INFO  listeners.Listener1 - Parameters for sendData: ["", "", "", negative]
2026-01-20 16:43:36.240 INFO  listeners.Listener1 - onTestStart -> sendData
2026-01-20 16:43:36.240 INFO  listeners.Listener1 - Parameters for sendData: ["", "", "", negative]
2026-01-20 16:43:36.275 INFO  tests.CalculatorFunctionalityTest - Executing data row: age='""', pulse='""', bp='""', testType='negative'
2026-01-20 16:43:36.275 INFO  tests.CalculatorFunctionalityTest - Executing data row: age='""', pulse='""', bp='""', testType='negative'
2026-01-20 16:43:39.331 INFO  tests.CalculatorFunctionalityTest - Clicking Calculate
2026-01-20 16:43:39.572 INFO  tests.CalculatorFunctionalityTest - Clicking Calculate
2026-01-20 16:43:39.703 INFO  tests.CalculatorFunctionalityTest - Alert detected after submit
2026-01-20 16:43:39.756 INFO  tests.CalculatorFunctionalityTest - Negative case: navigatedToResult=false
2026-01-20 16:43:39.758 INFO  listeners.Listener1 - onTestSuccess -> sendData
2026-01-20 16:43:39.758 INFO  listeners.Listener1 - Deleting pre-submit screenshot for passed test: C:\Users\2457157\IdeaProjects\HealthIndexCalculator\reports\screenshots\age_____pulse_____bp_____type_negative_before_20260120_164339_313.png
2026-01-20 16:43:39.796 INFO  listeners.Listener1 - onTestStart -> sendData
2026-01-20 16:43:39.798 INFO  listeners.Listener1 - Parameters for sendData: [0, 60, 70/31, negative]
2026-01-20 16:43:39.800 INFO  tests.CalculatorFunctionalityTest - Executing data row: age='0', pulse='60', bp='70/31', testType='negative'
2026-01-20 16:43:40.210 INFO  tests.CalculatorFunctionalityTest - Alert detected after submit
2026-01-20 16:43:40.309 INFO  tests.CalculatorFunctionalityTest - Negative case: navigatedToResult=false
2026-01-20 16:43:40.309 INFO  listeners.Listener1 - onTestSuccess -> sendData
2026-01-20 16:43:40.309 INFO  listeners.Listener1 - Deleting pre-submit screenshot for passed test: C:\Users\2457157\IdeaProjects\HealthIndexCalculator\reports\screenshots\age_____pulse_____bp_____type_negative_before_20260120_164339_572.png
2026-01-20 16:43:40.326 INFO  listeners.Listener1 - onTestStart -> sendData
2026-01-20 16:43:40.326 INFO  listeners.Listener1 - Parameters for sendData: [0, 60, 70/31, negative]
2026-01-20 16:43:40.326 INFO  tests.CalculatorFunctionalityTest - Executing data row: age='0', pulse='60', bp='70/31', testType='negative'
2026-01-20 16:43:41.442 INFO  tests.CalculatorFunctionalityTest - Clicking Calculate
2026-01-20 16:43:41.782 INFO  tests.CalculatorFunctionalityTest - Alert detected after submit
2026-01-20 16:43:41.831 INFO  tests.CalculatorFunctionalityTest - Negative case: navigatedToResult=false
2026-01-20 16:43:41.831 INFO  listeners.Listener1 - onTestSuccess -> sendData
2026-01-20 16:43:41.831 INFO  listeners.Listener1 - Deleting pre-submit screenshot for passed test: C:\Users\2457157\IdeaProjects\HealthIndexCalculator\reports\screenshots\age_0__pulse_60__bp_70_31__type_negative_before_20260120_164341_425.png
2026-01-20 16:43:41.856 INFO  listeners.Listener1 - onTestStart -> sendData
2026-01-20 16:43:41.856 INFO  listeners.Listener1 - Parameters for sendData: [1, 72, 120/81, positive]
2026-01-20 16:43:41.856 INFO  tests.CalculatorFunctionalityTest - Executing data row: age='1', pulse='72', bp='120/81', testType='positive'
2026-01-20 16:43:42.222 INFO  tests.CalculatorFunctionalityTest - Clicking Calculate
2026-01-20 16:43:42.646 INFO  tests.CalculatorFunctionalityTest - Alert detected after submit
2026-01-20 16:43:42.708 INFO  tests.CalculatorFunctionalityTest - Negative case: navigatedToResult=false
2026-01-20 16:43:42.718 INFO  listeners.Listener1 - onTestSuccess -> sendData
2026-01-20 16:43:42.719 INFO  listeners.Listener1 - Deleting pre-submit screenshot for passed test: C:\Users\2457157\IdeaProjects\HealthIndexCalculator\reports\screenshots\age_0__pulse_60__bp_70_31__type_negative_before_20260120_164342_219.png
2026-01-20 16:43:42.739 INFO  listeners.Listener1 - onTestStart -> sendData
2026-01-20 16:43:42.741 INFO  listeners.Listener1 - Parameters for sendData: [1, 72, 120/81, positive]
2026-01-20 16:43:42.743 INFO  tests.CalculatorFunctionalityTest - Executing data row: age='1', pulse='72', bp='120/81', testType='positive'
2026-01-20 16:43:43.555 INFO  tests.CalculatorFunctionalityTest - Clicking Calculate
2026-01-20 16:43:44.724 INFO  tests.CalculatorFunctionalityTest - Clicking Calculate
2026-01-20 16:43:47.407 INFO  tests.CalculatorFunctionalityTest - No alert branch: navigatedToResult=true
2026-01-20 16:43:47.408 INFO  tests.CalculatorFunctionalityTest - Positive case passed: navigated; returning Home via logo text
2026-01-20 16:43:48.253 INFO  tests.CalculatorFunctionalityTest - Clicked 'VitalGuard' logo text to return Home
2026-01-20 16:43:48.259 INFO  listeners.Listener1 - onTestSuccess -> sendData
2026-01-20 16:43:48.260 INFO  listeners.Listener1 - Deleting pre-submit screenshot for passed test: C:\Users\2457157\IdeaProjects\HealthIndexCalculator\reports\screenshots\age_1__pulse_72__bp_120_81__type_positive_before_20260120_164343_543.png
2026-01-20 16:43:48.310 INFO  listeners.Listener1 - onTestStart -> sendData
2026-01-20 16:43:48.312 INFO  listeners.Listener1 - Parameters for sendData: [69.5, -25, 160/91, negative]
2026-01-20 16:43:48.315 INFO  tests.CalculatorFunctionalityTest - Executing data row: age='69.5', pulse='-25', bp='160/91', testType='negative'
2026-01-20 16:43:48.868 INFO  tests.CalculatorFunctionalityTest - No alert branch: navigatedToResult=true
2026-01-20 16:43:48.868 INFO  tests.CalculatorFunctionalityTest - Positive case passed: navigated; returning Home via logo text
2026-01-20 16:43:49.730 INFO  tests.CalculatorFunctionalityTest - Clicked 'VitalGuard' logo text to return Home
2026-01-20 16:43:49.730 INFO  listeners.Listener1 - onTestSuccess -> sendData
2026-01-20 16:43:49.730 INFO  listeners.Listener1 - Deleting pre-submit screenshot for passed test: C:\Users\2457157\IdeaProjects\HealthIndexCalculator\reports\screenshots\age_1__pulse_72__bp_120_81__type_positive_before_20260120_164344_713.png
2026-01-20 16:43:49.778 INFO  listeners.Listener1 - onTestStart -> sendData
2026-01-20 16:43:49.778 INFO  listeners.Listener1 - Parameters for sendData: [69.5, -25, 160/91, negative]
2026-01-20 16:43:49.778 INFO  tests.CalculatorFunctionalityTest - Executing data row: age='69.5', pulse='-25', bp='160/91', testType='negative'
2026-01-20 16:43:50.573 INFO  tests.CalculatorFunctionalityTest - Clicking Calculate
2026-01-20 16:43:51.970 INFO  tests.CalculatorFunctionalityTest - Clicking Calculate
2026-01-20 16:43:54.160 INFO  tests.CalculatorFunctionalityTest - No alert branch: navigatedToResult=true
2026-01-20 16:43:55.530 ERROR tests.CalculatorFunctionalityTest - Negative case failed: navigated without alert
2026-01-20 16:43:55.760 INFO  tests.CalculatorFunctionalityTest - No alert branch: navigatedToResult=true
2026-01-20 16:43:56.134 ERROR listeners.Listener1 - onTestFailure -> sendData
java.lang.AssertionError: The following asserts failed:
	NEGATIVE input incorrectly navigated to Result page without showing any alert.
	at org.testng.asserts.SoftAssert.assertAll(SoftAssert.java:46)
	at org.testng.asserts.SoftAssert.assertAll(SoftAssert.java:30)
	at tests.CalculatorFunctionalityTest.sendData(CalculatorFunctionalityTest.java:213)
	at java.base/jdk.internal.reflect.DirectMethodHandleAccessor.invoke(DirectMethodHandleAccessor.java:103)
	at java.base/java.lang.reflect.Method.invoke(Method.java:580)
	at org.testng.internal.invokers.MethodInvocationHelper.invokeMethod(MethodInvocationHelper.java:141)
	at org.testng.internal.invokers.TestInvoker.invokeMethod(TestInvoker.java:687)
	at org.testng.internal.invokers.TestInvoker.invokeTestMethod(TestInvoker.java:230)
	at org.testng.internal.invokers.MethodRunner.runInSequence(MethodRunner.java:63)
	at org.testng.internal.invokers.TestInvoker$MethodInvocationAgent.invoke(TestInvoker.java:995)
	at org.testng.internal.invokers.TestInvoker.invokeTestMethods(TestInvoker.java:203)
	at org.testng.internal.invokers.TestMethodWorker.invokeTestMethods(TestMethodWorker.java:154)
	at org.testng.internal.invokers.TestMethodWorker.run(TestMethodWorker.java:134)
	at java.base/java.util.ArrayList.forEach(ArrayList.java:1596)
	at org.testng.TestRunner.privateRun(TestRunner.java:741)
	at org.testng.TestRunner.run(TestRunner.java:616)
	at org.testng.SuiteRunner.runTest(SuiteRunner.java:421)
	at org.testng.SuiteRunner$SuiteWorker.run(SuiteRunner.java:463)
	at org.testng.internal.thread.ThreadUtil.lambda$execute$0(ThreadUtil.java:64)
	at java.base/java.util.concurrent.FutureTask.run$$$capture(FutureTask.java:317)
	at java.base/java.util.concurrent.FutureTask.run(FutureTask.java)
	at java.base/java.util.concurrent.ThreadPoolExecutor.runWorker(ThreadPoolExecutor.java:1144)
	at java.base/java.util.concurrent.ThreadPoolExecutor$Worker.run(ThreadPoolExecutor.java:642)
	at java.base/java.lang.Thread.run(Thread.java:1583)
2026-01-20 16:43:56.210 INFO  listeners.Listener1 - Attaching pre-submit screenshot: C:\Users\2457157\IdeaProjects\HealthIndexCalculator\reports\screenshots\age_69.5__pulse_-25__bp_160_91__type_negative_before_20260120_164350_559.png
2026-01-20 16:43:56.228 INFO  listeners.Listener1 - Attaching failure screenshot: C:\Users\2457157\IdeaProjects\HealthIndexCalculator\reports\screenshots\age_69.5__pulse_-25__bp_160_91__type_negative_failed_no_alert_20260120_164354_160.png
2026-01-20 16:43:56.280 INFO  listeners.Listener1 - onTestStart -> sendData
2026-01-20 16:43:56.282 INFO  listeners.Listener1 - Parameters for sendData: [120, Seventy Two, 0/0, negative]
2026-01-20 16:43:56.282 INFO  tests.CalculatorFunctionalityTest - Executing data row: age='120', pulse='Seventy Two', bp='0/0', testType='negative'
2026-01-20 16:43:57.141 ERROR tests.CalculatorFunctionalityTest - Negative case failed: navigated without alert
2026-01-20 16:43:57.611 ERROR listeners.Listener1 - onTestFailure -> sendData
java.lang.AssertionError: The following asserts failed:
	NEGATIVE input incorrectly navigated to Result page without showing any alert.
	at org.testng.asserts.SoftAssert.assertAll(SoftAssert.java:46)
	at org.testng.asserts.SoftAssert.assertAll(SoftAssert.java:30)
	at tests.CalculatorFunctionalityTest.sendData(CalculatorFunctionalityTest.java:213)
	at java.base/jdk.internal.reflect.DirectMethodHandleAccessor.invoke(DirectMethodHandleAccessor.java:103)
	at java.base/java.lang.reflect.Method.invoke(Method.java:580)
	at org.testng.internal.invokers.MethodInvocationHelper.invokeMethod(MethodInvocationHelper.java:141)
	at org.testng.internal.invokers.TestInvoker.invokeMethod(TestInvoker.java:687)
	at org.testng.internal.invokers.TestInvoker.invokeTestMethod(TestInvoker.java:230)
	at org.testng.internal.invokers.MethodRunner.runInSequence(MethodRunner.java:63)
	at org.testng.internal.invokers.TestInvoker$MethodInvocationAgent.invoke(TestInvoker.java:995)
	at org.testng.internal.invokers.TestInvoker.invokeTestMethods(TestInvoker.java:203)
	at org.testng.internal.invokers.TestMethodWorker.invokeTestMethods(TestMethodWorker.java:154)
	at org.testng.internal.invokers.TestMethodWorker.run(TestMethodWorker.java:134)
	at java.base/java.util.ArrayList.forEach(ArrayList.java:1596)
	at org.testng.TestRunner.privateRun(TestRunner.java:741)
	at org.testng.TestRunner.run(TestRunner.java:616)
	at org.testng.SuiteRunner.runTest(SuiteRunner.java:421)
	at org.testng.SuiteRunner$SuiteWorker.run(SuiteRunner.java:463)
	at org.testng.internal.thread.ThreadUtil.lambda$execute$0(ThreadUtil.java:64)
	at java.base/java.util.concurrent.FutureTask.run$$$capture(FutureTask.java:317)
	at java.base/java.util.concurrent.FutureTask.run(FutureTask.java)
	at java.base/java.util.concurrent.ThreadPoolExecutor.runWorker(ThreadPoolExecutor.java:1144)
	at java.base/java.util.concurrent.ThreadPoolExecutor$Worker.run(ThreadPoolExecutor.java:642)
	at java.base/java.lang.Thread.run(Thread.java:1583)
2026-01-20 16:43:57.615 INFO  listeners.Listener1 - Attaching pre-submit screenshot: C:\Users\2457157\IdeaProjects\HealthIndexCalculator\reports\screenshots\age_69.5__pulse_-25__bp_160_91__type_negative_before_20260120_164351_958.png
2026-01-20 16:43:57.615 INFO  listeners.Listener1 - Attaching failure screenshot: C:\Users\2457157\IdeaProjects\HealthIndexCalculator\reports\screenshots\age_69.5__pulse_-25__bp_160_91__type_negative_failed_no_alert_20260120_164355_760.png
2026-01-20 16:43:57.643 INFO  listeners.Listener1 - onTestStart -> sendData
2026-01-20 16:43:57.643 INFO  listeners.Listener1 - Parameters for sendData: [120, Seventy Two, 0/0, negative]
2026-01-20 16:43:57.643 INFO  tests.CalculatorFunctionalityTest - Executing data row: age='120', pulse='Seventy Two', bp='0/0', testType='negative'
2026-01-20 16:43:58.990 INFO  tests.CalculatorFunctionalityTest - Clicking Calculate
2026-01-20 16:44:00.262 INFO  tests.CalculatorFunctionalityTest - Alert detected after submit
2026-01-20 16:44:00.377 INFO  tests.CalculatorFunctionalityTest - Negative case: navigatedToResult=false
2026-01-20 16:44:00.379 INFO  listeners.Listener1 - onTestSuccess -> sendData
2026-01-20 16:44:00.379 INFO  listeners.Listener1 - Deleting pre-submit screenshot for passed test: C:\Users\2457157\IdeaProjects\HealthIndexCalculator\reports\screenshots\age_120__pulse_Seventy_Two__bp_0_0__type_negative_before_20260120_164358_957.png
2026-01-20 16:44:00.409 INFO  listeners.Listener1 - onTestStart -> sendData
2026-01-20 16:44:00.409 INFO  listeners.Listener1 - Parameters for sendData: [121, @$%, 0/0, negative]
2026-01-20 16:44:00.416 INFO  tests.CalculatorFunctionalityTest - Executing data row: age='121', pulse='@$%', bp='0/0', testType='negative'
2026-01-20 16:44:01.133 INFO  tests.CalculatorFunctionalityTest - Clicking Calculate
2026-01-20 16:44:02.683 INFO  tests.CalculatorFunctionalityTest - Alert detected after submit
2026-01-20 16:44:02.800 INFO  tests.CalculatorFunctionalityTest - Negative case: navigatedToResult=false
2026-01-20 16:44:02.809 INFO  listeners.Listener1 - onTestSuccess -> sendData
2026-01-20 16:44:02.811 INFO  listeners.Listener1 - Deleting pre-submit screenshot for passed test: C:\Users\2457157\IdeaProjects\HealthIndexCalculator\reports\screenshots\age_120__pulse_Seventy_Two__bp_0_0__type_negative_before_20260120_164401_116.png
2026-01-20 16:44:02.877 INFO  listeners.Listener1 - onTestStart -> sendData
2026-01-20 16:44:02.877 INFO  listeners.Listener1 - Parameters for sendData: [121, @$%, 0/0, negative]
2026-01-20 16:44:02.893 INFO  tests.CalculatorFunctionalityTest - Executing data row: age='121', pulse='@$%', bp='0/0', testType='negative'
2026-01-20 16:44:07.340 INFO  tests.CalculatorFunctionalityTest - Clicking Calculate
2026-01-20 16:44:07.574 INFO  tests.CalculatorFunctionalityTest - Clicking Calculate
2026-01-20 16:44:08.578 INFO  tests.CalculatorFunctionalityTest - Alert detected after submit
2026-01-20 16:44:08.678 INFO  tests.CalculatorFunctionalityTest - Negative case: navigatedToResult=false
2026-01-20 16:44:08.679 INFO  listeners.Listener1 - onTestSuccess -> sendData
2026-01-20 16:44:08.682 INFO  listeners.Listener1 - Deleting pre-submit screenshot for passed test: C:\Users\2457157\IdeaProjects\HealthIndexCalculator\reports\screenshots\age_121__pulse______bp_0_0__type_negative_before_20260120_164407_565.png
2026-01-20 16:44:08.726 INFO  tests.CalculatorFunctionalityTest - Alert detected after submit
2026-01-20 16:44:08.745 INFO  listeners.Listener1 - onTestStart -> sendData
2026-01-20 16:44:08.746 INFO  listeners.Listener1 - Parameters for sendData: [120.5, 80yrs, 1000/1000, negative]
2026-01-20 16:44:08.751 INFO  tests.CalculatorFunctionalityTest - Executing data row: age='120.5', pulse='80yrs', bp='1000/1000', testType='negative'
2026-01-20 16:44:08.877 INFO  tests.CalculatorFunctionalityTest - Negative case: navigatedToResult=false
2026-01-20 16:44:08.877 INFO  listeners.Listener1 - onTestSuccess -> sendData
2026-01-20 16:44:08.877 INFO  listeners.Listener1 - Deleting pre-submit screenshot for passed test: C:\Users\2457157\IdeaProjects\HealthIndexCalculator\reports\screenshots\age_121__pulse______bp_0_0__type_negative_before_20260120_164407_330.png
2026-01-20 16:44:08.911 INFO  listeners.Listener1 - onTestStart -> sendData
2026-01-20 16:44:08.911 INFO  listeners.Listener1 - Parameters for sendData: [120.5, 80yrs, 1000/1000, negative]
2026-01-20 16:44:08.911 INFO  tests.CalculatorFunctionalityTest - Executing data row: age='120.5', pulse='80yrs', bp='1000/1000', testType='negative'
2026-01-20 16:44:12.093 INFO  tests.CalculatorFunctionalityTest - Clicking Calculate
2026-01-20 16:44:12.865 INFO  tests.CalculatorFunctionalityTest - Alert detected after submit
2026-01-20 16:44:12.963 INFO  tests.CalculatorFunctionalityTest - Negative case: navigatedToResult=false
2026-01-20 16:44:12.963 INFO  listeners.Listener1 - onTestSuccess -> sendData
2026-01-20 16:44:12.963 INFO  listeners.Listener1 - Deleting pre-submit screenshot for passed test: C:\Users\2457157\IdeaProjects\HealthIndexCalculator\reports\screenshots\age_120.5__pulse_80yrs__bp_1000_1000__type_negative_before_20260120_164412_057.png
2026-01-20 16:44:13.014 INFO  listeners.Listener1 - onTestStart -> sendData
2026-01-20 16:44:13.014 INFO  listeners.Listener1 - Parameters for sendData: [abc, 1000, abc, negative]
2026-01-20 16:44:13.022 INFO  tests.CalculatorFunctionalityTest - Executing data row: age='abc', pulse='1000', bp='abc', testType='negative'
2026-01-20 16:44:13.258 INFO  tests.CalculatorFunctionalityTest - Clicking Calculate
2026-01-20 16:44:13.835 INFO  tests.CalculatorFunctionalityTest - Alert detected after submit
2026-01-20 16:44:13.905 INFO  tests.CalculatorFunctionalityTest - Negative case: navigatedToResult=false
2026-01-20 16:44:13.905 INFO  listeners.Listener1 - onTestSuccess -> sendData
2026-01-20 16:44:13.916 INFO  listeners.Listener1 - Deleting pre-submit screenshot for passed test: C:\Users\2457157\IdeaProjects\HealthIndexCalculator\reports\screenshots\age_120.5__pulse_80yrs__bp_1000_1000__type_negative_before_20260120_164413_248.png
2026-01-20 16:44:13.965 INFO  listeners.Listener1 - onTestStart -> sendData
2026-01-20 16:44:13.966 INFO  listeners.Listener1 - Parameters for sendData: [abc, 1000, abc, negative]
2026-01-20 16:44:13.975 INFO  tests.CalculatorFunctionalityTest - Executing data row: age='abc', pulse='1000', bp='abc', testType='negative'
2026-01-20 16:44:15.439 INFO  tests.CalculatorFunctionalityTest - Clicking Calculate
2026-01-20 16:44:16.458 INFO  tests.CalculatorFunctionalityTest - Alert detected after submit
2026-01-20 16:44:16.530 INFO  tests.CalculatorFunctionalityTest - Negative case: navigatedToResult=false
2026-01-20 16:44:16.532 INFO  listeners.Listener1 - onTestSuccess -> sendData
2026-01-20 16:44:16.542 INFO  listeners.Listener1 - Deleting pre-submit screenshot for passed test: C:\Users\2457157\IdeaProjects\HealthIndexCalculator\reports\screenshots\age_abc__pulse_1000__bp_abc__type_negative_before_20260120_164415_425.png
2026-01-20 16:44:16.615 INFO  listeners.Listener1 - onTestStart -> sendData
2026-01-20 16:44:16.616 INFO  listeners.Listener1 - Parameters for sendData: [@#, 65.5, abc/abc, negative]
2026-01-20 16:44:16.620 INFO  tests.CalculatorFunctionalityTest - Executing data row: age='@#', pulse='65.5', bp='abc/abc', testType='negative'
2026-01-20 16:44:17.957 INFO  tests.CalculatorFunctionalityTest - Clicking Calculate
2026-01-20 16:44:19.149 INFO  tests.CalculatorFunctionalityTest - Alert detected after submit
2026-01-20 16:44:19.211 INFO  tests.CalculatorFunctionalityTest - Negative case: navigatedToResult=false
2026-01-20 16:44:19.211 INFO  listeners.Listener1 - onTestSuccess -> sendData
2026-01-20 16:44:19.211 INFO  listeners.Listener1 - Deleting pre-submit screenshot for passed test: C:\Users\2457157\IdeaProjects\HealthIndexCalculator\reports\screenshots\age_abc__pulse_1000__bp_abc__type_negative_before_20260120_164417_956.png
2026-01-20 16:44:19.236 INFO  listeners.Listener1 - onTestStart -> sendData
2026-01-20 16:44:19.236 INFO  listeners.Listener1 - Parameters for sendData: [@#, 65.5, abc/abc, negative]
2026-01-20 16:44:19.244 INFO  tests.CalculatorFunctionalityTest - Executing data row: age='@#', pulse='65.5', bp='abc/abc', testType='negative'
2026-01-20 16:44:19.444 INFO  tests.CalculatorFunctionalityTest - Clicking Calculate
2026-01-20 16:44:20.008 INFO  tests.CalculatorFunctionalityTest - Alert detected after submit
2026-01-20 16:44:20.075 INFO  tests.CalculatorFunctionalityTest - Negative case: navigatedToResult=false
2026-01-20 16:44:20.075 INFO  listeners.Listener1 - onTestSuccess -> sendData
2026-01-20 16:44:20.095 INFO  listeners.Listener1 - Deleting pre-submit screenshot for passed test: C:\Users\2457157\IdeaProjects\HealthIndexCalculator\reports\screenshots\age_____pulse_65.5__bp_abc_abc__type_negative_before_20260120_164419_440.png
2026-01-20 16:44:20.108 INFO  listeners.Listener1 - onTestStart -> sendData
2026-01-20 16:44:20.108 INFO  listeners.Listener1 - Parameters for sendData: [e, "", *(@), negative]
2026-01-20 16:44:20.129 INFO  tests.CalculatorFunctionalityTest - Executing data row: age='e', pulse='""', bp='*(@)', testType='negative'
2026-01-20 16:44:22.101 INFO  tests.CalculatorFunctionalityTest - Clicking Calculate
2026-01-20 16:44:22.285 INFO  tests.CalculatorFunctionalityTest - Clicking Calculate
2026-01-20 16:44:22.580 INFO  tests.CalculatorFunctionalityTest - Alert detected after submit
2026-01-20 16:44:22.649 INFO  tests.CalculatorFunctionalityTest - Negative case: navigatedToResult=false
2026-01-20 16:44:22.649 INFO  listeners.Listener1 - onTestSuccess -> sendData
2026-01-20 16:44:22.650 INFO  listeners.Listener1 - Deleting pre-submit screenshot for passed test: C:\Users\2457157\IdeaProjects\HealthIndexCalculator\reports\screenshots\age_____pulse_65.5__bp_abc_abc__type_negative_before_20260120_164422_078.png
2026-01-20 16:44:22.667 INFO  listeners.Listener1 - onTestStart -> sendData
2026-01-20 16:44:22.674 INFO  listeners.Listener1 - Parameters for sendData: [e, "", *(@), negative]
2026-01-20 16:44:22.676 INFO  tests.CalculatorFunctionalityTest - Executing data row: age='e', pulse='""', bp='*(@)', testType='negative'
2026-01-20 16:44:22.685 INFO  tests.CalculatorFunctionalityTest - Alert detected after submit
2026-01-20 16:44:22.728 INFO  tests.CalculatorFunctionalityTest - Negative case: navigatedToResult=false
2026-01-20 16:44:22.728 INFO  listeners.Listener1 - onTestSuccess -> sendData
2026-01-20 16:44:22.728 INFO  listeners.Listener1 - Deleting pre-submit screenshot for passed test: C:\Users\2457157\IdeaProjects\HealthIndexCalculator\reports\screenshots\age_e__pulse_____bp_______type_negative_before_20260120_164422_278.png
2026-01-20 16:44:22.764 INFO  listeners.Listener1 - onTestStart -> sendData
2026-01-20 16:44:22.764 INFO  listeners.Listener1 - Parameters for sendData: [-1, 55, -1, negative]
2026-01-20 16:44:22.768 INFO  tests.CalculatorFunctionalityTest - Executing data row: age='-1', pulse='55', bp='-1', testType='negative'
2026-01-20 16:44:24.566 INFO  tests.CalculatorFunctionalityTest - Clicking Calculate
2026-01-20 16:44:24.880 INFO  tests.CalculatorFunctionalityTest - Clicking Calculate
2026-01-20 16:44:25.008 INFO  tests.CalculatorFunctionalityTest - Alert detected after submit
2026-01-20 16:44:25.065 INFO  tests.CalculatorFunctionalityTest - Negative case: navigatedToResult=false
2026-01-20 16:44:25.065 INFO  listeners.Listener1 - onTestSuccess -> sendData
2026-01-20 16:44:25.065 INFO  listeners.Listener1 - Deleting pre-submit screenshot for passed test: C:\Users\2457157\IdeaProjects\HealthIndexCalculator\reports\screenshots\age_-1__pulse_55__bp_-1__type_negative_before_20260120_164424_551.png
2026-01-20 16:44:25.094 INFO  listeners.Listener1 - onTestStart -> sendData
2026-01-20 16:44:25.094 INFO  listeners.Listener1 - Parameters for sendData: [35, 80, 80/120, negative]
2026-01-20 16:44:25.094 INFO  tests.CalculatorFunctionalityTest - Executing data row: age='35', pulse='80', bp='80/120', testType='negative'
2026-01-20 16:44:25.480 INFO  tests.CalculatorFunctionalityTest - Alert detected after submit
2026-01-20 16:44:25.546 INFO  tests.CalculatorFunctionalityTest - Negative case: navigatedToResult=false
2026-01-20 16:44:25.552 INFO  listeners.Listener1 - onTestSuccess -> sendData
2026-01-20 16:44:25.555 INFO  listeners.Listener1 - Deleting pre-submit screenshot for passed test: C:\Users\2457157\IdeaProjects\HealthIndexCalculator\reports\screenshots\age_e__pulse_____bp_______type_negative_before_20260120_164424_862.png
2026-01-20 16:44:25.572 INFO  listeners.Listener1 - onTestStart -> sendData
2026-01-20 16:44:25.572 INFO  listeners.Listener1 - Parameters for sendData: [-1, 55, -1, negative]
2026-01-20 16:44:25.572 INFO  tests.CalculatorFunctionalityTest - Executing data row: age='-1', pulse='55', bp='-1', testType='negative'
2026-01-20 16:44:27.573 INFO  tests.CalculatorFunctionalityTest - Clicking Calculate
2026-01-20 16:44:28.513 INFO  tests.CalculatorFunctionalityTest - Clicking Calculate
2026-01-20 16:44:29.355 INFO  tests.CalculatorFunctionalityTest - Alert detected after submit
2026-01-20 16:44:29.434 INFO  tests.CalculatorFunctionalityTest - Negative case: navigatedToResult=false
2026-01-20 16:44:29.437 INFO  listeners.Listener1 - onTestSuccess -> sendData
2026-01-20 16:44:29.437 INFO  listeners.Listener1 - Deleting pre-submit screenshot for passed test: C:\Users\2457157\IdeaProjects\HealthIndexCalculator\reports\screenshots\age_-1__pulse_55__bp_-1__type_negative_before_20260120_164428_490.png
2026-01-20 16:44:29.463 INFO  listeners.Listener1 - onTestStart -> sendData
2026-01-20 16:44:29.463 INFO  listeners.Listener1 - Parameters for sendData: [35, 80, 80/120, negative]
2026-01-20 16:44:29.468 INFO  tests.CalculatorFunctionalityTest - Executing data row: age='35', pulse='80', bp='80/120', testType='negative'
2026-01-20 16:44:31.531 INFO  tests.CalculatorFunctionalityTest - No alert branch: navigatedToResult=true
2026-01-20 16:44:32.681 ERROR tests.CalculatorFunctionalityTest - Negative case failed: navigated without alert
2026-01-20 16:44:32.726 INFO  tests.CalculatorFunctionalityTest - Clicking Calculate
2026-01-20 16:44:33.238 ERROR listeners.Listener1 - onTestFailure -> sendData
java.lang.AssertionError: The following asserts failed:
	NEGATIVE input incorrectly navigated to Result page without showing any alert.
	at org.testng.asserts.SoftAssert.assertAll(SoftAssert.java:46)
	at org.testng.asserts.SoftAssert.assertAll(SoftAssert.java:30)
	at tests.CalculatorFunctionalityTest.sendData(CalculatorFunctionalityTest.java:213)
	at java.base/jdk.internal.reflect.DirectMethodHandleAccessor.invoke(DirectMethodHandleAccessor.java:103)
	at java.base/java.lang.reflect.Method.invoke(Method.java:580)
	at org.testng.internal.invokers.MethodInvocationHelper.invokeMethod(MethodInvocationHelper.java:141)
	at org.testng.internal.invokers.TestInvoker.invokeMethod(TestInvoker.java:687)
	at org.testng.internal.invokers.TestInvoker.invokeTestMethod(TestInvoker.java:230)
	at org.testng.internal.invokers.MethodRunner.runInSequence(MethodRunner.java:63)
	at org.testng.internal.invokers.TestInvoker$MethodInvocationAgent.invoke(TestInvoker.java:995)
	at org.testng.internal.invokers.TestInvoker.invokeTestMethods(TestInvoker.java:203)
	at org.testng.internal.invokers.TestMethodWorker.invokeTestMethods(TestMethodWorker.java:154)
	at org.testng.internal.invokers.TestMethodWorker.run(TestMethodWorker.java:134)
	at java.base/java.util.ArrayList.forEach(ArrayList.java:1596)
	at org.testng.TestRunner.privateRun(TestRunner.java:741)
	at org.testng.TestRunner.run(TestRunner.java:616)
	at org.testng.SuiteRunner.runTest(SuiteRunner.java:421)
	at org.testng.SuiteRunner$SuiteWorker.run(SuiteRunner.java:463)
	at org.testng.internal.thread.ThreadUtil.lambda$execute$0(ThreadUtil.java:64)
	at java.base/java.util.concurrent.FutureTask.run$$$capture(FutureTask.java:317)
	at java.base/java.util.concurrent.FutureTask.run(FutureTask.java)
	at java.base/java.util.concurrent.ThreadPoolExecutor.runWorker(ThreadPoolExecutor.java:1144)
	at java.base/java.util.concurrent.ThreadPoolExecutor$Worker.run(ThreadPoolExecutor.java:642)
	at java.base/java.lang.Thread.run(Thread.java:1583)
2026-01-20 16:44:33.242 INFO  listeners.Listener1 - Attaching pre-submit screenshot: C:\Users\2457157\IdeaProjects\HealthIndexCalculator\reports\screenshots\age_35__pulse_80__bp_80_120__type_negative_before_20260120_164427_565.png
2026-01-20 16:44:33.246 INFO  listeners.Listener1 - Attaching failure screenshot: C:\Users\2457157\IdeaProjects\HealthIndexCalculator\reports\screenshots\age_35__pulse_80__bp_80_120__type_negative_failed_no_alert_20260120_164431_531.png
2026-01-20 16:44:33.289 INFO  listeners.Listener1 - onTestStart -> sendData
2026-01-20 16:44:33.294 INFO  listeners.Listener1 - Parameters for sendData: [42, 70, 0/100, negative]
2026-01-20 16:44:33.295 INFO  tests.CalculatorFunctionalityTest - Executing data row: age='42', pulse='70', bp='0/100', testType='negative'
2026-01-20 16:44:35.330 INFO  tests.CalculatorFunctionalityTest - Clicking Calculate
2026-01-20 16:44:36.751 INFO  tests.CalculatorFunctionalityTest - No alert branch: navigatedToResult=true
2026-01-20 16:44:38.299 ERROR tests.CalculatorFunctionalityTest - Negative case failed: navigated without alert
2026-01-20 16:44:39.133 ERROR listeners.Listener1 - onTestFailure -> sendData
java.lang.AssertionError: The following asserts failed:
	NEGATIVE input incorrectly navigated to Result page without showing any alert.
	at org.testng.asserts.SoftAssert.assertAll(SoftAssert.java:46)
	at org.testng.asserts.SoftAssert.assertAll(SoftAssert.java:30)
	at tests.CalculatorFunctionalityTest.sendData(CalculatorFunctionalityTest.java:213)
	at java.base/jdk.internal.reflect.DirectMethodHandleAccessor.invoke(DirectMethodHandleAccessor.java:103)
	at java.base/java.lang.reflect.Method.invoke(Method.java:580)
	at org.testng.internal.invokers.MethodInvocationHelper.invokeMethod(MethodInvocationHelper.java:141)
	at org.testng.internal.invokers.TestInvoker.invokeMethod(TestInvoker.java:687)
	at org.testng.internal.invokers.TestInvoker.invokeTestMethod(TestInvoker.java:230)
	at org.testng.internal.invokers.MethodRunner.runInSequence(MethodRunner.java:63)
	at org.testng.internal.invokers.TestInvoker$MethodInvocationAgent.invoke(TestInvoker.java:995)
	at org.testng.internal.invokers.TestInvoker.invokeTestMethods(TestInvoker.java:203)
	at org.testng.internal.invokers.TestMethodWorker.invokeTestMethods(TestMethodWorker.java:154)
	at org.testng.internal.invokers.TestMethodWorker.run(TestMethodWorker.java:134)
	at java.base/java.util.ArrayList.forEach(ArrayList.java:1596)
	at org.testng.TestRunner.privateRun(TestRunner.java:741)
	at org.testng.TestRunner.run(TestRunner.java:616)
	at org.testng.SuiteRunner.runTest(SuiteRunner.java:421)
	at org.testng.SuiteRunner$SuiteWorker.run(SuiteRunner.java:463)
	at org.testng.internal.thread.ThreadUtil.lambda$execute$0(ThreadUtil.java:64)
	at java.base/java.util.concurrent.FutureTask.run$$$capture(FutureTask.java:317)
	at java.base/java.util.concurrent.FutureTask.run(FutureTask.java)
	at java.base/java.util.concurrent.ThreadPoolExecutor.runWorker(ThreadPoolExecutor.java:1144)
	at java.base/java.util.concurrent.ThreadPoolExecutor$Worker.run(ThreadPoolExecutor.java:642)
	at java.base/java.lang.Thread.run(Thread.java:1583)
2026-01-20 16:44:39.137 INFO  listeners.Listener1 - Attaching pre-submit screenshot: C:\Users\2457157\IdeaProjects\HealthIndexCalculator\reports\screenshots\age_35__pulse_80__bp_80_120__type_negative_before_20260120_164432_706.png
2026-01-20 16:44:39.137 INFO  listeners.Listener1 - Attaching failure screenshot: C:\Users\2457157\IdeaProjects\HealthIndexCalculator\reports\screenshots\age_35__pulse_80__bp_80_120__type_negative_failed_no_alert_20260120_164436_756.png
2026-01-20 16:44:39.172 INFO  listeners.Listener1 - onTestStart -> sendData
2026-01-20 16:44:39.172 INFO  listeners.Listener1 - Parameters for sendData: [42, 70, 0/100, negative]
2026-01-20 16:44:39.172 INFO  tests.CalculatorFunctionalityTest - Executing data row: age='42', pulse='70', bp='0/100', testType='negative'
2026-01-20 16:44:39.285 INFO  tests.CalculatorFunctionalityTest - No alert branch: navigatedToResult=true
2026-01-20 16:44:40.755 ERROR tests.CalculatorFunctionalityTest - Negative case failed: navigated without alert
2026-01-20 16:44:41.534 ERROR listeners.Listener1 - onTestFailure -> sendData
java.lang.AssertionError: The following asserts failed:
	NEGATIVE input incorrectly navigated to Result page without showing any alert.
	at org.testng.asserts.SoftAssert.assertAll(SoftAssert.java:46)
	at org.testng.asserts.SoftAssert.assertAll(SoftAssert.java:30)
	at tests.CalculatorFunctionalityTest.sendData(CalculatorFunctionalityTest.java:213)
	at java.base/jdk.internal.reflect.DirectMethodHandleAccessor.invoke(DirectMethodHandleAccessor.java:103)
	at java.base/java.lang.reflect.Method.invoke(Method.java:580)
	at org.testng.internal.invokers.MethodInvocationHelper.invokeMethod(MethodInvocationHelper.java:141)
	at org.testng.internal.invokers.TestInvoker.invokeMethod(TestInvoker.java:687)
	at org.testng.internal.invokers.TestInvoker.invokeTestMethod(TestInvoker.java:230)
	at org.testng.internal.invokers.MethodRunner.runInSequence(MethodRunner.java:63)
	at org.testng.internal.invokers.TestInvoker$MethodInvocationAgent.invoke(TestInvoker.java:995)
	at org.testng.internal.invokers.TestInvoker.invokeTestMethods(TestInvoker.java:203)
	at org.testng.internal.invokers.TestMethodWorker.invokeTestMethods(TestMethodWorker.java:154)
	at org.testng.internal.invokers.TestMethodWorker.run(TestMethodWorker.java:134)
	at java.base/java.util.ArrayList.forEach(ArrayList.java:1596)
	at org.testng.TestRunner.privateRun(TestRunner.java:741)
	at org.testng.TestRunner.run(TestRunner.java:616)
	at org.testng.SuiteRunner.runTest(SuiteRunner.java:421)
	at org.testng.SuiteRunner$SuiteWorker.run(SuiteRunner.java:463)
	at org.testng.internal.thread.ThreadUtil.lambda$execute$0(ThreadUtil.java:64)
	at java.base/java.util.concurrent.FutureTask.run$$$capture(FutureTask.java:317)
	at java.base/java.util.concurrent.FutureTask.run(FutureTask.java)
	at java.base/java.util.concurrent.ThreadPoolExecutor.runWorker(ThreadPoolExecutor.java:1144)
	at java.base/java.util.concurrent.ThreadPoolExecutor$Worker.run(ThreadPoolExecutor.java:642)
	at java.base/java.lang.Thread.run(Thread.java:1583)
2026-01-20 16:44:41.541 INFO  listeners.Listener1 - Attaching pre-submit screenshot: C:\Users\2457157\IdeaProjects\HealthIndexCalculator\reports\screenshots\age_42__pulse_70__bp_0_100__type_negative_before_20260120_164435_307.png
2026-01-20 16:44:41.543 INFO  listeners.Listener1 - Attaching failure screenshot: C:\Users\2457157\IdeaProjects\HealthIndexCalculator\reports\screenshots\age_42__pulse_70__bp_0_100__type_negative_failed_no_alert_20260120_164439_288.png
2026-01-20 16:44:41.563 INFO  listeners.Listener1 - onTestStart -> sendData
2026-01-20 16:44:41.563 INFO  listeners.Listener1 - Parameters for sendData: [55, 100, 122/0, negative]
2026-01-20 16:44:41.563 INFO  tests.CalculatorFunctionalityTest - Executing data row: age='55', pulse='100', bp='122/0', testType='negative'
2026-01-20 16:44:41.973 INFO  tests.CalculatorFunctionalityTest - Clicking Calculate
2026-01-20 16:44:44.347 INFO  tests.CalculatorFunctionalityTest - Clicking Calculate
2026-01-20 16:44:46.310 INFO  tests.CalculatorFunctionalityTest - No alert branch: navigatedToResult=true
2026-01-20 16:44:47.671 ERROR tests.CalculatorFunctionalityTest - Negative case failed: navigated without alert
2026-01-20 16:44:48.397 INFO  tests.CalculatorFunctionalityTest - No alert branch: navigatedToResult=true
2026-01-20 16:44:48.483 ERROR listeners.Listener1 - onTestFailure -> sendData
java.lang.AssertionError: The following asserts failed:
	NEGATIVE input incorrectly navigated to Result page without showing any alert.
	at org.testng.asserts.SoftAssert.assertAll(SoftAssert.java:46)
	at org.testng.asserts.SoftAssert.assertAll(SoftAssert.java:30)
	at tests.CalculatorFunctionalityTest.sendData(CalculatorFunctionalityTest.java:213)
	at java.base/jdk.internal.reflect.DirectMethodHandleAccessor.invoke(DirectMethodHandleAccessor.java:103)
	at java.base/java.lang.reflect.Method.invoke(Method.java:580)
	at org.testng.internal.invokers.MethodInvocationHelper.invokeMethod(MethodInvocationHelper.java:141)
	at org.testng.internal.invokers.TestInvoker.invokeMethod(TestInvoker.java:687)
	at org.testng.internal.invokers.TestInvoker.invokeTestMethod(TestInvoker.java:230)
	at org.testng.internal.invokers.MethodRunner.runInSequence(MethodRunner.java:63)
	at org.testng.internal.invokers.TestInvoker$MethodInvocationAgent.invoke(TestInvoker.java:995)
	at org.testng.internal.invokers.TestInvoker.invokeTestMethods(TestInvoker.java:203)
	at org.testng.internal.invokers.TestMethodWorker.invokeTestMethods(TestMethodWorker.java:154)
	at org.testng.internal.invokers.TestMethodWorker.run(TestMethodWorker.java:134)
	at java.base/java.util.ArrayList.forEach(ArrayList.java:1596)
	at org.testng.TestRunner.privateRun(TestRunner.java:741)
	at org.testng.TestRunner.run(TestRunner.java:616)
	at org.testng.SuiteRunner.runTest(SuiteRunner.java:421)
	at org.testng.SuiteRunner$SuiteWorker.run(SuiteRunner.java:463)
	at org.testng.internal.thread.ThreadUtil.lambda$execute$0(ThreadUtil.java:64)
	at java.base/java.util.concurrent.FutureTask.run$$$capture(FutureTask.java:317)
	at java.base/java.util.concurrent.FutureTask.run(FutureTask.java)
	at java.base/java.util.concurrent.ThreadPoolExecutor.runWorker(ThreadPoolExecutor.java:1144)
	at java.base/java.util.concurrent.ThreadPoolExecutor$Worker.run(ThreadPoolExecutor.java:642)
	at java.base/java.lang.Thread.run(Thread.java:1583)
2026-01-20 16:44:48.483 INFO  listeners.Listener1 - Attaching pre-submit screenshot: C:\Users\2457157\IdeaProjects\HealthIndexCalculator\reports\screenshots\age_42__pulse_70__bp_0_100__type_negative_before_20260120_164441_945.png
2026-01-20 16:44:48.483 INFO  listeners.Listener1 - Attaching failure screenshot: C:\Users\2457157\IdeaProjects\HealthIndexCalculator\reports\screenshots\age_42__pulse_70__bp_0_100__type_negative_failed_no_alert_20260120_164446_310.png
2026-01-20 16:44:48.522 INFO  listeners.Listener1 - onTestStart -> sendData
2026-01-20 16:44:48.522 INFO  listeners.Listener1 - Parameters for sendData: [55, 100, 122/0, negative]
2026-01-20 16:44:48.522 INFO  tests.CalculatorFunctionalityTest - Executing data row: age='55', pulse='100', bp='122/0', testType='negative'
2026-01-20 16:44:49.545 ERROR tests.CalculatorFunctionalityTest - Negative case failed: navigated without alert
2026-01-20 16:44:50.225 ERROR listeners.Listener1 - onTestFailure -> sendData
java.lang.AssertionError: The following asserts failed:
	NEGATIVE input incorrectly navigated to Result page without showing any alert.
	at org.testng.asserts.SoftAssert.assertAll(SoftAssert.java:46)
	at org.testng.asserts.SoftAssert.assertAll(SoftAssert.java:30)
	at tests.CalculatorFunctionalityTest.sendData(CalculatorFunctionalityTest.java:213)
	at java.base/jdk.internal.reflect.DirectMethodHandleAccessor.invoke(DirectMethodHandleAccessor.java:103)
	at java.base/java.lang.reflect.Method.invoke(Method.java:580)
	at org.testng.internal.invokers.MethodInvocationHelper.invokeMethod(MethodInvocationHelper.java:141)
	at org.testng.internal.invokers.TestInvoker.invokeMethod(TestInvoker.java:687)
	at org.testng.internal.invokers.TestInvoker.invokeTestMethod(TestInvoker.java:230)
	at org.testng.internal.invokers.MethodRunner.runInSequence(MethodRunner.java:63)
	at org.testng.internal.invokers.TestInvoker$MethodInvocationAgent.invoke(TestInvoker.java:995)
	at org.testng.internal.invokers.TestInvoker.invokeTestMethods(TestInvoker.java:203)
	at org.testng.internal.invokers.TestMethodWorker.invokeTestMethods(TestMethodWorker.java:154)
	at org.testng.internal.invokers.TestMethodWorker.run(TestMethodWorker.java:134)
	at java.base/java.util.ArrayList.forEach(ArrayList.java:1596)
	at org.testng.TestRunner.privateRun(TestRunner.java:741)
	at org.testng.TestRunner.run(TestRunner.java:616)
	at org.testng.SuiteRunner.runTest(SuiteRunner.java:421)
	at org.testng.SuiteRunner$SuiteWorker.run(SuiteRunner.java:463)
	at org.testng.internal.thread.ThreadUtil.lambda$execute$0(ThreadUtil.java:64)
	at java.base/java.util.concurrent.FutureTask.run$$$capture(FutureTask.java:317)
	at java.base/java.util.concurrent.FutureTask.run(FutureTask.java)
	at java.base/java.util.concurrent.ThreadPoolExecutor.runWorker(ThreadPoolExecutor.java:1144)
	at java.base/java.util.concurrent.ThreadPoolExecutor$Worker.run(ThreadPoolExecutor.java:642)
	at java.base/java.lang.Thread.run(Thread.java:1583)
2026-01-20 16:44:50.225 INFO  listeners.Listener1 - Attaching pre-submit screenshot: C:\Users\2457157\IdeaProjects\HealthIndexCalculator\reports\screenshots\age_55__pulse_100__bp_122_0__type_negative_before_20260120_164444_325.png
2026-01-20 16:44:50.229 INFO  listeners.Listener1 - Attaching failure screenshot: C:\Users\2457157\IdeaProjects\HealthIndexCalculator\reports\screenshots\age_55__pulse_100__bp_122_0__type_negative_failed_no_alert_20260120_164448_397.png
2026-01-20 16:44:50.247 INFO  listeners.Listener1 - onTestStart -> sendData
2026-01-20 16:44:50.247 INFO  listeners.Listener1 - Parameters for sendData: [63, 65, 120/120, negative]
2026-01-20 16:44:50.258 INFO  tests.CalculatorFunctionalityTest - Executing data row: age='63', pulse='65', bp='120/120', testType='negative'
2026-01-20 16:44:51.076 INFO  tests.CalculatorFunctionalityTest - Clicking Calculate
2026-01-20 16:44:52.610 INFO  tests.CalculatorFunctionalityTest - Clicking Calculate
2026-01-20 16:44:55.213 INFO  tests.CalculatorFunctionalityTest - No alert branch: navigatedToResult=true
2026-01-20 16:44:56.574 ERROR tests.CalculatorFunctionalityTest - Negative case failed: navigated without alert
2026-01-20 16:44:56.808 INFO  tests.CalculatorFunctionalityTest - No alert branch: navigatedToResult=true
2026-01-20 16:44:57.629 ERROR listeners.Listener1 - onTestFailure -> sendData
java.lang.AssertionError: The following asserts failed:
	NEGATIVE input incorrectly navigated to Result page without showing any alert.
	at org.testng.asserts.SoftAssert.assertAll(SoftAssert.java:46)
	at org.testng.asserts.SoftAssert.assertAll(SoftAssert.java:30)
	at tests.CalculatorFunctionalityTest.sendData(CalculatorFunctionalityTest.java:213)
	at java.base/jdk.internal.reflect.DirectMethodHandleAccessor.invoke(DirectMethodHandleAccessor.java:103)
	at java.base/java.lang.reflect.Method.invoke(Method.java:580)
	at org.testng.internal.invokers.MethodInvocationHelper.invokeMethod(MethodInvocationHelper.java:141)
	at org.testng.internal.invokers.TestInvoker.invokeMethod(TestInvoker.java:687)
	at org.testng.internal.invokers.TestInvoker.invokeTestMethod(TestInvoker.java:230)
	at org.testng.internal.invokers.MethodRunner.runInSequence(MethodRunner.java:63)
	at org.testng.internal.invokers.TestInvoker$MethodInvocationAgent.invoke(TestInvoker.java:995)
	at org.testng.internal.invokers.TestInvoker.invokeTestMethods(TestInvoker.java:203)
	at org.testng.internal.invokers.TestMethodWorker.invokeTestMethods(TestMethodWorker.java:154)
	at org.testng.internal.invokers.TestMethodWorker.run(TestMethodWorker.java:134)
	at java.base/java.util.ArrayList.forEach(ArrayList.java:1596)
	at org.testng.TestRunner.privateRun(TestRunner.java:741)
	at org.testng.TestRunner.run(TestRunner.java:616)
	at org.testng.SuiteRunner.runTest(SuiteRunner.java:421)
	at org.testng.SuiteRunner$SuiteWorker.run(SuiteRunner.java:463)
	at org.testng.internal.thread.ThreadUtil.lambda$execute$0(ThreadUtil.java:64)
	at java.base/java.util.concurrent.FutureTask.run$$$capture(FutureTask.java:317)
	at java.base/java.util.concurrent.FutureTask.run(FutureTask.java)
	at java.base/java.util.concurrent.ThreadPoolExecutor.runWorker(ThreadPoolExecutor.java:1144)
	at java.base/java.util.concurrent.ThreadPoolExecutor$Worker.run(ThreadPoolExecutor.java:642)
	at java.base/java.lang.Thread.run(Thread.java:1583)
2026-01-20 16:44:57.634 INFO  listeners.Listener1 - Attaching pre-submit screenshot: C:\Users\2457157\IdeaProjects\HealthIndexCalculator\reports\screenshots\age_55__pulse_100__bp_122_0__type_negative_before_20260120_164451_047.png
2026-01-20 16:44:57.639 INFO  listeners.Listener1 - Attaching failure screenshot: C:\Users\2457157\IdeaProjects\HealthIndexCalculator\reports\screenshots\age_55__pulse_100__bp_122_0__type_negative_failed_no_alert_20260120_164455_218.png
2026-01-20 16:44:57.657 INFO  listeners.Listener1 - onTestStart -> sendData
2026-01-20 16:44:57.657 INFO  listeners.Listener1 - Parameters for sendData: [63, 65, 120/120, negative]
2026-01-20 16:44:57.672 INFO  tests.CalculatorFunctionalityTest - Executing data row: age='63', pulse='65', bp='120/120', testType='negative'
2026-01-20 16:44:57.937 ERROR tests.CalculatorFunctionalityTest - Negative case failed: navigated without alert
2026-01-20 16:44:58.612 ERROR listeners.Listener1 - onTestFailure -> sendData
java.lang.AssertionError: The following asserts failed:
	NEGATIVE input incorrectly navigated to Result page without showing any alert.
	at org.testng.asserts.SoftAssert.assertAll(SoftAssert.java:46)
	at org.testng.asserts.SoftAssert.assertAll(SoftAssert.java:30)
	at tests.CalculatorFunctionalityTest.sendData(CalculatorFunctionalityTest.java:213)
	at java.base/jdk.internal.reflect.DirectMethodHandleAccessor.invoke(DirectMethodHandleAccessor.java:103)
	at java.base/java.lang.reflect.Method.invoke(Method.java:580)
	at org.testng.internal.invokers.MethodInvocationHelper.invokeMethod(MethodInvocationHelper.java:141)
	at org.testng.internal.invokers.TestInvoker.invokeMethod(TestInvoker.java:687)
	at org.testng.internal.invokers.TestInvoker.invokeTestMethod(TestInvoker.java:230)
	at org.testng.internal.invokers.MethodRunner.runInSequence(MethodRunner.java:63)
	at org.testng.internal.invokers.TestInvoker$MethodInvocationAgent.invoke(TestInvoker.java:995)
	at org.testng.internal.invokers.TestInvoker.invokeTestMethods(TestInvoker.java:203)
	at org.testng.internal.invokers.TestMethodWorker.invokeTestMethods(TestMethodWorker.java:154)
	at org.testng.internal.invokers.TestMethodWorker.run(TestMethodWorker.java:134)
	at java.base/java.util.ArrayList.forEach(ArrayList.java:1596)
	at org.testng.TestRunner.privateRun(TestRunner.java:741)
	at org.testng.TestRunner.run(TestRunner.java:616)
	at org.testng.SuiteRunner.runTest(SuiteRunner.java:421)
	at org.testng.SuiteRunner$SuiteWorker.run(SuiteRunner.java:463)
	at org.testng.internal.thread.ThreadUtil.lambda$execute$0(ThreadUtil.java:64)
	at java.base/java.util.concurrent.FutureTask.run$$$capture(FutureTask.java:317)
	at java.base/java.util.concurrent.FutureTask.run(FutureTask.java)
	at java.base/java.util.concurrent.ThreadPoolExecutor.runWorker(ThreadPoolExecutor.java:1144)
	at java.base/java.util.concurrent.ThreadPoolExecutor$Worker.run(ThreadPoolExecutor.java:642)
	at java.base/java.lang.Thread.run(Thread.java:1583)
2026-01-20 16:44:58.612 INFO  listeners.Listener1 - Attaching pre-submit screenshot: C:\Users\2457157\IdeaProjects\HealthIndexCalculator\reports\screenshots\age_63__pulse_65__bp_120_120__type_negative_before_20260120_164452_594.png
2026-01-20 16:44:58.612 INFO  listeners.Listener1 - Attaching failure screenshot: C:\Users\2457157\IdeaProjects\HealthIndexCalculator\reports\screenshots\age_63__pulse_65__bp_120_120__type_negative_failed_no_alert_20260120_164456_810.png
2026-01-20 16:44:58.642 INFO  listeners.Listener1 - onTestStart -> sendData
2026-01-20 16:44:58.642 INFO  listeners.Listener1 - Parameters for sendData: [29, 75, 120/, negative]
2026-01-20 16:44:58.642 INFO  tests.CalculatorFunctionalityTest - Executing data row: age='29', pulse='75', bp='120/', testType='negative'
2026-01-20 16:45:01.180 INFO  tests.CalculatorFunctionalityTest - Clicking Calculate
2026-01-20 16:45:01.210 INFO  tests.CalculatorFunctionalityTest - Clicking Calculate
2026-01-20 16:45:01.948 INFO  tests.CalculatorFunctionalityTest - Alert detected after submit
2026-01-20 16:45:02.023 INFO  tests.CalculatorFunctionalityTest - Negative case: navigatedToResult=false
2026-01-20 16:45:02.029 INFO  listeners.Listener1 - onTestSuccess -> sendData
2026-01-20 16:45:02.029 INFO  listeners.Listener1 - Deleting pre-submit screenshot for passed test: C:\Users\2457157\IdeaProjects\HealthIndexCalculator\reports\screenshots\age_29__pulse_75__bp_120___type_negative_before_20260120_164501_199.png
2026-01-20 16:45:02.055 INFO  listeners.Listener1 - onTestStart -> sendData
2026-01-20 16:45:02.055 INFO  listeners.Listener1 - Parameters for sendData: [31, 68, /80, negative]
2026-01-20 16:45:02.057 INFO  tests.CalculatorFunctionalityTest - Executing data row: age='31', pulse='68', bp='/80', testType='negative'
2026-01-20 16:45:04.305 INFO  tests.CalculatorFunctionalityTest - Clicking Calculate
2026-01-20 16:45:04.840 INFO  tests.CalculatorFunctionalityTest - Alert detected after submit
2026-01-20 16:45:04.878 INFO  tests.CalculatorFunctionalityTest - Negative case: navigatedToResult=false
2026-01-20 16:45:04.878 INFO  listeners.Listener1 - onTestSuccess -> sendData
2026-01-20 16:45:04.878 INFO  listeners.Listener1 - Deleting pre-submit screenshot for passed test: C:\Users\2457157\IdeaProjects\HealthIndexCalculator\reports\screenshots\age_31__pulse_68__bp__80__type_negative_before_20260120_164504_273.png
2026-01-20 16:45:04.910 INFO  listeners.Listener1 - onTestStart -> sendData
2026-01-20 16:45:04.910 INFO  listeners.Listener1 - Parameters for sendData: [25, 72, 118/76, positive]
2026-01-20 16:45:04.910 INFO  tests.CalculatorFunctionalityTest - Executing data row: age='25', pulse='72', bp='118/76', testType='positive'
2026-01-20 16:45:05.571 INFO  tests.CalculatorFunctionalityTest - No alert branch: navigatedToResult=true
2026-01-20 16:45:06.891 ERROR tests.CalculatorFunctionalityTest - Negative case failed: navigated without alert
2026-01-20 16:45:06.963 INFO  tests.CalculatorFunctionalityTest - Clicking Calculate
2026-01-20 16:45:07.442 ERROR listeners.Listener1 - onTestFailure -> sendData
java.lang.AssertionError: The following asserts failed:
	NEGATIVE input incorrectly navigated to Result page without showing any alert.
	at org.testng.asserts.SoftAssert.assertAll(SoftAssert.java:46)
	at org.testng.asserts.SoftAssert.assertAll(SoftAssert.java:30)
	at tests.CalculatorFunctionalityTest.sendData(CalculatorFunctionalityTest.java:213)
	at java.base/jdk.internal.reflect.DirectMethodHandleAccessor.invoke(DirectMethodHandleAccessor.java:103)
	at java.base/java.lang.reflect.Method.invoke(Method.java:580)
	at org.testng.internal.invokers.MethodInvocationHelper.invokeMethod(MethodInvocationHelper.java:141)
	at org.testng.internal.invokers.TestInvoker.invokeMethod(TestInvoker.java:687)
	at org.testng.internal.invokers.TestInvoker.invokeTestMethod(TestInvoker.java:230)
	at org.testng.internal.invokers.MethodRunner.runInSequence(MethodRunner.java:63)
	at org.testng.internal.invokers.TestInvoker$MethodInvocationAgent.invoke(TestInvoker.java:995)
	at org.testng.internal.invokers.TestInvoker.invokeTestMethods(TestInvoker.java:203)
	at org.testng.internal.invokers.TestMethodWorker.invokeTestMethods(TestMethodWorker.java:154)
	at org.testng.internal.invokers.TestMethodWorker.run(TestMethodWorker.java:134)
	at java.base/java.util.ArrayList.forEach(ArrayList.java:1596)
	at org.testng.TestRunner.privateRun(TestRunner.java:741)
	at org.testng.TestRunner.run(TestRunner.java:616)
	at org.testng.SuiteRunner.runTest(SuiteRunner.java:421)
	at org.testng.SuiteRunner$SuiteWorker.run(SuiteRunner.java:463)
	at org.testng.internal.thread.ThreadUtil.lambda$execute$0(ThreadUtil.java:64)
	at java.base/java.util.concurrent.FutureTask.run$$$capture(FutureTask.java:317)
	at java.base/java.util.concurrent.FutureTask.run(FutureTask.java)
	at java.base/java.util.concurrent.ThreadPoolExecutor.runWorker(ThreadPoolExecutor.java:1144)
	at java.base/java.util.concurrent.ThreadPoolExecutor$Worker.run(ThreadPoolExecutor.java:642)
	at java.base/java.lang.Thread.run(Thread.java:1583)
2026-01-20 16:45:07.447 INFO  listeners.Listener1 - Attaching pre-submit screenshot: C:\Users\2457157\IdeaProjects\HealthIndexCalculator\reports\screenshots\age_63__pulse_65__bp_120_120__type_negative_before_20260120_164501_108.png
2026-01-20 16:45:07.447 INFO  listeners.Listener1 - Attaching failure screenshot: C:\Users\2457157\IdeaProjects\HealthIndexCalculator\reports\screenshots\age_63__pulse_65__bp_120_120__type_negative_failed_no_alert_20260120_164505_571.png
2026-01-20 16:45:07.489 INFO  listeners.Listener1 - onTestStart -> sendData
2026-01-20 16:45:07.492 INFO  listeners.Listener1 - Parameters for sendData: [29, 75, 120/, negative]
2026-01-20 16:45:07.494 INFO  tests.CalculatorFunctionalityTest - Executing data row: age='29', pulse='75', bp='120/', testType='negative'
2026-01-20 16:45:10.088 INFO  tests.CalculatorFunctionalityTest - Clicking Calculate
2026-01-20 16:45:10.646 INFO  tests.CalculatorFunctionalityTest - Alert detected after submit
2026-01-20 16:45:10.705 INFO  tests.CalculatorFunctionalityTest - Negative case: navigatedToResult=false
2026-01-20 16:45:10.705 INFO  listeners.Listener1 - onTestSuccess -> sendData
2026-01-20 16:45:10.705 INFO  listeners.Listener1 - Deleting pre-submit screenshot for passed test: C:\Users\2457157\IdeaProjects\HealthIndexCalculator\reports\screenshots\age_29__pulse_75__bp_120___type_negative_before_20260120_164510_088.png
2026-01-20 16:45:10.724 INFO  listeners.Listener1 - onTestStart -> sendData
2026-01-20 16:45:10.734 INFO  listeners.Listener1 - Parameters for sendData: [31, 68, /80, negative]
2026-01-20 16:45:10.739 INFO  tests.CalculatorFunctionalityTest - Executing data row: age='31', pulse='68', bp='/80', testType='negative'
2026-01-20 16:45:10.877 INFO  tests.CalculatorFunctionalityTest - No alert branch: navigatedToResult=true
2026-01-20 16:45:10.877 INFO  tests.CalculatorFunctionalityTest - Positive case passed: navigated; returning Home via logo text
2026-01-20 16:45:11.592 INFO  tests.CalculatorFunctionalityTest - Clicked 'VitalGuard' logo text to return Home
2026-01-20 16:45:11.592 INFO  listeners.Listener1 - onTestSuccess -> sendData
2026-01-20 16:45:11.592 INFO  listeners.Listener1 - Deleting pre-submit screenshot for passed test: C:\Users\2457157\IdeaProjects\HealthIndexCalculator\reports\screenshots\age_25__pulse_72__bp_118_76__type_positive_before_20260120_164506_945.png
2026-01-20 16:45:11.618 INFO  listeners.Listener1 - onTestStart -> sendData
2026-01-20 16:45:11.623 INFO  listeners.Listener1 - Parameters for sendData: [34, 64, 110/70, positive]
2026-01-20 16:45:11.623 INFO  tests.CalculatorFunctionalityTest - Executing data row: age='34', pulse='64', bp='110/70', testType='positive'
2026-01-20 16:45:14.224 INFO  tests.CalculatorFunctionalityTest - Clicking Calculate
2026-01-20 16:45:14.499 INFO  tests.CalculatorFunctionalityTest - Clicking Calculate
2026-01-20 16:45:14.879 INFO  tests.CalculatorFunctionalityTest - Alert detected after submit
2026-01-20 16:45:14.934 INFO  tests.CalculatorFunctionalityTest - Negative case: navigatedToResult=false
2026-01-20 16:45:14.934 INFO  listeners.Listener1 - onTestSuccess -> sendData
2026-01-20 16:45:14.936 INFO  listeners.Listener1 - Deleting pre-submit screenshot for passed test: C:\Users\2457157\IdeaProjects\HealthIndexCalculator\reports\screenshots\age_31__pulse_68__bp__80__type_negative_before_20260120_164514_197.png
2026-01-20 16:45:14.967 INFO  listeners.Listener1 - onTestStart -> sendData
2026-01-20 16:45:14.980 INFO  listeners.Listener1 - Parameters for sendData: [25, 72, 118/76, positive]
2026-01-20 16:45:14.984 INFO  tests.CalculatorFunctionalityTest - Executing data row: age='25', pulse='72', bp='118/76', testType='positive'
2026-01-20 16:45:18.174 INFO  tests.CalculatorFunctionalityTest - Clicking Calculate
2026-01-20 16:45:18.412 INFO  tests.CalculatorFunctionalityTest - No alert branch: navigatedToResult=true
2026-01-20 16:45:18.413 INFO  tests.CalculatorFunctionalityTest - Positive case passed: navigated; returning Home via logo text
2026-01-20 16:45:19.040 INFO  tests.CalculatorFunctionalityTest - Clicked 'VitalGuard' logo text to return Home
2026-01-20 16:45:19.047 INFO  listeners.Listener1 - onTestSuccess -> sendData
2026-01-20 16:45:19.048 INFO  listeners.Listener1 - Deleting pre-submit screenshot for passed test: C:\Users\2457157\IdeaProjects\HealthIndexCalculator\reports\screenshots\age_34__pulse_64__bp_110_70__type_positive_before_20260120_164514_492.png
2026-01-20 16:45:19.090 INFO  listeners.Listener1 - onTestStart -> sendData
2026-01-20 16:45:19.090 INFO  listeners.Listener1 - Parameters for sendData: [47, 82, 130/85, positive]
2026-01-20 16:45:19.090 INFO  tests.CalculatorFunctionalityTest - Executing data row: age='47', pulse='82', bp='130/85', testType='positive'
2026-01-20 16:45:21.047 INFO  tests.CalculatorFunctionalityTest - Clicking Calculate
2026-01-20 16:45:22.224 INFO  tests.CalculatorFunctionalityTest - No alert branch: navigatedToResult=true
2026-01-20 16:45:22.225 INFO  tests.CalculatorFunctionalityTest - Positive case passed: navigated; returning Home via logo text
2026-01-20 16:45:23.025 INFO  tests.CalculatorFunctionalityTest - Clicked 'VitalGuard' logo text to return Home
2026-01-20 16:45:23.029 INFO  listeners.Listener1 - onTestSuccess -> sendData
2026-01-20 16:45:23.031 INFO  listeners.Listener1 - Deleting pre-submit screenshot for passed test: C:\Users\2457157\IdeaProjects\HealthIndexCalculator\reports\screenshots\age_25__pulse_72__bp_118_76__type_positive_before_20260120_164518_156.png
2026-01-20 16:45:23.055 INFO  listeners.Listener1 - onTestStart -> sendData
2026-01-20 16:45:23.057 INFO  listeners.Listener1 - Parameters for sendData: [34, 64, 110/70, positive]
2026-01-20 16:45:23.057 INFO  tests.CalculatorFunctionalityTest - Executing data row: age='34', pulse='64', bp='110/70', testType='positive'
2026-01-20 16:45:25.026 INFO  tests.CalculatorFunctionalityTest - No alert branch: navigatedToResult=true
2026-01-20 16:45:25.026 INFO  tests.CalculatorFunctionalityTest - Positive case passed: navigated; returning Home via logo text
2026-01-20 16:45:25.628 INFO  tests.CalculatorFunctionalityTest - Clicked 'VitalGuard' logo text to return Home
2026-01-20 16:45:25.629 INFO  listeners.Listener1 - onTestSuccess -> sendData
2026-01-20 16:45:25.629 INFO  listeners.Listener1 - Deleting pre-submit screenshot for passed test: C:\Users\2457157\IdeaProjects\HealthIndexCalculator\reports\screenshots\age_47__pulse_82__bp_130_85__type_positive_before_20260120_164521_039.png
2026-01-20 16:45:25.655 INFO  tests.CalculatorFunctionalityTest - Clicking Calculate
2026-01-20 16:45:25.655 INFO  listeners.Listener1 - onTestStart -> sendData
2026-01-20 16:45:25.655 INFO  listeners.Listener1 - Parameters for sendData: [58, 96, 140/95, positive]
2026-01-20 16:45:25.655 INFO  tests.CalculatorFunctionalityTest - Executing data row: age='58', pulse='96', bp='140/95', testType='positive'
2026-01-20 16:45:28.204 INFO  tests.CalculatorFunctionalityTest - Clicking Calculate
2026-01-20 16:45:30.028 INFO  tests.CalculatorFunctionalityTest - No alert branch: navigatedToResult=true
2026-01-20 16:45:30.029 INFO  tests.CalculatorFunctionalityTest - Positive case passed: navigated; returning Home via logo text
2026-01-20 16:45:30.650 INFO  tests.CalculatorFunctionalityTest - Clicked 'VitalGuard' logo text to return Home
2026-01-20 16:45:30.660 INFO  listeners.Listener1 - onTestSuccess -> sendData
2026-01-20 16:45:30.660 INFO  listeners.Listener1 - Deleting pre-submit screenshot for passed test: C:\Users\2457157\IdeaProjects\HealthIndexCalculator\reports\screenshots\age_34__pulse_64__bp_110_70__type_positive_before_20260120_164525_640.png
2026-01-20 16:45:30.690 INFO  listeners.Listener1 - onTestStart -> sendData
2026-01-20 16:45:30.690 INFO  listeners.Listener1 - Parameters for sendData: [47, 82, 130/85, positive]
2026-01-20 16:45:30.690 INFO  tests.CalculatorFunctionalityTest - Executing data row: age='47', pulse='82', bp='130/85', testType='positive'
2026-01-20 16:45:32.082 INFO  tests.CalculatorFunctionalityTest - No alert branch: navigatedToResult=true
2026-01-20 16:45:32.083 INFO  tests.CalculatorFunctionalityTest - Positive case passed: navigated; returning Home via logo text
2026-01-20 16:45:32.728 INFO  tests.CalculatorFunctionalityTest - Clicked 'VitalGuard' logo text to return Home
2026-01-20 16:45:32.728 INFO  listeners.Listener1 - onTestSuccess -> sendData
2026-01-20 16:45:32.728 INFO  listeners.Listener1 - Deleting pre-submit screenshot for passed test: C:\Users\2457157\IdeaProjects\HealthIndexCalculator\reports\screenshots\age_58__pulse_96__bp_140_95__type_positive_before_20260120_164528_190.png
2026-01-20 16:45:32.749 INFO  listeners.Listener1 - onTestStart -> sendData
2026-01-20 16:45:32.756 INFO  listeners.Listener1 - Parameters for sendData: [72, 60, 150/100, positive]
2026-01-20 16:45:32.757 INFO  tests.CalculatorFunctionalityTest - Executing data row: age='72', pulse='60', bp='150/100', testType='positive'
2026-01-20 16:45:33.631 INFO  tests.CalculatorFunctionalityTest - Clicking Calculate
2026-01-20 16:45:35.343 INFO  tests.CalculatorFunctionalityTest - Clicking Calculate
2026-01-20 16:45:37.984 INFO  tests.CalculatorFunctionalityTest - No alert branch: navigatedToResult=true
2026-01-20 16:45:37.986 INFO  tests.CalculatorFunctionalityTest - Positive case passed: navigated; returning Home via logo text
2026-01-20 16:45:38.727 INFO  tests.CalculatorFunctionalityTest - Clicked 'VitalGuard' logo text to return Home
2026-01-20 16:45:38.727 INFO  listeners.Listener1 - onTestSuccess -> sendData
2026-01-20 16:45:38.727 INFO  listeners.Listener1 - Deleting pre-submit screenshot for passed test: C:\Users\2457157\IdeaProjects\HealthIndexCalculator\reports\screenshots\age_47__pulse_82__bp_130_85__type_positive_before_20260120_164533_607.png
2026-01-20 16:45:38.758 INFO  listeners.Listener1 - onTestStart -> sendData
2026-01-20 16:45:38.763 INFO  listeners.Listener1 - Parameters for sendData: [58, 96, 140/95, positive]
2026-01-20 16:45:38.763 INFO  tests.CalculatorFunctionalityTest - Executing data row: age='58', pulse='96', bp='140/95', testType='positive'
2026-01-20 16:45:39.544 INFO  tests.CalculatorFunctionalityTest - No alert branch: navigatedToResult=true
2026-01-20 16:45:39.544 INFO  tests.CalculatorFunctionalityTest - Positive case passed: navigated; returning Home via logo text
2026-01-20 16:45:40.326 INFO  tests.CalculatorFunctionalityTest - Clicked 'VitalGuard' logo text to return Home
2026-01-20 16:45:40.327 INFO  listeners.Listener1 - onTestSuccess -> sendData
2026-01-20 16:45:40.327 INFO  listeners.Listener1 - Deleting pre-submit screenshot for passed test: C:\Users\2457157\IdeaProjects\HealthIndexCalculator\reports\screenshots\age_72__pulse_60__bp_150_100__type_positive_before_20260120_164535_324.png
2026-01-20 16:45:40.345 INFO  listeners.Listener1 - onTestStart -> sendData
2026-01-20 16:45:40.356 INFO  listeners.Listener1 - Parameters for sendData: [5, 100, 95/60, positive]
2026-01-20 16:45:40.358 INFO  tests.CalculatorFunctionalityTest - Executing data row: age='5', pulse='100', bp='95/60', testType='positive'
2026-01-20 16:45:41.496 INFO  tests.CalculatorFunctionalityTest - Clicking Calculate
2026-01-20 16:45:42.810 INFO  tests.CalculatorFunctionalityTest - Clicking Calculate
2026-01-20 16:45:45.678 INFO  tests.CalculatorFunctionalityTest - No alert branch: navigatedToResult=true
2026-01-20 16:45:45.678 INFO  tests.CalculatorFunctionalityTest - Positive case passed: navigated; returning Home via logo text
2026-01-20 16:45:46.389 INFO  tests.CalculatorFunctionalityTest - Clicked 'VitalGuard' logo text to return Home
2026-01-20 16:45:46.399 INFO  listeners.Listener1 - onTestSuccess -> sendData
2026-01-20 16:45:46.410 INFO  listeners.Listener1 - Deleting pre-submit screenshot for passed test: C:\Users\2457157\IdeaProjects\HealthIndexCalculator\reports\screenshots\age_58__pulse_96__bp_140_95__type_positive_before_20260120_164541_475.png
2026-01-20 16:45:46.445 INFO  listeners.Listener1 - onTestStart -> sendData
2026-01-20 16:45:46.446 INFO  listeners.Listener1 - Parameters for sendData: [72, 60, 150/100, positive]
2026-01-20 16:45:46.462 INFO  tests.CalculatorFunctionalityTest - Executing data row: age='72', pulse='60', bp='150/100', testType='positive'
2026-01-20 16:45:46.968 INFO  tests.CalculatorFunctionalityTest - No alert branch: navigatedToResult=true
2026-01-20 16:45:46.970 INFO  tests.CalculatorFunctionalityTest - Positive case passed: navigated; returning Home via logo text
2026-01-20 16:45:47.510 INFO  tests.CalculatorFunctionalityTest - Clicked 'VitalGuard' logo text to return Home
2026-01-20 16:45:47.510 INFO  listeners.Listener1 - onTestSuccess -> sendData
2026-01-20 16:45:47.510 INFO  listeners.Listener1 - Deleting pre-submit screenshot for passed test: C:\Users\2457157\IdeaProjects\HealthIndexCalculator\reports\screenshots\age_5__pulse_100__bp_95_60__type_positive_before_20260120_164542_792.png
2026-01-20 16:45:47.542 INFO  listeners.Listener1 - onTestStart -> sendData
2026-01-20 16:45:47.542 INFO  listeners.Listener1 - Parameters for sendData: [88, 58, 160/70, positive]
2026-01-20 16:45:47.544 INFO  tests.CalculatorFunctionalityTest - Executing data row: age='88', pulse='58', bp='160/70', testType='positive'
2026-01-20 16:45:49.506 INFO  tests.CalculatorFunctionalityTest - Clicking Calculate
2026-01-20 16:45:49.833 INFO  tests.CalculatorFunctionalityTest - Clicking Calculate
2026-01-20 16:45:53.641 INFO  tests.CalculatorFunctionalityTest - No alert branch: navigatedToResult=true
2026-01-20 16:45:53.641 INFO  tests.CalculatorFunctionalityTest - Positive case passed: navigated; returning Home via logo text
2026-01-20 16:45:53.777 INFO  tests.CalculatorFunctionalityTest - No alert branch: navigatedToResult=true
2026-01-20 16:45:53.777 INFO  tests.CalculatorFunctionalityTest - Positive case passed: navigated; returning Home via logo text
2026-01-20 16:45:54.379 INFO  tests.CalculatorFunctionalityTest - Clicked 'VitalGuard' logo text to return Home
2026-01-20 16:45:54.379 INFO  listeners.Listener1 - onTestSuccess -> sendData
2026-01-20 16:45:54.379 INFO  listeners.Listener1 - Deleting pre-submit screenshot for passed test: C:\Users\2457157\IdeaProjects\HealthIndexCalculator\reports\screenshots\age_72__pulse_60__bp_150_100__type_positive_before_20260120_164549_506.png
2026-01-20 16:45:54.404 INFO  listeners.Listener1 - onTestStart -> sendData
2026-01-20 16:45:54.413 INFO  listeners.Listener1 - Parameters for sendData: [5, 100, 95/60, positive]
2026-01-20 16:45:54.416 INFO  tests.CalculatorFunctionalityTest - Executing data row: age='5', pulse='100', bp='95/60', testType='positive'
2026-01-20 16:45:54.474 INFO  tests.CalculatorFunctionalityTest - Clicked 'VitalGuard' logo text to return Home
2026-01-20 16:45:54.474 INFO  listeners.Listener1 - onTestSuccess -> sendData
2026-01-20 16:45:54.476 INFO  listeners.Listener1 - Deleting pre-submit screenshot for passed test: C:\Users\2457157\IdeaProjects\HealthIndexCalculator\reports\screenshots\age_88__pulse_58__bp_160_70__type_positive_before_20260120_164549_813.png
2026-01-20 16:45:54.495 INFO  listeners.Listener1 - onTestStart -> sendData
2026-01-20 16:45:54.495 INFO  listeners.Listener1 - Parameters for sendData: [40, 40, 90/50, positive]
2026-01-20 16:45:54.505 INFO  tests.CalculatorFunctionalityTest - Executing data row: age='40', pulse='40', bp='90/50', testType='positive'
2026-01-20 16:45:56.929 INFO  tests.CalculatorFunctionalityTest - Clicking Calculate
2026-01-20 16:45:57.458 INFO  tests.CalculatorFunctionalityTest - Clicking Calculate
2026-01-20 16:46:00.973 INFO  tests.CalculatorFunctionalityTest - No alert branch: navigatedToResult=true
2026-01-20 16:46:00.983 INFO  tests.CalculatorFunctionalityTest - Positive case passed: navigated; returning Home via logo text
2026-01-20 16:46:01.477 INFO  tests.CalculatorFunctionalityTest - No alert branch: navigatedToResult=true
2026-01-20 16:46:01.480 INFO  tests.CalculatorFunctionalityTest - Positive case passed: navigated; returning Home via logo text
2026-01-20 16:46:01.723 INFO  tests.CalculatorFunctionalityTest - Clicked 'VitalGuard' logo text to return Home
2026-01-20 16:46:01.725 INFO  listeners.Listener1 - onTestSuccess -> sendData
2026-01-20 16:46:01.725 INFO  listeners.Listener1 - Deleting pre-submit screenshot for passed test: C:\Users\2457157\IdeaProjects\HealthIndexCalculator\reports\screenshots\age_40__pulse_40__bp_90_50__type_positive_before_20260120_164556_910.png
2026-01-20 16:46:01.759 INFO  listeners.Listener1 - onTestStart -> sendData
2026-01-20 16:46:01.759 INFO  listeners.Listener1 - Parameters for sendData: [40, 140, 170/110, negative]
2026-01-20 16:46:01.804 ERROR listeners.Listener1 - onTestFailure -> sendData
java.lang.AssertionError: AI testType mismatch for: 40,140,170/110 expected [false] but found [true]
	at org.testng.Assert.fail(Assert.java:111)
	at org.testng.Assert.failNotEquals(Assert.java:1590)
	at org.testng.Assert.assertEqualsImpl(Assert.java:150)
	at org.testng.Assert.assertEquals(Assert.java:132)
	at org.testng.Assert.assertEquals(Assert.java:1079)
	at org.testng.Assert.assertEquals(Assert.java:1043)
	at tests.CalculatorFunctionalityTest.sendData(CalculatorFunctionalityTest.java:95)
	at java.base/jdk.internal.reflect.DirectMethodHandleAccessor.invoke(DirectMethodHandleAccessor.java:103)
	at java.base/java.lang.reflect.Method.invoke(Method.java:580)
	at org.testng.internal.invokers.MethodInvocationHelper.invokeMethod(MethodInvocationHelper.java:141)
	at org.testng.internal.invokers.TestInvoker.invokeMethod(TestInvoker.java:687)
	at org.testng.internal.invokers.TestInvoker.invokeTestMethod(TestInvoker.java:230)
	at org.testng.internal.invokers.MethodRunner.runInSequence(MethodRunner.java:63)
	at org.testng.internal.invokers.TestInvoker$MethodInvocationAgent.invoke(TestInvoker.java:995)
	at org.testng.internal.invokers.TestInvoker.invokeTestMethods(TestInvoker.java:203)
	at org.testng.internal.invokers.TestMethodWorker.invokeTestMethods(TestMethodWorker.java:154)
	at org.testng.internal.invokers.TestMethodWorker.run(TestMethodWorker.java:134)
	at java.base/java.util.ArrayList.forEach(ArrayList.java:1596)
	at org.testng.TestRunner.privateRun(TestRunner.java:741)
	at org.testng.TestRunner.run(TestRunner.java:616)
	at org.testng.SuiteRunner.runTest(SuiteRunner.java:421)
	at org.testng.SuiteRunner$SuiteWorker.run(SuiteRunner.java:463)
	at org.testng.internal.thread.ThreadUtil.lambda$execute$0(ThreadUtil.java:64)
	at java.base/java.util.concurrent.FutureTask.run$$$capture(FutureTask.java:317)
	at java.base/java.util.concurrent.FutureTask.run(FutureTask.java)
	at java.base/java.util.concurrent.ThreadPoolExecutor.runWorker(ThreadPoolExecutor.java:1144)
	at java.base/java.util.concurrent.ThreadPoolExecutor$Worker.run(ThreadPoolExecutor.java:642)
	at java.base/java.lang.Thread.run(Thread.java:1583)
2026-01-20 16:46:01.815 INFO  listeners.Listener1 - No pre-submit screenshot path provided by the test.
2026-01-20 16:46:01.815 INFO  listeners.Listener1 - No failure screenshot path provided by the test.
2026-01-20 16:46:02.153 INFO  tests.CalculatorFunctionalityTest - Clicked 'VitalGuard' logo text to return Home
2026-01-20 16:46:02.153 INFO  listeners.Listener1 - onTestSuccess -> sendData
2026-01-20 16:46:02.153 INFO  listeners.Listener1 - Deleting pre-submit screenshot for passed test: C:\Users\2457157\IdeaProjects\HealthIndexCalculator\reports\screenshots\age_5__pulse_100__bp_95_60__type_positive_before_20260120_164557_454.png
2026-01-20 16:46:02.179 INFO  listeners.Listener1 - onTestStart -> sendData
2026-01-20 16:46:02.179 INFO  listeners.Listener1 - Parameters for sendData: [88, 58, 160/70, positive]
2026-01-20 16:46:02.182 INFO  tests.CalculatorFunctionalityTest - Executing data row: age='88', pulse='58', bp='160/70', testType='positive'
2026-01-20 16:46:04.017 INFO  tests.CalculatorFunctionalityTest - Clicking Calculate
2026-01-20 16:46:07.788 INFO  tests.CalculatorFunctionalityTest - No alert branch: navigatedToResult=true
2026-01-20 16:46:07.788 INFO  tests.CalculatorFunctionalityTest - Positive case passed: navigated; returning Home via logo text
2026-01-20 16:46:08.323 INFO  tests.CalculatorFunctionalityTest - Clicked 'VitalGuard' logo text to return Home
2026-01-20 16:46:08.326 INFO  listeners.Listener1 - onTestSuccess -> sendData
2026-01-20 16:46:08.328 INFO  listeners.Listener1 - Deleting pre-submit screenshot for passed test: C:\Users\2457157\IdeaProjects\HealthIndexCalculator\reports\screenshots\age_88__pulse_58__bp_160_70__type_positive_before_20260120_164604_006.png
2026-01-20 16:46:08.349 INFO  listeners.Listener1 - onTestStart -> sendData
2026-01-20 16:46:08.349 INFO  listeners.Listener1 - Parameters for sendData: [40, 40, 90/50, positive]
2026-01-20 16:46:08.357 INFO  tests.CalculatorFunctionalityTest - Executing data row: age='40', pulse='40', bp='90/50', testType='positive'
2026-01-20 16:46:10.519 INFO  tests.CalculatorFunctionalityTest - Clicking Calculate
2026-01-20 16:46:12.488 INFO  tests.CalculatorFunctionalityTest - Tearing down webdriver
2026-01-20 16:46:12.522 INFO  listeners.Listener1 - onTestStart -> isResultDisplayed
2026-01-20 16:46:12.522 INFO  tests.ResultsPageUiTest - === Starting 'isResultDisplayed' test ===
2026-01-20 16:46:12.743 INFO  tests.ResultsPageUiTest - Result displayed? true
2026-01-20 16:46:12.756 INFO  tests.ResultsPageUiTest - PASS: Result is displayed
2026-01-20 16:46:12.759 INFO  tests.ResultsPageUiTest - === Completed 'isResultDisplayed' test ===
2026-01-20 16:46:12.759 INFO  listeners.Listener1 - onTestSuccess -> isResultDisplayed
2026-01-20 16:46:12.775 INFO  listeners.Listener1 - onTestStart -> isFeedbackBoxdisplayed
2026-01-20 16:46:12.792 INFO  tests.ResultsPageUiTest - === Starting 'isFeedbackBoxdisplayed' test ===
2026-01-20 16:46:13.003 INFO  tests.ResultsPageUiTest - Feedback box present? true
2026-01-20 16:46:13.014 INFO  tests.ResultsPageUiTest - PASS: Feedback box is present
2026-01-20 16:46:13.014 INFO  tests.ResultsPageUiTest - === Completed 'isFeedbackBoxdisplayed' test ===
2026-01-20 16:46:13.014 INFO  listeners.Listener1 - onTestSuccess -> isFeedbackBoxdisplayed
2026-01-20 16:46:14.503 INFO  tests.CalculatorFunctionalityTest - No alert branch: navigatedToResult=true
2026-01-20 16:46:14.503 INFO  tests.CalculatorFunctionalityTest - Positive case passed: navigated; returning Home via logo text
2026-01-20 16:46:14.914 INFO  tests.CalculatorFunctionalityTest - Clicked 'VitalGuard' logo text to return Home
2026-01-20 16:46:14.916 INFO  listeners.Listener1 - onTestSuccess -> sendData
2026-01-20 16:46:14.916 INFO  listeners.Listener1 - Deleting pre-submit screenshot for passed test: C:\Users\2457157\IdeaProjects\HealthIndexCalculator\reports\screenshots\age_40__pulse_40__bp_90_50__type_positive_before_20260120_164610_508.png
2026-01-20 16:46:14.936 INFO  listeners.Listener1 - onTestStart -> sendData
2026-01-20 16:46:14.936 INFO  listeners.Listener1 - Parameters for sendData: [40, 140, 170/110, negative]
2026-01-20 16:46:14.936 ERROR listeners.Listener1 - onTestFailure -> sendData
java.lang.AssertionError: AI testType mismatch for: 40,140,170/110 expected [false] but found [true]
	at org.testng.Assert.fail(Assert.java:111)
	at org.testng.Assert.failNotEquals(Assert.java:1590)
	at org.testng.Assert.assertEqualsImpl(Assert.java:150)
	at org.testng.Assert.assertEquals(Assert.java:132)
	at org.testng.Assert.assertEquals(Assert.java:1079)
	at org.testng.Assert.assertEquals(Assert.java:1043)
	at tests.CalculatorFunctionalityTest.sendData(CalculatorFunctionalityTest.java:95)
	at java.base/jdk.internal.reflect.DirectMethodHandleAccessor.invoke(DirectMethodHandleAccessor.java:103)
	at java.base/java.lang.reflect.Method.invoke(Method.java:580)
	at org.testng.internal.invokers.MethodInvocationHelper.invokeMethod(MethodInvocationHelper.java:141)
	at org.testng.internal.invokers.TestInvoker.invokeMethod(TestInvoker.java:687)
	at org.testng.internal.invokers.TestInvoker.invokeTestMethod(TestInvoker.java:230)
	at org.testng.internal.invokers.MethodRunner.runInSequence(MethodRunner.java:63)
	at org.testng.internal.invokers.TestInvoker$MethodInvocationAgent.invoke(TestInvoker.java:995)
	at org.testng.internal.invokers.TestInvoker.invokeTestMethods(TestInvoker.java:203)
	at org.testng.internal.invokers.TestMethodWorker.invokeTestMethods(TestMethodWorker.java:154)
	at org.testng.internal.invokers.TestMethodWorker.run(TestMethodWorker.java:134)
	at java.base/java.util.ArrayList.forEach(ArrayList.java:1596)
	at org.testng.TestRunner.privateRun(TestRunner.java:741)
	at org.testng.TestRunner.run(TestRunner.java:616)
	at org.testng.SuiteRunner.runTest(SuiteRunner.java:421)
	at org.testng.SuiteRunner$SuiteWorker.run(SuiteRunner.java:463)
	at org.testng.internal.thread.ThreadUtil.lambda$execute$0(ThreadUtil.java:64)
	at java.base/java.util.concurrent.FutureTask.run$$$capture(FutureTask.java:317)
	at java.base/java.util.concurrent.FutureTask.run(FutureTask.java)
	at java.base/java.util.concurrent.ThreadPoolExecutor.runWorker(ThreadPoolExecutor.java:1144)
	at java.base/java.util.concurrent.ThreadPoolExecutor$Worker.run(ThreadPoolExecutor.java:642)
	at java.base/java.lang.Thread.run(Thread.java:1583)
2026-01-20 16:46:14.944 INFO  listeners.Listener1 - No pre-submit screenshot path provided by the test.
2026-01-20 16:46:14.944 INFO  listeners.Listener1 - No failure screenshot path provided by the test.
2026-01-20 16:46:21.204 INFO  tests.ResultsPageUiTest - Tearing down webdriver
2026-01-20 16:46:21.206 INFO  listeners.Listener1 - Flushing ExtentReports...
2026-01-20 16:46:23.132 INFO  tests.CalculatorFunctionalityTest - Tearing down webdriver
2026-01-20 16:46:23.137 INFO  listeners.Listener1 - onTestStart -> isResultDisplayed
2026-01-20 16:46:23.148 INFO  tests.ResultsPageUiTest - === Starting 'isResultDisplayed' test ===
2026-01-20 16:46:23.321 INFO  tests.ResultsPageUiTest - Result displayed? true
2026-01-20 16:46:23.321 INFO  tests.ResultsPageUiTest - PASS: Result is displayed
2026-01-20 16:46:23.321 INFO  tests.ResultsPageUiTest - === Completed 'isResultDisplayed' test ===
2026-01-20 16:46:23.321 INFO  listeners.Listener1 - onTestSuccess -> isResultDisplayed
2026-01-20 16:46:23.348 INFO  listeners.Listener1 - onTestStart -> isFeedbackBoxdisplayed
2026-01-20 16:46:23.353 INFO  tests.ResultsPageUiTest - === Starting 'isFeedbackBoxdisplayed' test ===
2026-01-20 16:46:23.446 INFO  listeners.Listener1 - ExtentReports flushed successfully
2026-01-20 16:46:23.446 INFO  listeners.Listener1 - Cleared testMap. Listener finished.
2026-01-20 16:46:23.537 INFO  tests.ResultsPageUiTest - Feedback box present? true
2026-01-20 16:46:23.537 INFO  tests.ResultsPageUiTest - PASS: Feedback box is present
2026-01-20 16:46:23.537 INFO  tests.ResultsPageUiTest - === Completed 'isFeedbackBoxdisplayed' test ===
2026-01-20 16:46:23.537 INFO  listeners.Listener1 - onTestSuccess -> isFeedbackBoxdisplayed
2026-01-20 16:46:23.537 WARN  listeners.Listener1 - ExtentTest was null for thread 43, creating fallback test
2026-01-20 16:46:29.669 INFO  tests.ResultsPageUiTest - Tearing down webdriver
2026-01-20 16:46:29.669 INFO  listeners.Listener1 - Flushing ExtentReports...
2026-01-20 16:46:29.966 INFO  listeners.Listener1 - ExtentReports flushed successfully
2026-01-20 16:46:29.966 INFO  listeners.Listener1 - Cleared testMap. Listener finished.
2026-01-20 16:53:47.090 INFO  org.testng.internal.Utils - [TestNG] Running:
  C:\Users\2457157\IdeaProjects\HealthIndexCalculator\project.xml

2026-01-20 16:53:47.133 INFO  listeners.Listener1 - Initializing ExtentReports. Report path: C:\Users\2457157\IdeaProjects\HealthIndexCalculator/reports/Test-Report2026.01.20.16.53.47.html
2026-01-20 16:53:47.413 INFO  listeners.Listener1 - System info set: Browser=chrome
2026-01-20 16:53:47.413 INFO  listeners.Listener1 - ExtentReports initialization complete
2026-01-20 16:53:52.714 INFO  tests.UrlValidationTest - chrome Browser started
2026-01-20 16:53:54.067 INFO  tests.UrlValidationTest - Initializing page objects: TopNavigation, HomePage
2026-01-20 16:53:54.235 INFO  tests.UrlValidationTest - Setup completed for UrlValidationTest
2026-01-20 16:53:54.457 INFO  listeners.Listener1 - onTestStart -> isURLWorking
2026-01-20 16:53:54.505 INFO  tests.UrlValidationTest - === Starting 'isURLWorking' test ===
2026-01-20 16:53:55.433 INFO  tests.UrlValidationTest - NavBar present? true
2026-01-20 16:53:55.433 INFO  tests.UrlValidationTest - Left image present? true
2026-01-20 16:53:55.433 INFO  tests.UrlValidationTest - Calculator present? true
2026-01-20 16:53:55.433 INFO  tests.UrlValidationTest - PASS: Home page loaded successfully with all required elements
2026-01-20 16:53:55.433 INFO  tests.UrlValidationTest - === Completed 'isURLWorking' test ===
2026-01-20 16:53:55.448 INFO  listeners.Listener1 - onTestSuccess -> isURLWorking
2026-01-20 16:53:55.744 INFO  tests.UrlValidationTest - Tearing down webdriver
2026-01-20 16:53:59.236 INFO  listeners.Listener1 - Flushing ExtentReports...
2026-01-20 16:53:59.708 INFO  listeners.Listener1 - ExtentReports flushed successfully
2026-01-20 16:53:59.708 INFO  listeners.Listener1 - Cleared testMap. Listener finished.
2026-01-20 16:54:35.689 INFO  org.testng.internal.Utils - [TestNG] Running:
  C:\Users\2457157\IdeaProjects\HealthIndexCalculator\project.xml

2026-01-20 16:54:35.735 INFO  listeners.Listener1 - Initializing ExtentReports. Report path: C:\Users\2457157\IdeaProjects\HealthIndexCalculator/reports/Test-Report2026.01.20.16.54.35.html
2026-01-20 16:54:36.023 INFO  listeners.Listener1 - System info set: Browser=chrome
2026-01-20 16:54:36.023 INFO  listeners.Listener1 - ExtentReports initialization complete
2026-01-20 16:54:40.214 INFO  tests.HomePageValidationTest - chrome Browser started
2026-01-20 16:54:40.746 INFO  tests.HomePageValidationTest - Initializing HomePage and TopNavigation with driver
2026-01-20 16:54:40.907 INFO  tests.HomePageValidationTest - Navigating to Home page via TopNavigation.goToHome()
2026-01-20 16:54:41.219 INFO  tests.HomePageValidationTest - Arrived at Home page. Current URL: https://hackvyatharth.github.io/Vitalguard_Team_Vanguardians/#container
2026-01-20 16:54:41.422 INFO  listeners.Listener1 - onTestStart -> isTopNavPresent
2026-01-20 16:54:41.473 INFO  tests.HomePageValidationTest - === Starting 'isTopNavPresent' test ===
2026-01-20 16:54:42.167 INFO  tests.HomePageValidationTest - PASS: Top navigation is present
2026-01-20 16:54:42.167 INFO  tests.HomePageValidationTest - === Completed 'isTopNavPresent' test ===
2026-01-20 16:54:42.173 INFO  listeners.Listener1 - onTestSuccess -> isTopNavPresent
2026-01-20 16:54:42.473 INFO  listeners.Listener1 - onTestStart -> isLeftImagePresent
2026-01-20 16:54:42.480 INFO  tests.HomePageValidationTest - === Starting 'isLeftImagePresent' test ===
2026-01-20 16:54:42.635 INFO  tests.HomePageValidationTest - PASS: Left image is present
2026-01-20 16:54:42.635 INFO  tests.HomePageValidationTest - === Completed 'isLeftImagePresent' test ===
2026-01-20 16:54:42.635 INFO  listeners.Listener1 - onTestSuccess -> isLeftImagePresent
2026-01-20 16:54:42.657 INFO  listeners.Listener1 - onTestStart -> isCalculatorPresent
2026-01-20 16:54:42.657 INFO  tests.HomePageValidationTest - === Starting 'isCalculatorPresent' test ===
2026-01-20 16:54:42.814 INFO  tests.HomePageValidationTest - PASS: Calculator is present
2026-01-20 16:54:42.814 INFO  tests.HomePageValidationTest - === Completed 'isCalculatorPresent' test ===
2026-01-20 16:54:42.814 INFO  listeners.Listener1 - onTestSuccess -> isCalculatorPresent
2026-01-20 16:54:42.831 INFO  listeners.Listener1 - onTestStart -> gotoHeartPulse
2026-01-20 16:54:42.835 INFO  tests.HomePageValidationTest - Navigating to HeartPulse from Home page
2026-01-20 16:54:43.188 INFO  tests.HomePageValidationTest - URL after goToHeartPulse(): https://hackvyatharth.github.io/Vitalguard_Team_Vanguardians/#pulseRate
2026-01-20 16:54:43.188 INFO  tests.HomePageValidationTest - PASS: 'gotoHeartPulse' assertion passed
2026-01-20 16:54:43.188 INFO  listeners.Listener1 - onTestSuccess -> gotoHeartPulse
2026-01-20 16:54:43.208 INFO  listeners.Listener1 - onTestStart -> gotoBloodPressure
2026-01-20 16:54:43.213 INFO  tests.HomePageValidationTest - Navigating to Blood Pressure from Home page
2026-01-20 16:54:43.559 INFO  tests.HomePageValidationTest - URL after goToBloodPressure(): https://hackvyatharth.github.io/Vitalguard_Team_Vanguardians/#bloodPressure
2026-01-20 16:54:43.562 INFO  tests.HomePageValidationTest - PASS: 'gotoBloodPressure' assertion passed
2026-01-20 16:54:43.564 INFO  listeners.Listener1 - onTestSuccess -> gotoBloodPressure
2026-01-20 16:54:43.584 INFO  listeners.Listener1 - onTestStart -> gotoAgeFactor
2026-01-20 16:54:43.584 INFO  tests.HomePageValidationTest - Navigating to Age Factor from Home page
2026-01-20 16:54:43.894 INFO  tests.HomePageValidationTest - URL after goToAgeFactor(): https://hackvyatharth.github.io/Vitalguard_Team_Vanguardians/#ageFactor
2026-01-20 16:54:43.896 INFO  tests.HomePageValidationTest - PASS: 'gotoAgeFactor' assertion passed
2026-01-20 16:54:43.898 INFO  listeners.Listener1 - onTestSuccess -> gotoAgeFactor
2026-01-20 16:54:43.920 INFO  listeners.Listener1 - onTestStart -> gotoTeamDetails
2026-01-20 16:54:43.926 INFO  tests.HomePageValidationTest - Navigating to Team Details from Home page
2026-01-20 16:54:44.222 INFO  tests.HomePageValidationTest - URL after goToTeamDetails(): https://hackvyatharth.github.io/Vitalguard_Team_Vanguardians/#foot
2026-01-20 16:54:44.223 INFO  tests.HomePageValidationTest - PASS: 'gotoTeamDetails' assertion passed
2026-01-20 16:54:44.227 INFO  listeners.Listener1 - onTestSuccess -> gotoTeamDetails
2026-01-20 16:54:44.257 INFO  tests.HomePageValidationTest - Tearing down webdriver
2026-01-20 16:54:47.984 INFO  listeners.Listener1 - Flushing ExtentReports...
2026-01-20 16:54:48.464 INFO  listeners.Listener1 - ExtentReports flushed successfully
2026-01-20 16:54:48.464 INFO  listeners.Listener1 - Cleared testMap. Listener finished.
2026-01-20 16:55:45.906 INFO  org.testng.internal.Utils - [TestNG] Running:
  C:\Users\2457157\IdeaProjects\HealthIndexCalculator\parallel.xml

2026-01-20 16:55:45.951 INFO  listeners.Listener1 - Initializing ExtentReports. Report path: C:\Users\2457157\IdeaProjects\HealthIndexCalculator/reports/Test-Report2026.01.20.16.55.45.html
2026-01-20 16:55:45.951 INFO  listeners.Listener1 - Initializing ExtentReports. Report path: C:\Users\2457157\IdeaProjects\HealthIndexCalculator/reports/Test-Report2026.01.20.16.55.45.html
2026-01-20 16:55:46.303 INFO  listeners.Listener1 - System info set: Browser=chrome
2026-01-20 16:55:46.303 INFO  listeners.Listener1 - ExtentReports initialization complete
2026-01-20 16:55:46.303 INFO  listeners.Listener1 - System info set: Browser=edge
2026-01-20 16:55:46.303 INFO  listeners.Listener1 - ExtentReports initialization complete
2026-01-20 16:55:51.567 INFO  tests.UrlValidationTest - chrome Browser started
2026-01-20 16:55:52.125 INFO  tests.UrlValidationTest - edge Browser started
2026-01-20 16:55:52.246 INFO  tests.UrlValidationTest - Initializing page objects: TopNavigation, HomePage
2026-01-20 16:55:52.732 INFO  tests.UrlValidationTest - Setup completed for UrlValidationTest
2026-01-20 16:55:53.275 INFO  listeners.Listener1 - onTestStart -> isURLWorking
2026-01-20 16:55:53.413 INFO  tests.UrlValidationTest - === Starting 'isURLWorking' test ===
2026-01-20 16:55:53.602 INFO  tests.UrlValidationTest - Initializing page objects: TopNavigation, HomePage
2026-01-20 16:55:53.730 INFO  tests.UrlValidationTest - Setup completed for UrlValidationTest
2026-01-20 16:55:53.765 INFO  listeners.Listener1 - onTestStart -> isURLWorking
2026-01-20 16:55:53.781 INFO  tests.UrlValidationTest - === Starting 'isURLWorking' test ===
2026-01-20 16:55:56.199 INFO  tests.UrlValidationTest - NavBar present? true
2026-01-20 16:55:56.201 INFO  tests.UrlValidationTest - Left image present? true
2026-01-20 16:55:56.201 INFO  tests.UrlValidationTest - Calculator present? true
2026-01-20 16:55:56.202 INFO  tests.UrlValidationTest - PASS: Home page loaded successfully with all required elements
2026-01-20 16:55:56.202 INFO  tests.UrlValidationTest - === Completed 'isURLWorking' test ===
2026-01-20 16:55:56.204 INFO  listeners.Listener1 - onTestSuccess -> isURLWorking
2026-01-20 16:55:56.547 INFO  tests.UrlValidationTest - NavBar present? true
2026-01-20 16:55:56.547 INFO  tests.UrlValidationTest - Left image present? true
2026-01-20 16:55:56.547 INFO  tests.UrlValidationTest - Calculator present? true
2026-01-20 16:55:56.558 INFO  tests.UrlValidationTest - PASS: Home page loaded successfully with all required elements
2026-01-20 16:55:56.558 INFO  tests.UrlValidationTest - === Completed 'isURLWorking' test ===
2026-01-20 16:55:56.558 INFO  listeners.Listener1 - onTestSuccess -> isURLWorking
2026-01-20 16:55:56.621 INFO  tests.UrlValidationTest - Tearing down webdriver
2026-01-20 16:55:56.621 INFO  tests.UrlValidationTest - Tearing down webdriver
2026-01-20 16:56:00.774 INFO  listeners.Listener1 - Flushing ExtentReports...
2026-01-20 16:56:01.156 INFO  listeners.Listener1 - Flushing ExtentReports...
2026-01-20 16:56:01.466 INFO  listeners.Listener1 - ExtentReports flushed successfully
2026-01-20 16:56:01.466 INFO  listeners.Listener1 - Cleared testMap. Listener finished.
2026-01-20 16:56:01.470 INFO  listeners.Listener1 - ExtentReports flushed successfully
2026-01-20 16:56:01.472 INFO  listeners.Listener1 - Cleared testMap. Listener finished.
2026-01-20 16:57:17.253 INFO  org.testng.internal.Utils - [TestNG] Running:
  C:\Users\2457157\IdeaProjects\HealthIndexCalculator\parallel.xml

2026-01-20 16:57:17.326 INFO  listeners.Listener1 - Initializing ExtentReports. Report path: C:\Users\2457157\IdeaProjects\HealthIndexCalculator/reports/Test-Report2026.01.20.16.57.17.html
2026-01-20 16:57:17.326 INFO  listeners.Listener1 - Initializing ExtentReports. Report path: C:\Users\2457157\IdeaProjects\HealthIndexCalculator/reports/Test-Report2026.01.20.16.57.17.html
2026-01-20 16:57:17.719 INFO  listeners.Listener1 - System info set: Browser=edge
2026-01-20 16:57:17.719 INFO  listeners.Listener1 - System info set: Browser=chrome
2026-01-20 16:57:17.719 INFO  listeners.Listener1 - ExtentReports initialization complete
2026-01-20 16:57:17.719 INFO  listeners.Listener1 - ExtentReports initialization complete
2026-01-20 16:57:23.505 INFO  tests.UrlValidationTest - chrome Browser started
2026-01-20 16:57:23.897 INFO  tests.UrlValidationTest - edge Browser started
2026-01-20 16:57:24.248 INFO  tests.UrlValidationTest - Initializing page objects: TopNavigation, HomePage
2026-01-20 16:57:24.732 INFO  tests.UrlValidationTest - Setup completed for UrlValidationTest
2026-01-20 16:57:25.047 INFO  tests.UrlValidationTest - Initializing page objects: TopNavigation, HomePage
2026-01-20 16:57:25.158 INFO  tests.UrlValidationTest - Setup completed for UrlValidationTest
2026-01-20 16:57:25.190 INFO  listeners.Listener1 - onTestStart -> isURLWorking
2026-01-20 16:57:25.190 INFO  listeners.Listener1 - onTestStart -> isURLWorking
2026-01-20 16:57:25.278 INFO  tests.UrlValidationTest - === Starting 'isURLWorking' test ===
2026-01-20 16:57:25.278 INFO  tests.UrlValidationTest - === Starting 'isURLWorking' test ===
2026-01-20 16:57:27.423 INFO  tests.UrlValidationTest - NavBar present? true
2026-01-20 16:57:27.425 INFO  tests.UrlValidationTest - Left image present? true
2026-01-20 16:57:27.425 INFO  tests.UrlValidationTest - Calculator present? true
2026-01-20 16:57:27.440 INFO  tests.UrlValidationTest - PASS: Home page loaded successfully with all required elements
2026-01-20 16:57:27.440 INFO  tests.UrlValidationTest - === Completed 'isURLWorking' test ===
2026-01-20 16:57:27.453 INFO  listeners.Listener1 - onTestSuccess -> isURLWorking
2026-01-20 16:57:27.747 INFO  tests.UrlValidationTest - NavBar present? true
2026-01-20 16:57:27.747 INFO  tests.UrlValidationTest - Left image present? true
2026-01-20 16:57:27.747 INFO  tests.UrlValidationTest - Calculator present? true
2026-01-20 16:57:27.747 INFO  tests.UrlValidationTest - PASS: Home page loaded successfully with all required elements
2026-01-20 16:57:27.747 INFO  tests.UrlValidationTest - === Completed 'isURLWorking' test ===
2026-01-20 16:57:27.747 INFO  listeners.Listener1 - onTestSuccess -> isURLWorking
2026-01-20 16:57:28.054 INFO  tests.UrlValidationTest - Tearing down webdriver
2026-01-20 16:57:28.054 INFO  tests.UrlValidationTest - Tearing down webdriver
2026-01-20 16:57:36.754 INFO  tests.HomePageValidationTest - chrome Browser started
2026-01-20 16:57:37.878 INFO  tests.HomePageValidationTest - Initializing HomePage and TopNavigation with driver
2026-01-20 16:57:38.023 INFO  tests.HomePageValidationTest - Navigating to Home page via TopNavigation.goToHome()
2026-01-20 16:57:38.728 INFO  tests.HomePageValidationTest - edge Browser started
2026-01-20 16:57:38.856 INFO  tests.HomePageValidationTest - Arrived at Home page. Current URL: https://hackvyatharth.github.io/Vitalguard_Team_Vanguardians/#container
2026-01-20 16:57:38.900 INFO  listeners.Listener1 - onTestStart -> isTopNavPresent
2026-01-20 16:57:38.900 INFO  tests.HomePageValidationTest - === Starting 'isTopNavPresent' test ===
2026-01-20 16:57:39.286 INFO  tests.HomePageValidationTest - Initializing HomePage and TopNavigation with driver
2026-01-20 16:57:39.327 INFO  tests.HomePageValidationTest - Navigating to Home page via TopNavigation.goToHome()
2026-01-20 16:57:39.633 INFO  tests.HomePageValidationTest - Arrived at Home page. Current URL: https://hackvyatharth.github.io/Vitalguard_Team_Vanguardians/#container
2026-01-20 16:57:39.637 INFO  tests.HomePageValidationTest - PASS: Top navigation is present
2026-01-20 16:57:39.637 INFO  tests.HomePageValidationTest - === Completed 'isTopNavPresent' test ===
2026-01-20 16:57:39.639 INFO  listeners.Listener1 - onTestSuccess -> isTopNavPresent
2026-01-20 16:57:39.660 INFO  listeners.Listener1 - onTestStart -> isLeftImagePresent
2026-01-20 16:57:39.660 INFO  listeners.Listener1 - onTestStart -> isTopNavPresent
2026-01-20 16:57:39.664 INFO  tests.HomePageValidationTest - === Starting 'isLeftImagePresent' test ===
2026-01-20 16:57:39.664 INFO  tests.HomePageValidationTest - === Starting 'isTopNavPresent' test ===
2026-01-20 16:57:39.862 INFO  tests.HomePageValidationTest - PASS: Left image is present
2026-01-20 16:57:39.877 INFO  tests.HomePageValidationTest - === Completed 'isLeftImagePresent' test ===
2026-01-20 16:57:39.877 INFO  listeners.Listener1 - onTestSuccess -> isLeftImagePresent
2026-01-20 16:57:39.901 INFO  listeners.Listener1 - onTestStart -> isCalculatorPresent
2026-01-20 16:57:39.909 INFO  tests.HomePageValidationTest - === Starting 'isCalculatorPresent' test ===
2026-01-20 16:57:40.115 INFO  tests.HomePageValidationTest - PASS: Calculator is present
2026-01-20 16:57:40.115 INFO  tests.HomePageValidationTest - === Completed 'isCalculatorPresent' test ===
2026-01-20 16:57:40.115 INFO  listeners.Listener1 - onTestSuccess -> isCalculatorPresent
2026-01-20 16:57:40.139 INFO  listeners.Listener1 - onTestStart -> gotoHeartPulse
2026-01-20 16:57:40.139 INFO  tests.HomePageValidationTest - Navigating to HeartPulse from Home page
2026-01-20 16:57:40.297 INFO  tests.HomePageValidationTest - PASS: Top navigation is present
2026-01-20 16:57:40.297 INFO  tests.HomePageValidationTest - === Completed 'isTopNavPresent' test ===
2026-01-20 16:57:40.297 INFO  listeners.Listener1 - onTestSuccess -> isTopNavPresent
2026-01-20 16:57:40.313 INFO  listeners.Listener1 - onTestStart -> isLeftImagePresent
2026-01-20 16:57:40.324 INFO  tests.HomePageValidationTest - === Starting 'isLeftImagePresent' test ===
2026-01-20 16:57:40.552 INFO  tests.HomePageValidationTest - PASS: Left image is present
2026-01-20 16:57:40.552 INFO  tests.HomePageValidationTest - === Completed 'isLeftImagePresent' test ===
2026-01-20 16:57:40.552 INFO  listeners.Listener1 - onTestSuccess -> isLeftImagePresent
2026-01-20 16:57:40.595 INFO  listeners.Listener1 - onTestStart -> isCalculatorPresent
2026-01-20 16:57:40.597 INFO  tests.HomePageValidationTest - === Starting 'isCalculatorPresent' test ===
2026-01-20 16:57:40.614 INFO  tests.HomePageValidationTest - URL after goToHeartPulse(): https://hackvyatharth.github.io/Vitalguard_Team_Vanguardians/#pulseRate
2026-01-20 16:57:40.614 INFO  tests.HomePageValidationTest - PASS: 'gotoHeartPulse' assertion passed
2026-01-20 16:57:40.614 INFO  listeners.Listener1 - onTestSuccess -> gotoHeartPulse
2026-01-20 16:57:40.647 INFO  listeners.Listener1 - onTestStart -> gotoBloodPressure
2026-01-20 16:57:40.651 INFO  tests.HomePageValidationTest - Navigating to Blood Pressure from Home page
2026-01-20 16:57:40.785 INFO  tests.HomePageValidationTest - PASS: Calculator is present
2026-01-20 16:57:40.795 INFO  tests.HomePageValidationTest - === Completed 'isCalculatorPresent' test ===
2026-01-20 16:57:40.798 INFO  listeners.Listener1 - onTestSuccess -> isCalculatorPresent
2026-01-20 16:57:40.812 INFO  listeners.Listener1 - onTestStart -> gotoHeartPulse
2026-01-20 16:57:40.812 INFO  tests.HomePageValidationTest - Navigating to HeartPulse from Home page
2026-01-20 16:57:41.096 INFO  tests.HomePageValidationTest - URL after goToBloodPressure(): https://hackvyatharth.github.io/Vitalguard_Team_Vanguardians/#bloodPressure
2026-01-20 16:57:41.096 INFO  tests.HomePageValidationTest - PASS: 'gotoBloodPressure' assertion passed
2026-01-20 16:57:41.096 INFO  listeners.Listener1 - onTestSuccess -> gotoBloodPressure
2026-01-20 16:57:41.113 INFO  listeners.Listener1 - onTestStart -> gotoAgeFactor
2026-01-20 16:57:41.128 INFO  tests.HomePageValidationTest - Navigating to Age Factor from Home page
2026-01-20 16:57:41.203 INFO  tests.HomePageValidationTest - URL after goToHeartPulse(): https://hackvyatharth.github.io/Vitalguard_Team_Vanguardians/#pulseRate
2026-01-20 16:57:41.203 INFO  tests.HomePageValidationTest - PASS: 'gotoHeartPulse' assertion passed
2026-01-20 16:57:41.203 INFO  listeners.Listener1 - onTestSuccess -> gotoHeartPulse
2026-01-20 16:57:41.236 INFO  listeners.Listener1 - onTestStart -> gotoBloodPressure
2026-01-20 16:57:41.240 INFO  tests.HomePageValidationTest - Navigating to Blood Pressure from Home page
2026-01-20 16:57:41.604 INFO  tests.HomePageValidationTest - URL after goToAgeFactor(): https://hackvyatharth.github.io/Vitalguard_Team_Vanguardians/#ageFactor
2026-01-20 16:57:41.604 INFO  tests.HomePageValidationTest - PASS: 'gotoAgeFactor' assertion passed
2026-01-20 16:57:41.604 INFO  listeners.Listener1 - onTestSuccess -> gotoAgeFactor
2026-01-20 16:57:41.628 INFO  listeners.Listener1 - onTestStart -> gotoTeamDetails
2026-01-20 16:57:41.636 INFO  tests.HomePageValidationTest - Navigating to Team Details from Home page
2026-01-20 16:57:41.641 INFO  tests.HomePageValidationTest - URL after goToBloodPressure(): https://hackvyatharth.github.io/Vitalguard_Team_Vanguardians/#bloodPressure
2026-01-20 16:57:41.641 INFO  tests.HomePageValidationTest - PASS: 'gotoBloodPressure' assertion passed
2026-01-20 16:57:41.645 INFO  listeners.Listener1 - onTestSuccess -> gotoBloodPressure
2026-01-20 16:57:41.665 INFO  listeners.Listener1 - onTestStart -> gotoAgeFactor
2026-01-20 16:57:41.665 INFO  tests.HomePageValidationTest - Navigating to Age Factor from Home page
2026-01-20 16:57:41.986 INFO  tests.HomePageValidationTest - URL after goToAgeFactor(): https://hackvyatharth.github.io/Vitalguard_Team_Vanguardians/#ageFactor
2026-01-20 16:57:41.986 INFO  tests.HomePageValidationTest - PASS: 'gotoAgeFactor' assertion passed
2026-01-20 16:57:41.986 INFO  listeners.Listener1 - onTestSuccess -> gotoAgeFactor
2026-01-20 16:57:42.035 INFO  listeners.Listener1 - onTestStart -> gotoTeamDetails
2026-01-20 16:57:42.038 INFO  tests.HomePageValidationTest - Navigating to Team Details from Home page
2026-01-20 16:57:42.063 INFO  tests.HomePageValidationTest - URL after goToTeamDetails(): https://hackvyatharth.github.io/Vitalguard_Team_Vanguardians/#foot
2026-01-20 16:57:42.063 INFO  tests.HomePageValidationTest - PASS: 'gotoTeamDetails' assertion passed
2026-01-20 16:57:42.063 INFO  listeners.Listener1 - onTestSuccess -> gotoTeamDetails
2026-01-20 16:57:42.079 INFO  tests.HomePageValidationTest - Tearing down webdriver
2026-01-20 16:57:42.386 INFO  tests.HomePageValidationTest - URL after goToTeamDetails(): https://hackvyatharth.github.io/Vitalguard_Team_Vanguardians/#foot
2026-01-20 16:57:42.394 INFO  tests.HomePageValidationTest - PASS: 'gotoTeamDetails' assertion passed
2026-01-20 16:57:42.394 INFO  listeners.Listener1 - onTestSuccess -> gotoTeamDetails
2026-01-20 16:57:42.410 INFO  tests.HomePageValidationTest - Tearing down webdriver
2026-01-20 16:57:46.391 INFO  listeners.Listener1 - Flushing ExtentReports...
2026-01-20 16:57:46.850 INFO  listeners.Listener1 - Flushing ExtentReports...
2026-01-20 16:57:47.225 INFO  listeners.Listener1 - ExtentReports flushed successfully
2026-01-20 16:57:47.225 INFO  listeners.Listener1 - Cleared testMap. Listener finished.
2026-01-20 16:57:47.233 INFO  listeners.Listener1 - ExtentReports flushed successfully
2026-01-20 16:57:47.233 INFO  listeners.Listener1 - Cleared testMap. Listener finished.
2026-01-20 16:57:58.401 INFO  org.testng.internal.Utils - [TestNG] Running:
  C:\Users\2457157\IdeaProjects\HealthIndexCalculator\parallel.xml

2026-01-20 16:57:58.455 INFO  listeners.Listener1 - Initializing ExtentReports. Report path: C:\Users\2457157\IdeaProjects\HealthIndexCalculator/reports/Test-Report2026.01.20.16.57.58.html
2026-01-20 16:57:58.455 INFO  listeners.Listener1 - Initializing ExtentReports. Report path: C:\Users\2457157\IdeaProjects\HealthIndexCalculator/reports/Test-Report2026.01.20.16.57.58.html
2026-01-20 16:57:58.990 INFO  listeners.Listener1 - System info set: Browser=edge
2026-01-20 16:57:58.990 INFO  listeners.Listener1 - System info set: Browser=chrome
2026-01-20 16:57:58.990 INFO  listeners.Listener1 - ExtentReports initialization complete
2026-01-20 16:57:58.990 INFO  listeners.Listener1 - ExtentReports initialization complete
2026-01-20 16:58:05.483 INFO  tests.UrlValidationTest - chrome Browser started
2026-01-20 16:58:06.084 INFO  tests.UrlValidationTest - edge Browser started
2026-01-20 16:58:06.429 INFO  tests.UrlValidationTest - Initializing page objects: TopNavigation, HomePage
2026-01-20 16:58:06.653 INFO  tests.UrlValidationTest - Setup completed for UrlValidationTest
2026-01-20 16:58:06.781 INFO  tests.UrlValidationTest - Initializing page objects: TopNavigation, HomePage
2026-01-20 16:58:06.854 INFO  tests.UrlValidationTest - Setup completed for UrlValidationTest
2026-01-20 16:58:06.952 INFO  listeners.Listener1 - onTestStart -> isURLWorking
2026-01-20 16:58:06.952 INFO  listeners.Listener1 - onTestStart -> isURLWorking
2026-01-20 16:58:06.998 INFO  tests.UrlValidationTest - === Starting 'isURLWorking' test ===
2026-01-20 16:58:06.998 INFO  tests.UrlValidationTest - === Starting 'isURLWorking' test ===
2026-01-20 16:58:08.162 INFO  tests.UrlValidationTest - NavBar present? true
2026-01-20 16:58:08.174 INFO  tests.UrlValidationTest - Left image present? true
2026-01-20 16:58:08.174 INFO  tests.UrlValidationTest - Calculator present? true
2026-01-20 16:58:08.184 INFO  tests.UrlValidationTest - PASS: Home page loaded successfully with all required elements
2026-01-20 16:58:08.184 INFO  tests.UrlValidationTest - === Completed 'isURLWorking' test ===
2026-01-20 16:58:08.195 INFO  listeners.Listener1 - onTestSuccess -> isURLWorking
2026-01-20 16:58:08.398 INFO  tests.UrlValidationTest - NavBar present? true
2026-01-20 16:58:08.398 INFO  tests.UrlValidationTest - Left image present? true
2026-01-20 16:58:08.398 INFO  tests.UrlValidationTest - Calculator present? true
2026-01-20 16:58:08.404 INFO  tests.UrlValidationTest - PASS: Home page loaded successfully with all required elements
2026-01-20 16:58:08.404 INFO  tests.UrlValidationTest - === Completed 'isURLWorking' test ===
2026-01-20 16:58:08.404 INFO  listeners.Listener1 - onTestSuccess -> isURLWorking
2026-01-20 16:58:08.630 INFO  tests.UrlValidationTest - Tearing down webdriver
2026-01-20 16:58:08.630 INFO  tests.UrlValidationTest - Tearing down webdriver
2026-01-20 16:58:16.969 INFO  tests.HeartPulsePageValidationTest - chrome Browser started
2026-01-20 16:58:17.880 INFO  tests.HeartPulsePageValidationTest - Initializing HeartPulsePage and TopNavigation with driver ChromeDriver: chrome on windows (b3184ad19dccadf77a527def0224315d)
2026-01-20 16:58:17.987 INFO  tests.HeartPulsePageValidationTest - Navigating to 'Heart Pulse' via top navigation
2026-01-20 16:58:18.282 INFO  tests.HeartPulsePageValidationTest - edge Browser started
2026-01-20 16:58:18.479 INFO  tests.HeartPulsePageValidationTest - Arrived at Heart Pulse page. Current URL: https://hackvyatharth.github.io/Vitalguard_Team_Vanguardians/#pulseRate
2026-01-20 16:58:18.545 INFO  listeners.Listener1 - onTestStart -> isHeadingPresent
2026-01-20 16:58:18.545 INFO  tests.HeartPulsePageValidationTest - Checking Heart Pulse page heading presence
2026-01-20 16:58:18.916 INFO  tests.HeartPulsePageValidationTest - 'isHeadingPresent' assertion passed
2026-01-20 16:58:18.916 INFO  listeners.Listener1 - onTestSuccess -> isHeadingPresent
2026-01-20 16:58:18.932 INFO  listeners.Listener1 - onTestStart -> isTopNavPresent
2026-01-20 16:58:18.941 INFO  tests.HeartPulsePageValidationTest - Verifying top navigation presence on Heart Pulse page
2026-01-20 16:58:19.022 INFO  tests.HeartPulsePageValidationTest - Initializing HeartPulsePage and TopNavigation with driver EdgeDriver: MicrosoftEdge on windows (6f74d85ee69710f03a40a63d482305a2)
2026-01-20 16:58:19.086 INFO  tests.HeartPulsePageValidationTest - Navigating to 'Heart Pulse' via top navigation
2026-01-20 16:58:19.446 INFO  tests.HeartPulsePageValidationTest - Arrived at Heart Pulse page. Current URL: https://hackvyatharth.github.io/Vitalguard_Team_Vanguardians/#pulseRate
2026-01-20 16:58:19.492 INFO  listeners.Listener1 - onTestStart -> isHeadingPresent
2026-01-20 16:58:19.492 INFO  tests.HeartPulsePageValidationTest - Checking Heart Pulse page heading presence
2026-01-20 16:58:19.674 INFO  tests.HeartPulsePageValidationTest - 'isHeadingPresent' assertion passed
2026-01-20 16:58:19.677 INFO  listeners.Listener1 - onTestSuccess -> isHeadingPresent
2026-01-20 16:58:19.701 INFO  listeners.Listener1 - onTestStart -> isTopNavPresent
2026-01-20 16:58:19.701 INFO  tests.HeartPulsePageValidationTest - Verifying top navigation presence on Heart Pulse page
2026-01-20 16:58:19.733 INFO  tests.HeartPulsePageValidationTest - 'isTopNavPresent' assertion passed
2026-01-20 16:58:19.733 INFO  listeners.Listener1 - onTestSuccess -> isTopNavPresent
2026-01-20 16:58:20.300 INFO  tests.HeartPulsePageValidationTest - 'isTopNavPresent' assertion passed
2026-01-20 16:58:20.300 INFO  listeners.Listener1 - onTestSuccess -> isTopNavPresent
2026-01-20 16:58:25.897 INFO  tests.HomePageValidationTest - chrome Browser started
2026-01-20 16:58:27.463 INFO  tests.HomePageValidationTest - Initializing HomePage and TopNavigation with driver
2026-01-20 16:58:27.573 INFO  tests.HomePageValidationTest - Navigating to Home page via TopNavigation.goToHome()
2026-01-20 16:58:28.515 INFO  tests.HomePageValidationTest - Arrived at Home page. Current URL: https://hackvyatharth.github.io/Vitalguard_Team_Vanguardians/#container
2026-01-20 16:58:28.549 INFO  listeners.Listener1 - onTestStart -> isTopNavPresent
2026-01-20 16:58:28.557 INFO  tests.HomePageValidationTest - === Starting 'isTopNavPresent' test ===
2026-01-20 16:58:28.703 INFO  tests.HomePageValidationTest - edge Browser started
2026-01-20 16:58:29.490 INFO  tests.HomePageValidationTest - PASS: Top navigation is present
2026-01-20 16:58:29.496 INFO  tests.HomePageValidationTest - === Completed 'isTopNavPresent' test ===
2026-01-20 16:58:29.496 INFO  listeners.Listener1 - onTestSuccess -> isTopNavPresent
2026-01-20 16:58:29.525 INFO  listeners.Listener1 - onTestStart -> gotoHome
2026-01-20 16:58:29.527 INFO  tests.HeartPulsePageValidationTest - Navigating to Home from Heart Pulse page
2026-01-20 16:58:29.555 INFO  tests.HomePageValidationTest - Initializing HomePage and TopNavigation with driver
2026-01-20 16:58:29.612 INFO  tests.HomePageValidationTest - Navigating to Home page via TopNavigation.goToHome()
2026-01-20 16:58:30.004 INFO  tests.HomePageValidationTest - Arrived at Home page. Current URL: https://hackvyatharth.github.io/Vitalguard_Team_Vanguardians/#container
2026-01-20 16:58:30.032 INFO  tests.HeartPulsePageValidationTest - URL after goToHome(): https://hackvyatharth.github.io/Vitalguard_Team_Vanguardians/#container
2026-01-20 16:58:30.032 INFO  tests.HeartPulsePageValidationTest - 'gotoHome' assertion passed
2026-01-20 16:58:30.032 INFO  listeners.Listener1 - onTestSuccess -> gotoHome
2026-01-20 16:58:30.059 INFO  listeners.Listener1 - onTestStart -> isTopNavPresent
2026-01-20 16:58:30.062 INFO  tests.HomePageValidationTest - === Starting 'isTopNavPresent' test ===
2026-01-20 16:58:30.062 INFO  listeners.Listener1 - onTestStart -> isLeftImagePresent
2026-01-20 16:58:30.062 INFO  tests.HomePageValidationTest - === Starting 'isLeftImagePresent' test ===
2026-01-20 16:58:30.439 INFO  tests.HomePageValidationTest - PASS: Left image is present
2026-01-20 16:58:30.439 INFO  tests.HomePageValidationTest - === Completed 'isLeftImagePresent' test ===
2026-01-20 16:58:30.439 INFO  listeners.Listener1 - onTestSuccess -> isLeftImagePresent
2026-01-20 16:58:30.463 INFO  listeners.Listener1 - onTestStart -> gotoBloodPressure
2026-01-20 16:58:30.469 INFO  tests.HeartPulsePageValidationTest - Navigating to Blood Pressure from Heart Pulse page
2026-01-20 16:58:31.063 INFO  tests.HomePageValidationTest - PASS: Top navigation is present
2026-01-20 16:58:31.063 INFO  tests.HomePageValidationTest - === Completed 'isTopNavPresent' test ===
2026-01-20 16:58:31.063 INFO  listeners.Listener1 - onTestSuccess -> isTopNavPresent
2026-01-20 16:58:31.107 INFO  listeners.Listener1 - onTestStart -> gotoHome
2026-01-20 16:58:31.107 INFO  tests.HeartPulsePageValidationTest - Navigating to Home from Heart Pulse page
2026-01-20 16:58:31.335 INFO  tests.HeartPulsePageValidationTest - URL after goToBloodPressure(): https://hackvyatharth.github.io/Vitalguard_Team_Vanguardians/#bloodPressure
2026-01-20 16:58:31.335 INFO  tests.HeartPulsePageValidationTest - 'gotoBloodPressure' assertion passed
2026-01-20 16:58:31.335 INFO  listeners.Listener1 - onTestSuccess -> gotoBloodPressure
2026-01-20 16:58:31.380 INFO  listeners.Listener1 - onTestStart -> isCalculatorPresent
2026-01-20 16:58:31.380 INFO  tests.HomePageValidationTest - === Starting 'isCalculatorPresent' test ===
2026-01-20 16:58:31.690 INFO  tests.HomePageValidationTest - PASS: Calculator is present
2026-01-20 16:58:31.690 INFO  tests.HomePageValidationTest - === Completed 'isCalculatorPresent' test ===
2026-01-20 16:58:31.696 INFO  listeners.Listener1 - onTestSuccess -> isCalculatorPresent
2026-01-20 16:58:31.727 INFO  listeners.Listener1 - onTestStart -> gotoAgeFactor
2026-01-20 16:58:31.735 INFO  tests.HeartPulsePageValidationTest - Navigating to Age Factor from Heart Pulse page
2026-01-20 16:58:31.917 INFO  tests.HeartPulsePageValidationTest - URL after goToHome(): https://hackvyatharth.github.io/Vitalguard_Team_Vanguardians/#container
2026-01-20 16:58:31.919 INFO  tests.HeartPulsePageValidationTest - 'gotoHome' assertion passed
2026-01-20 16:58:31.920 INFO  listeners.Listener1 - onTestSuccess -> gotoHome
2026-01-20 16:58:31.946 INFO  listeners.Listener1 - onTestStart -> isLeftImagePresent
2026-01-20 16:58:31.946 INFO  tests.HomePageValidationTest - === Starting 'isLeftImagePresent' test ===
2026-01-20 16:58:32.237 INFO  tests.HomePageValidationTest - PASS: Left image is present
2026-01-20 16:58:32.237 INFO  tests.HomePageValidationTest - === Completed 'isLeftImagePresent' test ===
2026-01-20 16:58:32.237 INFO  listeners.Listener1 - onTestSuccess -> isLeftImagePresent
2026-01-20 16:58:32.281 INFO  listeners.Listener1 - onTestStart -> gotoBloodPressure
2026-01-20 16:58:32.281 INFO  tests.HeartPulsePageValidationTest - Navigating to Blood Pressure from Heart Pulse page
2026-01-20 16:58:32.512 INFO  tests.HeartPulsePageValidationTest - URL after goToAgeFactor(): https://hackvyatharth.github.io/Vitalguard_Team_Vanguardians/#ageFactor
2026-01-20 16:58:32.512 INFO  tests.HeartPulsePageValidationTest - 'gotoAgeFactor' assertion passed
2026-01-20 16:58:32.524 INFO  listeners.Listener1 - onTestSuccess -> gotoAgeFactor
2026-01-20 16:58:32.556 INFO  listeners.Listener1 - onTestStart -> gotoHeartPulse
2026-01-20 16:58:32.572 INFO  tests.HomePageValidationTest - Navigating to HeartPulse from Home page
2026-01-20 16:58:33.180 INFO  tests.HeartPulsePageValidationTest - URL after goToBloodPressure(): https://hackvyatharth.github.io/Vitalguard_Team_Vanguardians/#bloodPressure
2026-01-20 16:58:33.193 INFO  tests.HeartPulsePageValidationTest - 'gotoBloodPressure' assertion passed
2026-01-20 16:58:33.196 INFO  listeners.Listener1 - onTestSuccess -> gotoBloodPressure
2026-01-20 16:58:33.238 INFO  listeners.Listener1 - onTestStart -> isCalculatorPresent
2026-01-20 16:58:33.241 INFO  tests.HomePageValidationTest - === Starting 'isCalculatorPresent' test ===
2026-01-20 16:58:33.424 INFO  tests.HomePageValidationTest - URL after goToHeartPulse(): https://hackvyatharth.github.io/Vitalguard_Team_Vanguardians/#pulseRate
2026-01-20 16:58:33.432 INFO  tests.HomePageValidationTest - PASS: 'gotoHeartPulse' assertion passed
2026-01-20 16:58:33.434 INFO  listeners.Listener1 - onTestSuccess -> gotoHeartPulse
2026-01-20 16:58:33.473 INFO  listeners.Listener1 - onTestStart -> gotoTeamDetails
2026-01-20 16:58:33.480 INFO  tests.HeartPulsePageValidationTest - Navigating to Team Details from Heart Pulse page
2026-01-20 16:58:33.617 INFO  tests.HomePageValidationTest - PASS: Calculator is present
2026-01-20 16:58:33.617 INFO  tests.HomePageValidationTest - === Completed 'isCalculatorPresent' test ===
2026-01-20 16:58:33.617 INFO  listeners.Listener1 - onTestSuccess -> isCalculatorPresent
2026-01-20 16:58:33.663 INFO  listeners.Listener1 - onTestStart -> gotoAgeFactor
2026-01-20 16:58:33.673 INFO  tests.HeartPulsePageValidationTest - Navigating to Age Factor from Heart Pulse page
2026-01-20 16:58:34.406 INFO  tests.HeartPulsePageValidationTest - URL after goToTeamDetails(): https://hackvyatharth.github.io/Vitalguard_Team_Vanguardians/#foot
2026-01-20 16:58:34.407 INFO  tests.HeartPulsePageValidationTest - 'gotoTeamDetails' assertion passed
2026-01-20 16:58:34.412 INFO  listeners.Listener1 - onTestSuccess -> gotoTeamDetails
2026-01-20 16:58:34.479 INFO  tests.HeartPulsePageValidationTest - Tearing down webdriver
2026-01-20 16:58:34.803 INFO  tests.HeartPulsePageValidationTest - URL after goToAgeFactor(): https://hackvyatharth.github.io/Vitalguard_Team_Vanguardians/#ageFactor
2026-01-20 16:58:34.803 INFO  tests.HeartPulsePageValidationTest - 'gotoAgeFactor' assertion passed
2026-01-20 16:58:34.812 INFO  listeners.Listener1 - onTestSuccess -> gotoAgeFactor
2026-01-20 16:58:34.832 INFO  listeners.Listener1 - onTestStart -> gotoHeartPulse
2026-01-20 16:58:34.848 INFO  tests.HomePageValidationTest - Navigating to HeartPulse from Home page
2026-01-20 16:58:35.250 INFO  tests.HomePageValidationTest - URL after goToHeartPulse(): https://hackvyatharth.github.io/Vitalguard_Team_Vanguardians/#pulseRate
2026-01-20 16:58:35.250 INFO  tests.HomePageValidationTest - PASS: 'gotoHeartPulse' assertion passed
2026-01-20 16:58:35.257 INFO  listeners.Listener1 - onTestSuccess -> gotoHeartPulse
2026-01-20 16:58:35.287 INFO  listeners.Listener1 - onTestStart -> gotoTeamDetails
2026-01-20 16:58:35.287 INFO  tests.HeartPulsePageValidationTest - Navigating to Team Details from Heart Pulse page
2026-01-20 16:58:35.908 INFO  tests.HeartPulsePageValidationTest - URL after goToTeamDetails(): https://hackvyatharth.github.io/Vitalguard_Team_Vanguardians/#foot
2026-01-20 16:58:35.910 INFO  tests.HeartPulsePageValidationTest - 'gotoTeamDetails' assertion passed
2026-01-20 16:58:35.913 INFO  listeners.Listener1 - onTestSuccess -> gotoTeamDetails
2026-01-20 16:58:35.931 INFO  tests.HeartPulsePageValidationTest - Tearing down webdriver
2026-01-20 16:58:42.597 INFO  listeners.Listener1 - onTestStart -> gotoBloodPressure
2026-01-20 16:58:42.607 INFO  tests.HomePageValidationTest - Navigating to Blood Pressure from Home page
2026-01-20 16:58:42.862 INFO  tests.HomePageValidationTest - URL after goToBloodPressure(): https://hackvyatharth.github.io/Vitalguard_Team_Vanguardians/#bloodPressure
2026-01-20 16:58:42.862 INFO  tests.HomePageValidationTest - PASS: 'gotoBloodPressure' assertion passed
2026-01-20 16:58:42.862 INFO  listeners.Listener1 - onTestSuccess -> gotoBloodPressure
2026-01-20 16:58:42.878 INFO  listeners.Listener1 - onTestStart -> gotoAgeFactor
2026-01-20 16:58:42.880 INFO  tests.HomePageValidationTest - Navigating to Age Factor from Home page
2026-01-20 16:58:43.881 INFO  tests.HomePageValidationTest - URL after goToAgeFactor(): https://hackvyatharth.github.io/Vitalguard_Team_Vanguardians/#ageFactor
2026-01-20 16:58:43.881 INFO  tests.HomePageValidationTest - PASS: 'gotoAgeFactor' assertion passed
2026-01-20 16:58:43.881 INFO  listeners.Listener1 - onTestSuccess -> gotoAgeFactor
2026-01-20 16:58:43.888 INFO  listeners.Listener1 - onTestStart -> gotoTeamDetails
2026-01-20 16:58:43.888 INFO  tests.HomePageValidationTest - Navigating to Team Details from Home page
2026-01-20 16:58:44.563 INFO  tests.HomePageValidationTest - URL after goToTeamDetails(): https://hackvyatharth.github.io/Vitalguard_Team_Vanguardians/#foot
2026-01-20 16:58:44.563 INFO  tests.HomePageValidationTest - PASS: 'gotoTeamDetails' assertion passed
2026-01-20 16:58:44.563 INFO  listeners.Listener1 - onTestSuccess -> gotoTeamDetails
2026-01-20 16:58:44.573 INFO  tests.HomePageValidationTest - Tearing down webdriver
2026-01-20 16:58:45.100 INFO  listeners.Listener1 - onTestStart -> gotoBloodPressure
2026-01-20 16:58:45.100 INFO  tests.HomePageValidationTest - Navigating to Blood Pressure from Home page
2026-01-20 16:58:45.439 INFO  tests.HomePageValidationTest - URL after goToBloodPressure(): https://hackvyatharth.github.io/Vitalguard_Team_Vanguardians/#bloodPressure
2026-01-20 16:58:45.439 INFO  tests.HomePageValidationTest - PASS: 'gotoBloodPressure' assertion passed
2026-01-20 16:58:45.439 INFO  listeners.Listener1 - onTestSuccess -> gotoBloodPressure
2026-01-20 16:58:45.461 INFO  listeners.Listener1 - onTestStart -> gotoAgeFactor
2026-01-20 16:58:45.464 INFO  tests.HomePageValidationTest - Navigating to Age Factor from Home page
2026-01-20 16:58:45.811 INFO  tests.HomePageValidationTest - URL after goToAgeFactor(): https://hackvyatharth.github.io/Vitalguard_Team_Vanguardians/#ageFactor
2026-01-20 16:58:45.811 INFO  tests.HomePageValidationTest - PASS: 'gotoAgeFactor' assertion passed
2026-01-20 16:58:45.822 INFO  listeners.Listener1 - onTestSuccess -> gotoAgeFactor
2026-01-20 16:58:45.829 INFO  listeners.Listener1 - onTestStart -> gotoTeamDetails
2026-01-20 16:58:45.829 INFO  tests.HomePageValidationTest - Navigating to Team Details from Home page
2026-01-20 16:58:46.190 INFO  tests.HomePageValidationTest - URL after goToTeamDetails(): https://hackvyatharth.github.io/Vitalguard_Team_Vanguardians/#foot
2026-01-20 16:58:46.190 INFO  tests.HomePageValidationTest - PASS: 'gotoTeamDetails' assertion passed
2026-01-20 16:58:46.197 INFO  listeners.Listener1 - onTestSuccess -> gotoTeamDetails
2026-01-20 16:58:46.197 INFO  tests.HomePageValidationTest - Tearing down webdriver
2026-01-20 16:58:49.807 INFO  listeners.Listener1 - Flushing ExtentReports...
2026-01-20 16:58:50.601 INFO  listeners.Listener1 - ExtentReports flushed successfully
2026-01-20 16:58:50.601 INFO  listeners.Listener1 - Cleared testMap. Listener finished.
2026-01-20 16:58:51.798 INFO  listeners.Listener1 - Flushing ExtentReports...
2026-01-20 16:58:51.932 INFO  listeners.Listener1 - ExtentReports flushed successfully
2026-01-20 16:58:51.932 INFO  listeners.Listener1 - Cleared testMap. Listener finished.
2026-01-20 17:30:17.040 INFO  org.testng.internal.Utils - [TestNG] Running:
  C:\Users\2457157\AppData\Local\JetBrains\IdeaIC2025.2\temp-testng-customsuite.xml

2026-01-20 17:30:24.438 INFO  tests.HomePageValidationTest - chrome Browser started
2026-01-20 17:30:26.371 INFO  tests.HomePageValidationTest - Initializing HomePage and TopNavigation with driver
2026-01-20 17:30:26.717 INFO  tests.HomePageValidationTest - Navigating to Home page via TopNavigation.goToHome()
2026-01-20 17:30:27.453 INFO  tests.HomePageValidationTest - Arrived at Home page. Current URL: https://hackvyatharth.github.io/Vitalguard_Team_Vanguardians/#container
2026-01-20 17:30:28.290 INFO  tests.HomePageValidationTest - === Starting 'isTopNavPresent' test ===
2026-01-20 17:30:29.141 INFO  tests.HomePageValidationTest - PASS: Top navigation is present
2026-01-20 17:30:29.141 INFO  tests.HomePageValidationTest - === Completed 'isTopNavPresent' test ===
2026-01-20 17:30:29.676 INFO  tests.HomePageValidationTest - === Starting 'isLeftImagePresent' test ===
2026-01-20 17:30:29.943 INFO  tests.HomePageValidationTest - PASS: Left image is present
2026-01-20 17:30:29.943 INFO  tests.HomePageValidationTest - === Completed 'isLeftImagePresent' test ===
2026-01-20 17:30:29.986 INFO  tests.HomePageValidationTest - === Starting 'isCalculatorPresent' test ===
2026-01-20 17:30:30.203 INFO  tests.HomePageValidationTest - PASS: Calculator is present
2026-01-20 17:30:30.203 INFO  tests.HomePageValidationTest - === Completed 'isCalculatorPresent' test ===
2026-01-20 17:30:30.241 INFO  tests.HomePageValidationTest - Navigating to HeartPulse from Home page
2026-01-20 17:30:30.593 INFO  tests.HomePageValidationTest - URL after goToHeartPulse(): https://hackvyatharth.github.io/Vitalguard_Team_Vanguardians/#pulseRate
2026-01-20 17:30:30.593 INFO  tests.HomePageValidationTest - PASS: 'gotoHeartPulse' assertion passed
2026-01-20 17:30:30.612 INFO  tests.HomePageValidationTest - Navigating to Blood Pressure from Home page
2026-01-20 17:30:31.091 INFO  tests.HomePageValidationTest - URL after goToBloodPressure(): https://hackvyatharth.github.io/Vitalguard_Team_Vanguardians/#bloodPressure
2026-01-20 17:30:31.091 INFO  tests.HomePageValidationTest - PASS: 'gotoBloodPressure' assertion passed
2026-01-20 17:30:31.136 INFO  tests.HomePageValidationTest - Navigating to Age Factor from Home page
2026-01-20 17:30:31.503 INFO  tests.HomePageValidationTest - URL after goToAgeFactor(): https://hackvyatharth.github.io/Vitalguard_Team_Vanguardians/#ageFactor
2026-01-20 17:30:31.503 INFO  tests.HomePageValidationTest - PASS: 'gotoAgeFactor' assertion passed
2026-01-20 17:30:31.525 INFO  tests.HomePageValidationTest - Navigating to Team Details from Home page
2026-01-20 17:30:32.198 INFO  tests.HomePageValidationTest - URL after goToTeamDetails(): https://hackvyatharth.github.io/Vitalguard_Team_Vanguardians/#foot
2026-01-20 17:30:32.198 INFO  tests.HomePageValidationTest - PASS: 'gotoTeamDetails' assertion passed
2026-01-20 17:30:32.239 INFO  tests.HomePageValidationTest - Tearing down webdriver
2026-01-20 17:31:06.723 INFO  org.testng.internal.Utils - [TestNG] Running:
  C:\Users\2457157\IdeaProjects\HealthIndexCalculator\project.xml

2026-01-20 17:31:06.776 INFO  listeners.Listener1 - Initializing ExtentReports. Report path: C:\Users\2457157\IdeaProjects\HealthIndexCalculator/reports/Test-Report2026.01.20.17.31.06.html
2026-01-20 17:31:07.374 INFO  listeners.Listener1 - System info set: Browser=chrome
2026-01-20 17:31:07.374 INFO  listeners.Listener1 - ExtentReports initialization complete
2026-01-20 17:31:12.367 INFO  tests.UrlValidationTest - chrome Browser started
2026-01-20 17:31:12.991 INFO  tests.UrlValidationTest - Initializing page objects: TopNavigation, HomePage
2026-01-20 17:31:13.134 INFO  tests.UrlValidationTest - Setup completed for UrlValidationTest
2026-01-20 17:31:13.308 INFO  listeners.Listener1 - onTestStart -> isURLWorking
2026-01-20 17:31:13.351 INFO  tests.UrlValidationTest - === Starting 'isURLWorking' test ===
2026-01-20 17:31:14.392 INFO  tests.UrlValidationTest - NavBar present? true
2026-01-20 17:31:14.392 INFO  tests.UrlValidationTest - Left image present? true
2026-01-20 17:31:14.392 INFO  tests.UrlValidationTest - Calculator present? true
2026-01-20 17:31:14.410 INFO  tests.UrlValidationTest - PASS: Home page loaded successfully with all required elements
2026-01-20 17:31:14.410 INFO  tests.UrlValidationTest - === Completed 'isURLWorking' test ===
2026-01-20 17:31:14.410 INFO  listeners.Listener1 - onTestSuccess -> isURLWorking
2026-01-20 17:31:14.764 INFO  tests.UrlValidationTest - Tearing down webdriver
2026-01-20 17:31:21.311 INFO  tests.HomePageValidationTest - chrome Browser started
2026-01-20 17:31:21.858 INFO  tests.HomePageValidationTest - Initializing HomePage and TopNavigation with driver
2026-01-20 17:31:21.896 INFO  tests.HomePageValidationTest - Navigating to Home page via TopNavigation.goToHome()
2026-01-20 17:31:22.216 INFO  tests.HomePageValidationTest - Arrived at Home page. Current URL: https://hackvyatharth.github.io/Vitalguard_Team_Vanguardians/#container
2026-01-20 17:31:22.252 INFO  listeners.Listener1 - onTestStart -> isTopNavPresent
2026-01-20 17:31:22.252 INFO  tests.HomePageValidationTest - === Starting 'isTopNavPresent' test ===
2026-01-20 17:31:22.911 INFO  tests.HomePageValidationTest - PASS: Top navigation is present
2026-01-20 17:31:22.911 INFO  tests.HomePageValidationTest - === Completed 'isTopNavPresent' test ===
2026-01-20 17:31:22.911 INFO  listeners.Listener1 - onTestSuccess -> isTopNavPresent
2026-01-20 17:31:22.936 INFO  listeners.Listener1 - onTestStart -> isLeftImagePresent
2026-01-20 17:31:22.943 INFO  tests.HomePageValidationTest - === Starting 'isLeftImagePresent' test ===
2026-01-20 17:31:23.119 INFO  tests.HomePageValidationTest - PASS: Left image is present
2026-01-20 17:31:23.119 INFO  tests.HomePageValidationTest - === Completed 'isLeftImagePresent' test ===
2026-01-20 17:31:23.119 INFO  listeners.Listener1 - onTestSuccess -> isLeftImagePresent
2026-01-20 17:31:23.141 INFO  listeners.Listener1 - onTestStart -> isCalculatorPresent
2026-01-20 17:31:23.144 INFO  tests.HomePageValidationTest - === Starting 'isCalculatorPresent' test ===
2026-01-20 17:31:23.308 INFO  tests.HomePageValidationTest - PASS: Calculator is present
2026-01-20 17:31:23.309 INFO  tests.HomePageValidationTest - === Completed 'isCalculatorPresent' test ===
2026-01-20 17:31:23.309 INFO  listeners.Listener1 - onTestSuccess -> isCalculatorPresent
2026-01-20 17:31:23.327 INFO  listeners.Listener1 - onTestStart -> gotoHeartPulse
2026-01-20 17:31:23.334 INFO  tests.HomePageValidationTest - Navigating to HeartPulse from Home page
2026-01-20 17:31:23.687 INFO  tests.HomePageValidationTest - URL after goToHeartPulse(): https://hackvyatharth.github.io/Vitalguard_Team_Vanguardians/#pulseRate
2026-01-20 17:31:23.690 INFO  tests.HomePageValidationTest - PASS: 'gotoHeartPulse' assertion passed
2026-01-20 17:31:23.693 INFO  listeners.Listener1 - onTestSuccess -> gotoHeartPulse
2026-01-20 17:31:23.715 INFO  listeners.Listener1 - onTestStart -> gotoBloodPressure
2026-01-20 17:31:23.717 INFO  tests.HomePageValidationTest - Navigating to Blood Pressure from Home page
2026-01-20 17:31:24.009 INFO  tests.HomePageValidationTest - URL after goToBloodPressure(): https://hackvyatharth.github.io/Vitalguard_Team_Vanguardians/#bloodPressure
2026-01-20 17:31:24.009 INFO  tests.HomePageValidationTest - PASS: 'gotoBloodPressure' assertion passed
2026-01-20 17:31:24.016 INFO  listeners.Listener1 - onTestSuccess -> gotoBloodPressure
2026-01-20 17:31:24.042 INFO  listeners.Listener1 - onTestStart -> gotoAgeFactor
2026-01-20 17:31:24.042 INFO  tests.HomePageValidationTest - Navigating to Age Factor from Home page
2026-01-20 17:31:24.361 INFO  tests.HomePageValidationTest - URL after goToAgeFactor(): https://hackvyatharth.github.io/Vitalguard_Team_Vanguardians/#ageFactor
2026-01-20 17:31:24.363 INFO  tests.HomePageValidationTest - PASS: 'gotoAgeFactor' assertion passed
2026-01-20 17:31:24.365 INFO  listeners.Listener1 - onTestSuccess -> gotoAgeFactor
2026-01-20 17:31:24.377 INFO  listeners.Listener1 - onTestStart -> gotoTeamDetails
2026-01-20 17:31:24.377 INFO  tests.HomePageValidationTest - Navigating to Team Details from Home page
2026-01-20 17:31:24.730 INFO  tests.HomePageValidationTest - URL after goToTeamDetails(): https://hackvyatharth.github.io/Vitalguard_Team_Vanguardians/#foot
2026-01-20 17:31:24.730 INFO  tests.HomePageValidationTest - PASS: 'gotoTeamDetails' assertion passed
2026-01-20 17:31:24.730 INFO  listeners.Listener1 - onTestSuccess -> gotoTeamDetails
2026-01-20 17:31:24.741 INFO  tests.HomePageValidationTest - Tearing down webdriver
2026-01-20 17:31:28.247 INFO  listeners.Listener1 - Flushing ExtentReports...
2026-01-20 17:31:29.013 INFO  listeners.Listener1 - ExtentReports flushed successfully
2026-01-20 17:31:29.029 INFO  listeners.Listener1 - Cleared testMap. Listener finished.
2026-01-20 17:31:40.694 INFO  org.testng.internal.Utils - [TestNG] Running:
  C:\Users\2457157\IdeaProjects\HealthIndexCalculator\project.xml

2026-01-20 17:31:40.756 INFO  listeners.Listener1 - Initializing ExtentReports. Report path: C:\Users\2457157\IdeaProjects\HealthIndexCalculator/reports/Test-Report2026.01.20.17.31.40.html
2026-01-20 17:31:41.141 INFO  listeners.Listener1 - System info set: Browser=chrome
2026-01-20 17:31:41.141 INFO  listeners.Listener1 - ExtentReports initialization complete
2026-01-20 17:31:45.509 INFO  tests.UrlValidationTest - chrome Browser started
2026-01-20 17:31:46.115 INFO  tests.UrlValidationTest - Initializing page objects: TopNavigation, HomePage
2026-01-20 17:31:46.307 INFO  tests.UrlValidationTest - Setup completed for UrlValidationTest
2026-01-20 17:31:46.513 INFO  listeners.Listener1 - onTestStart -> isURLWorking
2026-01-20 17:31:46.553 INFO  tests.UrlValidationTest - === Starting 'isURLWorking' test ===
2026-01-20 17:31:47.637 INFO  tests.UrlValidationTest - NavBar present? true
2026-01-20 17:31:47.637 INFO  tests.UrlValidationTest - Left image present? true
2026-01-20 17:31:47.637 INFO  tests.UrlValidationTest - Calculator present? true
2026-01-20 17:31:47.641 INFO  tests.UrlValidationTest - PASS: Home page loaded successfully with all required elements
2026-01-20 17:31:47.641 INFO  tests.UrlValidationTest - === Completed 'isURLWorking' test ===
2026-01-20 17:31:47.653 INFO  listeners.Listener1 - onTestSuccess -> isURLWorking
2026-01-20 17:31:48.024 INFO  tests.UrlValidationTest - Tearing down webdriver
2026-01-20 17:31:55.181 INFO  tests.HeartPulsePageValidationTest - chrome Browser started
2026-01-20 17:31:55.751 INFO  tests.HeartPulsePageValidationTest - Initializing HeartPulsePage and TopNavigation with driver ChromeDriver: chrome on windows (af72c3254381a124ddcdab3e6919c420)
2026-01-20 17:31:55.781 INFO  tests.HeartPulsePageValidationTest - Navigating to 'Heart Pulse' via top navigation
2026-01-20 17:31:56.134 INFO  tests.HeartPulsePageValidationTest - Arrived at Heart Pulse page. Current URL: https://hackvyatharth.github.io/Vitalguard_Team_Vanguardians/#pulseRate
2026-01-20 17:31:56.170 INFO  listeners.Listener1 - onTestStart -> isHeadingPresent
2026-01-20 17:31:56.171 INFO  tests.HeartPulsePageValidationTest - Checking Heart Pulse page heading presence
2026-01-20 17:31:56.316 INFO  tests.HeartPulsePageValidationTest - 'isHeadingPresent' assertion passed
2026-01-20 17:31:56.318 INFO  listeners.Listener1 - onTestSuccess -> isHeadingPresent
2026-01-20 17:31:56.337 INFO  listeners.Listener1 - onTestStart -> isTopNavPresent
2026-01-20 17:31:56.337 INFO  tests.HeartPulsePageValidationTest - Verifying top navigation presence on Heart Pulse page
2026-01-20 17:31:56.932 INFO  tests.HeartPulsePageValidationTest - 'isTopNavPresent' assertion passed
2026-01-20 17:31:56.932 INFO  listeners.Listener1 - onTestSuccess -> isTopNavPresent
2026-01-20 17:32:04.026 INFO  tests.HomePageValidationTest - chrome Browser started
2026-01-20 17:32:05.174 INFO  tests.HomePageValidationTest - Initializing HomePage and TopNavigation with driver
2026-01-20 17:32:05.244 INFO  tests.HomePageValidationTest - Navigating to Home page via TopNavigation.goToHome()
2026-01-20 17:32:06.048 INFO  tests.HomePageValidationTest - Arrived at Home page. Current URL: https://hackvyatharth.github.io/Vitalguard_Team_Vanguardians/#container
2026-01-20 17:32:06.081 INFO  listeners.Listener1 - onTestStart -> isTopNavPresent
2026-01-20 17:32:06.083 INFO  tests.HomePageValidationTest - === Starting 'isTopNavPresent' test ===
2026-01-20 17:32:06.640 INFO  tests.HomePageValidationTest - PASS: Top navigation is present
2026-01-20 17:32:06.640 INFO  tests.HomePageValidationTest - === Completed 'isTopNavPresent' test ===
2026-01-20 17:32:06.640 INFO  listeners.Listener1 - onTestSuccess -> isTopNavPresent
2026-01-20 17:32:06.658 INFO  listeners.Listener1 - onTestStart -> gotoHome
2026-01-20 17:32:06.658 INFO  tests.HeartPulsePageValidationTest - Navigating to Home from Heart Pulse page
2026-01-20 17:32:07.129 INFO  tests.HeartPulsePageValidationTest - URL after goToHome(): https://hackvyatharth.github.io/Vitalguard_Team_Vanguardians/#container
2026-01-20 17:32:07.129 INFO  tests.HeartPulsePageValidationTest - 'gotoHome' assertion passed
2026-01-20 17:32:07.129 INFO  listeners.Listener1 - onTestSuccess -> gotoHome
2026-01-20 17:32:07.144 INFO  listeners.Listener1 - onTestStart -> isLeftImagePresent
2026-01-20 17:32:07.158 INFO  tests.HomePageValidationTest - === Starting 'isLeftImagePresent' test ===
2026-01-20 17:32:07.395 INFO  tests.HomePageValidationTest - PASS: Left image is present
2026-01-20 17:32:07.395 INFO  tests.HomePageValidationTest - === Completed 'isLeftImagePresent' test ===
2026-01-20 17:32:07.395 INFO  listeners.Listener1 - onTestSuccess -> isLeftImagePresent
2026-01-20 17:32:07.423 INFO  listeners.Listener1 - onTestStart -> gotoBloodPressure
2026-01-20 17:32:07.429 INFO  tests.HeartPulsePageValidationTest - Navigating to Blood Pressure from Heart Pulse page
2026-01-20 17:32:07.861 INFO  tests.HeartPulsePageValidationTest - URL after goToBloodPressure(): https://hackvyatharth.github.io/Vitalguard_Team_Vanguardians/#bloodPressure
2026-01-20 17:32:07.861 INFO  tests.HeartPulsePageValidationTest - 'gotoBloodPressure' assertion passed
2026-01-20 17:32:07.861 INFO  listeners.Listener1 - onTestSuccess -> gotoBloodPressure
2026-01-20 17:32:07.883 INFO  listeners.Listener1 - onTestStart -> isCalculatorPresent
2026-01-20 17:32:07.883 INFO  tests.HomePageValidationTest - === Starting 'isCalculatorPresent' test ===
2026-01-20 17:32:08.076 INFO  tests.HomePageValidationTest - PASS: Calculator is present
2026-01-20 17:32:08.076 INFO  tests.HomePageValidationTest - === Completed 'isCalculatorPresent' test ===
2026-01-20 17:32:08.076 INFO  listeners.Listener1 - onTestSuccess -> isCalculatorPresent
2026-01-20 17:32:08.098 INFO  listeners.Listener1 - onTestStart -> gotoAgeFactor
2026-01-20 17:32:08.100 INFO  tests.HeartPulsePageValidationTest - Navigating to Age Factor from Heart Pulse page
2026-01-20 17:32:08.362 INFO  tests.HeartPulsePageValidationTest - URL after goToAgeFactor(): https://hackvyatharth.github.io/Vitalguard_Team_Vanguardians/#ageFactor
2026-01-20 17:32:08.362 INFO  tests.HeartPulsePageValidationTest - 'gotoAgeFactor' assertion passed
2026-01-20 17:32:08.378 INFO  listeners.Listener1 - onTestSuccess -> gotoAgeFactor
2026-01-20 17:32:08.383 INFO  listeners.Listener1 - onTestStart -> gotoHeartPulse
2026-01-20 17:32:08.385 INFO  tests.HomePageValidationTest - Navigating to HeartPulse from Home page
2026-01-20 17:32:08.664 INFO  tests.HomePageValidationTest - URL after goToHeartPulse(): https://hackvyatharth.github.io/Vitalguard_Team_Vanguardians/#pulseRate
2026-01-20 17:32:08.664 INFO  tests.HomePageValidationTest - PASS: 'gotoHeartPulse' assertion passed
2026-01-20 17:32:08.664 INFO  listeners.Listener1 - onTestSuccess -> gotoHeartPulse
2026-01-20 17:32:08.679 INFO  listeners.Listener1 - onTestStart -> gotoTeamDetails
2026-01-20 17:32:08.679 INFO  tests.HeartPulsePageValidationTest - Navigating to Team Details from Heart Pulse page
2026-01-20 17:32:08.943 INFO  tests.HeartPulsePageValidationTest - URL after goToTeamDetails(): https://hackvyatharth.github.io/Vitalguard_Team_Vanguardians/#foot
2026-01-20 17:32:08.943 INFO  tests.HeartPulsePageValidationTest - 'gotoTeamDetails' assertion passed
2026-01-20 17:32:08.945 INFO  listeners.Listener1 - onTestSuccess -> gotoTeamDetails
2026-01-20 17:32:08.951 INFO  tests.HeartPulsePageValidationTest - Tearing down webdriver
2026-01-20 17:32:13.207 INFO  listeners.Listener1 - onTestStart -> gotoBloodPressure
2026-01-20 17:32:13.209 INFO  tests.HomePageValidationTest - Navigating to Blood Pressure from Home page
2026-01-20 17:32:13.436 INFO  tests.HomePageValidationTest - URL after goToBloodPressure(): https://hackvyatharth.github.io/Vitalguard_Team_Vanguardians/#bloodPressure
2026-01-20 17:32:13.436 INFO  tests.HomePageValidationTest - PASS: 'gotoBloodPressure' assertion passed
2026-01-20 17:32:13.436 INFO  listeners.Listener1 - onTestSuccess -> gotoBloodPressure
2026-01-20 17:32:13.436 INFO  listeners.Listener1 - onTestStart -> gotoAgeFactor
2026-01-20 17:32:13.451 INFO  tests.HomePageValidationTest - Navigating to Age Factor from Home page
2026-01-20 17:32:13.679 INFO  tests.HomePageValidationTest - URL after goToAgeFactor(): https://hackvyatharth.github.io/Vitalguard_Team_Vanguardians/#ageFactor
2026-01-20 17:32:13.679 INFO  tests.HomePageValidationTest - PASS: 'gotoAgeFactor' assertion passed
2026-01-20 17:32:13.679 INFO  listeners.Listener1 - onTestSuccess -> gotoAgeFactor
2026-01-20 17:32:13.698 INFO  listeners.Listener1 - onTestStart -> gotoTeamDetails
2026-01-20 17:32:13.700 INFO  tests.HomePageValidationTest - Navigating to Team Details from Home page
2026-01-20 17:32:13.959 INFO  tests.HomePageValidationTest - URL after goToTeamDetails(): https://hackvyatharth.github.io/Vitalguard_Team_Vanguardians/#foot
2026-01-20 17:32:13.969 INFO  tests.HomePageValidationTest - PASS: 'gotoTeamDetails' assertion passed
2026-01-20 17:32:13.969 INFO  listeners.Listener1 - onTestSuccess -> gotoTeamDetails
2026-01-20 17:32:13.972 INFO  tests.HomePageValidationTest - Tearing down webdriver
2026-01-20 17:32:17.524 INFO  listeners.Listener1 - Flushing ExtentReports...
2026-01-20 17:32:18.113 INFO  listeners.Listener1 - ExtentReports flushed successfully
2026-01-20 17:32:18.113 INFO  listeners.Listener1 - Cleared testMap. Listener finished.
2026-01-20 17:32:26.286 INFO  org.testng.internal.Utils - [TestNG] Running:
  C:\Users\2457157\IdeaProjects\HealthIndexCalculator\project.xml

2026-01-20 17:32:26.348 INFO  listeners.Listener1 - Initializing ExtentReports. Report path: C:\Users\2457157\IdeaProjects\HealthIndexCalculator/reports/Test-Report2026.01.20.17.32.26.html
2026-01-20 17:32:26.650 INFO  listeners.Listener1 - System info set: Browser=chrome
2026-01-20 17:32:26.650 INFO  listeners.Listener1 - ExtentReports initialization complete
2026-01-20 17:32:31.053 INFO  tests.HeartPulsePageValidationTest - chrome Browser started
2026-01-20 17:32:31.744 INFO  tests.HeartPulsePageValidationTest - Initializing HeartPulsePage and TopNavigation with driver ChromeDriver: chrome on windows (b35c8e9692b09cdc6008319fa1422b7a)
2026-01-20 17:32:31.926 INFO  tests.HeartPulsePageValidationTest - Navigating to 'Heart Pulse' via top navigation
2026-01-20 17:32:32.234 INFO  tests.HeartPulsePageValidationTest - Arrived at Heart Pulse page. Current URL: https://hackvyatharth.github.io/Vitalguard_Team_Vanguardians/#pulseRate
2026-01-20 17:32:32.464 INFO  listeners.Listener1 - onTestStart -> isHeadingPresent
2026-01-20 17:32:32.507 INFO  tests.HeartPulsePageValidationTest - Checking Heart Pulse page heading presence
2026-01-20 17:32:32.725 INFO  tests.HeartPulsePageValidationTest - 'isHeadingPresent' assertion passed
2026-01-20 17:32:32.725 INFO  listeners.Listener1 - onTestSuccess -> isHeadingPresent
2026-01-20 17:32:33.141 INFO  listeners.Listener1 - onTestStart -> isTopNavPresent
2026-01-20 17:32:33.146 INFO  tests.HeartPulsePageValidationTest - Verifying top navigation presence on Heart Pulse page
2026-01-20 17:32:33.808 INFO  tests.HeartPulsePageValidationTest - 'isTopNavPresent' assertion passed
2026-01-20 17:32:33.808 INFO  listeners.Listener1 - onTestSuccess -> isTopNavPresent
2026-01-20 17:32:39.096 INFO  tests.HomePageValidationTest - chrome Browser started
2026-01-20 17:32:39.727 INFO  tests.HomePageValidationTest - Initializing HomePage and TopNavigation with driver
2026-01-20 17:32:39.783 INFO  tests.HomePageValidationTest - Navigating to Home page via TopNavigation.goToHome()
2026-01-20 17:32:40.208 INFO  tests.HomePageValidationTest - Arrived at Home page. Current URL: https://hackvyatharth.github.io/Vitalguard_Team_Vanguardians/#container
2026-01-20 17:32:40.232 INFO  listeners.Listener1 - onTestStart -> isTopNavPresent
2026-01-20 17:32:40.245 INFO  tests.HomePageValidationTest - === Starting 'isTopNavPresent' test ===
2026-01-20 17:32:40.920 INFO  tests.HomePageValidationTest - PASS: Top navigation is present
2026-01-20 17:32:40.922 INFO  tests.HomePageValidationTest - === Completed 'isTopNavPresent' test ===
2026-01-20 17:32:40.925 INFO  listeners.Listener1 - onTestSuccess -> isTopNavPresent
2026-01-20 17:32:40.943 INFO  listeners.Listener1 - onTestStart -> gotoHome
2026-01-20 17:32:40.952 INFO  tests.HeartPulsePageValidationTest - Navigating to Home from Heart Pulse page
2026-01-20 17:32:41.342 INFO  tests.HeartPulsePageValidationTest - URL after goToHome(): https://hackvyatharth.github.io/Vitalguard_Team_Vanguardians/#container
2026-01-20 17:32:41.345 INFO  tests.HeartPulsePageValidationTest - 'gotoHome' assertion passed
2026-01-20 17:32:41.348 INFO  listeners.Listener1 - onTestSuccess -> gotoHome
2026-01-20 17:32:41.362 INFO  listeners.Listener1 - onTestStart -> isLeftImagePresent
2026-01-20 17:32:41.369 INFO  tests.HomePageValidationTest - === Starting 'isLeftImagePresent' test ===
2026-01-20 17:32:41.551 INFO  tests.HomePageValidationTest - PASS: Left image is present
2026-01-20 17:32:41.558 INFO  tests.HomePageValidationTest - === Completed 'isLeftImagePresent' test ===
2026-01-20 17:32:41.558 INFO  listeners.Listener1 - onTestSuccess -> isLeftImagePresent
2026-01-20 17:32:41.583 INFO  listeners.Listener1 - onTestStart -> gotoBloodPressure
2026-01-20 17:32:41.589 INFO  tests.HeartPulsePageValidationTest - Navigating to Blood Pressure from Heart Pulse page
2026-01-20 17:32:41.937 INFO  tests.HeartPulsePageValidationTest - URL after goToBloodPressure(): https://hackvyatharth.github.io/Vitalguard_Team_Vanguardians/#bloodPressure
2026-01-20 17:32:41.937 INFO  tests.HeartPulsePageValidationTest - 'gotoBloodPressure' assertion passed
2026-01-20 17:32:41.939 INFO  listeners.Listener1 - onTestSuccess -> gotoBloodPressure
2026-01-20 17:32:41.963 INFO  listeners.Listener1 - onTestStart -> isCalculatorPresent
2026-01-20 17:32:41.963 INFO  tests.HomePageValidationTest - === Starting 'isCalculatorPresent' test ===
2026-01-20 17:32:42.240 INFO  tests.HomePageValidationTest - PASS: Calculator is present
2026-01-20 17:32:42.240 INFO  tests.HomePageValidationTest - === Completed 'isCalculatorPresent' test ===
2026-01-20 17:32:42.240 INFO  listeners.Listener1 - onTestSuccess -> isCalculatorPresent
2026-01-20 17:32:42.261 INFO  listeners.Listener1 - onTestStart -> gotoAgeFactor
2026-01-20 17:32:42.276 INFO  tests.HeartPulsePageValidationTest - Navigating to Age Factor from Heart Pulse page
2026-01-20 17:32:42.576 INFO  tests.HeartPulsePageValidationTest - URL after goToAgeFactor(): https://hackvyatharth.github.io/Vitalguard_Team_Vanguardians/#ageFactor
2026-01-20 17:32:42.576 INFO  tests.HeartPulsePageValidationTest - 'gotoAgeFactor' assertion passed
2026-01-20 17:32:42.578 INFO  listeners.Listener1 - onTestSuccess -> gotoAgeFactor
2026-01-20 17:32:42.595 INFO  listeners.Listener1 - onTestStart -> gotoHeartPulse
2026-01-20 17:32:42.603 INFO  tests.HomePageValidationTest - Navigating to HeartPulse from Home page
2026-01-20 17:32:43.249 INFO  tests.HomePageValidationTest - URL after goToHeartPulse(): https://hackvyatharth.github.io/Vitalguard_Team_Vanguardians/#pulseRate
2026-01-20 17:32:43.251 INFO  tests.HomePageValidationTest - PASS: 'gotoHeartPulse' assertion passed
2026-01-20 17:32:43.252 INFO  listeners.Listener1 - onTestSuccess -> gotoHeartPulse
2026-01-20 17:32:43.270 INFO  listeners.Listener1 - onTestStart -> gotoTeamDetails
2026-01-20 17:32:43.272 INFO  tests.HeartPulsePageValidationTest - Navigating to Team Details from Heart Pulse page
2026-01-20 17:32:43.575 INFO  tests.HeartPulsePageValidationTest - URL after goToTeamDetails(): https://hackvyatharth.github.io/Vitalguard_Team_Vanguardians/#foot
2026-01-20 17:32:43.577 INFO  tests.HeartPulsePageValidationTest - 'gotoTeamDetails' assertion passed
2026-01-20 17:32:43.577 INFO  listeners.Listener1 - onTestSuccess -> gotoTeamDetails
2026-01-20 17:32:43.585 INFO  tests.HeartPulsePageValidationTest - Tearing down webdriver
2026-01-20 17:32:48.395 INFO  listeners.Listener1 - onTestStart -> gotoBloodPressure
2026-01-20 17:32:48.395 INFO  tests.HomePageValidationTest - Navigating to Blood Pressure from Home page
2026-01-20 17:32:48.718 INFO  tests.HomePageValidationTest - URL after goToBloodPressure(): https://hackvyatharth.github.io/Vitalguard_Team_Vanguardians/#bloodPressure
2026-01-20 17:32:48.718 INFO  tests.HomePageValidationTest - PASS: 'gotoBloodPressure' assertion passed
2026-01-20 17:32:48.718 INFO  listeners.Listener1 - onTestSuccess -> gotoBloodPressure
2026-01-20 17:32:48.736 INFO  listeners.Listener1 - onTestStart -> gotoAgeFactor
2026-01-20 17:32:48.736 INFO  tests.HomePageValidationTest - Navigating to Age Factor from Home page
2026-01-20 17:32:49.046 INFO  tests.HomePageValidationTest - URL after goToAgeFactor(): https://hackvyatharth.github.io/Vitalguard_Team_Vanguardians/#ageFactor
2026-01-20 17:32:49.046 INFO  tests.HomePageValidationTest - PASS: 'gotoAgeFactor' assertion passed
2026-01-20 17:32:49.046 INFO  listeners.Listener1 - onTestSuccess -> gotoAgeFactor
2026-01-20 17:32:49.054 INFO  listeners.Listener1 - onTestStart -> gotoTeamDetails
2026-01-20 17:32:49.054 INFO  tests.HomePageValidationTest - Navigating to Team Details from Home page
2026-01-20 17:32:49.314 INFO  tests.HomePageValidationTest - URL after goToTeamDetails(): https://hackvyatharth.github.io/Vitalguard_Team_Vanguardians/#foot
2026-01-20 17:32:49.314 INFO  tests.HomePageValidationTest - PASS: 'gotoTeamDetails' assertion passed
2026-01-20 17:32:49.314 INFO  listeners.Listener1 - onTestSuccess -> gotoTeamDetails
2026-01-20 17:32:49.334 INFO  tests.HomePageValidationTest - Tearing down webdriver
2026-01-20 17:32:52.763 INFO  listeners.Listener1 - Flushing ExtentReports...
2026-01-20 17:32:53.545 INFO  listeners.Listener1 - ExtentReports flushed successfully
2026-01-20 17:32:53.545 INFO  listeners.Listener1 - Cleared testMap. Listener finished.
2026-01-20 17:33:01.655 INFO  org.testng.internal.Utils - [TestNG] Running:
  C:\Users\2457157\IdeaProjects\HealthIndexCalculator\project.xml

2026-01-20 17:33:01.699 INFO  listeners.Listener1 - Initializing ExtentReports. Report path: C:\Users\2457157\IdeaProjects\HealthIndexCalculator/reports/Test-Report2026.01.20.17.33.01.html
2026-01-20 17:33:02.019 INFO  listeners.Listener1 - System info set: Browser=chrome
2026-01-20 17:33:02.019 INFO  listeners.Listener1 - ExtentReports initialization complete
2026-01-20 17:33:06.951 INFO  tests.UrlValidationTest - chrome Browser started
2026-01-20 17:33:07.462 INFO  tests.UrlValidationTest - Initializing page objects: TopNavigation, HomePage
2026-01-20 17:33:07.642 INFO  tests.UrlValidationTest - Setup completed for UrlValidationTest
2026-01-20 17:33:07.844 INFO  listeners.Listener1 - onTestStart -> isURLWorking
2026-01-20 17:33:07.880 INFO  tests.UrlValidationTest - === Starting 'isURLWorking' test ===
2026-01-20 17:33:08.807 INFO  tests.UrlValidationTest - NavBar present? true
2026-01-20 17:33:08.807 INFO  tests.UrlValidationTest - Left image present? true
2026-01-20 17:33:08.807 INFO  tests.UrlValidationTest - Calculator present? true
2026-01-20 17:33:08.817 INFO  tests.UrlValidationTest - PASS: Home page loaded successfully with all required elements
2026-01-20 17:33:08.820 INFO  tests.UrlValidationTest - === Completed 'isURLWorking' test ===
2026-01-20 17:33:08.827 INFO  listeners.Listener1 - onTestSuccess -> isURLWorking
2026-01-20 17:33:09.256 INFO  tests.UrlValidationTest - Tearing down webdriver
2026-01-20 17:33:17.138 INFO  tests.HeartPulsePageValidationTest - chrome Browser started
2026-01-20 17:33:17.636 INFO  tests.HeartPulsePageValidationTest - Initializing HeartPulsePage and TopNavigation with driver ChromeDriver: chrome on windows (9e669b89a7329d2755d70435e475f5e7)
2026-01-20 17:33:17.680 INFO  tests.HeartPulsePageValidationTest - Navigating to 'Heart Pulse' via top navigation
2026-01-20 17:33:18.008 INFO  tests.HeartPulsePageValidationTest - Arrived at Heart Pulse page. Current URL: https://hackvyatharth.github.io/Vitalguard_Team_Vanguardians/#pulseRate
2026-01-20 17:33:18.032 INFO  listeners.Listener1 - onTestStart -> isHeadingPresent
2026-01-20 17:33:18.038 INFO  tests.HeartPulsePageValidationTest - Checking Heart Pulse page heading presence
2026-01-20 17:33:18.190 INFO  tests.HeartPulsePageValidationTest - 'isHeadingPresent' assertion passed
2026-01-20 17:33:18.195 INFO  listeners.Listener1 - onTestSuccess -> isHeadingPresent
2026-01-20 17:33:18.216 INFO  listeners.Listener1 - onTestStart -> isTopNavPresent
2026-01-20 17:33:18.218 INFO  tests.HeartPulsePageValidationTest - Verifying top navigation presence on Heart Pulse page
2026-01-20 17:33:18.839 INFO  tests.HeartPulsePageValidationTest - 'isTopNavPresent' assertion passed
2026-01-20 17:33:18.842 INFO  listeners.Listener1 - onTestSuccess -> isTopNavPresent
2026-01-20 17:33:18.858 INFO  listeners.Listener1 - onTestStart -> gotoHome
2026-01-20 17:33:18.858 INFO  tests.HeartPulsePageValidationTest - Navigating to Home from Heart Pulse page
2026-01-20 17:33:19.216 INFO  tests.HeartPulsePageValidationTest - URL after goToHome(): https://hackvyatharth.github.io/Vitalguard_Team_Vanguardians/#container
2026-01-20 17:33:19.221 INFO  tests.HeartPulsePageValidationTest - 'gotoHome' assertion passed
2026-01-20 17:33:19.225 INFO  listeners.Listener1 - onTestSuccess -> gotoHome
2026-01-20 17:33:24.212 INFO  t.BloodPressurePageValidationTest - chrome Browser started
2026-01-20 17:33:24.882 INFO  t.BloodPressurePageValidationTest - Initializing BloodPressurePage and TopNavigation...
2026-01-20 17:33:24.959 INFO  t.BloodPressurePageValidationTest - Navigating to 'Blood Pressure' via top navigation...
2026-01-20 17:33:25.349 INFO  t.BloodPressurePageValidationTest - Arrived at Blood Pressure page. Current URL: https://hackvyatharth.github.io/Vitalguard_Team_Vanguardians/#bloodPressure
2026-01-20 17:33:25.386 INFO  listeners.Listener1 - onTestStart -> isTopNavPresent
2026-01-20 17:33:25.386 INFO  t.BloodPressurePageValidationTest - === Starting 'isTopNavPresent' test ===
2026-01-20 17:33:25.954 INFO  t.BloodPressurePageValidationTest - PASS: Top navigation presence assertion passed.
2026-01-20 17:33:25.954 INFO  t.BloodPressurePageValidationTest - === Completed 'isTopNavPresent' test ===
2026-01-20 17:33:25.954 INFO  listeners.Listener1 - onTestSuccess -> isTopNavPresent
2026-01-20 17:33:25.980 INFO  listeners.Listener1 - onTestStart -> gotoBloodPressure
2026-01-20 17:33:25.984 INFO  tests.HeartPulsePageValidationTest - Navigating to Blood Pressure from Heart Pulse page
2026-01-20 17:33:26.364 INFO  tests.HeartPulsePageValidationTest - URL after goToBloodPressure(): https://hackvyatharth.github.io/Vitalguard_Team_Vanguardians/#bloodPressure
2026-01-20 17:33:26.364 INFO  tests.HeartPulsePageValidationTest - 'gotoBloodPressure' assertion passed
2026-01-20 17:33:26.364 INFO  listeners.Listener1 - onTestSuccess -> gotoBloodPressure
2026-01-20 17:33:26.391 INFO  listeners.Listener1 - onTestStart -> isHeadingPresent
2026-01-20 17:33:26.394 INFO  t.BloodPressurePageValidationTest - === Starting 'isHeadingPresent' test ===
2026-01-20 17:33:26.545 INFO  t.BloodPressurePageValidationTest - PASS: Heading presence assertion passed.
2026-01-20 17:33:26.545 INFO  t.BloodPressurePageValidationTest - === Completed 'isHeadingPresent' test ===
2026-01-20 17:33:26.545 INFO  listeners.Listener1 - onTestSuccess -> isHeadingPresent
2026-01-20 17:33:26.560 INFO  listeners.Listener1 - onTestStart -> gotoAgeFactor
2026-01-20 17:33:26.569 INFO  tests.HeartPulsePageValidationTest - Navigating to Age Factor from Heart Pulse page
2026-01-20 17:33:26.952 INFO  tests.HeartPulsePageValidationTest - URL after goToAgeFactor(): https://hackvyatharth.github.io/Vitalguard_Team_Vanguardians/#ageFactor
2026-01-20 17:33:26.952 INFO  tests.HeartPulsePageValidationTest - 'gotoAgeFactor' assertion passed
2026-01-20 17:33:26.957 INFO  listeners.Listener1 - onTestSuccess -> gotoAgeFactor
2026-01-20 17:33:26.974 INFO  listeners.Listener1 - onTestStart -> isInfoPresent
2026-01-20 17:33:26.974 INFO  t.BloodPressurePageValidationTest - === Starting 'isInfoPresent' test ===
2026-01-20 17:33:27.193 INFO  t.BloodPressurePageValidationTest - PASS: Information block presence assertion passed.
2026-01-20 17:33:27.214 INFO  t.BloodPressurePageValidationTest - === Completed 'isInfoPresent' test ===
2026-01-20 17:33:27.214 INFO  listeners.Listener1 - onTestSuccess -> isInfoPresent
2026-01-20 17:33:27.237 INFO  listeners.Listener1 - onTestStart -> gotoTeamDetails
2026-01-20 17:33:27.241 INFO  tests.HeartPulsePageValidationTest - Navigating to Team Details from Heart Pulse page
2026-01-20 17:33:27.658 INFO  tests.HeartPulsePageValidationTest - URL after goToTeamDetails(): https://hackvyatharth.github.io/Vitalguard_Team_Vanguardians/#foot
2026-01-20 17:33:27.661 INFO  tests.HeartPulsePageValidationTest - 'gotoTeamDetails' assertion passed
2026-01-20 17:33:27.661 INFO  listeners.Listener1 - onTestSuccess -> gotoTeamDetails
2026-01-20 17:33:27.674 INFO  tests.HeartPulsePageValidationTest - Tearing down webdriver
2026-01-20 17:33:32.907 INFO  listeners.Listener1 - onTestStart -> gotoHome
2026-01-20 17:33:32.909 INFO  t.BloodPressurePageValidationTest - Navigating to Home via BloodPressurePage.goToHome()...
2026-01-20 17:33:33.263 INFO  t.BloodPressurePageValidationTest - URL after goToHome(): https://hackvyatharth.github.io/Vitalguard_Team_Vanguardians/#container
2026-01-20 17:33:33.263 INFO  t.BloodPressurePageValidationTest - PASS: Home navigation assertion passed.
2026-01-20 17:33:33.263 INFO  listeners.Listener1 - onTestSuccess -> gotoHome
2026-01-20 17:33:33.271 INFO  listeners.Listener1 - onTestStart -> gotoHeartPulse
2026-01-20 17:33:33.271 INFO  t.BloodPressurePageValidationTest - Navigating to Heart Pulse via BloodPressurePage.goToHeartPulse()...
2026-01-20 17:33:33.518 INFO  t.BloodPressurePageValidationTest - URL after goToHeartPulse(): https://hackvyatharth.github.io/Vitalguard_Team_Vanguardians/#pulseRate
2026-01-20 17:33:33.518 INFO  t.BloodPressurePageValidationTest - PASS: Heart Pulse navigation assertion passed.
2026-01-20 17:33:33.518 INFO  listeners.Listener1 - onTestSuccess -> gotoHeartPulse
2026-01-20 17:33:33.533 INFO  listeners.Listener1 - onTestStart -> gotoAgeFactorPage
2026-01-20 17:33:33.535 INFO  t.BloodPressurePageValidationTest - Navigating to Age Factor via BloodPressurePage.goToAgeFactor()...
2026-01-20 17:33:33.819 INFO  t.BloodPressurePageValidationTest - URL after goToAgeFactor(): https://hackvyatharth.github.io/Vitalguard_Team_Vanguardians/#ageFactor
2026-01-20 17:33:33.831 INFO  t.BloodPressurePageValidationTest - PASS: Age Factor navigation assertion passed.
2026-01-20 17:33:33.831 INFO  listeners.Listener1 - onTestSuccess -> gotoAgeFactorPage
2026-01-20 17:33:33.842 INFO  listeners.Listener1 - onTestStart -> gotoTeamDetails
2026-01-20 17:33:33.844 INFO  t.BloodPressurePageValidationTest - Navigating to Team Details via BloodPressurePage.goToTeamDetails()...
2026-01-20 17:33:34.169 INFO  t.BloodPressurePageValidationTest - URL after goToTeamDetails(): https://hackvyatharth.github.io/Vitalguard_Team_Vanguardians/#foot
2026-01-20 17:33:34.169 INFO  t.BloodPressurePageValidationTest - PASS: Team Details navigation assertion passed.
2026-01-20 17:33:34.171 INFO  listeners.Listener1 - onTestSuccess -> gotoTeamDetails
2026-01-20 17:33:34.178 INFO  t.BloodPressurePageValidationTest - Tearing down webdriver
2026-01-20 17:33:38.092 INFO  listeners.Listener1 - Flushing ExtentReports...
2026-01-20 17:33:38.761 INFO  listeners.Listener1 - ExtentReports flushed successfully
2026-01-20 17:33:38.761 INFO  listeners.Listener1 - Cleared testMap. Listener finished.
2026-01-20 17:33:50.861 INFO  org.testng.internal.Utils - [TestNG] Running:
  C:\Users\2457157\IdeaProjects\HealthIndexCalculator\project.xml

2026-01-20 17:33:50.955 INFO  listeners.Listener1 - Initializing ExtentReports. Report path: C:\Users\2457157\IdeaProjects\HealthIndexCalculator/reports/Test-Report2026.01.20.17.33.50.html
2026-01-20 17:33:51.351 INFO  listeners.Listener1 - System info set: Browser=chrome
2026-01-20 17:33:51.351 INFO  listeners.Listener1 - ExtentReports initialization complete
2026-01-20 17:33:55.508 INFO  tests.UrlValidationTest - chrome Browser started
2026-01-20 17:33:56.169 INFO  tests.UrlValidationTest - Initializing page objects: TopNavigation, HomePage
2026-01-20 17:33:56.330 INFO  tests.UrlValidationTest - Setup completed for UrlValidationTest
2026-01-20 17:33:56.488 INFO  listeners.Listener1 - onTestStart -> isURLWorking
2026-01-20 17:33:56.519 INFO  tests.UrlValidationTest - === Starting 'isURLWorking' test ===
2026-01-20 17:33:57.544 INFO  tests.UrlValidationTest - NavBar present? true
2026-01-20 17:33:57.544 INFO  tests.UrlValidationTest - Left image present? true
2026-01-20 17:33:57.544 INFO  tests.UrlValidationTest - Calculator present? true
2026-01-20 17:33:57.550 INFO  tests.UrlValidationTest - PASS: Home page loaded successfully with all required elements
2026-01-20 17:33:57.550 INFO  tests.UrlValidationTest - === Completed 'isURLWorking' test ===
2026-01-20 17:33:57.556 INFO  listeners.Listener1 - onTestSuccess -> isURLWorking
2026-01-20 17:33:57.865 INFO  tests.UrlValidationTest - Tearing down webdriver
2026-01-20 17:34:04.656 INFO  tests.HeartPulsePageValidationTest - chrome Browser started
2026-01-20 17:34:05.244 INFO  tests.HeartPulsePageValidationTest - Initializing HeartPulsePage and TopNavigation with driver ChromeDriver: chrome on windows (e94022df78db637fd5b2b819c3c35ec4)
2026-01-20 17:34:05.292 INFO  tests.HeartPulsePageValidationTest - Navigating to 'Heart Pulse' via top navigation
2026-01-20 17:34:05.610 INFO  tests.HeartPulsePageValidationTest - Arrived at Heart Pulse page. Current URL: https://hackvyatharth.github.io/Vitalguard_Team_Vanguardians/#pulseRate
2026-01-20 17:34:05.638 INFO  listeners.Listener1 - onTestStart -> isHeadingPresent
2026-01-20 17:34:05.647 INFO  tests.HeartPulsePageValidationTest - Checking Heart Pulse page heading presence
2026-01-20 17:34:05.798 INFO  tests.HeartPulsePageValidationTest - 'isHeadingPresent' assertion passed
2026-01-20 17:34:05.800 INFO  listeners.Listener1 - onTestSuccess -> isHeadingPresent
2026-01-20 17:34:05.818 INFO  listeners.Listener1 - onTestStart -> isTopNavPresent
2026-01-20 17:34:05.824 INFO  tests.HeartPulsePageValidationTest - Verifying top navigation presence on Heart Pulse page
2026-01-20 17:34:06.398 INFO  tests.HeartPulsePageValidationTest - 'isTopNavPresent' assertion passed
2026-01-20 17:34:06.398 INFO  listeners.Listener1 - onTestSuccess -> isTopNavPresent
2026-01-20 17:34:06.423 INFO  listeners.Listener1 - onTestStart -> gotoHome
2026-01-20 17:34:06.423 INFO  tests.HeartPulsePageValidationTest - Navigating to Home from Heart Pulse page
2026-01-20 17:34:06.740 INFO  tests.HeartPulsePageValidationTest - URL after goToHome(): https://hackvyatharth.github.io/Vitalguard_Team_Vanguardians/#container
2026-01-20 17:34:06.740 INFO  tests.HeartPulsePageValidationTest - 'gotoHome' assertion passed
2026-01-20 17:34:06.740 INFO  listeners.Listener1 - onTestSuccess -> gotoHome
2026-01-20 17:34:11.462 INFO  t.BloodPressurePageValidationTest - chrome Browser started
2026-01-20 17:34:12.196 INFO  t.BloodPressurePageValidationTest - Initializing BloodPressurePage and TopNavigation...
2026-01-20 17:34:12.238 INFO  t.BloodPressurePageValidationTest - Navigating to 'Blood Pressure' via top navigation...
2026-01-20 17:34:12.577 INFO  t.BloodPressurePageValidationTest - Arrived at Blood Pressure page. Current URL: https://hackvyatharth.github.io/Vitalguard_Team_Vanguardians/#bloodPressure
2026-01-20 17:34:12.616 INFO  listeners.Listener1 - onTestStart -> isTopNavPresent
2026-01-20 17:34:12.616 INFO  t.BloodPressurePageValidationTest - === Starting 'isTopNavPresent' test ===
2026-01-20 17:34:13.313 INFO  t.BloodPressurePageValidationTest - PASS: Top navigation presence assertion passed.
2026-01-20 17:34:13.313 INFO  t.BloodPressurePageValidationTest - === Completed 'isTopNavPresent' test ===
2026-01-20 17:34:13.315 INFO  listeners.Listener1 - onTestSuccess -> isTopNavPresent
2026-01-20 17:34:13.323 INFO  listeners.Listener1 - onTestStart -> gotoBloodPressure
2026-01-20 17:34:13.335 INFO  tests.HeartPulsePageValidationTest - Navigating to Blood Pressure from Heart Pulse page
2026-01-20 17:34:13.808 INFO  tests.HeartPulsePageValidationTest - URL after goToBloodPressure(): https://hackvyatharth.github.io/Vitalguard_Team_Vanguardians/#bloodPressure
2026-01-20 17:34:13.812 INFO  tests.HeartPulsePageValidationTest - 'gotoBloodPressure' assertion passed
2026-01-20 17:34:13.815 INFO  listeners.Listener1 - onTestSuccess -> gotoBloodPressure
2026-01-20 17:34:13.839 INFO  listeners.Listener1 - onTestStart -> isHeadingPresent
2026-01-20 17:34:13.839 INFO  t.BloodPressurePageValidationTest - === Starting 'isHeadingPresent' test ===
2026-01-20 17:34:14.051 INFO  t.BloodPressurePageValidationTest - PASS: Heading presence assertion passed.
2026-01-20 17:34:14.051 INFO  t.BloodPressurePageValidationTest - === Completed 'isHeadingPresent' test ===
2026-01-20 17:34:14.056 INFO  listeners.Listener1 - onTestSuccess -> isHeadingPresent
2026-01-20 17:34:14.077 INFO  listeners.Listener1 - onTestStart -> gotoAgeFactor
2026-01-20 17:34:14.081 INFO  tests.HeartPulsePageValidationTest - Navigating to Age Factor from Heart Pulse page
2026-01-20 17:34:14.624 INFO  tests.HeartPulsePageValidationTest - URL after goToAgeFactor(): https://hackvyatharth.github.io/Vitalguard_Team_Vanguardians/#ageFactor
2026-01-20 17:34:14.624 INFO  tests.HeartPulsePageValidationTest - 'gotoAgeFactor' assertion passed
2026-01-20 17:34:14.624 INFO  listeners.Listener1 - onTestSuccess -> gotoAgeFactor
2026-01-20 17:34:14.666 INFO  listeners.Listener1 - onTestStart -> isInfoPresent
2026-01-20 17:34:14.677 INFO  t.BloodPressurePageValidationTest - === Starting 'isInfoPresent' test ===
2026-01-20 17:34:14.939 INFO  t.BloodPressurePageValidationTest - PASS: Information block presence assertion passed.
2026-01-20 17:34:14.939 INFO  t.BloodPressurePageValidationTest - === Completed 'isInfoPresent' test ===
2026-01-20 17:34:14.947 INFO  listeners.Listener1 - onTestSuccess -> isInfoPresent
2026-01-20 17:34:14.988 INFO  listeners.Listener1 - onTestStart -> gotoTeamDetails
2026-01-20 17:34:14.994 INFO  tests.HeartPulsePageValidationTest - Navigating to Team Details from Heart Pulse page
2026-01-20 17:34:15.477 INFO  tests.HeartPulsePageValidationTest - URL after goToTeamDetails(): https://hackvyatharth.github.io/Vitalguard_Team_Vanguardians/#foot
2026-01-20 17:34:15.477 INFO  tests.HeartPulsePageValidationTest - 'gotoTeamDetails' assertion passed
2026-01-20 17:34:15.477 INFO  listeners.Listener1 - onTestSuccess -> gotoTeamDetails
2026-01-20 17:34:15.491 INFO  tests.HeartPulsePageValidationTest - Tearing down webdriver
2026-01-20 17:34:21.181 INFO  listeners.Listener1 - onTestStart -> gotoHome
2026-01-20 17:34:21.181 INFO  t.BloodPressurePageValidationTest - Navigating to Home via BloodPressurePage.goToHome()...
2026-01-20 17:34:21.588 INFO  t.BloodPressurePageValidationTest - URL after goToHome(): https://hackvyatharth.github.io/Vitalguard_Team_Vanguardians/#container
2026-01-20 17:34:21.593 INFO  t.BloodPressurePageValidationTest - PASS: Home navigation assertion passed.
2026-01-20 17:34:21.594 INFO  listeners.Listener1 - onTestSuccess -> gotoHome
2026-01-20 17:34:21.606 INFO  listeners.Listener1 - onTestStart -> gotoHeartPulse
2026-01-20 17:34:21.606 INFO  t.BloodPressurePageValidationTest - Navigating to Heart Pulse via BloodPressurePage.goToHeartPulse()...
2026-01-20 17:34:21.889 INFO  t.BloodPressurePageValidationTest - URL after goToHeartPulse(): https://hackvyatharth.github.io/Vitalguard_Team_Vanguardians/#pulseRate
2026-01-20 17:34:21.889 INFO  t.BloodPressurePageValidationTest - PASS: Heart Pulse navigation assertion passed.
2026-01-20 17:34:21.889 INFO  listeners.Listener1 - onTestSuccess -> gotoHeartPulse
2026-01-20 17:34:21.907 INFO  listeners.Listener1 - onTestStart -> gotoAgeFactorPage
2026-01-20 17:34:21.907 INFO  t.BloodPressurePageValidationTest - Navigating to Age Factor via BloodPressurePage.goToAgeFactor()...
2026-01-20 17:34:22.239 INFO  t.BloodPressurePageValidationTest - URL after goToAgeFactor(): https://hackvyatharth.github.io/Vitalguard_Team_Vanguardians/#ageFactor
2026-01-20 17:34:22.243 INFO  t.BloodPressurePageValidationTest - PASS: Age Factor navigation assertion passed.
2026-01-20 17:34:22.243 INFO  listeners.Listener1 - onTestSuccess -> gotoAgeFactorPage
2026-01-20 17:34:22.257 INFO  listeners.Listener1 - onTestStart -> gotoTeamDetails
2026-01-20 17:34:22.267 INFO  t.BloodPressurePageValidationTest - Navigating to Team Details via BloodPressurePage.goToTeamDetails()...
2026-01-20 17:34:22.593 INFO  t.BloodPressurePageValidationTest - URL after goToTeamDetails(): https://hackvyatharth.github.io/Vitalguard_Team_Vanguardians/#foot
2026-01-20 17:34:22.594 INFO  t.BloodPressurePageValidationTest - PASS: Team Details navigation assertion passed.
2026-01-20 17:34:22.596 INFO  listeners.Listener1 - onTestSuccess -> gotoTeamDetails
2026-01-20 17:34:22.610 INFO  t.BloodPressurePageValidationTest - Tearing down webdriver
2026-01-20 17:34:27.188 INFO  listeners.Listener1 - Flushing ExtentReports...
2026-01-20 17:34:27.742 INFO  listeners.Listener1 - ExtentReports flushed successfully
2026-01-20 17:34:27.742 INFO  listeners.Listener1 - Cleared testMap. Listener finished.
2026-01-20 17:34:52.609 INFO  org.testng.internal.Utils - [TestNG] Running:
  C:\Users\2457157\IdeaProjects\HealthIndexCalculator\project.xml

2026-01-20 17:34:52.668 INFO  listeners.Listener1 - Initializing ExtentReports. Report path: C:\Users\2457157\IdeaProjects\HealthIndexCalculator/reports/Test-Report2026.01.20.17.34.52.html
2026-01-20 17:34:53.228 INFO  listeners.Listener1 - System info set: Browser=chrome
2026-01-20 17:34:53.228 INFO  listeners.Listener1 - ExtentReports initialization complete
2026-01-20 17:34:57.429 INFO  tests.UrlValidationTest - chrome Browser started
2026-01-20 17:34:58.038 INFO  tests.UrlValidationTest - Initializing page objects: TopNavigation, HomePage
2026-01-20 17:34:58.187 INFO  tests.UrlValidationTest - Setup completed for UrlValidationTest
2026-01-20 17:34:58.388 INFO  listeners.Listener1 - onTestStart -> isURLWorking
2026-01-20 17:34:58.426 INFO  tests.UrlValidationTest - === Starting 'isURLWorking' test ===
2026-01-20 17:34:59.405 INFO  tests.UrlValidationTest - NavBar present? true
2026-01-20 17:34:59.405 INFO  tests.UrlValidationTest - Left image present? true
2026-01-20 17:34:59.405 INFO  tests.UrlValidationTest - Calculator present? true
2026-01-20 17:34:59.422 INFO  tests.UrlValidationTest - PASS: Home page loaded successfully with all required elements
2026-01-20 17:34:59.422 INFO  tests.UrlValidationTest - === Completed 'isURLWorking' test ===
2026-01-20 17:34:59.422 INFO  listeners.Listener1 - onTestSuccess -> isURLWorking
2026-01-20 17:34:59.746 INFO  tests.UrlValidationTest - Tearing down webdriver
2026-01-20 17:35:06.788 INFO  tests.HeartPulsePageValidationTest - chrome Browser started
2026-01-20 17:35:07.335 INFO  tests.HeartPulsePageValidationTest - Initializing HeartPulsePage and TopNavigation with driver ChromeDriver: chrome on windows (950dd336622830c1db94f98d8b7cd1db)
2026-01-20 17:35:07.380 INFO  tests.HeartPulsePageValidationTest - Navigating to 'Heart Pulse' via top navigation
2026-01-20 17:35:07.693 INFO  tests.HeartPulsePageValidationTest - Arrived at Heart Pulse page. Current URL: https://hackvyatharth.github.io/Vitalguard_Team_Vanguardians/#pulseRate
2026-01-20 17:35:07.729 INFO  listeners.Listener1 - onTestStart -> isHeadingPresent
2026-01-20 17:35:07.729 INFO  tests.HeartPulsePageValidationTest - Checking Heart Pulse page heading presence
2026-01-20 17:35:07.920 INFO  tests.HeartPulsePageValidationTest - 'isHeadingPresent' assertion passed
2026-01-20 17:35:07.920 INFO  listeners.Listener1 - onTestSuccess -> isHeadingPresent
2026-01-20 17:35:07.954 INFO  listeners.Listener1 - onTestStart -> isTopNavPresent
2026-01-20 17:35:07.956 INFO  tests.HeartPulsePageValidationTest - Verifying top navigation presence on Heart Pulse page
2026-01-20 17:35:08.501 INFO  tests.HeartPulsePageValidationTest - 'isTopNavPresent' assertion passed
2026-01-20 17:35:08.503 INFO  listeners.Listener1 - onTestSuccess -> isTopNavPresent
2026-01-20 17:35:08.523 INFO  listeners.Listener1 - onTestStart -> gotoHome
2026-01-20 17:35:08.523 INFO  tests.HeartPulsePageValidationTest - Navigating to Home from Heart Pulse page
2026-01-20 17:35:08.820 INFO  tests.HeartPulsePageValidationTest - URL after goToHome(): https://hackvyatharth.github.io/Vitalguard_Team_Vanguardians/#container
2026-01-20 17:35:08.820 INFO  tests.HeartPulsePageValidationTest - 'gotoHome' assertion passed
2026-01-20 17:35:08.823 INFO  listeners.Listener1 - onTestSuccess -> gotoHome
2026-01-20 17:35:14.006 INFO  t.BloodPressurePageValidationTest - chrome Browser started
2026-01-20 17:35:14.521 INFO  t.BloodPressurePageValidationTest - Initializing BloodPressurePage and TopNavigation...
2026-01-20 17:35:14.556 INFO  t.BloodPressurePageValidationTest - Navigating to 'Blood Pressure' via top navigation...
2026-01-20 17:35:14.841 INFO  t.BloodPressurePageValidationTest - Arrived at Blood Pressure page. Current URL: https://hackvyatharth.github.io/Vitalguard_Team_Vanguardians/#bloodPressure
2026-01-20 17:35:14.872 INFO  listeners.Listener1 - onTestStart -> isTopNavPresent
2026-01-20 17:35:14.872 INFO  t.BloodPressurePageValidationTest - === Starting 'isTopNavPresent' test ===
2026-01-20 17:35:15.572 INFO  t.BloodPressurePageValidationTest - PASS: Top navigation presence assertion passed.
2026-01-20 17:35:15.590 INFO  t.BloodPressurePageValidationTest - === Completed 'isTopNavPresent' test ===
2026-01-20 17:35:15.592 INFO  listeners.Listener1 - onTestSuccess -> isTopNavPresent
2026-01-20 17:35:15.610 INFO  listeners.Listener1 - onTestStart -> gotoBloodPressure
2026-01-20 17:35:15.612 INFO  tests.HeartPulsePageValidationTest - Navigating to Blood Pressure from Heart Pulse page
2026-01-20 17:35:16.026 INFO  tests.HeartPulsePageValidationTest - URL after goToBloodPressure(): https://hackvyatharth.github.io/Vitalguard_Team_Vanguardians/#bloodPressure
2026-01-20 17:35:16.034 INFO  tests.HeartPulsePageValidationTest - 'gotoBloodPressure' assertion passed
2026-01-20 17:35:16.035 INFO  listeners.Listener1 - onTestSuccess -> gotoBloodPressure
2026-01-20 17:35:16.055 INFO  listeners.Listener1 - onTestStart -> isHeadingPresent
2026-01-20 17:35:16.057 INFO  t.BloodPressurePageValidationTest - === Starting 'isHeadingPresent' test ===
2026-01-20 17:35:16.207 INFO  t.BloodPressurePageValidationTest - PASS: Heading presence assertion passed.
2026-01-20 17:35:16.207 INFO  t.BloodPressurePageValidationTest - === Completed 'isHeadingPresent' test ===
2026-01-20 17:35:16.207 INFO  listeners.Listener1 - onTestSuccess -> isHeadingPresent
2026-01-20 17:35:16.222 INFO  listeners.Listener1 - onTestStart -> gotoAgeFactor
2026-01-20 17:35:16.222 INFO  tests.HeartPulsePageValidationTest - Navigating to Age Factor from Heart Pulse page
2026-01-20 17:35:16.624 INFO  tests.HeartPulsePageValidationTest - URL after goToAgeFactor(): https://hackvyatharth.github.io/Vitalguard_Team_Vanguardians/#ageFactor
2026-01-20 17:35:16.624 INFO  tests.HeartPulsePageValidationTest - 'gotoAgeFactor' assertion passed
2026-01-20 17:35:16.627 INFO  listeners.Listener1 - onTestSuccess -> gotoAgeFactor
2026-01-20 17:35:16.648 INFO  listeners.Listener1 - onTestStart -> isInfoPresent
2026-01-20 17:35:16.648 INFO  t.BloodPressurePageValidationTest - === Starting 'isInfoPresent' test ===
2026-01-20 17:35:16.823 INFO  t.BloodPressurePageValidationTest - PASS: Information block presence assertion passed.
2026-01-20 17:35:16.823 INFO  t.BloodPressurePageValidationTest - === Completed 'isInfoPresent' test ===
2026-01-20 17:35:16.823 INFO  listeners.Listener1 - onTestSuccess -> isInfoPresent
2026-01-20 17:35:16.847 INFO  listeners.Listener1 - onTestStart -> gotoTeamDetails
2026-01-20 17:35:16.856 INFO  tests.HeartPulsePageValidationTest - Navigating to Team Details from Heart Pulse page
2026-01-20 17:35:17.277 INFO  tests.HeartPulsePageValidationTest - URL after goToTeamDetails(): https://hackvyatharth.github.io/Vitalguard_Team_Vanguardians/#foot
2026-01-20 17:35:17.277 INFO  tests.HeartPulsePageValidationTest - 'gotoTeamDetails' assertion passed
2026-01-20 17:35:17.280 INFO  listeners.Listener1 - onTestSuccess -> gotoTeamDetails
2026-01-20 17:35:17.297 INFO  tests.HeartPulsePageValidationTest - Tearing down webdriver
2026-01-20 17:35:22.580 INFO  listeners.Listener1 - onTestStart -> gotoHome
2026-01-20 17:35:22.580 INFO  t.BloodPressurePageValidationTest - Navigating to Home via BloodPressurePage.goToHome()...
2026-01-20 17:35:22.891 INFO  t.BloodPressurePageValidationTest - URL after goToHome(): https://hackvyatharth.github.io/Vitalguard_Team_Vanguardians/#container
2026-01-20 17:35:22.893 INFO  t.BloodPressurePageValidationTest - PASS: Home navigation assertion passed.
2026-01-20 17:35:22.896 INFO  listeners.Listener1 - onTestSuccess -> gotoHome
2026-01-20 17:35:22.923 INFO  listeners.Listener1 - onTestStart -> gotoHeartPulse
2026-01-20 17:35:22.923 INFO  t.BloodPressurePageValidationTest - Navigating to Heart Pulse via BloodPressurePage.goToHeartPulse()...
2026-01-20 17:35:23.196 INFO  t.BloodPressurePageValidationTest - URL after goToHeartPulse(): https://hackvyatharth.github.io/Vitalguard_Team_Vanguardians/#pulseRate
2026-01-20 17:35:23.196 INFO  t.BloodPressurePageValidationTest - PASS: Heart Pulse navigation assertion passed.
2026-01-20 17:35:23.204 INFO  listeners.Listener1 - onTestSuccess -> gotoHeartPulse
2026-01-20 17:35:23.223 INFO  listeners.Listener1 - onTestStart -> gotoAgeFactorPage
2026-01-20 17:35:23.226 INFO  t.BloodPressurePageValidationTest - Navigating to Age Factor via BloodPressurePage.goToAgeFactor()...
2026-01-20 17:35:23.472 INFO  t.BloodPressurePageValidationTest - URL after goToAgeFactor(): https://hackvyatharth.github.io/Vitalguard_Team_Vanguardians/#ageFactor
2026-01-20 17:35:23.473 INFO  t.BloodPressurePageValidationTest - PASS: Age Factor navigation assertion passed.
2026-01-20 17:35:23.475 INFO  listeners.Listener1 - onTestSuccess -> gotoAgeFactorPage
2026-01-20 17:35:23.489 INFO  listeners.Listener1 - onTestStart -> gotoTeamDetails
2026-01-20 17:35:23.489 INFO  t.BloodPressurePageValidationTest - Navigating to Team Details via BloodPressurePage.goToTeamDetails()...
2026-01-20 17:35:23.798 INFO  t.BloodPressurePageValidationTest - URL after goToTeamDetails(): https://hackvyatharth.github.io/Vitalguard_Team_Vanguardians/#foot
2026-01-20 17:35:23.806 INFO  t.BloodPressurePageValidationTest - PASS: Team Details navigation assertion passed.
2026-01-20 17:35:23.808 INFO  listeners.Listener1 - onTestSuccess -> gotoTeamDetails
2026-01-20 17:35:23.821 INFO  t.BloodPressurePageValidationTest - Tearing down webdriver
2026-01-20 17:35:27.661 INFO  listeners.Listener1 - Flushing ExtentReports...
2026-01-20 17:35:28.195 INFO  listeners.Listener1 - ExtentReports flushed successfully
2026-01-20 17:35:28.195 INFO  listeners.Listener1 - Cleared testMap. Listener finished.
2026-01-20 17:48:23.287 INFO  org.testng.internal.Utils - [TestNG] Running:
  C:\Users\2457157\IdeaProjects\HealthIndexCalculator\project.xml

2026-01-20 17:48:23.359 INFO  listeners.Listener1 - Initializing ExtentReports. Report path: C:\Users\2457157\IdeaProjects\HealthIndexCalculator/reports/Test-Report2026.01.20.17.48.23.html
2026-01-20 17:48:23.830 INFO  listeners.Listener1 - ExtentReports initialization complete
2026-01-20 17:48:29.300 INFO  tests.UrlValidationTest - chrome Browser started
2026-01-20 17:48:29.990 INFO  tests.UrlValidationTest - Initializing page objects: TopNavigation, HomePage
2026-01-20 17:48:30.160 INFO  tests.UrlValidationTest - Setup completed for UrlValidationTest
2026-01-20 17:48:30.335 INFO  listeners.Listener1 - onTestStart -> isURLWorking
2026-01-20 17:48:30.385 INFO  tests.UrlValidationTest - === Starting 'isURLWorking' test ===
2026-01-20 17:48:31.348 INFO  tests.UrlValidationTest - NavBar present? true
2026-01-20 17:48:31.350 INFO  tests.UrlValidationTest - Left image present? true
2026-01-20 17:48:31.350 INFO  tests.UrlValidationTest - Calculator present? true
2026-01-20 17:48:31.356 INFO  tests.UrlValidationTest - PASS: Home page loaded successfully with all required elements
2026-01-20 17:48:31.356 INFO  tests.UrlValidationTest - === Completed 'isURLWorking' test ===
2026-01-20 17:48:31.364 INFO  listeners.Listener1 - onTestSuccess -> isURLWorking
2026-01-20 17:48:31.738 INFO  tests.UrlValidationTest - Tearing down webdriver
2026-01-20 17:48:38.943 INFO  tests.HeartPulsePageValidationTest - chrome Browser started
2026-01-20 17:48:39.345 INFO  tests.HeartPulsePageValidationTest - Initializing HeartPulsePage and TopNavigation with driver ChromeDriver: chrome on windows (787446c7b0f20bc788dd6ab4da6d368b)
2026-01-20 17:48:39.404 INFO  tests.HeartPulsePageValidationTest - Navigating to 'Heart Pulse' via top navigation
2026-01-20 17:48:39.876 INFO  tests.HeartPulsePageValidationTest - Arrived at Heart Pulse page. Current URL: https://hackvyatharth.github.io/Vitalguard_Team_Vanguardians/#pulseRate
2026-01-20 17:48:39.911 INFO  listeners.Listener1 - onTestStart -> isHeadingPresent
2026-01-20 17:48:39.916 INFO  tests.HeartPulsePageValidationTest - Checking Heart Pulse page heading presence
2026-01-20 17:48:40.062 INFO  tests.HeartPulsePageValidationTest - 'isHeadingPresent' assertion passed
2026-01-20 17:48:40.062 INFO  listeners.Listener1 - onTestSuccess -> isHeadingPresent
2026-01-20 17:48:40.078 INFO  listeners.Listener1 - onTestStart -> isTopNavPresent
2026-01-20 17:48:40.094 INFO  tests.HeartPulsePageValidationTest - Verifying top navigation presence on Heart Pulse page
2026-01-20 17:48:40.643 INFO  tests.HeartPulsePageValidationTest - 'isTopNavPresent' assertion passed
2026-01-20 17:48:40.645 INFO  listeners.Listener1 - onTestSuccess -> isTopNavPresent
2026-01-20 17:48:40.671 INFO  listeners.Listener1 - onTestStart -> gotoHome
2026-01-20 17:48:40.671 INFO  tests.HeartPulsePageValidationTest - Navigating to Home from Heart Pulse page
2026-01-20 17:48:41.004 INFO  tests.HeartPulsePageValidationTest - URL after goToHome(): https://hackvyatharth.github.io/Vitalguard_Team_Vanguardians/#container
2026-01-20 17:48:41.005 INFO  tests.HeartPulsePageValidationTest - 'gotoHome' assertion passed
2026-01-20 17:48:41.006 INFO  listeners.Listener1 - onTestSuccess -> gotoHome
2026-01-20 17:48:46.088 INFO  t.BloodPressurePageValidationTest - chrome Browser started
2026-01-20 17:48:46.683 INFO  t.BloodPressurePageValidationTest - Initializing BloodPressurePage and TopNavigation...
2026-01-20 17:48:46.743 INFO  t.BloodPressurePageValidationTest - Navigating to 'Blood Pressure' via top navigation...
2026-01-20 17:48:47.065 INFO  t.BloodPressurePageValidationTest - Arrived at Blood Pressure page. Current URL: https://hackvyatharth.github.io/Vitalguard_Team_Vanguardians/#bloodPressure
2026-01-20 17:48:47.091 INFO  listeners.Listener1 - onTestStart -> isTopNavPresent
2026-01-20 17:48:47.099 INFO  t.BloodPressurePageValidationTest - === Starting 'isTopNavPresent' test ===
2026-01-20 17:48:47.757 INFO  t.BloodPressurePageValidationTest - PASS: Top navigation presence assertion passed.
2026-01-20 17:48:47.757 INFO  t.BloodPressurePageValidationTest - === Completed 'isTopNavPresent' test ===
2026-01-20 17:48:47.757 INFO  listeners.Listener1 - onTestSuccess -> isTopNavPresent
2026-01-20 17:48:47.777 INFO  listeners.Listener1 - onTestStart -> gotoBloodPressure
2026-01-20 17:48:47.777 INFO  tests.HeartPulsePageValidationTest - Navigating to Blood Pressure from Heart Pulse page
2026-01-20 17:48:48.256 INFO  tests.HeartPulsePageValidationTest - URL after goToBloodPressure(): https://hackvyatharth.github.io/Vitalguard_Team_Vanguardians/#bloodPressure
2026-01-20 17:48:48.256 INFO  tests.HeartPulsePageValidationTest - 'gotoBloodPressure' assertion passed
2026-01-20 17:48:48.256 INFO  listeners.Listener1 - onTestSuccess -> gotoBloodPressure
2026-01-20 17:48:48.292 INFO  listeners.Listener1 - onTestStart -> isHeadingPresent
2026-01-20 17:48:48.295 INFO  t.BloodPressurePageValidationTest - === Starting 'isHeadingPresent' test ===
2026-01-20 17:48:48.463 INFO  t.BloodPressurePageValidationTest - PASS: Heading presence assertion passed.
2026-01-20 17:48:48.463 INFO  t.BloodPressurePageValidationTest - === Completed 'isHeadingPresent' test ===
2026-01-20 17:48:48.463 INFO  listeners.Listener1 - onTestSuccess -> isHeadingPresent
2026-01-20 17:48:48.485 INFO  listeners.Listener1 - onTestStart -> gotoAgeFactor
2026-01-20 17:48:48.489 INFO  tests.HeartPulsePageValidationTest - Navigating to Age Factor from Heart Pulse page
2026-01-20 17:48:48.917 INFO  tests.HeartPulsePageValidationTest - URL after goToAgeFactor(): https://hackvyatharth.github.io/Vitalguard_Team_Vanguardians/#ageFactor
2026-01-20 17:48:48.917 INFO  tests.HeartPulsePageValidationTest - 'gotoAgeFactor' assertion passed
2026-01-20 17:48:48.917 INFO  listeners.Listener1 - onTestSuccess -> gotoAgeFactor
2026-01-20 17:48:48.937 INFO  listeners.Listener1 - onTestStart -> isInfoPresent
2026-01-20 17:48:48.949 INFO  t.BloodPressurePageValidationTest - === Starting 'isInfoPresent' test ===
2026-01-20 17:48:49.136 INFO  t.BloodPressurePageValidationTest - PASS: Information block presence assertion passed.
2026-01-20 17:48:49.150 INFO  t.BloodPressurePageValidationTest - === Completed 'isInfoPresent' test ===
2026-01-20 17:48:49.150 INFO  listeners.Listener1 - onTestSuccess -> isInfoPresent
2026-01-20 17:48:49.171 INFO  listeners.Listener1 - onTestStart -> gotoTeamDetails
2026-01-20 17:48:49.171 INFO  tests.HeartPulsePageValidationTest - Navigating to Team Details from Heart Pulse page
2026-01-20 17:48:49.591 INFO  tests.HeartPulsePageValidationTest - URL after goToTeamDetails(): https://hackvyatharth.github.io/Vitalguard_Team_Vanguardians/#foot
2026-01-20 17:48:49.591 INFO  tests.HeartPulsePageValidationTest - 'gotoTeamDetails' assertion passed
2026-01-20 17:48:49.595 INFO  listeners.Listener1 - onTestSuccess -> gotoTeamDetails
2026-01-20 17:48:49.606 INFO  tests.HeartPulsePageValidationTest - Tearing down webdriver
2026-01-20 17:48:54.988 INFO  listeners.Listener1 - onTestStart -> gotoHome
2026-01-20 17:48:54.990 INFO  t.BloodPressurePageValidationTest - Navigating to Home via BloodPressurePage.goToHome()...
2026-01-20 17:48:55.284 INFO  t.BloodPressurePageValidationTest - URL after goToHome(): https://hackvyatharth.github.io/Vitalguard_Team_Vanguardians/#container
2026-01-20 17:48:55.284 INFO  t.BloodPressurePageValidationTest - PASS: Home navigation assertion passed.
2026-01-20 17:48:55.288 INFO  listeners.Listener1 - onTestSuccess -> gotoHome
2026-01-20 17:48:55.305 INFO  listeners.Listener1 - onTestStart -> gotoHeartPulse
2026-01-20 17:48:55.306 INFO  t.BloodPressurePageValidationTest - Navigating to Heart Pulse via BloodPressurePage.goToHeartPulse()...
2026-01-20 17:48:55.681 INFO  t.BloodPressurePageValidationTest - URL after goToHeartPulse(): https://hackvyatharth.github.io/Vitalguard_Team_Vanguardians/#pulseRate
2026-01-20 17:48:55.681 INFO  t.BloodPressurePageValidationTest - PASS: Heart Pulse navigation assertion passed.
2026-01-20 17:48:55.690 INFO  listeners.Listener1 - onTestSuccess -> gotoHeartPulse
2026-01-20 17:48:55.707 INFO  listeners.Listener1 - onTestStart -> gotoAgeFactorPage
2026-01-20 17:48:55.707 INFO  t.BloodPressurePageValidationTest - Navigating to Age Factor via BloodPressurePage.goToAgeFactor()...
2026-01-20 17:48:56.007 INFO  t.BloodPressurePageValidationTest - URL after goToAgeFactor(): https://hackvyatharth.github.io/Vitalguard_Team_Vanguardians/#ageFactor
2026-01-20 17:48:56.007 INFO  t.BloodPressurePageValidationTest - PASS: Age Factor navigation assertion passed.
2026-01-20 17:48:56.016 INFO  listeners.Listener1 - onTestSuccess -> gotoAgeFactorPage
2026-01-20 17:48:56.048 INFO  listeners.Listener1 - onTestStart -> gotoTeamDetails
2026-01-20 17:48:56.048 INFO  t.BloodPressurePageValidationTest - Navigating to Team Details via BloodPressurePage.goToTeamDetails()...
2026-01-20 17:48:56.471 INFO  t.BloodPressurePageValidationTest - URL after goToTeamDetails(): https://hackvyatharth.github.io/Vitalguard_Team_Vanguardians/#foot
2026-01-20 17:48:56.471 INFO  t.BloodPressurePageValidationTest - PASS: Team Details navigation assertion passed.
2026-01-20 17:48:56.471 INFO  listeners.Listener1 - onTestSuccess -> gotoTeamDetails
2026-01-20 17:48:56.505 INFO  t.BloodPressurePageValidationTest - Tearing down webdriver
2026-01-20 17:49:01.045 INFO  listeners.Listener1 - Flushing ExtentReports...
2026-01-20 17:49:01.837 INFO  listeners.Listener1 - ExtentReports flushed successfully
2026-01-20 17:49:01.839 INFO  listeners.Listener1 - Cleared testMap. Listener finished.
2026-01-20 17:54:52.915 INFO  org.testng.internal.Utils - [TestNG] Running:
  C:\Users\2457157\IdeaProjects\HealthIndexCalculator\project.xml

2026-01-20 17:54:52.947 INFO  listeners.Listener1 - Initializing ExtentReports. Report path: C:\Users\2457157\IdeaProjects\HealthIndexCalculator/reports/Test-Report2026.01.20.17.54.52.html
2026-01-20 17:54:53.277 INFO  listeners.Listener1 - System info set: Browser=chrome
2026-01-20 17:54:53.277 INFO  listeners.Listener1 - ExtentReports initialization complete
2026-01-20 17:54:58.150 INFO  tests.UrlValidationTest - chrome Browser started
2026-01-20 17:54:58.810 INFO  tests.UrlValidationTest - Initializing page objects: TopNavigation, HomePage
2026-01-20 17:54:59.026 INFO  tests.UrlValidationTest - Setup completed for UrlValidationTest
2026-01-20 17:54:59.195 INFO  listeners.Listener1 - onTestStart -> isURLWorking
2026-01-20 17:54:59.227 INFO  tests.UrlValidationTest - === Starting 'isURLWorking' test ===
2026-01-20 17:55:00.258 INFO  tests.UrlValidationTest - NavBar present? true
2026-01-20 17:55:00.258 INFO  tests.UrlValidationTest - Left image present? true
2026-01-20 17:55:00.258 INFO  tests.UrlValidationTest - Calculator present? true
2026-01-20 17:55:00.274 INFO  tests.UrlValidationTest - PASS: Home page loaded successfully with all required elements
2026-01-20 17:55:00.274 INFO  tests.UrlValidationTest - === Completed 'isURLWorking' test ===
2026-01-20 17:55:00.274 INFO  listeners.Listener1 - onTestSuccess -> isURLWorking
2026-01-20 17:55:00.583 INFO  tests.UrlValidationTest - Tearing down webdriver
2026-01-20 17:55:07.270 INFO  tests.HeartPulsePageValidationTest - chrome Browser started
2026-01-20 17:55:07.842 INFO  tests.HeartPulsePageValidationTest - Initializing HeartPulsePage and TopNavigation with driver ChromeDriver: chrome on windows (4aeaaed0ecb515b142beaf1c9b7f5ed0)
2026-01-20 17:55:07.920 INFO  tests.HeartPulsePageValidationTest - Navigating to 'Heart Pulse' via top navigation
2026-01-20 17:55:08.305 INFO  tests.HeartPulsePageValidationTest - Arrived at Heart Pulse page. Current URL: https://hackvyatharth.github.io/Vitalguard_Team_Vanguardians/#pulseRate
2026-01-20 17:55:08.349 INFO  listeners.Listener1 - onTestStart -> isTopNavPresent
2026-01-20 17:55:08.352 INFO  tests.HeartPulsePageValidationTest - Verifying top navigation presence on Heart Pulse page
2026-01-20 17:55:08.992 INFO  tests.HeartPulsePageValidationTest - 'isTopNavPresent' assertion passed
2026-01-20 17:55:08.994 INFO  listeners.Listener1 - onTestSuccess -> isTopNavPresent
2026-01-20 17:55:09.014 INFO  listeners.Listener1 - onTestStart -> isHeadingPresent
2026-01-20 17:55:09.018 INFO  tests.HeartPulsePageValidationTest - Checking Heart Pulse page heading presence
2026-01-20 17:55:09.144 INFO  tests.HeartPulsePageValidationTest - 'isHeadingPresent' assertion passed
2026-01-20 17:55:09.149 INFO  listeners.Listener1 - onTestSuccess -> isHeadingPresent
2026-01-20 17:55:15.354 INFO  t.BloodPressurePageValidationTest - chrome Browser started
2026-01-20 17:55:15.902 INFO  t.BloodPressurePageValidationTest - Initializing BloodPressurePage and TopNavigation...
2026-01-20 17:55:15.936 INFO  t.BloodPressurePageValidationTest - Navigating to 'Blood Pressure' via top navigation...
2026-01-20 17:55:16.366 INFO  t.BloodPressurePageValidationTest - Arrived at Blood Pressure page. Current URL: https://hackvyatharth.github.io/Vitalguard_Team_Vanguardians/#bloodPressure
2026-01-20 17:55:16.448 INFO  listeners.Listener1 - onTestStart -> isTopNavPresent
2026-01-20 17:55:16.450 INFO  t.BloodPressurePageValidationTest - === Starting 'isTopNavPresent' test ===
2026-01-20 17:55:17.072 INFO  t.BloodPressurePageValidationTest - PASS: Top navigation presence assertion passed.
2026-01-20 17:55:17.076 INFO  t.BloodPressurePageValidationTest - === Completed 'isTopNavPresent' test ===
2026-01-20 17:55:17.076 INFO  listeners.Listener1 - onTestSuccess -> isTopNavPresent
2026-01-20 17:55:17.095 INFO  listeners.Listener1 - onTestStart -> gotoHome
2026-01-20 17:55:17.102 INFO  tests.HeartPulsePageValidationTest - Navigating to Home from Heart Pulse page
2026-01-20 17:55:17.967 INFO  tests.HeartPulsePageValidationTest - URL after goToHome(): https://hackvyatharth.github.io/Vitalguard_Team_Vanguardians/#container
2026-01-20 17:55:17.967 INFO  tests.HeartPulsePageValidationTest - 'gotoHome' assertion passed
2026-01-20 17:55:17.967 INFO  listeners.Listener1 - onTestSuccess -> gotoHome
2026-01-20 17:55:18.017 INFO  listeners.Listener1 - onTestStart -> isHeadingPresent
2026-01-20 17:55:18.028 INFO  t.BloodPressurePageValidationTest - === Starting 'isHeadingPresent' test ===
2026-01-20 17:55:18.354 INFO  t.BloodPressurePageValidationTest - PASS: Heading presence assertion passed.
2026-01-20 17:55:18.354 INFO  t.BloodPressurePageValidationTest - === Completed 'isHeadingPresent' test ===
2026-01-20 17:55:18.354 INFO  listeners.Listener1 - onTestSuccess -> isHeadingPresent
2026-01-20 17:55:18.370 INFO  listeners.Listener1 - onTestStart -> gotoBloodPressure
2026-01-20 17:55:18.378 INFO  tests.HeartPulsePageValidationTest - Navigating to Blood Pressure from Heart Pulse page
2026-01-20 17:55:18.978 INFO  tests.HeartPulsePageValidationTest - URL after goToBloodPressure(): https://hackvyatharth.github.io/Vitalguard_Team_Vanguardians/#bloodPressure
2026-01-20 17:55:18.978 INFO  tests.HeartPulsePageValidationTest - 'gotoBloodPressure' assertion passed
2026-01-20 17:55:18.981 INFO  listeners.Listener1 - onTestSuccess -> gotoBloodPressure
2026-01-20 17:55:19.023 INFO  listeners.Listener1 - onTestStart -> isInfoPresent
2026-01-20 17:55:19.026 INFO  t.BloodPressurePageValidationTest - === Starting 'isInfoPresent' test ===
2026-01-20 17:55:19.335 INFO  t.BloodPressurePageValidationTest - PASS: Information block presence assertion passed.
2026-01-20 17:55:19.335 INFO  t.BloodPressurePageValidationTest - === Completed 'isInfoPresent' test ===
2026-01-20 17:55:19.337 INFO  listeners.Listener1 - onTestSuccess -> isInfoPresent
2026-01-20 17:55:19.364 INFO  listeners.Listener1 - onTestStart -> gotoAgeFactor
2026-01-20 17:55:19.367 INFO  tests.HeartPulsePageValidationTest - Navigating to Age Factor from Heart Pulse page
2026-01-20 17:55:19.952 INFO  tests.HeartPulsePageValidationTest - URL after goToAgeFactor(): https://hackvyatharth.github.io/Vitalguard_Team_Vanguardians/#ageFactor
2026-01-20 17:55:19.952 INFO  tests.HeartPulsePageValidationTest - 'gotoAgeFactor' assertion passed
2026-01-20 17:55:19.952 INFO  listeners.Listener1 - onTestSuccess -> gotoAgeFactor
2026-01-20 17:55:19.972 INFO  listeners.Listener1 - onTestStart -> gotoHome
2026-01-20 17:55:19.972 INFO  t.BloodPressurePageValidationTest - Navigating to Home via BloodPressurePage.goToHome()...
2026-01-20 17:55:20.257 INFO  t.BloodPressurePageValidationTest - URL after goToHome(): https://hackvyatharth.github.io/Vitalguard_Team_Vanguardians/#container
2026-01-20 17:55:20.259 INFO  t.BloodPressurePageValidationTest - PASS: Home navigation assertion passed.
2026-01-20 17:55:20.259 INFO  listeners.Listener1 - onTestSuccess -> gotoHome
2026-01-20 17:55:20.278 INFO  listeners.Listener1 - onTestStart -> gotoTeamDetails
2026-01-20 17:55:20.286 INFO  tests.HeartPulsePageValidationTest - Navigating to Team Details from Heart Pulse page
2026-01-20 17:55:20.642 INFO  tests.HeartPulsePageValidationTest - URL after goToTeamDetails(): https://hackvyatharth.github.io/Vitalguard_Team_Vanguardians/#foot
2026-01-20 17:55:20.645 INFO  tests.HeartPulsePageValidationTest - 'gotoTeamDetails' assertion passed
2026-01-20 17:55:20.646 INFO  listeners.Listener1 - onTestSuccess -> gotoTeamDetails
2026-01-20 17:55:20.684 INFO  tests.HeartPulsePageValidationTest - Tearing down webdriver
2026-01-20 17:55:50.703 INFO  listeners.Listener1 - onTestStart -> gotoHeartPulse
2026-01-20 17:55:50.703 INFO  t.BloodPressurePageValidationTest - Navigating to Heart Pulse via BloodPressurePage.goToHeartPulse()...
2026-01-20 17:55:51.112 INFO  t.BloodPressurePageValidationTest - URL after goToHeartPulse(): https://hackvyatharth.github.io/Vitalguard_Team_Vanguardians/#pulseRate
2026-01-20 17:55:51.112 INFO  t.BloodPressurePageValidationTest - PASS: Heart Pulse navigation assertion passed.
2026-01-20 17:55:51.112 INFO  listeners.Listener1 - onTestSuccess -> gotoHeartPulse
2026-01-20 17:55:51.127 INFO  listeners.Listener1 - onTestStart -> gotoAgeFactorPage
2026-01-20 17:55:51.127 INFO  t.BloodPressurePageValidationTest - Navigating to Age Factor via BloodPressurePage.goToAgeFactor()...
2026-01-20 17:55:51.474 INFO  t.BloodPressurePageValidationTest - URL after goToAgeFactor(): https://hackvyatharth.github.io/Vitalguard_Team_Vanguardians/#ageFactor
2026-01-20 17:55:51.474 INFO  t.BloodPressurePageValidationTest - PASS: Age Factor navigation assertion passed.
2026-01-20 17:55:51.474 INFO  listeners.Listener1 - onTestSuccess -> gotoAgeFactorPage
2026-01-20 17:55:51.494 INFO  listeners.Listener1 - onTestStart -> gotoTeamDetails
2026-01-20 17:55:51.496 INFO  t.BloodPressurePageValidationTest - Navigating to Team Details via BloodPressurePage.goToTeamDetails()...
2026-01-20 17:55:51.768 INFO  t.BloodPressurePageValidationTest - URL after goToTeamDetails(): https://hackvyatharth.github.io/Vitalguard_Team_Vanguardians/#foot
2026-01-20 17:55:51.772 INFO  t.BloodPressurePageValidationTest - PASS: Team Details navigation assertion passed.
2026-01-20 17:55:51.772 INFO  listeners.Listener1 - onTestSuccess -> gotoTeamDetails
2026-01-20 17:55:51.777 INFO  t.BloodPressurePageValidationTest - Tearing down webdriver
2026-01-20 17:55:56.197 INFO  listeners.Listener1 - Flushing ExtentReports...
2026-01-20 17:55:56.605 INFO  listeners.Listener1 - ExtentReports flushed successfully
2026-01-20 17:55:56.605 INFO  listeners.Listener1 - Cleared testMap. Listener finished.
2026-01-20 17:58:42.384 INFO  org.testng.internal.Utils - [TestNG] Running:
  C:\Users\2457157\IdeaProjects\HealthIndexCalculator\project.xml

2026-01-20 17:58:42.483 INFO  listeners.Listener1 - Initializing ExtentReports. Report path: C:\Users\2457157\IdeaProjects\HealthIndexCalculator/reports/Test-Report2026.01.20.17.58.42.html
2026-01-20 17:58:42.973 INFO  listeners.Listener1 - System info set: Browser=chrome
2026-01-20 17:58:42.973 INFO  listeners.Listener1 - ExtentReports initialization complete
2026-01-20 17:58:47.457 INFO  tests.UrlValidationTest - chrome Browser started
2026-01-20 17:58:48.052 INFO  tests.UrlValidationTest - Initializing page objects: TopNavigation, HomePage
2026-01-20 17:58:48.271 INFO  tests.UrlValidationTest - Setup completed for UrlValidationTest
2026-01-20 17:58:48.465 INFO  listeners.Listener1 - onTestStart -> isURLWorking
2026-01-20 17:58:48.504 INFO  tests.UrlValidationTest - === Starting 'isURLWorking' test ===
2026-01-20 17:58:49.581 INFO  tests.UrlValidationTest - NavBar present? true
2026-01-20 17:58:49.582 INFO  tests.UrlValidationTest - Left image present? true
2026-01-20 17:58:49.582 INFO  tests.UrlValidationTest - Calculator present? true
2026-01-20 17:58:49.582 INFO  tests.UrlValidationTest - PASS: Home page loaded successfully with all required elements
2026-01-20 17:58:49.582 INFO  tests.UrlValidationTest - === Completed 'isURLWorking' test ===
2026-01-20 17:58:49.599 INFO  listeners.Listener1 - onTestSuccess -> isURLWorking
2026-01-20 17:58:50.008 INFO  tests.UrlValidationTest - Tearing down webdriver
2026-01-20 17:58:57.670 INFO  tests.HeartPulsePageValidationTest - chrome Browser started
2026-01-20 17:58:58.114 INFO  tests.HeartPulsePageValidationTest - Initializing HeartPulsePage and TopNavigation with driver ChromeDriver: chrome on windows (ed683a1d033e55d9347ac8de6026eed0)
2026-01-20 17:58:58.200 INFO  tests.HeartPulsePageValidationTest - Navigating to 'Heart Pulse' via top navigation
2026-01-20 17:58:58.618 INFO  tests.HeartPulsePageValidationTest - Arrived at Heart Pulse page. Current URL: https://hackvyatharth.github.io/Vitalguard_Team_Vanguardians/#pulseRate
2026-01-20 17:58:58.644 INFO  listeners.Listener1 - onTestStart -> isTopNavPresent
2026-01-20 17:58:58.646 INFO  tests.HeartPulsePageValidationTest - Verifying top navigation presence on Heart Pulse page
2026-01-20 17:58:59.150 INFO  tests.HeartPulsePageValidationTest - 'isTopNavPresent' assertion passed
2026-01-20 17:58:59.150 INFO  listeners.Listener1 - onTestSuccess -> isTopNavPresent
2026-01-20 17:59:03.054 INFO  tests.HomePageValidationTest - chrome Browser started
2026-01-20 17:59:03.616 INFO  tests.HomePageValidationTest - Initializing HomePage and TopNavigation with driver
2026-01-20 17:59:03.651 INFO  tests.HomePageValidationTest - Navigating to Home page via TopNavigation.goToHome()
2026-01-20 17:59:03.943 INFO  tests.HomePageValidationTest - Arrived at Home page. Current URL: https://hackvyatharth.github.io/Vitalguard_Team_Vanguardians/#container
2026-01-20 17:59:03.974 INFO  listeners.Listener1 - onTestStart -> isTopNavPresent
2026-01-20 17:59:03.976 INFO  tests.HomePageValidationTest - === Starting 'isTopNavPresent' test ===
2026-01-20 17:59:04.611 INFO  tests.HomePageValidationTest - PASS: Top navigation is present
2026-01-20 17:59:04.612 INFO  tests.HomePageValidationTest - === Completed 'isTopNavPresent' test ===
2026-01-20 17:59:04.612 INFO  listeners.Listener1 - onTestSuccess -> isTopNavPresent
2026-01-20 17:59:04.632 INFO  listeners.Listener1 - onTestStart -> isHeadingPresent
2026-01-20 17:59:04.637 INFO  tests.HeartPulsePageValidationTest - Checking Heart Pulse page heading presence
2026-01-20 17:59:04.818 INFO  tests.HeartPulsePageValidationTest - 'isHeadingPresent' assertion passed
2026-01-20 17:59:04.818 INFO  listeners.Listener1 - onTestSuccess -> isHeadingPresent
2026-01-20 17:59:08.592 INFO  t.BloodPressurePageValidationTest - chrome Browser started
2026-01-20 17:59:09.347 INFO  t.BloodPressurePageValidationTest - Initializing BloodPressurePage and TopNavigation...
2026-01-20 17:59:09.451 INFO  t.BloodPressurePageValidationTest - Navigating to 'Blood Pressure' via top navigation...
2026-01-20 17:59:09.877 INFO  t.BloodPressurePageValidationTest - Arrived at Blood Pressure page. Current URL: https://hackvyatharth.github.io/Vitalguard_Team_Vanguardians/#bloodPressure
2026-01-20 17:59:09.933 INFO  listeners.Listener1 - onTestStart -> isTopNavPresent
2026-01-20 17:59:09.948 INFO  t.BloodPressurePageValidationTest - === Starting 'isTopNavPresent' test ===
2026-01-20 17:59:10.659 INFO  t.BloodPressurePageValidationTest - PASS: Top navigation presence assertion passed.
2026-01-20 17:59:10.659 INFO  t.BloodPressurePageValidationTest - === Completed 'isTopNavPresent' test ===
2026-01-20 17:59:10.659 INFO  listeners.Listener1 - onTestSuccess -> isTopNavPresent
2026-01-20 17:59:17.403 INFO  tests.AgeFactorPageValidationTest - chrome Browser started
2026-01-20 17:59:18.245 INFO  tests.AgeFactorPageValidationTest - Initializing AgeFactorPage and TopNavigation for driver: ChromeDriver: chrome on windows (4557e6c43ba92ee1365dab819fbae199)
2026-01-20 17:59:18.292 INFO  tests.AgeFactorPageValidationTest - Navigating to 'Age Factor' via top navigation
2026-01-20 17:59:18.625 INFO  tests.AgeFactorPageValidationTest - Arrived at Age factor page
2026-01-20 17:59:18.664 INFO  listeners.Listener1 - onTestStart -> isTopNavPresent
2026-01-20 17:59:18.664 INFO  tests.AgeFactorPageValidationTest - Verifying top navigation presence on Age Factor page
2026-01-20 17:59:19.399 INFO  tests.AgeFactorPageValidationTest - PASS: Top navigation presence assertion passed
2026-01-20 17:59:19.399 INFO  listeners.Listener1 - onTestSuccess -> isTopNavPresent
2026-01-20 17:59:25.487 INFO  tests.TeamDetailsPageValidationTest - chrome Browser started
2026-01-20 17:59:26.193 INFO  tests.TeamDetailsPageValidationTest - Initializing page objects: TeamDetails, TopNavigation
2026-01-20 17:59:26.257 INFO  tests.TeamDetailsPageValidationTest - Navigating to Team Details page via TopNavigation
2026-01-20 17:59:26.544 INFO  tests.TeamDetailsPageValidationTest - Setup completed for TeamDetailsPageValidationTest
2026-01-20 17:59:26.555 INFO  listeners.Listener1 - onTestStart -> isTopNavPresent
2026-01-20 17:59:26.563 INFO  tests.TeamDetailsPageValidationTest - === Starting 'isTopNavPresent' test ===
2026-01-20 17:59:27.182 INFO  tests.TeamDetailsPageValidationTest - Top navigation present? true
2026-01-20 17:59:27.182 INFO  tests.TeamDetailsPageValidationTest - PASS: Top navigation is present
2026-01-20 17:59:27.182 INFO  tests.TeamDetailsPageValidationTest - === Completed 'isTopNavPresent' test ===
2026-01-20 17:59:27.182 INFO  listeners.Listener1 - onTestSuccess -> isTopNavPresent
2026-01-20 17:59:40.191 INFO  tests.CalculatorFunctionalityTest - chrome Browser started
2026-01-20 17:59:40.910 INFO  tests.CalculatorFunctionalityTest - Initializing CalculatorForm, ExcelDataManager, TopNavigation
2026-01-20 17:59:41.095 INFO  tests.CalculatorFunctionalityTest - Setup complete for CalculatorFunctionalityTest
2026-01-20 17:59:41.103 INFO  listeners.Listener1 - onTestStart -> isFormHeadingPresent
2026-01-20 17:59:41.103 INFO  tests.CalculatorFunctionalityTest - Verifying form heading presence
2026-01-20 17:59:41.225 INFO  tests.CalculatorFunctionalityTest - Form Heading assertion passed
2026-01-20 17:59:41.225 INFO  listeners.Listener1 - onTestSuccess -> isFormHeadingPresent
2026-01-20 17:59:49.294 INFO  tests.ResultsPageUiTest - chrome Browser started
2026-01-20 17:59:49.919 INFO  tests.ResultsPageUiTest - Initializing page objects: TopNavigation, CalculatorForm, ResultPage
2026-01-20 17:59:50.104 INFO  tests.ResultsPageUiTest - Page objects initialized successfully
2026-01-20 17:59:50.120 INFO  tests.ResultsPageUiTest - Providing data for 'resultPageCheck'
2026-01-20 17:59:50.120 INFO  tests.ResultsPageUiTest - Data provided: 1 row(s)
2026-01-20 17:59:50.169 INFO  listeners.Listener1 - onTestStart -> resultPageCheck
2026-01-20 17:59:50.169 INFO  listeners.Listener1 - Parameters for resultPageCheck: [20, 67, 120/80]
2026-01-20 17:59:50.192 INFO  tests.ResultsPageUiTest - === Starting 'resultPageCheck' test ===
2026-01-20 17:59:50.200 INFO  tests.ResultsPageUiTest - Input data -> Age: 20, Pulse: 67, BP: 120/80
2026-01-20 17:59:50.240 INFO  tests.ResultsPageUiTest - Entering age
2026-01-20 17:59:50.840 INFO  tests.ResultsPageUiTest - Entering pulse
2026-01-20 17:59:51.468 INFO  tests.ResultsPageUiTest - Entering blood pressure
2026-01-20 17:59:52.085 INFO  tests.ResultsPageUiTest - Clicking Calculate
2026-01-20 17:59:52.751 INFO  tests.ResultsPageUiTest - Locating feedback text area
2026-01-20 17:59:52.793 INFO  tests.ResultsPageUiTest - Computing scroll metrics: scrollHeight vs clientHeight
2026-01-20 17:59:52.854 INFO  tests.ResultsPageUiTest - scrollHeight: 120
2026-01-20 17:59:52.854 INFO  tests.ResultsPageUiTest - clientHeight: 76
2026-01-20 17:59:52.854 INFO  tests.ResultsPageUiTest - Is feedback textarea scrollable? true
2026-01-20 17:59:52.854 INFO  tests.ResultsPageUiTest - PASS: The result text box is scrollable
2026-01-20 17:59:52.859 INFO  tests.ResultsPageUiTest - Checking CSS 'resize' property
2026-01-20 17:59:52.895 INFO  tests.ResultsPageUiTest - resize CSS value: vertical
2026-01-20 17:59:52.898 INFO  tests.ResultsPageUiTest - Is feedback textarea resizable? true
2026-01-20 17:59:52.898 INFO  tests.ResultsPageUiTest - PASS: The result textbox is resizable
2026-01-20 17:59:52.898 INFO  tests.ResultsPageUiTest - Asserting all soft assertions
2026-01-20 17:59:52.898 INFO  tests.ResultsPageUiTest - === Completed 'resultPageCheck' test ===
2026-01-20 17:59:52.898 INFO  listeners.Listener1 - onTestSuccess -> resultPageCheck
2026-01-20 17:59:52.914 INFO  listeners.Listener1 - onTestStart -> isLeftImagePresent
2026-01-20 17:59:52.914 INFO  tests.HomePageValidationTest - === Starting 'isLeftImagePresent' test ===
2026-01-20 17:59:53.224 INFO  tests.HomePageValidationTest - PASS: Left image is present
2026-01-20 17:59:53.232 INFO  tests.HomePageValidationTest - === Completed 'isLeftImagePresent' test ===
2026-01-20 17:59:53.232 INFO  listeners.Listener1 - onTestSuccess -> isLeftImagePresent
2026-01-20 17:59:53.248 INFO  listeners.Listener1 - onTestStart -> gotoHome
2026-01-20 17:59:53.248 INFO  tests.HeartPulsePageValidationTest - Navigating to Home from Heart Pulse page
2026-01-20 17:59:53.849 INFO  tests.HeartPulsePageValidationTest - URL after goToHome(): https://hackvyatharth.github.io/Vitalguard_Team_Vanguardians/#container
2026-01-20 17:59:53.866 INFO  tests.HeartPulsePageValidationTest - 'gotoHome' assertion passed
2026-01-20 17:59:53.866 INFO  listeners.Listener1 - onTestSuccess -> gotoHome
2026-01-20 17:59:53.898 INFO  listeners.Listener1 - onTestStart -> isHeadingPresent
2026-01-20 17:59:53.898 INFO  t.BloodPressurePageValidationTest - === Starting 'isHeadingPresent' test ===
2026-01-20 17:59:54.124 INFO  t.BloodPressurePageValidationTest - PASS: Heading presence assertion passed.
2026-01-20 17:59:54.124 INFO  t.BloodPressurePageValidationTest - === Completed 'isHeadingPresent' test ===
2026-01-20 17:59:54.124 INFO  listeners.Listener1 - onTestSuccess -> isHeadingPresent
2026-01-20 17:59:54.162 INFO  listeners.Listener1 - onTestStart -> isHeadingPresent
2026-01-20 17:59:54.167 INFO  tests.AgeFactorPageValidationTest - Checking Age Factor page heading presence (and style if applicable)
2026-01-20 17:59:54.440 INFO  tests.AgeFactorPageValidationTest - PASS: Heading presence assertion passed
2026-01-20 17:59:54.440 INFO  listeners.Listener1 - onTestSuccess -> isHeadingPresent
2026-01-20 17:59:54.484 INFO  listeners.Listener1 - onTestStart -> isHeadingPresent
2026-01-20 17:59:54.486 INFO  tests.TeamDetailsPageValidationTest - === Starting 'isHeadingPresent' test ===
2026-01-20 17:59:54.773 INFO  tests.TeamDetailsPageValidationTest - Heading present? true
2026-01-20 17:59:54.776 INFO  tests.TeamDetailsPageValidationTest - PASS: Heading is present
2026-01-20 17:59:54.776 INFO  tests.TeamDetailsPageValidationTest - === Completed 'isHeadingPresent' test ===
2026-01-20 17:59:54.776 INFO  listeners.Listener1 - onTestSuccess -> isHeadingPresent
2026-01-20 17:59:54.799 INFO  listeners.Listener1 - onTestStart -> isAgeFieldPresent
2026-01-20 17:59:54.816 INFO  tests.CalculatorFunctionalityTest - Verifying age field presence
2026-01-20 18:00:06.258 INFO  tests.CalculatorFunctionalityTest - Age field presence assertion passed
2026-01-20 18:00:06.258 INFO  listeners.Listener1 - onTestSuccess -> isAgeFieldPresent
2026-01-20 18:00:06.266 INFO  listeners.Listener1 - onTestStart -> isLogoPresent
2026-01-20 18:00:06.266 INFO  tests.ResultsPageUiTest - === Starting 'isLogoPresent' test ===
2026-01-20 18:00:06.407 INFO  tests.ResultsPageUiTest - Logo present? true
2026-01-20 18:00:06.407 INFO  tests.ResultsPageUiTest - PASS: Logo is visible
2026-01-20 18:00:06.407 INFO  tests.ResultsPageUiTest - === Completed 'isLogoPresent' test ===
2026-01-20 18:00:06.407 INFO  listeners.Listener1 - onTestSuccess -> isLogoPresent
2026-01-20 18:00:06.413 INFO  listeners.Listener1 - onTestStart -> isCalculatorPresent
2026-01-20 18:00:06.413 INFO  tests.HomePageValidationTest - === Starting 'isCalculatorPresent' test ===
2026-01-20 18:00:06.961 INFO  tests.HomePageValidationTest - PASS: Calculator is present
2026-01-20 18:00:06.963 INFO  tests.HomePageValidationTest - === Completed 'isCalculatorPresent' test ===
2026-01-20 18:00:06.963 INFO  listeners.Listener1 - onTestSuccess -> isCalculatorPresent
2026-01-20 18:00:06.969 INFO  listeners.Listener1 - onTestStart -> gotoBloodPressure
2026-01-20 18:00:06.969 INFO  tests.HeartPulsePageValidationTest - Navigating to Blood Pressure from Heart Pulse page
2026-01-20 18:00:07.715 INFO  tests.HeartPulsePageValidationTest - URL after goToBloodPressure(): https://hackvyatharth.github.io/Vitalguard_Team_Vanguardians/#bloodPressure
2026-01-20 18:00:07.715 INFO  tests.HeartPulsePageValidationTest - 'gotoBloodPressure' assertion passed
2026-01-20 18:00:07.715 INFO  listeners.Listener1 - onTestSuccess -> gotoBloodPressure
2026-01-20 18:00:07.723 INFO  listeners.Listener1 - onTestStart -> isInfoPresent
2026-01-20 18:00:07.723 INFO  t.BloodPressurePageValidationTest - === Starting 'isInfoPresent' test ===
2026-01-20 18:00:07.811 INFO  t.BloodPressurePageValidationTest - PASS: Information block presence assertion passed.
2026-01-20 18:00:07.813 INFO  t.BloodPressurePageValidationTest - === Completed 'isInfoPresent' test ===
2026-01-20 18:00:07.813 INFO  listeners.Listener1 - onTestSuccess -> isInfoPresent
2026-01-20 18:00:07.817 INFO  listeners.Listener1 - onTestStart -> isInfoPresent
2026-01-20 18:00:07.817 INFO  tests.AgeFactorPageValidationTest - Validating informational block (white text per spec) on Age Factor page
2026-01-20 18:00:08.548 INFO  tests.AgeFactorPageValidationTest - PASS: Info block presence assertion passed
2026-01-20 18:00:08.548 INFO  listeners.Listener1 - onTestSuccess -> isInfoPresent
2026-01-20 18:00:08.564 INFO  listeners.Listener1 - onTestStart -> isTeamDetailsPresent
2026-01-20 18:00:08.564 INFO  tests.TeamDetailsPageValidationTest - === Starting 'isTeamDetailsPresent' test ===
2026-01-20 18:00:08.749 INFO  tests.TeamDetailsPageValidationTest - Team details present? true
2026-01-20 18:00:08.749 INFO  tests.TeamDetailsPageValidationTest - PASS: Team details are displayed
2026-01-20 18:00:08.749 INFO  tests.TeamDetailsPageValidationTest - === Completed 'isTeamDetailsPresent' test ===
2026-01-20 18:00:08.749 INFO  listeners.Listener1 - onTestSuccess -> isTeamDetailsPresent
2026-01-20 18:00:08.765 INFO  listeners.Listener1 - onTestStart -> isPulseRateFieldPresent
2026-01-20 18:00:08.769 INFO  tests.CalculatorFunctionalityTest - Verifying pulse field presence
2026-01-20 18:00:09.180 INFO  tests.CalculatorFunctionalityTest - Pulse field presence assertion passed
2026-01-20 18:00:09.181 INFO  listeners.Listener1 - onTestSuccess -> isPulseRateFieldPresent
2026-01-20 18:00:09.181 INFO  listeners.Listener1 - onTestStart -> isLogoTextPresent
2026-01-20 18:00:09.181 INFO  tests.ResultsPageUiTest - === Starting 'isLogoTextPresent' test ===
2026-01-20 18:00:09.331 INFO  tests.ResultsPageUiTest - Logo text present? true
2026-01-20 18:00:09.331 INFO  tests.ResultsPageUiTest - PASS: Logo text is visible
2026-01-20 18:00:09.331 INFO  tests.ResultsPageUiTest - === Completed 'isLogoTextPresent' test ===
2026-01-20 18:00:09.331 INFO  listeners.Listener1 - onTestSuccess -> isLogoTextPresent
2026-01-20 18:00:09.344 INFO  listeners.Listener1 - onTestStart -> gotoHeartPulse
2026-01-20 18:00:09.345 INFO  tests.HomePageValidationTest - Navigating to HeartPulse from Home page
2026-01-20 18:00:09.881 INFO  tests.HomePageValidationTest - URL after goToHeartPulse(): https://hackvyatharth.github.io/Vitalguard_Team_Vanguardians/#pulseRate
2026-01-20 18:00:09.881 INFO  tests.HomePageValidationTest - PASS: 'gotoHeartPulse' assertion passed
2026-01-20 18:00:09.881 INFO  listeners.Listener1 - onTestSuccess -> gotoHeartPulse
2026-01-20 18:00:09.881 INFO  listeners.Listener1 - onTestStart -> gotoAgeFactor
2026-01-20 18:00:09.881 INFO  tests.HeartPulsePageValidationTest - Navigating to Age Factor from Heart Pulse page
2026-01-20 18:00:10.615 INFO  tests.HeartPulsePageValidationTest - URL after goToAgeFactor(): https://hackvyatharth.github.io/Vitalguard_Team_Vanguardians/#ageFactor
2026-01-20 18:00:10.615 INFO  tests.HeartPulsePageValidationTest - 'gotoAgeFactor' assertion passed
2026-01-20 18:00:10.629 INFO  listeners.Listener1 - onTestSuccess -> gotoAgeFactor
2026-01-20 18:00:10.636 INFO  listeners.Listener1 - onTestStart -> gotoHome
2026-01-20 18:00:10.636 INFO  t.BloodPressurePageValidationTest - Navigating to Home via BloodPressurePage.goToHome()...
2026-01-20 18:00:28.012 INFO  org.testng.internal.Utils - [TestNG] Running:
  C:\Users\2457157\IdeaProjects\HealthIndexCalculator\project.xml

2026-01-20 18:00:28.052 INFO  listeners.Listener1 - Initializing ExtentReports. Report path: C:\Users\2457157\IdeaProjects\HealthIndexCalculator/reports/Test-Report2026.01.20.18.00.28.html
2026-01-20 18:00:28.509 INFO  listeners.Listener1 - System info set: Browser=chrome
2026-01-20 18:00:28.509 INFO  listeners.Listener1 - ExtentReports initialization complete
2026-01-20 18:00:35.245 INFO  tests.UrlValidationTest - chrome Browser started
2026-01-20 18:00:36.064 INFO  tests.UrlValidationTest - Initializing page objects: TopNavigation, HomePage
2026-01-20 18:00:36.298 INFO  tests.UrlValidationTest - Setup completed for UrlValidationTest
2026-01-20 18:00:36.564 INFO  listeners.Listener1 - onTestStart -> isURLWorking
2026-01-20 18:00:36.614 INFO  tests.UrlValidationTest - === Starting 'isURLWorking' test ===
2026-01-20 18:00:38.005 INFO  tests.UrlValidationTest - NavBar present? true
2026-01-20 18:00:38.005 INFO  tests.UrlValidationTest - Left image present? true
2026-01-20 18:00:38.005 INFO  tests.UrlValidationTest - Calculator present? true
2026-01-20 18:00:38.016 INFO  tests.UrlValidationTest - PASS: Home page loaded successfully with all required elements
2026-01-20 18:00:38.016 INFO  tests.UrlValidationTest - === Completed 'isURLWorking' test ===
2026-01-20 18:00:38.031 INFO  listeners.Listener1 - onTestSuccess -> isURLWorking
2026-01-20 18:00:38.500 INFO  tests.UrlValidationTest - Tearing down webdriver
2026-01-20 18:00:51.341 INFO  tests.HomePageValidationTest - chrome Browser started
2026-01-20 18:00:52.016 INFO  tests.HomePageValidationTest - Initializing HomePage and TopNavigation with driver
2026-01-20 18:00:52.061 INFO  tests.HomePageValidationTest - Navigating to Home page via TopNavigation.goToHome()
2026-01-20 18:00:52.450 INFO  tests.HomePageValidationTest - Arrived at Home page. Current URL: https://hackvyatharth.github.io/Vitalguard_Team_Vanguardians/#container
2026-01-20 18:00:52.496 INFO  listeners.Listener1 - onTestStart -> isTopNavPresent
2026-01-20 18:00:52.500 INFO  tests.HomePageValidationTest - === Starting 'isTopNavPresent' test ===
2026-01-20 18:00:53.139 INFO  tests.HomePageValidationTest - PASS: Top navigation is present
2026-01-20 18:00:53.139 INFO  tests.HomePageValidationTest - === Completed 'isTopNavPresent' test ===
2026-01-20 18:00:53.139 INFO  listeners.Listener1 - onTestSuccess -> isTopNavPresent
2026-01-20 18:00:53.164 INFO  listeners.Listener1 - onTestStart -> isLeftImagePresent
2026-01-20 18:00:53.164 INFO  tests.HomePageValidationTest - === Starting 'isLeftImagePresent' test ===
2026-01-20 18:00:53.407 INFO  tests.HomePageValidationTest - PASS: Left image is present
2026-01-20 18:00:53.407 INFO  tests.HomePageValidationTest - === Completed 'isLeftImagePresent' test ===
2026-01-20 18:00:53.407 INFO  listeners.Listener1 - onTestSuccess -> isLeftImagePresent
2026-01-20 18:00:53.430 INFO  listeners.Listener1 - onTestStart -> isCalculatorPresent
2026-01-20 18:00:53.443 INFO  tests.HomePageValidationTest - === Starting 'isCalculatorPresent' test ===
2026-01-20 18:00:53.691 INFO  tests.HomePageValidationTest - PASS: Calculator is present
2026-01-20 18:00:53.691 INFO  tests.HomePageValidationTest - === Completed 'isCalculatorPresent' test ===
2026-01-20 18:00:53.691 INFO  listeners.Listener1 - onTestSuccess -> isCalculatorPresent
2026-01-20 18:00:53.716 INFO  listeners.Listener1 - onTestStart -> gotoHeartPulse
2026-01-20 18:00:53.723 INFO  tests.HomePageValidationTest - Navigating to HeartPulse from Home page
2026-01-20 18:00:54.191 INFO  tests.HomePageValidationTest - URL after goToHeartPulse(): https://hackvyatharth.github.io/Vitalguard_Team_Vanguardians/#pulseRate
2026-01-20 18:00:54.191 INFO  tests.HomePageValidationTest - PASS: 'gotoHeartPulse' assertion passed
2026-01-20 18:00:54.191 INFO  listeners.Listener1 - onTestSuccess -> gotoHeartPulse
2026-01-20 18:00:54.223 INFO  listeners.Listener1 - onTestStart -> gotoBloodPressure
2026-01-20 18:00:54.227 INFO  tests.HomePageValidationTest - Navigating to Blood Pressure from Home page
2026-01-20 18:00:54.566 INFO  tests.HomePageValidationTest - URL after goToBloodPressure(): https://hackvyatharth.github.io/Vitalguard_Team_Vanguardians/#bloodPressure
2026-01-20 18:00:54.574 INFO  tests.HomePageValidationTest - PASS: 'gotoBloodPressure' assertion passed
2026-01-20 18:00:54.575 INFO  listeners.Listener1 - onTestSuccess -> gotoBloodPressure
2026-01-20 18:00:54.600 INFO  listeners.Listener1 - onTestStart -> gotoAgeFactor
2026-01-20 18:00:54.600 INFO  tests.HomePageValidationTest - Navigating to Age Factor from Home page
2026-01-20 18:00:55.012 INFO  tests.HomePageValidationTest - URL after goToAgeFactor(): https://hackvyatharth.github.io/Vitalguard_Team_Vanguardians/#ageFactor
2026-01-20 18:00:55.018 INFO  tests.HomePageValidationTest - PASS: 'gotoAgeFactor' assertion passed
2026-01-20 18:00:55.018 INFO  listeners.Listener1 - onTestSuccess -> gotoAgeFactor
2026-01-20 18:00:55.040 INFO  listeners.Listener1 - onTestStart -> gotoTeamDetails
2026-01-20 18:00:55.042 INFO  tests.HomePageValidationTest - Navigating to Team Details from Home page
2026-01-20 18:00:55.389 INFO  tests.HomePageValidationTest - URL after goToTeamDetails(): https://hackvyatharth.github.io/Vitalguard_Team_Vanguardians/#foot
2026-01-20 18:00:55.389 INFO  tests.HomePageValidationTest - PASS: 'gotoTeamDetails' assertion passed
2026-01-20 18:00:55.389 INFO  listeners.Listener1 - onTestSuccess -> gotoTeamDetails
2026-01-20 18:00:55.405 INFO  tests.HomePageValidationTest - Tearing down webdriver
2026-01-20 18:01:07.007 INFO  tests.HeartPulsePageValidationTest - chrome Browser started
2026-01-20 18:01:07.721 INFO  tests.HeartPulsePageValidationTest - Initializing HeartPulsePage and TopNavigation with driver ChromeDriver: chrome on windows (de57aa0c972dd9064a58a740ac74088e)
2026-01-20 18:01:07.819 INFO  tests.HeartPulsePageValidationTest - Navigating to 'Heart Pulse' via top navigation
2026-01-20 18:01:08.407 INFO  tests.HeartPulsePageValidationTest - Arrived at Heart Pulse page. Current URL: https://hackvyatharth.github.io/Vitalguard_Team_Vanguardians/#pulseRate
2026-01-20 18:01:08.451 INFO  listeners.Listener1 - onTestStart -> isTopNavPresent
2026-01-20 18:01:08.454 INFO  tests.HeartPulsePageValidationTest - Verifying top navigation presence on Heart Pulse page
2026-01-20 18:01:09.101 INFO  tests.HeartPulsePageValidationTest - 'isTopNavPresent' assertion passed
2026-01-20 18:01:09.103 INFO  listeners.Listener1 - onTestSuccess -> isTopNavPresent
2026-01-20 18:01:09.122 INFO  listeners.Listener1 - onTestStart -> isHeadingPresent
2026-01-20 18:01:09.122 INFO  tests.HeartPulsePageValidationTest - Checking Heart Pulse page heading presence
2026-01-20 18:01:09.309 INFO  tests.HeartPulsePageValidationTest - 'isHeadingPresent' assertion passed
2026-01-20 18:01:09.313 INFO  listeners.Listener1 - onTestSuccess -> isHeadingPresent
2026-01-20 18:01:09.341 INFO  listeners.Listener1 - onTestStart -> gotoHome
2026-01-20 18:01:09.341 INFO  tests.HeartPulsePageValidationTest - Navigating to Home from Heart Pulse page
2026-01-20 18:01:09.740 INFO  tests.HeartPulsePageValidationTest - URL after goToHome(): https://hackvyatharth.github.io/Vitalguard_Team_Vanguardians/#container
2026-01-20 18:01:09.740 INFO  tests.HeartPulsePageValidationTest - 'gotoHome' assertion passed
2026-01-20 18:01:09.740 INFO  listeners.Listener1 - onTestSuccess -> gotoHome
2026-01-20 18:01:09.772 INFO  listeners.Listener1 - onTestStart -> gotoBloodPressure
2026-01-20 18:01:09.772 INFO  tests.HeartPulsePageValidationTest - Navigating to Blood Pressure from Heart Pulse page
2026-01-20 18:01:10.201 INFO  tests.HeartPulsePageValidationTest - URL after goToBloodPressure(): https://hackvyatharth.github.io/Vitalguard_Team_Vanguardians/#bloodPressure
2026-01-20 18:01:10.201 INFO  tests.HeartPulsePageValidationTest - 'gotoBloodPressure' assertion passed
2026-01-20 18:01:10.201 INFO  listeners.Listener1 - onTestSuccess -> gotoBloodPressure
2026-01-20 18:01:10.226 INFO  listeners.Listener1 - onTestStart -> gotoAgeFactor
2026-01-20 18:01:10.236 INFO  tests.HeartPulsePageValidationTest - Navigating to Age Factor from Heart Pulse page
2026-01-20 18:01:10.615 INFO  tests.HeartPulsePageValidationTest - URL after goToAgeFactor(): https://hackvyatharth.github.io/Vitalguard_Team_Vanguardians/#ageFactor
2026-01-20 18:01:10.618 INFO  tests.HeartPulsePageValidationTest - 'gotoAgeFactor' assertion passed
2026-01-20 18:01:10.618 INFO  listeners.Listener1 - onTestSuccess -> gotoAgeFactor
2026-01-20 18:01:10.639 INFO  listeners.Listener1 - onTestStart -> gotoTeamDetails
2026-01-20 18:01:10.639 INFO  tests.HeartPulsePageValidationTest - Navigating to Team Details from Heart Pulse page
2026-01-20 18:01:10.972 INFO  tests.HeartPulsePageValidationTest - URL after goToTeamDetails(): https://hackvyatharth.github.io/Vitalguard_Team_Vanguardians/#foot
2026-01-20 18:01:10.972 INFO  tests.HeartPulsePageValidationTest - 'gotoTeamDetails' assertion passed
2026-01-20 18:01:10.984 INFO  listeners.Listener1 - onTestSuccess -> gotoTeamDetails
2026-01-20 18:01:10.997 INFO  tests.HeartPulsePageValidationTest - Tearing down webdriver
2026-01-20 18:01:20.619 INFO  t.BloodPressurePageValidationTest - chrome Browser started
2026-01-20 18:01:21.220 INFO  t.BloodPressurePageValidationTest - Initializing BloodPressurePage and TopNavigation...
2026-01-20 18:01:21.359 INFO  t.BloodPressurePageValidationTest - Navigating to 'Blood Pressure' via top navigation...
2026-01-20 18:01:22.108 INFO  t.BloodPressurePageValidationTest - Arrived at Blood Pressure page. Current URL: https://hackvyatharth.github.io/Vitalguard_Team_Vanguardians/#bloodPressure
2026-01-20 18:01:22.151 INFO  listeners.Listener1 - onTestStart -> isTopNavPresent
2026-01-20 18:01:22.151 INFO  t.BloodPressurePageValidationTest - === Starting 'isTopNavPresent' test ===
2026-01-20 18:01:22.897 INFO  t.BloodPressurePageValidationTest - PASS: Top navigation presence assertion passed.
2026-01-20 18:01:22.897 INFO  t.BloodPressurePageValidationTest - === Completed 'isTopNavPresent' test ===
2026-01-20 18:01:22.897 INFO  listeners.Listener1 - onTestSuccess -> isTopNavPresent
2026-01-20 18:01:22.931 INFO  listeners.Listener1 - onTestStart -> isHeadingPresent
2026-01-20 18:01:22.941 INFO  t.BloodPressurePageValidationTest - === Starting 'isHeadingPresent' test ===
2026-01-20 18:01:23.239 INFO  t.BloodPressurePageValidationTest - PASS: Heading presence assertion passed.
2026-01-20 18:01:23.239 INFO  t.BloodPressurePageValidationTest - === Completed 'isHeadingPresent' test ===
2026-01-20 18:01:23.239 INFO  listeners.Listener1 - onTestSuccess -> isHeadingPresent
2026-01-20 18:01:23.246 INFO  listeners.Listener1 - onTestStart -> isInfoPresent
2026-01-20 18:01:23.246 INFO  t.BloodPressurePageValidationTest - === Starting 'isInfoPresent' test ===
2026-01-20 18:01:23.411 INFO  t.BloodPressurePageValidationTest - PASS: Information block presence assertion passed.
2026-01-20 18:01:23.411 INFO  t.BloodPressurePageValidationTest - === Completed 'isInfoPresent' test ===
2026-01-20 18:01:23.411 INFO  listeners.Listener1 - onTestSuccess -> isInfoPresent
2026-01-20 18:01:23.428 INFO  listeners.Listener1 - onTestStart -> gotoHome
2026-01-20 18:01:23.431 INFO  t.BloodPressurePageValidationTest - Navigating to Home via BloodPressurePage.goToHome()...
2026-01-20 18:01:23.788 INFO  t.BloodPressurePageValidationTest - URL after goToHome(): https://hackvyatharth.github.io/Vitalguard_Team_Vanguardians/#container
2026-01-20 18:01:23.788 INFO  t.BloodPressurePageValidationTest - PASS: Home navigation assertion passed.
2026-01-20 18:01:23.788 INFO  listeners.Listener1 - onTestSuccess -> gotoHome
2026-01-20 18:01:23.802 INFO  listeners.Listener1 - onTestStart -> gotoHeartPulse
2026-01-20 18:01:23.802 INFO  t.BloodPressurePageValidationTest - Navigating to Heart Pulse via BloodPressurePage.goToHeartPulse()...
2026-01-20 18:01:24.261 INFO  t.BloodPressurePageValidationTest - URL after goToHeartPulse(): https://hackvyatharth.github.io/Vitalguard_Team_Vanguardians/#pulseRate
2026-01-20 18:01:24.261 INFO  t.BloodPressurePageValidationTest - PASS: Heart Pulse navigation assertion passed.
2026-01-20 18:01:24.264 INFO  listeners.Listener1 - onTestSuccess -> gotoHeartPulse
2026-01-20 18:01:24.274 INFO  listeners.Listener1 - onTestStart -> gotoAgeFactorPage
2026-01-20 18:01:24.278 INFO  t.BloodPressurePageValidationTest - Navigating to Age Factor via BloodPressurePage.goToAgeFactor()...
2026-01-20 18:01:24.735 INFO  t.BloodPressurePageValidationTest - URL after goToAgeFactor(): https://hackvyatharth.github.io/Vitalguard_Team_Vanguardians/#ageFactor
2026-01-20 18:01:24.737 INFO  t.BloodPressurePageValidationTest - PASS: Age Factor navigation assertion passed.
2026-01-20 18:01:24.737 INFO  listeners.Listener1 - onTestSuccess -> gotoAgeFactorPage
2026-01-20 18:01:24.755 INFO  listeners.Listener1 - onTestStart -> gotoTeamDetails
2026-01-20 18:01:24.755 INFO  t.BloodPressurePageValidationTest - Navigating to Team Details via BloodPressurePage.goToTeamDetails()...
2026-01-20 18:01:25.095 INFO  t.BloodPressurePageValidationTest - URL after goToTeamDetails(): https://hackvyatharth.github.io/Vitalguard_Team_Vanguardians/#foot
2026-01-20 18:01:25.095 INFO  t.BloodPressurePageValidationTest - PASS: Team Details navigation assertion passed.
2026-01-20 18:01:25.095 INFO  listeners.Listener1 - onTestSuccess -> gotoTeamDetails
2026-01-20 18:01:25.104 INFO  t.BloodPressurePageValidationTest - Tearing down webdriver
2026-01-20 18:01:32.673 INFO  tests.AgeFactorPageValidationTest - chrome Browser started
2026-01-20 18:01:33.316 INFO  tests.AgeFactorPageValidationTest - Initializing AgeFactorPage and TopNavigation for driver: ChromeDriver: chrome on windows (272fba7d41b54a824b4d7e17bc440306)
2026-01-20 18:01:33.364 INFO  tests.AgeFactorPageValidationTest - Navigating to 'Age Factor' via top navigation
2026-01-20 18:01:33.654 INFO  tests.AgeFactorPageValidationTest - Arrived at Age factor page
2026-01-20 18:01:33.695 INFO  listeners.Listener1 - onTestStart -> isTopNavPresent
2026-01-20 18:01:33.695 INFO  tests.AgeFactorPageValidationTest - Verifying top navigation presence on Age Factor page
2026-01-20 18:01:34.467 INFO  tests.AgeFactorPageValidationTest - PASS: Top navigation presence assertion passed
2026-01-20 18:01:34.477 INFO  listeners.Listener1 - onTestSuccess -> isTopNavPresent
2026-01-20 18:01:34.495 INFO  listeners.Listener1 - onTestStart -> isHeadingPresent
2026-01-20 18:01:34.495 INFO  tests.AgeFactorPageValidationTest - Checking Age Factor page heading presence (and style if applicable)
2026-01-20 18:01:34.675 INFO  tests.AgeFactorPageValidationTest - PASS: Heading presence assertion passed
2026-01-20 18:01:34.678 INFO  listeners.Listener1 - onTestSuccess -> isHeadingPresent
2026-01-20 18:01:34.698 INFO  listeners.Listener1 - onTestStart -> isInfoPresent
2026-01-20 18:01:34.698 INFO  tests.AgeFactorPageValidationTest - Validating informational block (white text per spec) on Age Factor page
2026-01-20 18:01:34.882 INFO  tests.AgeFactorPageValidationTest - PASS: Info block presence assertion passed
2026-01-20 18:01:34.890 INFO  listeners.Listener1 - onTestSuccess -> isInfoPresent
2026-01-20 18:01:34.906 INFO  listeners.Listener1 - onTestStart -> gotoHome
2026-01-20 18:01:34.914 INFO  tests.AgeFactorPageValidationTest - Navigating to Home via AgeFactorPage.goToHome()
2026-01-20 18:01:35.319 INFO  tests.AgeFactorPageValidationTest - PASS: Home navigation assertion passed
2026-01-20 18:01:35.319 INFO  listeners.Listener1 - onTestSuccess -> gotoHome
2026-01-20 18:01:35.334 INFO  listeners.Listener1 - onTestStart -> gotoHeartPulse
2026-01-20 18:01:35.342 INFO  tests.AgeFactorPageValidationTest - Navigating to Heart Pulse via AgeFactorPage.goToHeartPulse()
2026-01-20 18:01:35.871 INFO  tests.AgeFactorPageValidationTest - PASS: Heart Pulse navigation assertion passed
2026-01-20 18:01:35.871 INFO  listeners.Listener1 - onTestSuccess -> gotoHeartPulse
2026-01-20 18:01:35.891 INFO  listeners.Listener1 - onTestStart -> gotoBloodPressure
2026-01-20 18:01:35.898 INFO  tests.AgeFactorPageValidationTest - Navigating to Blood Pressure via AgeFactorPage.goToBloodPressure()
2026-01-20 18:01:36.273 INFO  tests.AgeFactorPageValidationTest - PASS: Blood Pressure navigation assertion passed
2026-01-20 18:01:36.273 INFO  listeners.Listener1 - onTestSuccess -> gotoBloodPressure
2026-01-20 18:01:36.299 INFO  listeners.Listener1 - onTestStart -> gotoTeamDetails
2026-01-20 18:01:36.299 INFO  tests.AgeFactorPageValidationTest - Navigating to Team Details via AgeFactorPage.goToTeamDetails()
2026-01-20 18:01:36.620 INFO  tests.AgeFactorPageValidationTest - PASS: Team Details navigation assertion passed
2026-01-20 18:01:36.620 INFO  listeners.Listener1 - onTestSuccess -> gotoTeamDetails
2026-01-20 18:01:36.627 INFO  tests.AgeFactorPageValidationTest - Tearing down webdriver
2026-01-20 18:01:46.622 INFO  tests.TeamDetailsPageValidationTest - chrome Browser started
2026-01-20 18:01:46.918 INFO  tests.TeamDetailsPageValidationTest - Initializing page objects: TeamDetails, TopNavigation
2026-01-20 18:01:46.946 INFO  tests.TeamDetailsPageValidationTest - Navigating to Team Details page via TopNavigation
2026-01-20 18:01:47.348 INFO  tests.TeamDetailsPageValidationTest - Setup completed for TeamDetailsPageValidationTest
2026-01-20 18:01:47.355 INFO  listeners.Listener1 - onTestStart -> isTopNavPresent
2026-01-20 18:01:47.356 INFO  tests.TeamDetailsPageValidationTest - === Starting 'isTopNavPresent' test ===
2026-01-20 18:01:47.851 INFO  tests.TeamDetailsPageValidationTest - Top navigation present? true
2026-01-20 18:01:47.851 INFO  tests.TeamDetailsPageValidationTest - PASS: Top navigation is present
2026-01-20 18:01:47.851 INFO  tests.TeamDetailsPageValidationTest - === Completed 'isTopNavPresent' test ===
2026-01-20 18:01:47.851 INFO  listeners.Listener1 - onTestSuccess -> isTopNavPresent
2026-01-20 18:01:47.880 INFO  listeners.Listener1 - onTestStart -> isHeadingPresent
2026-01-20 18:01:47.880 INFO  tests.TeamDetailsPageValidationTest - === Starting 'isHeadingPresent' test ===
2026-01-20 18:01:48.078 INFO  tests.TeamDetailsPageValidationTest - Heading present? true
2026-01-20 18:01:48.078 INFO  tests.TeamDetailsPageValidationTest - PASS: Heading is present
2026-01-20 18:01:48.078 INFO  tests.TeamDetailsPageValidationTest - === Completed 'isHeadingPresent' test ===
2026-01-20 18:01:48.078 INFO  listeners.Listener1 - onTestSuccess -> isHeadingPresent
2026-01-20 18:01:48.113 INFO  listeners.Listener1 - onTestStart -> isTeamDetailsPresent
2026-01-20 18:01:48.113 INFO  tests.TeamDetailsPageValidationTest - === Starting 'isTeamDetailsPresent' test ===
2026-01-20 18:01:48.458 INFO  tests.TeamDetailsPageValidationTest - Team details present? true
2026-01-20 18:01:48.458 INFO  tests.TeamDetailsPageValidationTest - PASS: Team details are displayed
2026-01-20 18:01:48.460 INFO  tests.TeamDetailsPageValidationTest - === Completed 'isTeamDetailsPresent' test ===
2026-01-20 18:01:48.467 INFO  listeners.Listener1 - onTestSuccess -> isTeamDetailsPresent
2026-01-20 18:01:48.488 INFO  listeners.Listener1 - onTestStart -> gotoHome
2026-01-20 18:01:48.492 INFO  tests.TeamDetailsPageValidationTest - === Starting 'gotoHome' test ===
2026-01-20 18:01:48.938 INFO  tests.TeamDetailsPageValidationTest - Current URL after gotoHome(): https://hackvyatharth.github.io/Vitalguard_Team_Vanguardians/#container
2026-01-20 18:01:48.949 INFO  tests.TeamDetailsPageValidationTest - PASS: 'gotoHome' assertion passed (URL contains '#container')
2026-01-20 18:01:48.949 INFO  tests.TeamDetailsPageValidationTest - === Completed 'gotoHome' test ===
2026-01-20 18:01:48.953 INFO  listeners.Listener1 - onTestSuccess -> gotoHome
2026-01-20 18:01:48.983 INFO  listeners.Listener1 - onTestStart -> gotoBloodPressure
2026-01-20 18:01:48.993 INFO  tests.TeamDetailsPageValidationTest - === Starting 'gotoBloodPressure' test ===
2026-01-20 18:01:49.405 INFO  tests.TeamDetailsPageValidationTest - Current URL after gotoBloodPressure(): https://hackvyatharth.github.io/Vitalguard_Team_Vanguardians/#bloodPressure
2026-01-20 18:01:49.405 INFO  tests.TeamDetailsPageValidationTest - PASS: 'gotoBloodPressure' assertion passed (URL contains '#bloodPressure')
2026-01-20 18:01:49.405 INFO  tests.TeamDetailsPageValidationTest - === Completed 'gotoBloodPressure' test ===
2026-01-20 18:01:49.405 INFO  listeners.Listener1 - onTestSuccess -> gotoBloodPressure
2026-01-20 18:01:49.420 INFO  listeners.Listener1 - onTestStart -> gotoHeartPulse
2026-01-20 18:01:49.420 INFO  tests.TeamDetailsPageValidationTest - === Starting 'gotoHeartPulse' test ===
2026-01-20 18:01:49.757 INFO  tests.TeamDetailsPageValidationTest - Current URL after gotoHeartPulse(): https://hackvyatharth.github.io/Vitalguard_Team_Vanguardians/#pulseRate
2026-01-20 18:01:49.764 INFO  tests.TeamDetailsPageValidationTest - PASS: 'gotoHeartPulse' assertion passed (URL contains '#pulseRate')
2026-01-20 18:01:49.764 INFO  tests.TeamDetailsPageValidationTest - === Completed 'gotoHeartPulse' test ===
2026-01-20 18:01:49.764 INFO  listeners.Listener1 - onTestSuccess -> gotoHeartPulse
2026-01-20 18:01:49.789 INFO  listeners.Listener1 - onTestStart -> gotoAgeFactor
2026-01-20 18:01:49.789 INFO  tests.TeamDetailsPageValidationTest - === Starting 'gotoAgeFactor' test ===
2026-01-20 18:01:50.195 INFO  tests.TeamDetailsPageValidationTest - Current URL after gotoAgeFactor(): https://hackvyatharth.github.io/Vitalguard_Team_Vanguardians/#ageFactor
2026-01-20 18:01:50.200 INFO  tests.TeamDetailsPageValidationTest - PASS: 'gotoAgeFactor' assertion passed (URL contains '#ageFactor')
2026-01-20 18:01:50.200 INFO  tests.TeamDetailsPageValidationTest - === Completed 'gotoAgeFactor' test ===
2026-01-20 18:01:50.200 INFO  listeners.Listener1 - onTestSuccess -> gotoAgeFactor
2026-01-20 18:01:50.218 INFO  tests.TeamDetailsPageValidationTest - Tearing down webdriver
2026-01-20 18:02:00.187 INFO  tests.CalculatorFunctionalityTest - chrome Browser started
2026-01-20 18:02:01.248 INFO  tests.CalculatorFunctionalityTest - Initializing CalculatorForm, ExcelDataManager, TopNavigation
2026-01-20 18:02:03.043 INFO  tests.CalculatorFunctionalityTest - Setup complete for CalculatorFunctionalityTest
2026-01-20 18:02:03.112 INFO  listeners.Listener1 - onTestStart -> isFormHeadingPresent
2026-01-20 18:02:03.131 INFO  tests.CalculatorFunctionalityTest - Verifying form heading presence
2026-01-20 18:02:05.171 INFO  tests.CalculatorFunctionalityTest - Form Heading assertion passed
2026-01-20 18:02:05.171 INFO  listeners.Listener1 - onTestSuccess -> isFormHeadingPresent
2026-01-20 18:02:05.327 INFO  listeners.Listener1 - onTestStart -> isAgeFieldPresent
2026-01-20 18:02:05.352 INFO  tests.CalculatorFunctionalityTest - Verifying age field presence
2026-01-20 18:02:06.885 INFO  tests.CalculatorFunctionalityTest - Age field presence assertion passed
2026-01-20 18:02:06.885 INFO  listeners.Listener1 - onTestSuccess -> isAgeFieldPresent
2026-01-20 18:02:06.940 INFO  listeners.Listener1 - onTestStart -> isPulseRateFieldPresent
2026-01-20 18:02:06.950 INFO  tests.CalculatorFunctionalityTest - Verifying pulse field presence
2026-01-20 18:02:08.112 INFO  tests.CalculatorFunctionalityTest - Pulse field presence assertion passed
2026-01-20 18:02:08.132 INFO  listeners.Listener1 - onTestSuccess -> isPulseRateFieldPresent
2026-01-20 18:02:08.249 INFO  listeners.Listener1 - onTestStart -> isBloodPressureFieldPresent
2026-01-20 18:02:08.269 INFO  tests.CalculatorFunctionalityTest - Verifying BP field presence
2026-01-20 18:02:09.547 INFO  tests.CalculatorFunctionalityTest - BP field presence assertion passed
2026-01-20 18:02:09.547 INFO  listeners.Listener1 - onTestSuccess -> isBloodPressureFieldPresent
2026-01-20 18:02:09.624 INFO  listeners.Listener1 - onTestStart -> isCalculateButtonPresentAndClickable
2026-01-20 18:02:09.632 INFO  tests.CalculatorFunctionalityTest - Verifying Calculate Button presence and Clickability
2026-01-20 18:02:11.006 INFO  tests.CalculatorFunctionalityTest - Calculate button presence & clickability assertion passed
2026-01-20 18:02:11.006 INFO  listeners.Listener1 - onTestSuccess -> isCalculateButtonPresentAndClickable
2026-01-20 18:02:18.605 INFO  tests.CalculatorFunctionalityTest - Loaded {} data rows from Excel
2026-01-20 18:02:18.652 INFO  listeners.Listener1 - onTestStart -> sendData
2026-01-20 18:02:18.657 INFO  listeners.Listener1 - Parameters for sendData: ["", "", "", negative]
2026-01-20 18:02:18.717 INFO  tests.CalculatorFunctionalityTest - Executing data row: age='""', pulse='""', bp='""', testType='negative'
2026-01-20 18:02:22.432 ERROR listeners.Listener1 - onTestFailure -> sendData
java.lang.RuntimeException: Unexpected result for elementScreenshot command: null
	at org.openqa.selenium.remote.RemoteWebElement.getScreenshotAs(RemoteWebElement.java:369)
	at utils.ScreenshotUtil.takeScreenshotofCalculator(ScreenshotUtil.java:35)
	at tests.CalculatorFunctionalityTest.sendData(CalculatorFunctionalityTest.java:115)
	at java.base/jdk.internal.reflect.DirectMethodHandleAccessor.invoke(DirectMethodHandleAccessor.java:103)
	at java.base/java.lang.reflect.Method.invoke(Method.java:580)
	at org.testng.internal.invokers.MethodInvocationHelper.invokeMethod(MethodInvocationHelper.java:141)
	at org.testng.internal.invokers.TestInvoker.invokeMethod(TestInvoker.java:687)
	at org.testng.internal.invokers.TestInvoker.invokeTestMethod(TestInvoker.java:230)
	at org.testng.internal.invokers.MethodRunner.runInSequence(MethodRunner.java:63)
	at org.testng.internal.invokers.TestInvoker$MethodInvocationAgent.invoke(TestInvoker.java:995)
	at org.testng.internal.invokers.TestInvoker.invokeTestMethods(TestInvoker.java:203)
	at org.testng.internal.invokers.TestMethodWorker.invokeTestMethods(TestMethodWorker.java:154)
	at org.testng.internal.invokers.TestMethodWorker.run(TestMethodWorker.java:134)
	at java.base/java.util.ArrayList.forEach(ArrayList.java:1596)
	at org.testng.TestRunner.privateRun(TestRunner.java:741)
	at org.testng.TestRunner.run(TestRunner.java:616)
	at org.testng.SuiteRunner.runTest(SuiteRunner.java:421)
	at org.testng.SuiteRunner.runSequentially(SuiteRunner.java:413)
	at org.testng.SuiteRunner.privateRun(SuiteRunner.java:373)
	at org.testng.SuiteRunner.run(SuiteRunner.java:312)
	at org.testng.SuiteRunnerWorker.runSuite(SuiteRunnerWorker.java:52)
	at org.testng.SuiteRunnerWorker.run(SuiteRunnerWorker.java:95)
	at org.testng.TestNG.runSuitesSequentially(TestNG.java:1274)
	at org.testng.TestNG.runSuitesLocally(TestNG.java:1208)
	at org.testng.TestNG.runSuites(TestNG.java:1112)
	at org.testng.TestNG.run(TestNG.java:1079)
	at com.intellij.rt.testng.IDEARemoteTestNG.run(IDEARemoteTestNG.java:65)
	at com.intellij.rt.testng.RemoteTestNGStarter.main(RemoteTestNGStarter.java:105)
2026-01-20 18:02:22.509 INFO  listeners.Listener1 - No pre-submit screenshot path provided by the test.
2026-01-20 18:02:22.520 INFO  listeners.Listener1 - No failure screenshot path provided by the test.
2026-01-20 18:02:22.684 INFO  listeners.Listener1 - onTestStart -> sendData
2026-01-20 18:02:22.684 INFO  listeners.Listener1 - Parameters for sendData: [0, 60, 70/31, negative]
2026-01-20 18:02:22.700 INFO  tests.CalculatorFunctionalityTest - Executing data row: age='0', pulse='60', bp='70/31', testType='negative'
2026-01-20 18:02:32.706 ERROR listeners.Listener1 - onTestFailure -> sendData
org.openqa.selenium.NoSuchWindowException: no such window: target window already closed
from unknown error: web view not found
  (Session info: chrome=142.0.7444.176)
Build info: version: '4.33.0', revision: '2c6aaad03a'
System info: os.name: 'Windows 11', os.arch: 'amd64', os.version: '10.0', java.version: '21'
Driver info: org.openqa.selenium.chrome.ChromeDriver
Command: [0aefe18c03ad3a84e77c56c11cd76bd8, findElement {value=age, using=id}]
Capabilities {acceptInsecureCerts: false, browserName: chrome, browserVersion: 142.0.7444.176, chrome: {chromedriverVersion: 142.0.7444.175 (302067f14a4..., userDataDir: C:\Users\2457157\AppData\Lo...}, fedcm:accounts: true, goog:chromeOptions: {debuggerAddress: localhost:65321}, goog:processID: 9592, networkConnectionEnabled: false, pageLoadStrategy: normal, platformName: windows, proxy: Proxy(), se:cdp: ws://localhost:65321/devtoo..., se:cdpVersion: 142.0.7444.176, setWindowRect: true, strictFileInteractability: false, timeouts: {implicit: 0, pageLoad: 300000, script: 30000}, unhandledPromptBehavior: dismiss and notify, webauthn:extension:credBlob: true, webauthn:extension:largeBlob: true, webauthn:extension:minPinLength: true, webauthn:extension:prf: true, webauthn:virtualAuthenticators: true}
Session ID: 0aefe18c03ad3a84e77c56c11cd76bd8
	at java.base/jdk.internal.reflect.DirectConstructorHandleAccessor.newInstance(DirectConstructorHandleAccessor.java:62)
	at java.base/java.lang.reflect.Constructor.newInstanceWithCaller(Constructor.java:502)
	at java.base/java.lang.reflect.Constructor.newInstance(Constructor.java:486)
	at org.openqa.selenium.remote.ErrorCodec.decode(ErrorCodec.java:167)
	at org.openqa.selenium.remote.codec.w3c.W3CHttpResponseCodec.decode(W3CHttpResponseCodec.java:138)
	at org.openqa.selenium.remote.codec.w3c.W3CHttpResponseCodec.decode(W3CHttpResponseCodec.java:50)
	at org.openqa.selenium.remote.HttpCommandExecutor.execute(HttpCommandExecutor.java:215)
	at org.openqa.selenium.remote.service.DriverCommandExecutor.invokeExecute(DriverCommandExecutor.java:216)
	at org.openqa.selenium.remote.service.DriverCommandExecutor.execute(DriverCommandExecutor.java:174)
	at org.openqa.selenium.remote.RemoteWebDriver.execute(RemoteWebDriver.java:544)
	at org.openqa.selenium.remote.ElementLocation$ElementFinder$2.findElement(ElementLocation.java:165)
	at org.openqa.selenium.remote.ElementLocation.findElement(ElementLocation.java:59)
	at org.openqa.selenium.remote.RemoteWebDriver.findElement(RemoteWebDriver.java:367)
	at org.openqa.selenium.remote.RemoteWebDriver.findElement(RemoteWebDriver.java:361)
	at org.openqa.selenium.support.pagefactory.DefaultElementLocator.findElement(DefaultElementLocator.java:68)
	at org.openqa.selenium.support.pagefactory.internal.LocatingElementHandler.invoke(LocatingElementHandler.java:38)
	at jdk.proxy2/jdk.proxy2.$Proxy17.toString(Unknown Source)
	at java.base/java.lang.String.valueOf(String.java:4461)
	at org.openqa.selenium.support.ui.ExpectedConditions$10.toString(ExpectedConditions.java:295)
	at java.base/java.lang.String.valueOf(String.java:4461)
	at org.openqa.selenium.support.ui.FluentWait.until(FluentWait.java:225)
	at pages.CalculatorForm.enterAge(CalculatorForm.java:99)
	at tests.CalculatorFunctionalityTest.sendData(CalculatorFunctionalityTest.java:110)
	at java.base/jdk.internal.reflect.DirectMethodHandleAccessor.invoke(DirectMethodHandleAccessor.java:103)
	at java.base/java.lang.reflect.Method.invoke(Method.java:580)
	at org.testng.internal.invokers.MethodInvocationHelper.invokeMethod(MethodInvocationHelper.java:141)
	at org.testng.internal.invokers.TestInvoker.invokeMethod(TestInvoker.java:687)
	at org.testng.internal.invokers.TestInvoker.invokeTestMethod(TestInvoker.java:230)
	at org.testng.internal.invokers.MethodRunner.runInSequence(MethodRunner.java:63)
	at org.testng.internal.invokers.TestInvoker$MethodInvocationAgent.invoke(TestInvoker.java:995)
	at org.testng.internal.invokers.TestInvoker.invokeTestMethods(TestInvoker.java:203)
	at org.testng.internal.invokers.TestMethodWorker.invokeTestMethods(TestMethodWorker.java:154)
	at org.testng.internal.invokers.TestMethodWorker.run(TestMethodWorker.java:134)
	at java.base/java.util.ArrayList.forEach(ArrayList.java:1596)
	at org.testng.TestRunner.privateRun(TestRunner.java:741)
	at org.testng.TestRunner.run(TestRunner.java:616)
	at org.testng.SuiteRunner.runTest(SuiteRunner.java:421)
	at org.testng.SuiteRunner.runSequentially(SuiteRunner.java:413)
	at org.testng.SuiteRunner.privateRun(SuiteRunner.java:373)
	at org.testng.SuiteRunner.run(SuiteRunner.java:312)
	at org.testng.SuiteRunnerWorker.runSuite(SuiteRunnerWorker.java:52)
	at org.testng.SuiteRunnerWorker.run(SuiteRunnerWorker.java:95)
	at org.testng.TestNG.runSuitesSequentially(TestNG.java:1274)
	at org.testng.TestNG.runSuitesLocally(TestNG.java:1208)
	at org.testng.TestNG.runSuites(TestNG.java:1112)
	at org.testng.TestNG.run(TestNG.java:1079)
	at com.intellij.rt.testng.IDEARemoteTestNG.run(IDEARemoteTestNG.java:65)
	at com.intellij.rt.testng.RemoteTestNGStarter.main(RemoteTestNGStarter.java:105)
2026-01-20 18:02:32.713 INFO  listeners.Listener1 - No pre-submit screenshot path provided by the test.
2026-01-20 18:02:32.717 INFO  listeners.Listener1 - No failure screenshot path provided by the test.
2026-01-20 18:02:32.731 INFO  listeners.Listener1 - onTestStart -> sendData
2026-01-20 18:02:32.733 INFO  listeners.Listener1 - Parameters for sendData: [1, 72, 120/81, positive]
2026-01-20 18:02:32.733 INFO  tests.CalculatorFunctionalityTest - Executing data row: age='1', pulse='72', bp='120/81', testType='positive'
2026-01-20 18:03:00.675 INFO  org.testng.internal.Utils - [TestNG] Running:
  C:\Users\2457157\IdeaProjects\HealthIndexCalculator\parallel.xml

2026-01-20 18:03:00.789 INFO  listeners.Listener1 - Initializing ExtentReports. Report path: C:\Users\2457157\IdeaProjects\HealthIndexCalculator/reports/Test-Report2026.01.20.18.03.00.html
2026-01-20 18:03:00.789 INFO  listeners.Listener1 - Initializing ExtentReports. Report path: C:\Users\2457157\IdeaProjects\HealthIndexCalculator/reports/Test-Report2026.01.20.18.03.00.html
2026-01-20 18:03:01.566 INFO  listeners.Listener1 - System info set: Browser=edge
2026-01-20 18:03:01.566 INFO  listeners.Listener1 - System info set: Browser=chrome
2026-01-20 18:03:01.566 INFO  listeners.Listener1 - ExtentReports initialization complete
2026-01-20 18:03:01.566 INFO  listeners.Listener1 - ExtentReports initialization complete
2026-01-20 18:03:08.361 INFO  tests.UrlValidationTest - chrome Browser started
2026-01-20 18:03:09.372 INFO  tests.UrlValidationTest - Initializing page objects: TopNavigation, HomePage
2026-01-20 18:03:10.112 INFO  tests.UrlValidationTest - Setup completed for UrlValidationTest
2026-01-20 18:03:10.162 INFO  tests.UrlValidationTest - edge Browser started
2026-01-20 18:03:11.192 INFO  listeners.Listener1 - onTestStart -> isURLWorking
2026-01-20 18:03:11.451 INFO  tests.UrlValidationTest - === Starting 'isURLWorking' test ===
2026-01-20 18:03:12.148 INFO  tests.UrlValidationTest - Initializing page objects: TopNavigation, HomePage
2026-01-20 18:03:12.315 INFO  tests.UrlValidationTest - Setup completed for UrlValidationTest
2026-01-20 18:03:12.346 INFO  listeners.Listener1 - onTestStart -> isURLWorking
2026-01-20 18:03:12.363 INFO  tests.UrlValidationTest - === Starting 'isURLWorking' test ===
2026-01-20 18:03:14.931 INFO  tests.UrlValidationTest - NavBar present? true
2026-01-20 18:03:14.936 INFO  tests.UrlValidationTest - Left image present? true
2026-01-20 18:03:14.936 INFO  tests.UrlValidationTest - Calculator present? true
2026-01-20 18:03:14.949 INFO  tests.UrlValidationTest - PASS: Home page loaded successfully with all required elements
2026-01-20 18:03:14.953 INFO  tests.UrlValidationTest - === Completed 'isURLWorking' test ===
2026-01-20 18:03:14.968 INFO  listeners.Listener1 - onTestSuccess -> isURLWorking
2026-01-20 18:03:16.629 INFO  tests.UrlValidationTest - Tearing down webdriver
2026-01-20 18:03:16.780 INFO  tests.UrlValidationTest - NavBar present? true
2026-01-20 18:03:16.780 INFO  tests.UrlValidationTest - Left image present? true
2026-01-20 18:03:16.780 INFO  tests.UrlValidationTest - Calculator present? true
2026-01-20 18:03:16.780 INFO  tests.UrlValidationTest - PASS: Home page loaded successfully with all required elements
2026-01-20 18:03:16.789 INFO  tests.UrlValidationTest - === Completed 'isURLWorking' test ===
2026-01-20 18:03:16.796 INFO  listeners.Listener1 - onTestSuccess -> isURLWorking
2026-01-20 18:03:16.880 INFO  tests.UrlValidationTest - Tearing down webdriver
2026-01-20 18:03:37.871 INFO  tests.HeartPulsePageValidationTest - chrome Browser started
2026-01-20 18:03:38.502 INFO  tests.HeartPulsePageValidationTest - Initializing HeartPulsePage and TopNavigation with driver ChromeDriver: chrome on windows (17ee69a3a81a830222b502ba471a441b)
2026-01-20 18:03:38.581 INFO  tests.HeartPulsePageValidationTest - Navigating to 'Heart Pulse' via top navigation
2026-01-20 18:03:38.869 INFO  tests.HeartPulsePageValidationTest - Arrived at Heart Pulse page. Current URL: https://hackvyatharth.github.io/Vitalguard_Team_Vanguardians/#pulseRate
2026-01-20 18:03:38.902 INFO  listeners.Listener1 - onTestStart -> isTopNavPresent
2026-01-20 18:03:38.904 INFO  tests.HeartPulsePageValidationTest - Verifying top navigation presence on Heart Pulse page
2026-01-20 18:03:39.759 INFO  tests.HeartPulsePageValidationTest - 'isTopNavPresent' assertion passed
2026-01-20 18:03:39.762 INFO  listeners.Listener1 - onTestSuccess -> isTopNavPresent
2026-01-20 18:03:42.795 INFO  tests.HeartPulsePageValidationTest - edge Browser started
2026-01-20 18:03:43.564 INFO  tests.HeartPulsePageValidationTest - Initializing HeartPulsePage and TopNavigation with driver EdgeDriver: MicrosoftEdge on windows (bffa039a02d7b06bb3112a99db2306e1)
2026-01-20 18:03:43.684 INFO  tests.HeartPulsePageValidationTest - Navigating to 'Heart Pulse' via top navigation
2026-01-20 18:03:44.539 INFO  tests.HeartPulsePageValidationTest - Arrived at Heart Pulse page. Current URL: https://hackvyatharth.github.io/Vitalguard_Team_Vanguardians/#pulseRate
2026-01-20 18:03:44.586 INFO  listeners.Listener1 - onTestStart -> isTopNavPresent
2026-01-20 18:03:44.586 INFO  tests.HeartPulsePageValidationTest - Verifying top navigation presence on Heart Pulse page
2026-01-20 18:03:45.496 INFO  tests.HeartPulsePageValidationTest - 'isTopNavPresent' assertion passed
2026-01-20 18:03:45.496 INFO  listeners.Listener1 - onTestSuccess -> isTopNavPresent
2026-01-20 18:03:48.663 INFO  tests.HomePageValidationTest - chrome Browser started
2026-01-20 18:03:49.640 INFO  tests.HomePageValidationTest - Initializing HomePage and TopNavigation with driver
2026-01-20 18:03:49.745 INFO  tests.HomePageValidationTest - Navigating to Home page via TopNavigation.goToHome()
2026-01-20 18:03:50.664 INFO  tests.HomePageValidationTest - Arrived at Home page. Current URL: https://hackvyatharth.github.io/Vitalguard_Team_Vanguardians/#container
2026-01-20 18:03:50.736 INFO  listeners.Listener1 - onTestStart -> isTopNavPresent
2026-01-20 18:03:50.742 INFO  tests.HomePageValidationTest - === Starting 'isTopNavPresent' test ===
2026-01-20 18:03:57.299 INFO  tests.HomePageValidationTest - edge Browser started
2026-01-20 18:03:58.013 INFO  tests.HomePageValidationTest - Initializing HomePage and TopNavigation with driver
2026-01-20 18:03:58.087 INFO  tests.HomePageValidationTest - Navigating to Home page via TopNavigation.goToHome()
2026-01-20 18:03:58.687 INFO  tests.HomePageValidationTest - Arrived at Home page. Current URL: https://hackvyatharth.github.io/Vitalguard_Team_Vanguardians/#container
2026-01-20 18:03:58.770 INFO  listeners.Listener1 - onTestStart -> isTopNavPresent
2026-01-20 18:03:58.772 INFO  tests.HomePageValidationTest - === Starting 'isTopNavPresent' test ===
2026-01-20 18:04:00.569 INFO  tests.HomePageValidationTest - PASS: Top navigation is present
2026-01-20 18:04:00.581 INFO  tests.HomePageValidationTest - === Completed 'isTopNavPresent' test ===
2026-01-20 18:04:00.581 INFO  listeners.Listener1 - onTestSuccess -> isTopNavPresent
2026-01-20 18:04:00.636 INFO  listeners.Listener1 - onTestStart -> isHeadingPresent
2026-01-20 18:04:00.644 INFO  tests.HeartPulsePageValidationTest - Checking Heart Pulse page heading presence
2026-01-20 18:04:01.280 INFO  tests.HeartPulsePageValidationTest - 'isHeadingPresent' assertion passed
2026-01-20 18:04:01.280 INFO  listeners.Listener1 - onTestSuccess -> isHeadingPresent
2026-01-20 18:04:01.337 INFO  listeners.Listener1 - onTestStart -> isLeftImagePresent
2026-01-20 18:04:01.341 INFO  tests.HomePageValidationTest - === Starting 'isLeftImagePresent' test ===
2026-01-20 18:04:01.639 INFO  tests.HomePageValidationTest - PASS: Left image is present
2026-01-20 18:04:01.639 INFO  tests.HomePageValidationTest - === Completed 'isLeftImagePresent' test ===
2026-01-20 18:04:01.639 INFO  listeners.Listener1 - onTestSuccess -> isLeftImagePresent
2026-01-20 18:04:01.671 INFO  listeners.Listener1 - onTestStart -> gotoHome
2026-01-20 18:04:04.362 INFO  tests.HeartPulsePageValidationTest - Navigating to Home from Heart Pulse page
2026-01-20 18:04:05.166 INFO  tests.HeartPulsePageValidationTest - URL after goToHome(): https://hackvyatharth.github.io/Vitalguard_Team_Vanguardians/#container
2026-01-20 18:04:05.166 INFO  tests.HeartPulsePageValidationTest - 'gotoHome' assertion passed
2026-01-20 18:04:05.166 INFO  listeners.Listener1 - onTestSuccess -> gotoHome
2026-01-20 18:04:05.211 INFO  listeners.Listener1 - onTestStart -> isCalculatorPresent
2026-01-20 18:04:05.224 INFO  tests.HomePageValidationTest - === Starting 'isCalculatorPresent' test ===
2026-01-20 18:04:05.457 INFO  tests.HomePageValidationTest - PASS: Calculator is present
2026-01-20 18:04:05.464 INFO  tests.HomePageValidationTest - === Completed 'isCalculatorPresent' test ===
2026-01-20 18:04:05.464 INFO  listeners.Listener1 - onTestSuccess -> isCalculatorPresent
2026-01-20 18:04:05.488 INFO  listeners.Listener1 - onTestStart -> gotoBloodPressure
2026-01-20 18:04:05.495 INFO  tests.HeartPulsePageValidationTest - Navigating to Blood Pressure from Heart Pulse page
2026-01-20 18:04:06.246 INFO  tests.HeartPulsePageValidationTest - URL after goToBloodPressure(): https://hackvyatharth.github.io/Vitalguard_Team_Vanguardians/#bloodPressure
2026-01-20 18:04:06.246 INFO  tests.HeartPulsePageValidationTest - 'gotoBloodPressure' assertion passed
2026-01-20 18:04:06.246 INFO  listeners.Listener1 - onTestSuccess -> gotoBloodPressure
2026-01-20 18:04:06.280 INFO  listeners.Listener1 - onTestStart -> gotoHeartPulse
2026-01-20 18:04:06.280 INFO  tests.HomePageValidationTest - Navigating to HeartPulse from Home page
2026-01-20 18:04:07.004 INFO  tests.HomePageValidationTest - URL after goToHeartPulse(): https://hackvyatharth.github.io/Vitalguard_Team_Vanguardians/#pulseRate
2026-01-20 18:04:07.004 INFO  tests.HomePageValidationTest - PASS: 'gotoHeartPulse' assertion passed
2026-01-20 18:04:07.012 INFO  listeners.Listener1 - onTestSuccess -> gotoHeartPulse
2026-01-20 18:04:07.078 INFO  listeners.Listener1 - onTestStart -> gotoAgeFactor
2026-01-20 18:04:07.095 INFO  tests.HeartPulsePageValidationTest - Navigating to Age Factor from Heart Pulse page
2026-01-20 18:04:08.274 INFO  tests.HeartPulsePageValidationTest - URL after goToAgeFactor(): https://hackvyatharth.github.io/Vitalguard_Team_Vanguardians/#ageFactor
2026-01-20 18:04:08.274 INFO  tests.HeartPulsePageValidationTest - 'gotoAgeFactor' assertion passed
2026-01-20 18:04:08.278 INFO  listeners.Listener1 - onTestSuccess -> gotoAgeFactor
2026-01-20 18:04:08.345 INFO  listeners.Listener1 - onTestStart -> gotoBloodPressure
2026-01-20 18:04:08.362 INFO  tests.HomePageValidationTest - Navigating to Blood Pressure from Home page
2026-01-20 18:04:09.606 INFO  tests.HomePageValidationTest - URL after goToBloodPressure(): https://hackvyatharth.github.io/Vitalguard_Team_Vanguardians/#bloodPressure
2026-01-20 18:04:09.606 INFO  tests.HomePageValidationTest - PASS: 'gotoBloodPressure' assertion passed
2026-01-20 18:04:09.606 INFO  listeners.Listener1 - onTestSuccess -> gotoBloodPressure
2026-01-20 18:04:09.670 INFO  listeners.Listener1 - onTestStart -> gotoTeamDetails
2026-01-20 18:04:09.679 INFO  tests.HeartPulsePageValidationTest - Navigating to Team Details from Heart Pulse page
2026-01-20 18:04:10.858 INFO  tests.HeartPulsePageValidationTest - URL after goToTeamDetails(): https://hackvyatharth.github.io/Vitalguard_Team_Vanguardians/#foot
2026-01-20 18:04:10.858 INFO  tests.HeartPulsePageValidationTest - 'gotoTeamDetails' assertion passed
2026-01-20 18:04:10.862 INFO  listeners.Listener1 - onTestSuccess -> gotoTeamDetails
2026-01-20 18:04:10.879 INFO  tests.HeartPulsePageValidationTest - Tearing down webdriver
2026-01-20 18:04:22.249 INFO  tests.HomePageValidationTest - PASS: Top navigation is present
2026-01-20 18:04:22.251 INFO  tests.HomePageValidationTest - === Completed 'isTopNavPresent' test ===
2026-01-20 18:04:22.251 INFO  listeners.Listener1 - onTestSuccess -> isTopNavPresent
2026-01-20 18:04:22.260 INFO  listeners.Listener1 - onTestStart -> isHeadingPresent
2026-01-20 18:04:22.260 INFO  tests.HeartPulsePageValidationTest - Checking Heart Pulse page heading presence
2026-01-20 18:04:22.432 INFO  tests.HeartPulsePageValidationTest - 'isHeadingPresent' assertion passed
2026-01-20 18:04:22.434 INFO  listeners.Listener1 - onTestSuccess -> isHeadingPresent
2026-01-20 18:04:22.440 INFO  listeners.Listener1 - onTestStart -> isLeftImagePresent
2026-01-20 18:04:22.440 INFO  tests.HomePageValidationTest - === Starting 'isLeftImagePresent' test ===
2026-01-20 18:04:22.852 INFO  tests.HomePageValidationTest - PASS: Left image is present
2026-01-20 18:04:22.852 INFO  tests.HomePageValidationTest - === Completed 'isLeftImagePresent' test ===
2026-01-20 18:04:22.852 INFO  listeners.Listener1 - onTestSuccess -> isLeftImagePresent
2026-01-20 18:04:22.858 INFO  listeners.Listener1 - onTestStart -> gotoHome
2026-01-20 18:04:22.858 INFO  tests.HeartPulsePageValidationTest - Navigating to Home from Heart Pulse page
2026-01-20 18:04:23.215 INFO  tests.HeartPulsePageValidationTest - URL after goToHome(): https://hackvyatharth.github.io/Vitalguard_Team_Vanguardians/#container
2026-01-20 18:04:23.215 INFO  tests.HeartPulsePageValidationTest - 'gotoHome' assertion passed
2026-01-20 18:04:23.215 INFO  listeners.Listener1 - onTestSuccess -> gotoHome
2026-01-20 18:04:23.219 INFO  listeners.Listener1 - onTestStart -> isCalculatorPresent
2026-01-20 18:04:23.221 INFO  tests.HomePageValidationTest - === Starting 'isCalculatorPresent' test ===
2026-01-20 18:04:24.248 INFO  tests.HomePageValidationTest - PASS: Calculator is present
2026-01-20 18:04:24.248 INFO  tests.HomePageValidationTest - === Completed 'isCalculatorPresent' test ===
2026-01-20 18:04:24.248 INFO  listeners.Listener1 - onTestSuccess -> isCalculatorPresent
2026-01-20 18:04:24.252 INFO  listeners.Listener1 - onTestStart -> gotoBloodPressure
2026-01-20 18:04:24.254 INFO  tests.HeartPulsePageValidationTest - Navigating to Blood Pressure from Heart Pulse page
2026-01-20 18:04:24.591 INFO  tests.HeartPulsePageValidationTest - URL after goToBloodPressure(): https://hackvyatharth.github.io/Vitalguard_Team_Vanguardians/#bloodPressure
2026-01-20 18:04:24.591 INFO  tests.HeartPulsePageValidationTest - 'gotoBloodPressure' assertion passed
2026-01-20 18:04:24.591 INFO  listeners.Listener1 - onTestSuccess -> gotoBloodPressure
2026-01-20 18:04:24.599 INFO  listeners.Listener1 - onTestStart -> gotoHeartPulse
2026-01-20 18:04:24.599 INFO  tests.HomePageValidationTest - Navigating to HeartPulse from Home page
2026-01-20 18:04:25.425 INFO  tests.HomePageValidationTest - URL after goToHeartPulse(): https://hackvyatharth.github.io/Vitalguard_Team_Vanguardians/#pulseRate
2026-01-20 18:04:25.425 INFO  tests.HomePageValidationTest - PASS: 'gotoHeartPulse' assertion passed
2026-01-20 18:04:25.425 INFO  listeners.Listener1 - onTestSuccess -> gotoHeartPulse
2026-01-20 18:04:25.434 INFO  listeners.Listener1 - onTestStart -> gotoAgeFactor
2026-01-20 18:04:25.434 INFO  tests.HeartPulsePageValidationTest - Navigating to Age Factor from Heart Pulse page
2026-01-20 18:04:26.116 INFO  tests.HeartPulsePageValidationTest - URL after goToAgeFactor(): https://hackvyatharth.github.io/Vitalguard_Team_Vanguardians/#ageFactor
2026-01-20 18:04:26.116 INFO  tests.HeartPulsePageValidationTest - 'gotoAgeFactor' assertion passed
2026-01-20 18:04:26.116 INFO  listeners.Listener1 - onTestSuccess -> gotoAgeFactor
2026-01-20 18:04:26.122 INFO  listeners.Listener1 - onTestStart -> gotoBloodPressure
2026-01-20 18:04:26.122 INFO  tests.HomePageValidationTest - Navigating to Blood Pressure from Home page
2026-01-20 18:04:27.771 INFO  tests.HomePageValidationTest - URL after goToBloodPressure(): https://hackvyatharth.github.io/Vitalguard_Team_Vanguardians/#bloodPressure
2026-01-20 18:04:27.771 INFO  tests.HomePageValidationTest - PASS: 'gotoBloodPressure' assertion passed
2026-01-20 18:04:27.771 INFO  listeners.Listener1 - onTestSuccess -> gotoBloodPressure
2026-01-20 18:04:27.781 INFO  listeners.Listener1 - onTestStart -> gotoTeamDetails
2026-01-20 18:04:27.781 INFO  tests.HeartPulsePageValidationTest - Navigating to Team Details from Heart Pulse page
2026-01-20 18:04:28.065 INFO  tests.HeartPulsePageValidationTest - URL after goToTeamDetails(): https://hackvyatharth.github.io/Vitalguard_Team_Vanguardians/#foot
2026-01-20 18:04:28.065 INFO  tests.HeartPulsePageValidationTest - 'gotoTeamDetails' assertion passed
2026-01-20 18:04:28.065 INFO  listeners.Listener1 - onTestSuccess -> gotoTeamDetails
2026-01-20 18:04:28.068 INFO  tests.HeartPulsePageValidationTest - Tearing down webdriver
2026-01-20 18:04:38.645 INFO  listeners.Listener1 - onTestStart -> gotoAgeFactor
2026-01-20 18:04:38.645 INFO  tests.HomePageValidationTest - Navigating to Age Factor from Home page
2026-01-20 18:04:39.019 INFO  tests.HomePageValidationTest - URL after goToAgeFactor(): https://hackvyatharth.github.io/Vitalguard_Team_Vanguardians/#ageFactor
2026-01-20 18:04:39.019 INFO  tests.HomePageValidationTest - PASS: 'gotoAgeFactor' assertion passed
2026-01-20 18:04:39.019 INFO  listeners.Listener1 - onTestSuccess -> gotoAgeFactor
2026-01-20 18:04:39.037 INFO  listeners.Listener1 - onTestStart -> gotoTeamDetails
2026-01-20 18:04:39.039 INFO  tests.HomePageValidationTest - Navigating to Team Details from Home page
2026-01-20 18:04:39.372 INFO  tests.HomePageValidationTest - URL after goToTeamDetails(): https://hackvyatharth.github.io/Vitalguard_Team_Vanguardians/#foot
2026-01-20 18:04:39.372 INFO  tests.HomePageValidationTest - PASS: 'gotoTeamDetails' assertion passed
2026-01-20 18:04:39.372 INFO  listeners.Listener1 - onTestSuccess -> gotoTeamDetails
2026-01-20 18:04:39.381 INFO  tests.HomePageValidationTest - Tearing down webdriver
2026-01-20 18:04:40.231 INFO  listeners.Listener1 - onTestStart -> gotoAgeFactor
2026-01-20 18:04:40.233 INFO  tests.HomePageValidationTest - Navigating to Age Factor from Home page
2026-01-20 18:04:40.880 INFO  tests.HomePageValidationTest - URL after goToAgeFactor(): https://hackvyatharth.github.io/Vitalguard_Team_Vanguardians/#ageFactor
2026-01-20 18:04:40.880 INFO  tests.HomePageValidationTest - PASS: 'gotoAgeFactor' assertion passed
2026-01-20 18:04:40.881 INFO  listeners.Listener1 - onTestSuccess -> gotoAgeFactor
2026-01-20 18:04:40.881 INFO  listeners.Listener1 - onTestStart -> gotoTeamDetails
2026-01-20 18:04:40.881 INFO  tests.HomePageValidationTest - Navigating to Team Details from Home page
2026-01-20 18:04:41.320 INFO  tests.HomePageValidationTest - URL after goToTeamDetails(): https://hackvyatharth.github.io/Vitalguard_Team_Vanguardians/#foot
2026-01-20 18:04:41.320 INFO  tests.HomePageValidationTest - PASS: 'gotoTeamDetails' assertion passed
2026-01-20 18:04:41.322 INFO  listeners.Listener1 - onTestSuccess -> gotoTeamDetails
2026-01-20 18:04:41.330 INFO  tests.HomePageValidationTest - Tearing down webdriver
2026-01-20 18:04:47.057 INFO  listeners.Listener1 - Flushing ExtentReports...
2026-01-20 18:04:47.944 INFO  listeners.Listener1 - ExtentReports flushed successfully
2026-01-20 18:04:47.944 INFO  listeners.Listener1 - Cleared testMap. Listener finished.
2026-01-20 18:04:48.023 INFO  listeners.Listener1 - Flushing ExtentReports...
2026-01-20 18:04:48.104 INFO  listeners.Listener1 - ExtentReports flushed successfully
2026-01-20 18:04:48.104 INFO  listeners.Listener1 - Cleared testMap. Listener finished.
2026-01-20 18:26:10.067 INFO  org.testng.internal.Utils - [TestNG] Running:
  C:\Users\2457157\IdeaProjects\HealthIndexCalculator\parallel.xml

2026-01-20 18:26:10.122 INFO  listeners.Listener1 - Initializing ExtentReports. Report path: C:\Users\2457157\IdeaProjects\HealthIndexCalculator/reports/Test-Report2026.01.20.18.26.10.html
2026-01-20 18:26:10.122 INFO  listeners.Listener1 - Initializing ExtentReports. Report path: C:\Users\2457157\IdeaProjects\HealthIndexCalculator/reports/Test-Report2026.01.20.18.26.10.html
2026-01-20 18:26:10.868 INFO  listeners.Listener1 - System info set: Browser=chrome
2026-01-20 18:26:10.868 INFO  listeners.Listener1 - System info set: Browser=edge
2026-01-20 18:26:10.868 INFO  listeners.Listener1 - ExtentReports initialization complete
2026-01-20 18:26:10.868 INFO  listeners.Listener1 - ExtentReports initialization complete
2026-01-20 18:26:17.826 INFO  tests.UrlValidationTest - edge Browser started
2026-01-20 18:26:17.826 INFO  tests.UrlValidationTest - chrome Browser started
2026-01-20 18:26:19.207 INFO  tests.UrlValidationTest - Initializing page objects: TopNavigation, HomePage
2026-01-20 18:26:19.416 INFO  tests.UrlValidationTest - Initializing page objects: TopNavigation, HomePage
2026-01-20 18:26:19.764 INFO  tests.UrlValidationTest - Setup completed for UrlValidationTest
2026-01-20 18:26:19.764 INFO  tests.UrlValidationTest - Setup completed for UrlValidationTest
2026-01-20 18:26:20.208 INFO  listeners.Listener1 - onTestStart -> isURLWorking
2026-01-20 18:26:20.208 INFO  listeners.Listener1 - onTestStart -> isURLWorking
2026-01-20 18:26:20.284 INFO  tests.UrlValidationTest - === Starting 'isURLWorking' test ===
2026-01-20 18:26:20.284 INFO  tests.UrlValidationTest - === Starting 'isURLWorking' test ===
2026-01-20 18:26:22.495 INFO  tests.UrlValidationTest - NavBar present? true
2026-01-20 18:26:22.496 INFO  tests.UrlValidationTest - Left image present? true
2026-01-20 18:26:22.496 INFO  tests.UrlValidationTest - Calculator present? true
2026-01-20 18:26:22.510 INFO  tests.UrlValidationTest - PASS: Home page loaded successfully with all required elements
2026-01-20 18:26:22.511 INFO  tests.UrlValidationTest - === Completed 'isURLWorking' test ===
2026-01-20 18:26:22.515 INFO  listeners.Listener1 - onTestSuccess -> isURLWorking
2026-01-20 18:26:22.877 INFO  tests.UrlValidationTest - NavBar present? true
2026-01-20 18:26:22.877 INFO  tests.UrlValidationTest - Left image present? true
2026-01-20 18:26:22.877 INFO  tests.UrlValidationTest - Calculator present? true
2026-01-20 18:26:22.877 INFO  tests.UrlValidationTest - PASS: Home page loaded successfully with all required elements
2026-01-20 18:26:22.877 INFO  tests.UrlValidationTest - === Completed 'isURLWorking' test ===
2026-01-20 18:26:22.884 INFO  listeners.Listener1 - onTestSuccess -> isURLWorking
2026-01-20 18:26:23.113 INFO  tests.UrlValidationTest - Tearing down webdriver
2026-01-20 18:26:23.113 INFO  tests.UrlValidationTest - Tearing down webdriver
2026-01-20 18:26:36.372 INFO  tests.HeartPulsePageValidationTest - chrome Browser started
2026-01-20 18:26:37.265 INFO  tests.HeartPulsePageValidationTest - Initializing HeartPulsePage and TopNavigation with driver ChromeDriver: chrome on windows (bd6252a1d91833b9ce053bf0f6e4d314)
2026-01-20 18:26:37.414 INFO  tests.HeartPulsePageValidationTest - Navigating to 'Heart Pulse' via top navigation
2026-01-20 18:26:37.923 INFO  tests.HeartPulsePageValidationTest - Arrived at Heart Pulse page. Current URL: https://hackvyatharth.github.io/Vitalguard_Team_Vanguardians/#pulseRate
2026-01-20 18:26:37.954 INFO  listeners.Listener1 - onTestStart -> isTopNavPresent
2026-01-20 18:26:37.954 INFO  tests.HeartPulsePageValidationTest - Verifying top navigation presence on Heart Pulse page
2026-01-20 18:26:38.633 INFO  tests.HeartPulsePageValidationTest - 'isTopNavPresent' assertion passed
2026-01-20 18:26:38.633 INFO  listeners.Listener1 - onTestSuccess -> isTopNavPresent
2026-01-20 18:26:44.156 INFO  tests.HomePageValidationTest - chrome Browser started
2026-01-20 18:26:44.860 INFO  tests.HomePageValidationTest - Initializing HomePage and TopNavigation with driver
2026-01-20 18:26:44.908 INFO  tests.HomePageValidationTest - Navigating to Home page via TopNavigation.goToHome()
2026-01-20 18:26:45.349 INFO  tests.HomePageValidationTest - Arrived at Home page. Current URL: https://hackvyatharth.github.io/Vitalguard_Team_Vanguardians/#container
2026-01-20 18:26:45.395 INFO  listeners.Listener1 - onTestStart -> isTopNavPresent
2026-01-20 18:26:45.395 INFO  tests.HomePageValidationTest - === Starting 'isTopNavPresent' test ===
2026-01-20 18:26:46.129 INFO  tests.HomePageValidationTest - PASS: Top navigation is present
2026-01-20 18:26:46.131 INFO  tests.HomePageValidationTest - === Completed 'isTopNavPresent' test ===
2026-01-20 18:26:46.133 INFO  listeners.Listener1 - onTestSuccess -> isTopNavPresent
2026-01-20 18:26:46.150 INFO  listeners.Listener1 - onTestStart -> isHeadingPresent
2026-01-20 18:26:46.150 INFO  tests.HeartPulsePageValidationTest - Checking Heart Pulse page heading presence
2026-01-20 18:26:46.500 INFO  tests.HeartPulsePageValidationTest - 'isHeadingPresent' assertion passed
2026-01-20 18:26:46.500 INFO  listeners.Listener1 - onTestSuccess -> isHeadingPresent
2026-01-20 18:26:50.785 INFO  tests.HeartPulsePageValidationTest - edge Browser started
2026-01-20 18:26:51.242 INFO  tests.HeartPulsePageValidationTest - Initializing HeartPulsePage and TopNavigation with driver EdgeDriver: MicrosoftEdge on windows (9a3982185840f2f9b9957b0eee04fb48)
2026-01-20 18:26:51.282 INFO  tests.HeartPulsePageValidationTest - Navigating to 'Heart Pulse' via top navigation
2026-01-20 18:26:51.858 INFO  tests.HeartPulsePageValidationTest - Arrived at Heart Pulse page. Current URL: https://hackvyatharth.github.io/Vitalguard_Team_Vanguardians/#pulseRate
2026-01-20 18:26:51.906 INFO  listeners.Listener1 - onTestStart -> isTopNavPresent
2026-01-20 18:26:51.906 INFO  tests.HeartPulsePageValidationTest - Verifying top navigation presence on Heart Pulse page
2026-01-20 18:26:53.234 INFO  tests.HeartPulsePageValidationTest - 'isTopNavPresent' assertion passed
2026-01-20 18:26:53.234 INFO  listeners.Listener1 - onTestSuccess -> isTopNavPresent
2026-01-20 18:26:54.543 INFO  t.BloodPressurePageValidationTest - chrome Browser started
2026-01-20 18:26:55.438 INFO  t.BloodPressurePageValidationTest - Initializing BloodPressurePage and TopNavigation...
2026-01-20 18:26:55.543 INFO  t.BloodPressurePageValidationTest - Navigating to 'Blood Pressure' via top navigation...
2026-01-20 18:26:56.259 INFO  t.BloodPressurePageValidationTest - Arrived at Blood Pressure page. Current URL: https://hackvyatharth.github.io/Vitalguard_Team_Vanguardians/#bloodPressure
2026-01-20 18:26:56.385 INFO  listeners.Listener1 - onTestStart -> isTopNavPresent
2026-01-20 18:26:56.392 INFO  t.BloodPressurePageValidationTest - === Starting 'isTopNavPresent' test ===
2026-01-20 18:26:57.618 INFO  t.BloodPressurePageValidationTest - PASS: Top navigation presence assertion passed.
2026-01-20 18:26:57.627 INFO  t.BloodPressurePageValidationTest - === Completed 'isTopNavPresent' test ===
2026-01-20 18:26:57.627 INFO  listeners.Listener1 - onTestSuccess -> isTopNavPresent
2026-01-20 18:27:05.133 INFO  tests.HomePageValidationTest - edge Browser started
2026-01-20 18:27:06.072 INFO  tests.HomePageValidationTest - Initializing HomePage and TopNavigation with driver
2026-01-20 18:27:06.180 INFO  tests.HomePageValidationTest - Navigating to Home page via TopNavigation.goToHome()
2026-01-20 18:27:08.391 INFO  tests.HomePageValidationTest - Arrived at Home page. Current URL: https://hackvyatharth.github.io/Vitalguard_Team_Vanguardians/#container
2026-01-20 18:27:08.596 INFO  listeners.Listener1 - onTestStart -> isTopNavPresent
2026-01-20 18:27:08.609 INFO  tests.HomePageValidationTest - === Starting 'isTopNavPresent' test ===
2026-01-20 18:27:09.103 INFO  tests.AgeFactorPageValidationTest - chrome Browser started
2026-01-20 18:27:10.266 INFO  tests.AgeFactorPageValidationTest - Initializing AgeFactorPage and TopNavigation for driver: ChromeDriver: chrome on windows (82ff063749bb0862cb7d1cf1ccf0903a)
2026-01-20 18:27:10.502 INFO  tests.AgeFactorPageValidationTest - Navigating to 'Age Factor' via top navigation
2026-01-20 18:27:11.953 INFO  tests.HomePageValidationTest - PASS: Top navigation is present
2026-01-20 18:27:11.953 INFO  tests.HomePageValidationTest - === Completed 'isTopNavPresent' test ===
2026-01-20 18:27:11.953 INFO  listeners.Listener1 - onTestSuccess -> isTopNavPresent
2026-01-20 18:27:12.004 INFO  listeners.Listener1 - onTestStart -> isHeadingPresent
2026-01-20 18:27:12.010 INFO  tests.AgeFactorPageValidationTest - Arrived at Age factor page
2026-01-20 18:27:12.012 INFO  tests.HeartPulsePageValidationTest - Checking Heart Pulse page heading presence
2026-01-20 18:27:12.206 INFO  listeners.Listener1 - onTestStart -> isTopNavPresent
2026-01-20 18:27:31.305 INFO  tests.HeartPulsePageValidationTest - 'isHeadingPresent' assertion passed
2026-01-20 18:27:31.311 INFO  tests.AgeFactorPageValidationTest - Verifying top navigation presence on Age Factor page
2026-01-20 18:27:31.311 INFO  listeners.Listener1 - onTestSuccess -> isHeadingPresent
2026-01-20 18:27:33.344 INFO  tests.AgeFactorPageValidationTest - PASS: Top navigation presence assertion passed
2026-01-20 18:27:33.351 INFO  listeners.Listener1 - onTestSuccess -> isTopNavPresent
2026-01-20 18:28:38.333 INFO  tests.TeamDetailsPageValidationTest - chrome Browser started
2026-01-20 18:28:39.538 INFO  tests.TeamDetailsPageValidationTest - Initializing page objects: TeamDetails, TopNavigation
2026-01-20 18:28:39.587 INFO  tests.TeamDetailsPageValidationTest - Navigating to Team Details page via TopNavigation
2026-01-20 18:28:39.991 INFO  tests.TeamDetailsPageValidationTest - Setup completed for TeamDetailsPageValidationTest
2026-01-20 18:28:40.012 INFO  listeners.Listener1 - onTestStart -> isTopNavPresent
2026-01-20 18:28:40.023 INFO  tests.TeamDetailsPageValidationTest - === Starting 'isTopNavPresent' test ===
2026-01-20 18:28:40.868 INFO  tests.TeamDetailsPageValidationTest - Top navigation present? true
2026-01-20 18:28:40.868 INFO  tests.TeamDetailsPageValidationTest - PASS: Top navigation is present
2026-01-20 18:28:40.868 INFO  tests.TeamDetailsPageValidationTest - === Completed 'isTopNavPresent' test ===
2026-01-20 18:28:40.868 INFO  listeners.Listener1 - onTestSuccess -> isTopNavPresent
2026-01-20 18:29:11.944 INFO  t.BloodPressurePageValidationTest - edge Browser started
2026-01-20 18:29:15.886 INFO  tests.CalculatorFunctionalityTest - chrome Browser started
2026-01-20 18:29:35.445 INFO  t.BloodPressurePageValidationTest - Initializing BloodPressurePage and TopNavigation...
2026-01-20 18:29:35.558 INFO  t.BloodPressurePageValidationTest - Navigating to 'Blood Pressure' via top navigation...
2026-01-20 18:29:36.947 INFO  t.BloodPressurePageValidationTest - Arrived at Blood Pressure page. Current URL: https://hackvyatharth.github.io/Vitalguard_Team_Vanguardians/#bloodPressure
2026-01-20 18:29:37.215 INFO  listeners.Listener1 - onTestStart -> isTopNavPresent
2026-01-20 18:29:37.215 INFO  t.BloodPressurePageValidationTest - === Starting 'isTopNavPresent' test ===
2026-01-20 18:29:38.739 INFO  t.BloodPressurePageValidationTest - PASS: Top navigation presence assertion passed.
2026-01-20 18:29:38.755 INFO  t.BloodPressurePageValidationTest - === Completed 'isTopNavPresent' test ===
2026-01-20 18:29:38.755 INFO  listeners.Listener1 - onTestSuccess -> isTopNavPresent
2026-01-20 18:29:42.140 INFO  tests.CalculatorFunctionalityTest - Initializing CalculatorForm, ExcelDataManager, TopNavigation
2026-01-20 18:29:44.721 INFO  tests.CalculatorFunctionalityTest - Setup complete for CalculatorFunctionalityTest
2026-01-20 18:29:44.761 INFO  listeners.Listener1 - onTestStart -> isFormHeadingPresent
2026-01-20 18:29:44.775 INFO  tests.CalculatorFunctionalityTest - Verifying form heading presence
2026-01-20 18:29:58.470 INFO  tests.CalculatorFunctionalityTest - Form Heading assertion passed
2026-01-20 18:29:58.470 INFO  listeners.Listener1 - onTestSuccess -> isFormHeadingPresent
2026-01-20 18:30:41.958 INFO  tests.ResultsPageUiTest - chrome Browser started
2026-01-20 18:30:44.875 INFO  tests.ResultsPageUiTest - Initializing page objects: TopNavigation, CalculatorForm, ResultPage
2026-01-20 18:30:45.591 INFO  tests.ResultsPageUiTest - Page objects initialized successfully
2026-01-20 18:30:45.704 INFO  tests.ResultsPageUiTest - Providing data for 'resultPageCheck'
2026-01-20 18:30:45.704 INFO  tests.ResultsPageUiTest - Data provided: 1 row(s)
2026-01-20 18:30:46.095 INFO  listeners.Listener1 - onTestStart -> resultPageCheck
2026-01-20 18:30:46.127 INFO  listeners.Listener1 - Parameters for resultPageCheck: [20, 67, 120/80]
2026-01-20 18:30:46.203 INFO  tests.ResultsPageUiTest - === Starting 'resultPageCheck' test ===
2026-01-20 18:30:46.241 INFO  tests.ResultsPageUiTest - Input data -> Age: 20, Pulse: 67, BP: 120/80
2026-01-20 18:30:46.606 INFO  tests.ResultsPageUiTest - Entering age
2026-01-20 18:30:50.182 INFO  tests.AgeFactorPageValidationTest - edge Browser started
2026-01-20 18:30:53.571 INFO  tests.ResultsPageUiTest - Entering pulse
2026-01-20 18:30:56.454 INFO  tests.ResultsPageUiTest - Entering blood pressure
2026-01-20 18:31:09.756 INFO  tests.ResultsPageUiTest - Clicking Calculate
2026-01-20 18:31:21.603 INFO  tests.ResultsPageUiTest - Locating feedback text area
2026-01-20 18:31:22.021 INFO  tests.ResultsPageUiTest - Computing scroll metrics: scrollHeight vs clientHeight
2026-01-20 18:31:22.620 INFO  tests.ResultsPageUiTest - scrollHeight: 120
2026-01-20 18:31:22.620 INFO  tests.ResultsPageUiTest - clientHeight: 76
2026-01-20 18:31:22.640 INFO  tests.ResultsPageUiTest - Is feedback textarea scrollable? true
2026-01-20 18:31:22.640 INFO  tests.ResultsPageUiTest - PASS: The result text box is scrollable
2026-01-20 18:31:22.706 INFO  tests.ResultsPageUiTest - Checking CSS 'resize' property
2026-01-20 18:31:23.154 INFO  tests.ResultsPageUiTest - resize CSS value: vertical
2026-01-20 18:31:23.173 INFO  tests.ResultsPageUiTest - Is feedback textarea resizable? true
2026-01-20 18:31:23.173 INFO  tests.ResultsPageUiTest - PASS: The result textbox is resizable
2026-01-20 18:31:23.173 INFO  tests.ResultsPageUiTest - Asserting all soft assertions
2026-01-20 18:31:23.173 INFO  tests.ResultsPageUiTest - === Completed 'resultPageCheck' test ===
2026-01-20 18:31:23.189 INFO  listeners.Listener1 - onTestSuccess -> resultPageCheck
2026-01-20 18:31:35.669 INFO  listeners.Listener1 - onTestStart -> isLeftImagePresent
2026-01-20 18:31:35.677 INFO  tests.HomePageValidationTest - === Starting 'isLeftImagePresent' test ===
2026-01-20 18:31:36.704 INFO  tests.AgeFactorPageValidationTest - Initializing AgeFactorPage and TopNavigation for driver: EdgeDriver: MicrosoftEdge on windows (11b848f342a4f467d20bda8f26d536e2)
2026-01-20 18:31:37.335 INFO  tests.AgeFactorPageValidationTest - Navigating to 'Age Factor' via top navigation
2026-01-20 18:31:39.965 INFO  tests.HomePageValidationTest - PASS: Left image is present
2026-01-20 18:31:39.965 INFO  tests.HomePageValidationTest - === Completed 'isLeftImagePresent' test ===
2026-01-20 18:31:39.971 INFO  listeners.Listener1 - onTestSuccess -> isLeftImagePresent
2026-01-20 18:31:40.191 INFO  listeners.Listener1 - onTestStart -> gotoHome
2026-01-20 18:31:40.239 INFO  tests.HeartPulsePageValidationTest - Navigating to Home from Heart Pulse page
2026-01-20 18:31:41.005 INFO  tests.AgeFactorPageValidationTest - Arrived at Age factor page
2026-01-20 18:31:41.439 INFO  listeners.Listener1 - onTestStart -> isTopNavPresent
2026-01-20 18:31:41.473 INFO  tests.AgeFactorPageValidationTest - Verifying top navigation presence on Age Factor page
2026-01-20 18:31:45.770 INFO  tests.HeartPulsePageValidationTest - URL after goToHome(): https://hackvyatharth.github.io/Vitalguard_Team_Vanguardians/#container
2026-01-20 18:31:45.778 INFO  tests.HeartPulsePageValidationTest - 'gotoHome' assertion passed
2026-01-20 18:31:45.786 INFO  listeners.Listener1 - onTestSuccess -> gotoHome
2026-01-20 18:31:45.923 INFO  listeners.Listener1 - onTestStart -> isHeadingPresent
2026-01-20 18:31:45.938 INFO  t.BloodPressurePageValidationTest - === Starting 'isHeadingPresent' test ===
2026-01-20 18:31:46.189 INFO  tests.AgeFactorPageValidationTest - PASS: Top navigation presence assertion passed
2026-01-20 18:31:46.205 INFO  listeners.Listener1 - onTestSuccess -> isTopNavPresent
2026-01-20 18:31:47.671 INFO  t.BloodPressurePageValidationTest - PASS: Heading presence assertion passed.
2026-01-20 18:31:47.671 INFO  t.BloodPressurePageValidationTest - === Completed 'isHeadingPresent' test ===
2026-01-20 18:31:47.671 INFO  listeners.Listener1 - onTestSuccess -> isHeadingPresent
2026-01-20 18:31:47.823 INFO  listeners.Listener1 - onTestStart -> isHeadingPresent
2026-01-20 18:31:47.837 INFO  tests.AgeFactorPageValidationTest - Checking Age Factor page heading presence (and style if applicable)
2026-01-20 18:31:49.388 INFO  tests.AgeFactorPageValidationTest - PASS: Heading presence assertion passed
2026-01-20 18:31:49.407 INFO  listeners.Listener1 - onTestSuccess -> isHeadingPresent
2026-01-20 18:31:49.540 INFO  listeners.Listener1 - onTestStart -> isHeadingPresent
2026-01-20 18:31:49.555 INFO  tests.TeamDetailsPageValidationTest - === Starting 'isHeadingPresent' test ===
2026-01-20 18:31:51.889 INFO  tests.TeamDetailsPageValidationTest - Heading present? true
2026-01-20 18:31:51.905 INFO  tests.TeamDetailsPageValidationTest - PASS: Heading is present
2026-01-20 18:31:51.905 INFO  tests.TeamDetailsPageValidationTest - === Completed 'isHeadingPresent' test ===
2026-01-20 18:31:51.905 INFO  listeners.Listener1 - onTestSuccess -> isHeadingPresent
2026-01-20 18:31:52.021 INFO  listeners.Listener1 - onTestStart -> isAgeFieldPresent
2026-01-20 18:31:55.903 INFO  tests.CalculatorFunctionalityTest - Verifying age field presence
2026-01-20 18:32:01.237 INFO  tests.CalculatorFunctionalityTest - Age field presence assertion passed
2026-01-20 18:32:01.246 INFO  listeners.Listener1 - onTestSuccess -> isAgeFieldPresent
2026-01-20 18:32:01.259 INFO  listeners.Listener1 - onTestStart -> isLogoPresent
2026-01-20 18:32:01.263 INFO  tests.ResultsPageUiTest - === Starting 'isLogoPresent' test ===
2026-01-20 18:32:02.863 INFO  tests.ResultsPageUiTest - Logo present? true
2026-01-20 18:32:02.863 INFO  tests.ResultsPageUiTest - PASS: Logo is visible
2026-01-20 18:32:02.863 INFO  tests.ResultsPageUiTest - === Completed 'isLogoPresent' test ===
2026-01-20 18:32:02.863 INFO  listeners.Listener1 - onTestSuccess -> isLogoPresent
2026-01-20 18:32:02.875 INFO  listeners.Listener1 - onTestStart -> isCalculatorPresent
2026-01-20 18:32:02.879 INFO  tests.HomePageValidationTest - === Starting 'isCalculatorPresent' test ===
2026-01-20 18:32:07.480 INFO  tests.HomePageValidationTest - PASS: Calculator is present
2026-01-20 18:32:07.482 INFO  tests.HomePageValidationTest - === Completed 'isCalculatorPresent' test ===
2026-01-20 18:32:07.482 INFO  listeners.Listener1 - onTestSuccess -> isCalculatorPresent
2026-01-20 18:32:07.495 INFO  listeners.Listener1 - onTestStart -> gotoBloodPressure
2026-01-20 18:32:07.495 INFO  tests.HeartPulsePageValidationTest - Navigating to Blood Pressure from Heart Pulse page
2026-01-20 18:32:16.382 INFO  tests.HeartPulsePageValidationTest - URL after goToBloodPressure(): https://hackvyatharth.github.io/Vitalguard_Team_Vanguardians/#bloodPressure
2026-01-20 18:32:16.382 INFO  tests.HeartPulsePageValidationTest - 'gotoBloodPressure' assertion passed
2026-01-20 18:32:16.382 INFO  listeners.Listener1 - onTestSuccess -> gotoBloodPressure
2026-01-20 18:32:16.398 INFO  listeners.Listener1 - onTestStart -> isInfoPresent
2026-01-20 18:32:16.401 INFO  t.BloodPressurePageValidationTest - === Starting 'isInfoPresent' test ===
2026-01-20 18:32:20.495 INFO  t.BloodPressurePageValidationTest - PASS: Information block presence assertion passed.
2026-01-20 18:32:20.495 INFO  t.BloodPressurePageValidationTest - === Completed 'isInfoPresent' test ===
2026-01-20 18:32:20.495 INFO  listeners.Listener1 - onTestSuccess -> isInfoPresent
2026-01-20 18:32:20.509 INFO  listeners.Listener1 - onTestStart -> isInfoPresent
2026-01-20 18:32:20.509 INFO  tests.AgeFactorPageValidationTest - Validating informational block (white text per spec) on Age Factor page
2026-01-20 18:32:24.362 INFO  tests.AgeFactorPageValidationTest - PASS: Info block presence assertion passed
2026-01-20 18:32:24.362 INFO  listeners.Listener1 - onTestSuccess -> isInfoPresent
2026-01-20 18:32:24.387 INFO  listeners.Listener1 - onTestStart -> isTeamDetailsPresent
2026-01-20 18:32:24.389 INFO  tests.TeamDetailsPageValidationTest - === Starting 'isTeamDetailsPresent' test ===
2026-01-20 18:32:28.073 INFO  tests.TeamDetailsPageValidationTest - Team details present? true
2026-01-20 18:32:28.079 INFO  tests.TeamDetailsPageValidationTest - PASS: Team details are displayed
2026-01-20 18:32:28.079 INFO  tests.TeamDetailsPageValidationTest - === Completed 'isTeamDetailsPresent' test ===
2026-01-20 18:32:28.079 INFO  listeners.Listener1 - onTestSuccess -> isTeamDetailsPresent
2026-01-20 18:32:28.090 INFO  listeners.Listener1 - onTestStart -> isPulseRateFieldPresent
2026-01-20 18:32:28.092 INFO  tests.CalculatorFunctionalityTest - Verifying pulse field presence
2026-01-20 18:32:30.273 INFO  tests.CalculatorFunctionalityTest - Pulse field presence assertion passed
2026-01-20 18:32:30.273 INFO  listeners.Listener1 - onTestSuccess -> isPulseRateFieldPresent
2026-01-20 18:32:30.285 INFO  listeners.Listener1 - onTestStart -> isLogoTextPresent
2026-01-20 18:32:30.287 INFO  tests.ResultsPageUiTest - === Starting 'isLogoTextPresent' test ===
2026-01-20 18:32:32.603 INFO  tests.ResultsPageUiTest - Logo text present? true
2026-01-20 18:32:32.605 INFO  tests.ResultsPageUiTest - PASS: Logo text is visible
2026-01-20 18:32:32.605 INFO  tests.ResultsPageUiTest - === Completed 'isLogoTextPresent' test ===
2026-01-20 18:32:32.605 INFO  listeners.Listener1 - onTestSuccess -> isLogoTextPresent
2026-01-20 18:32:32.625 INFO  listeners.Listener1 - onTestStart -> gotoHeartPulse
2026-01-20 18:32:32.625 INFO  tests.HomePageValidationTest - Navigating to HeartPulse from Home page
