2026-01-14 10:36:08.663 INFO  org.testng.internal.Utils - [TestNG] Running:
  C:\Users\2457157\AppData\Local\JetBrains\IdeaIC2025.2\temp-testng-customsuite.xml

2026-01-14 10:36:08.985 ERROR tests.BaseTest - Failed to read Excel data: Cannot invoke "utils.ExcelDataManager.dataFetch()" because "this.df" is null
2026-01-14 10:36:09.000 INFO  tests.BaseTest - Tearing down webdriver
2026-01-14 10:36:50.715 INFO  org.testng.internal.Utils - [TestNG] Running:
  C:\Users\2457157\AppData\Local\JetBrains\IdeaIC2025.2\temp-testng-customsuite.xml

2026-01-14 10:36:50.928 ERROR tests.BaseTest - Failed to read Excel data: Cannot invoke "utils.ExcelDataManager.dataFetch()" because "this.df" is null
2026-01-14 10:36:50.940 INFO  tests.BaseTest - Tearing down webdriver
2026-01-14 14:23:51.028 INFO  org.testng.internal.Utils - [TestNG] Running:
  C:\Users\2457157\IdeaProjects\HealthIndexCalculator\project.xml

2026-01-14 14:23:51.139 INFO  listeners.Listener1 - Initializing ExtentReports. Report path: C:\Users\2457157\IdeaProjects\HealthIndexCalculator/reports/report5.html
2026-01-14 14:23:51.563 INFO  listeners.Listener1 - System info set: Browser=chrome
2026-01-14 14:23:51.563 INFO  listeners.Listener1 - ExtentReports initialization complete
2026-01-14 14:23:51.710 INFO  tests.UrlValidationTest - Starting WebDriver and navigating to Home: https://hackvyatharth.github.io/Vitalguard_Team_Vanguardians/
2026-01-14 14:23:58.568 INFO  tests.UrlValidationTest - chrome Browser started
2026-01-14 14:24:04.386 INFO  tests.UrlValidationTest - Initializing page objects: TopNavigation, HomePage
2026-01-14 14:24:04.512 INFO  tests.UrlValidationTest - Setup completed for UrlValidationTest
2026-01-14 14:24:04.661 INFO  listeners.Listener1 - onTestStart -> isURLWorking
2026-01-14 14:24:04.699 INFO  tests.UrlValidationTest - === Starting 'isURLWorking' test ===
2026-01-14 14:24:05.666 INFO  tests.UrlValidationTest - NavBar present? true
2026-01-14 14:24:05.666 INFO  tests.UrlValidationTest - Left image present? true
2026-01-14 14:24:05.668 INFO  tests.UrlValidationTest - Calculator present? true
2026-01-14 14:24:05.674 INFO  tests.UrlValidationTest - PASS: Home page loaded successfully with all required elements
2026-01-14 14:24:05.674 INFO  tests.UrlValidationTest - === Completed 'isURLWorking' test ===
2026-01-14 14:24:05.682 INFO  listeners.Listener1 - onTestSuccess -> isURLWorking
2026-01-14 14:24:06.023 INFO  tests.UrlValidationTest - Tearing down webdriver
2026-01-14 14:24:09.658 INFO  tests.UrlValidationTest - WebDriver quit successfully
2026-01-14 14:24:09.668 INFO  tests.HeartPulsePageValidationTest - Starting WebDriver and navigating to Home: https://hackvyatharth.github.io/Vitalguard_Team_Vanguardians/
2026-01-14 14:24:12.548 INFO  tests.HeartPulsePageValidationTest - chrome Browser started
2026-01-14 14:24:13.078 INFO  tests.HeartPulsePageValidationTest - Initializing HeartPulsePage and TopNavigation with driver ChromeDriver: chrome on windows (f8e2763901bc46d901d9db6f42533832)
2026-01-14 14:24:13.093 INFO  tests.HeartPulsePageValidationTest - Navigating to 'Heart Pulse' via top navigation
2026-01-14 14:24:13.432 INFO  tests.HeartPulsePageValidationTest - Arrived at Heart Pulse page. Current URL: https://hackvyatharth.github.io/Vitalguard_Team_Vanguardians/#pulseRate
2026-01-14 14:24:13.473 INFO  listeners.Listener1 - onTestStart -> isHeadingPresent
2026-01-14 14:24:13.475 INFO  tests.HeartPulsePageValidationTest - Checking Heart Pulse page heading presence
2026-01-14 14:24:13.646 INFO  tests.HeartPulsePageValidationTest - 'isHeadingPresent' assertion passed
2026-01-14 14:24:13.648 INFO  listeners.Listener1 - onTestSuccess -> isHeadingPresent
2026-01-14 14:24:13.667 INFO  listeners.Listener1 - onTestStart -> isTopNavPresent
2026-01-14 14:24:13.671 INFO  tests.HeartPulsePageValidationTest - Verifying top navigation presence on Heart Pulse page
2026-01-14 14:24:14.240 INFO  tests.HeartPulsePageValidationTest - 'isTopNavPresent' assertion passed
2026-01-14 14:24:14.244 INFO  listeners.Listener1 - onTestSuccess -> isTopNavPresent
2026-01-14 14:24:14.262 INFO  tests.HomePageValidationTest - Starting WebDriver and navigating to Home: https://hackvyatharth.github.io/Vitalguard_Team_Vanguardians/
2026-01-14 14:24:19.202 INFO  tests.HomePageValidationTest - chrome Browser started
2026-01-14 14:24:19.913 INFO  tests.HomePageValidationTest - Initializing HomePage and TopNavigation with driver
2026-01-14 14:24:19.916 INFO  tests.HomePageValidationTest - Navigating to Home page via TopNavigation.goToHome()
2026-01-14 14:24:20.759 INFO  tests.HomePageValidationTest - Arrived at Home page. Current URL: https://hackvyatharth.github.io/Vitalguard_Team_Vanguardians/#container
2026-01-14 14:24:20.805 INFO  listeners.Listener1 - onTestStart -> isTopNavPresent
2026-01-14 14:24:20.807 INFO  tests.HomePageValidationTest - === Starting 'isTopNavPresent' test ===
2026-01-14 14:24:21.533 INFO  tests.HomePageValidationTest - PASS: Top navigation is present
2026-01-14 14:24:21.533 INFO  tests.HomePageValidationTest - === Completed 'isTopNavPresent' test ===
2026-01-14 14:24:21.535 INFO  listeners.Listener1 - onTestSuccess -> isTopNavPresent
2026-01-14 14:24:21.584 INFO  listeners.Listener1 - onTestStart -> gotoHome
2026-01-14 14:24:21.588 INFO  tests.HeartPulsePageValidationTest - Navigating to Home from Heart Pulse page
2026-01-14 14:24:22.055 INFO  tests.HeartPulsePageValidationTest - URL after goToHome(): https://hackvyatharth.github.io/Vitalguard_Team_Vanguardians/#container
2026-01-14 14:24:22.057 INFO  tests.HeartPulsePageValidationTest - 'gotoHome' assertion passed
2026-01-14 14:24:22.061 INFO  listeners.Listener1 - onTestSuccess -> gotoHome
2026-01-14 14:24:22.080 INFO  t.BloodPressurePageValidationTest - Starting WebDriver and navigating to Home: https://hackvyatharth.github.io/Vitalguard_Team_Vanguardians/
2026-01-14 14:24:27.556 INFO  t.BloodPressurePageValidationTest - chrome Browser started
2026-01-14 14:24:28.307 INFO  t.BloodPressurePageValidationTest - Initializing BloodPressurePage and TopNavigation...
2026-01-14 14:24:28.349 INFO  t.BloodPressurePageValidationTest - Navigating to 'Blood Pressure' via top navigation...
2026-01-14 14:24:28.983 INFO  t.BloodPressurePageValidationTest - Arrived at Blood Pressure page. Current URL: https://hackvyatharth.github.io/Vitalguard_Team_Vanguardians/#bloodPressure
2026-01-14 14:24:29.018 INFO  listeners.Listener1 - onTestStart -> isTopNavPresent
2026-01-14 14:24:29.022 INFO  t.BloodPressurePageValidationTest - === Starting 'isTopNavPresent' test ===
2026-01-14 14:24:30.562 INFO  t.BloodPressurePageValidationTest - PASS: Top navigation presence assertion passed.
2026-01-14 14:24:30.564 INFO  t.BloodPressurePageValidationTest - === Completed 'isTopNavPresent' test ===
2026-01-14 14:24:30.566 INFO  listeners.Listener1 - onTestSuccess -> isTopNavPresent
2026-01-14 14:24:30.584 INFO  tests.AgeFactorPageValidationTest - Starting WebDriver and navigating to Home: https://hackvyatharth.github.io/Vitalguard_Team_Vanguardians/
2026-01-14 14:24:38.934 INFO  tests.AgeFactorPageValidationTest - chrome Browser started
2026-01-14 14:24:39.684 INFO  tests.AgeFactorPageValidationTest - Initializing AgeFactorPage and TopNavigation for driver: ChromeDriver: chrome on windows (146aea84936005e0c5ec631f2f0147d2)
2026-01-14 14:24:39.715 INFO  tests.AgeFactorPageValidationTest - Navigating to 'Age Factor' via top navigation
2026-01-14 14:24:40.125 INFO  tests.AgeFactorPageValidationTest - Arrived at Age factor page
2026-01-14 14:24:40.281 INFO  listeners.Listener1 - onTestStart -> isTopNavPresent
2026-01-14 14:24:40.286 INFO  tests.AgeFactorPageValidationTest - Verifying top navigation presence on Age Factor page
2026-01-14 14:24:41.391 INFO  tests.AgeFactorPageValidationTest - PASS: Top navigation presence assertion passed
2026-01-14 14:24:41.399 INFO  listeners.Listener1 - onTestSuccess -> isTopNavPresent
2026-01-14 14:24:41.432 INFO  tests.TeamDetailsPageValidationTest - Starting WebDriver and navigating to Home: https://hackvyatharth.github.io/Vitalguard_Team_Vanguardians/
2026-01-14 14:24:50.390 INFO  tests.TeamDetailsPageValidationTest - chrome Browser started
2026-01-14 14:24:51.381 INFO  tests.TeamDetailsPageValidationTest - Initializing page objects: TeamDetails, TopNavigation
2026-01-14 14:24:51.399 INFO  tests.TeamDetailsPageValidationTest - Navigating to Team Details page via TopNavigation
2026-01-14 14:24:51.954 INFO  tests.TeamDetailsPageValidationTest - Setup completed for TeamDetailsPageValidationTest
2026-01-14 14:24:51.980 INFO  listeners.Listener1 - onTestStart -> isTopNavPresent
2026-01-14 14:24:51.984 INFO  tests.TeamDetailsPageValidationTest - === Starting 'isTopNavPresent' test ===
2026-01-14 14:24:53.156 INFO  tests.TeamDetailsPageValidationTest - Top navigation present? true
2026-01-14 14:24:53.164 INFO  tests.TeamDetailsPageValidationTest - PASS: Top navigation is present
2026-01-14 14:24:53.166 INFO  tests.TeamDetailsPageValidationTest - === Completed 'isTopNavPresent' test ===
2026-01-14 14:24:53.166 INFO  listeners.Listener1 - onTestSuccess -> isTopNavPresent
2026-01-14 14:24:53.192 INFO  tests.CalculatorFunctionalityTest - Starting WebDriver and navigating to Home: https://hackvyatharth.github.io/Vitalguard_Team_Vanguardians/
2026-01-14 14:25:02.538 INFO  tests.CalculatorFunctionalityTest - chrome Browser started
2026-01-14 14:25:03.185 INFO  tests.CalculatorFunctionalityTest - Initializing CalculatorForm, ExcelDataManager, TopNavigation
2026-01-14 14:25:04.151 INFO  tests.CalculatorFunctionalityTest - Setup complete for CalculatorFunctionalityTest
2026-01-14 14:25:04.200 INFO  listeners.Listener1 - onTestStart -> isFormHeadingPresent
2026-01-14 14:25:04.205 INFO  tests.CalculatorFunctionalityTest - Verifying form heading presence
2026-01-14 14:25:04.850 INFO  tests.CalculatorFunctionalityTest - Form Heading assertion passed
2026-01-14 14:25:04.852 INFO  listeners.Listener1 - onTestSuccess -> isFormHeadingPresent
2026-01-14 14:25:04.915 INFO  tests.ResultsPageUiTest - Starting WebDriver and navigating to Home: https://hackvyatharth.github.io/Vitalguard_Team_Vanguardians/
2026-01-14 14:25:17.185 INFO  tests.ResultsPageUiTest - chrome Browser started
2026-01-14 14:25:17.998 INFO  tests.ResultsPageUiTest - Initializing page objects: TopNavigation, CalculatorForm, ResultPage
2026-01-14 14:25:18.036 INFO  tests.ResultsPageUiTest - Page objects initialized successfully
2026-01-14 14:25:18.057 INFO  tests.ResultsPageUiTest - Providing data for 'resultPageCheck'
2026-01-14 14:25:18.057 INFO  tests.ResultsPageUiTest - Data provided: 1 row(s)
2026-01-14 14:25:18.121 INFO  listeners.Listener1 - onTestStart -> resultPageCheck
2026-01-14 14:25:18.123 INFO  listeners.Listener1 - Parameters for resultPageCheck: [20, 67, 120/80]
2026-01-14 14:25:18.157 INFO  tests.ResultsPageUiTest - === Starting 'resultPageCheck' test ===
2026-01-14 14:25:18.158 INFO  tests.ResultsPageUiTest - Input data -> Age: 20, Pulse: 67, BP: 120/80
2026-01-14 14:25:18.186 INFO  tests.ResultsPageUiTest - Entering age
2026-01-14 14:25:19.234 INFO  tests.ResultsPageUiTest - Entering pulse
2026-01-14 14:25:20.309 INFO  tests.ResultsPageUiTest - Entering blood pressure
2026-01-14 14:25:22.122 INFO  tests.ResultsPageUiTest - Clicking Calculate
2026-01-14 14:25:23.473 INFO  tests.ResultsPageUiTest - Locating feedback text area
2026-01-14 14:25:23.580 INFO  tests.ResultsPageUiTest - Computing scroll metrics: scrollHeight vs clientHeight
2026-01-14 14:25:23.705 INFO  tests.ResultsPageUiTest - scrollHeight: 120
2026-01-14 14:25:23.707 INFO  tests.ResultsPageUiTest - clientHeight: 76
2026-01-14 14:25:23.707 INFO  tests.ResultsPageUiTest - Is feedback textarea scrollable? true
2026-01-14 14:25:23.720 INFO  tests.ResultsPageUiTest - PASS: The result text box is scrollable
2026-01-14 14:25:23.735 INFO  tests.ResultsPageUiTest - Checking CSS 'resize' property
2026-01-14 14:25:23.808 INFO  tests.ResultsPageUiTest - resize CSS value: vertical
2026-01-14 14:25:23.820 INFO  tests.ResultsPageUiTest - Is feedback textarea resizable? true
2026-01-14 14:25:23.834 INFO  tests.ResultsPageUiTest - PASS: The result textbox is resizable
2026-01-14 14:25:23.834 INFO  tests.ResultsPageUiTest - Asserting all soft assertions
2026-01-14 14:25:23.834 INFO  tests.ResultsPageUiTest - === Completed 'resultPageCheck' test ===
2026-01-14 14:25:23.838 INFO  listeners.Listener1 - onTestSuccess -> resultPageCheck
2026-01-14 14:25:23.901 INFO  listeners.Listener1 - onTestStart -> isLeftImagePresent
2026-01-14 14:25:23.904 INFO  tests.HomePageValidationTest - === Starting 'isLeftImagePresent' test ===
2026-01-14 14:25:24.402 INFO  tests.HomePageValidationTest - PASS: Left image is present
2026-01-14 14:25:24.402 INFO  tests.HomePageValidationTest - === Completed 'isLeftImagePresent' test ===
2026-01-14 14:25:24.404 INFO  listeners.Listener1 - onTestSuccess -> isLeftImagePresent
2026-01-14 14:25:24.440 INFO  listeners.Listener1 - onTestStart -> gotoBloodPressure
2026-01-14 14:25:24.450 INFO  tests.HeartPulsePageValidationTest - Navigating to Blood Pressure from Heart Pulse page
2026-01-14 14:25:25.667 INFO  tests.HeartPulsePageValidationTest - URL after goToBloodPressure(): https://hackvyatharth.github.io/Vitalguard_Team_Vanguardians/#bloodPressure
2026-01-14 14:25:25.667 INFO  tests.HeartPulsePageValidationTest - 'gotoBloodPressure' assertion passed
2026-01-14 14:25:25.671 INFO  listeners.Listener1 - onTestSuccess -> gotoBloodPressure
2026-01-14 14:25:25.783 INFO  listeners.Listener1 - onTestStart -> isHeadingPresent
2026-01-14 14:25:25.789 INFO  t.BloodPressurePageValidationTest - === Starting 'isHeadingPresent' test ===
2026-01-14 14:25:26.315 INFO  t.BloodPressurePageValidationTest - PASS: Heading presence assertion passed.
2026-01-14 14:25:26.317 INFO  t.BloodPressurePageValidationTest - === Completed 'isHeadingPresent' test ===
2026-01-14 14:25:26.320 INFO  listeners.Listener1 - onTestSuccess -> isHeadingPresent
2026-01-14 14:25:26.372 INFO  tests.AgeFactorPageValidationTest - Initializing AgeFactorPage and TopNavigation for driver: ChromeDriver: chrome on windows (146aea84936005e0c5ec631f2f0147d2)
2026-01-14 14:25:26.387 INFO  tests.AgeFactorPageValidationTest - Navigating to 'Age Factor' via top navigation
2026-01-14 14:25:27.439 INFO  tests.AgeFactorPageValidationTest - Arrived at Age factor page
2026-01-14 14:25:27.533 INFO  listeners.Listener1 - onTestStart -> isHeadingPresent
2026-01-14 14:25:27.535 INFO  tests.AgeFactorPageValidationTest - Checking Age Factor page heading presence (and style if applicable)
2026-01-14 14:25:28.025 INFO  tests.AgeFactorPageValidationTest - PASS: Heading presence assertion passed
2026-01-14 14:25:28.035 INFO  listeners.Listener1 - onTestSuccess -> isHeadingPresent
2026-01-14 14:25:28.136 INFO  listeners.Listener1 - onTestStart -> isHeadingPresent
2026-01-14 14:25:28.155 INFO  tests.TeamDetailsPageValidationTest - === Starting 'isHeadingPresent' test ===
2026-01-14 14:25:28.863 INFO  tests.TeamDetailsPageValidationTest - Heading present? true
2026-01-14 14:25:28.868 INFO  tests.TeamDetailsPageValidationTest - PASS: Heading is present
2026-01-14 14:25:28.870 INFO  tests.TeamDetailsPageValidationTest - === Completed 'isHeadingPresent' test ===
2026-01-14 14:25:28.870 INFO  listeners.Listener1 - onTestSuccess -> isHeadingPresent
2026-01-14 14:25:28.908 INFO  listeners.Listener1 - onTestStart -> isAgeFieldPresent
2026-01-14 14:25:28.933 INFO  tests.CalculatorFunctionalityTest - Verifying age field presence
2026-01-14 14:25:29.491 INFO  tests.CalculatorFunctionalityTest - Age field presence assertion passed
2026-01-14 14:25:29.498 INFO  listeners.Listener1 - onTestSuccess -> isAgeFieldPresent
2026-01-14 14:25:29.537 INFO  listeners.Listener1 - onTestStart -> isLogoPresent
2026-01-14 14:25:29.541 INFO  tests.ResultsPageUiTest - === Starting 'isLogoPresent' test ===
2026-01-14 14:25:29.718 INFO  tests.ResultsPageUiTest - Logo present? true
2026-01-14 14:25:29.720 INFO  tests.ResultsPageUiTest - PASS: Logo is visible
2026-01-14 14:25:29.722 INFO  tests.ResultsPageUiTest - === Completed 'isLogoPresent' test ===
2026-01-14 14:25:29.722 INFO  listeners.Listener1 - onTestSuccess -> isLogoPresent
2026-01-14 14:25:29.768 INFO  listeners.Listener1 - onTestStart -> isCalculatorPresent
2026-01-14 14:25:29.772 INFO  tests.HomePageValidationTest - === Starting 'isCalculatorPresent' test ===
2026-01-14 14:25:30.300 INFO  tests.HomePageValidationTest - PASS: Calculator is present
2026-01-14 14:25:30.300 INFO  tests.HomePageValidationTest - === Completed 'isCalculatorPresent' test ===
2026-01-14 14:25:30.305 INFO  listeners.Listener1 - onTestSuccess -> isCalculatorPresent
2026-01-14 14:25:30.356 INFO  listeners.Listener1 - onTestStart -> gotoAgeFactor
2026-01-14 14:25:30.366 INFO  tests.HeartPulsePageValidationTest - Navigating to Age Factor from Heart Pulse page
2026-01-14 14:25:31.469 INFO  tests.HeartPulsePageValidationTest - URL after goToAgeFactor(): https://hackvyatharth.github.io/Vitalguard_Team_Vanguardians/#ageFactor
2026-01-14 14:25:31.471 INFO  tests.HeartPulsePageValidationTest - 'gotoAgeFactor' assertion passed
2026-01-14 14:25:31.473 INFO  listeners.Listener1 - onTestSuccess -> gotoAgeFactor
2026-01-14 14:25:31.525 INFO  listeners.Listener1 - onTestStart -> isInfoPresent
2026-01-14 14:25:31.537 INFO  t.BloodPressurePageValidationTest - === Starting 'isInfoPresent' test ===
2026-01-14 14:25:32.337 INFO  t.BloodPressurePageValidationTest - PASS: Information block presence assertion passed.
2026-01-14 14:25:32.337 INFO  t.BloodPressurePageValidationTest - === Completed 'isInfoPresent' test ===
2026-01-14 14:25:32.339 INFO  listeners.Listener1 - onTestSuccess -> isInfoPresent
2026-01-14 14:25:32.418 INFO  tests.AgeFactorPageValidationTest - Initializing AgeFactorPage and TopNavigation for driver: ChromeDriver: chrome on windows (146aea84936005e0c5ec631f2f0147d2)
2026-01-14 14:25:32.423 INFO  tests.AgeFactorPageValidationTest - Navigating to 'Age Factor' via top navigation
2026-01-14 14:25:33.573 INFO  tests.AgeFactorPageValidationTest - Arrived at Age factor page
2026-01-14 14:25:33.708 INFO  listeners.Listener1 - onTestStart -> isInfoPresent
2026-01-14 14:25:33.718 INFO  tests.AgeFactorPageValidationTest - Validating informational block (white text per spec) on Age Factor page
2026-01-14 14:25:34.301 INFO  tests.AgeFactorPageValidationTest - PASS: Info block presence assertion passed
2026-01-14 14:25:34.303 INFO  listeners.Listener1 - onTestSuccess -> isInfoPresent
2026-01-14 14:25:34.358 INFO  listeners.Listener1 - onTestStart -> isTeamDetailsPresent
2026-01-14 14:25:34.371 INFO  tests.TeamDetailsPageValidationTest - === Starting 'isTeamDetailsPresent' test ===
2026-01-14 14:25:35.687 INFO  tests.TeamDetailsPageValidationTest - Team details present? true
2026-01-14 14:25:35.702 INFO  tests.TeamDetailsPageValidationTest - PASS: Team details are displayed
2026-01-14 14:25:35.708 INFO  tests.TeamDetailsPageValidationTest - === Completed 'isTeamDetailsPresent' test ===
2026-01-14 14:25:35.722 INFO  listeners.Listener1 - onTestSuccess -> isTeamDetailsPresent
2026-01-14 14:25:35.825 INFO  listeners.Listener1 - onTestStart -> isPulseRateFieldPresent
2026-01-14 14:25:35.839 INFO  tests.CalculatorFunctionalityTest - Verifying pulse field presence
2026-01-14 14:25:36.486 INFO  tests.CalculatorFunctionalityTest - Pulse field presence assertion passed
2026-01-14 14:25:36.486 INFO  listeners.Listener1 - onTestSuccess -> isPulseRateFieldPresent
2026-01-14 14:25:36.558 INFO  listeners.Listener1 - onTestStart -> isLogoTextPresent
2026-01-14 14:25:36.573 INFO  tests.ResultsPageUiTest - === Starting 'isLogoTextPresent' test ===
2026-01-14 14:25:36.812 INFO  tests.ResultsPageUiTest - Logo text present? true
2026-01-14 14:25:36.820 INFO  tests.ResultsPageUiTest - PASS: Logo text is visible
2026-01-14 14:25:36.822 INFO  tests.ResultsPageUiTest - === Completed 'isLogoTextPresent' test ===
2026-01-14 14:25:36.823 INFO  listeners.Listener1 - onTestSuccess -> isLogoTextPresent
2026-01-14 14:25:36.890 INFO  listeners.Listener1 - onTestStart -> gotoHeartPulse
2026-01-14 14:25:36.901 INFO  tests.HomePageValidationTest - Navigating to HeartPulse from Home page
2026-01-14 14:25:39.114 INFO  tests.HomePageValidationTest - URL after goToHeartPulse(): https://hackvyatharth.github.io/Vitalguard_Team_Vanguardians/#pulseRate
2026-01-14 14:25:39.116 INFO  tests.HomePageValidationTest - PASS: 'gotoHeartPulse' assertion passed
2026-01-14 14:25:39.120 INFO  listeners.Listener1 - onTestSuccess -> gotoHeartPulse
2026-01-14 14:25:39.188 INFO  listeners.Listener1 - onTestStart -> gotoTeamDetails
2026-01-14 14:25:42.204 INFO  tests.HeartPulsePageValidationTest - Navigating to Team Details from Heart Pulse page
2026-01-14 14:25:43.874 INFO  tests.HeartPulsePageValidationTest - URL after goToTeamDetails(): https://hackvyatharth.github.io/Vitalguard_Team_Vanguardians/#foot
2026-01-14 14:25:43.880 INFO  tests.HeartPulsePageValidationTest - 'gotoTeamDetails' assertion passed
2026-01-14 14:25:43.887 INFO  listeners.Listener1 - onTestSuccess -> gotoTeamDetails
2026-01-14 14:25:43.955 INFO  tests.HeartPulsePageValidationTest - Tearing down webdriver
2026-01-14 14:26:17.187 INFO  tests.HeartPulsePageValidationTest - WebDriver quit successfully
2026-01-14 14:26:17.198 INFO  listeners.Listener1 - onTestStart -> gotoHome
2026-01-14 14:26:17.200 INFO  t.BloodPressurePageValidationTest - Navigating to Home via BloodPressurePage.goToHome()...
2026-01-14 14:26:17.708 INFO  t.BloodPressurePageValidationTest - URL after goToHome(): https://hackvyatharth.github.io/Vitalguard_Team_Vanguardians/#container
2026-01-14 14:26:17.709 INFO  t.BloodPressurePageValidationTest - PASS: Home navigation assertion passed.
2026-01-14 14:26:17.709 INFO  listeners.Listener1 - onTestSuccess -> gotoHome
2026-01-14 14:26:17.719 INFO  tests.AgeFactorPageValidationTest - Initializing AgeFactorPage and TopNavigation for driver: ChromeDriver: chrome on windows (146aea84936005e0c5ec631f2f0147d2)
2026-01-14 14:26:17.719 INFO  tests.AgeFactorPageValidationTest - Navigating to 'Age Factor' via top navigation
2026-01-14 14:26:18.370 INFO  tests.AgeFactorPageValidationTest - Arrived at Age factor page
2026-01-14 14:26:18.418 INFO  listeners.Listener1 - onTestStart -> gotoHome
2026-01-14 14:26:18.419 INFO  tests.AgeFactorPageValidationTest - Navigating to Home via AgeFactorPage.goToHome()
2026-01-14 14:26:18.824 INFO  tests.AgeFactorPageValidationTest - PASS: Home navigation assertion passed
2026-01-14 14:26:18.824 INFO  listeners.Listener1 - onTestSuccess -> gotoHome
2026-01-14 14:26:18.829 INFO  listeners.Listener1 - onTestStart -> gotoHome
2026-01-14 14:26:18.829 INFO  tests.TeamDetailsPageValidationTest - === Starting 'gotoHome' test ===
2026-01-14 14:26:19.405 INFO  tests.TeamDetailsPageValidationTest - Current URL after gotoHome(): https://hackvyatharth.github.io/Vitalguard_Team_Vanguardians/#container
2026-01-14 14:26:19.406 INFO  tests.TeamDetailsPageValidationTest - PASS: 'gotoHome' assertion passed (URL contains '#container')
2026-01-14 14:26:19.407 INFO  tests.TeamDetailsPageValidationTest - === Completed 'gotoHome' test ===
2026-01-14 14:26:19.407 INFO  listeners.Listener1 - onTestSuccess -> gotoHome
2026-01-14 14:26:19.414 INFO  listeners.Listener1 - onTestStart -> isBloodPressureFieldPresent
2026-01-14 14:26:19.416 INFO  tests.CalculatorFunctionalityTest - Verifying BP field presence
2026-01-14 14:26:19.858 INFO  tests.CalculatorFunctionalityTest - BP field presence assertion passed
2026-01-14 14:26:19.859 INFO  listeners.Listener1 - onTestSuccess -> isBloodPressureFieldPresent
2026-01-14 14:26:19.871 INFO  listeners.Listener1 - onTestStart -> isResultBoxPresent
2026-01-14 14:26:19.871 INFO  tests.ResultsPageUiTest - === Starting 'isResultBoxPresent' test ===
2026-01-14 14:26:20.055 INFO  tests.ResultsPageUiTest - Result box present? true
2026-01-14 14:26:20.055 INFO  tests.ResultsPageUiTest - PASS: Result box is visible
2026-01-14 14:26:20.056 INFO  tests.ResultsPageUiTest - === Completed 'isResultBoxPresent' test ===
2026-01-14 14:26:20.056 INFO  listeners.Listener1 - onTestSuccess -> isResultBoxPresent
2026-01-14 14:26:20.066 INFO  listeners.Listener1 - onTestStart -> gotoBloodPressure
2026-01-14 14:26:20.068 INFO  tests.HomePageValidationTest - Navigating to Blood Pressure from Home page
2026-01-14 14:26:20.559 INFO  tests.HomePageValidationTest - URL after goToBloodPressure(): https://hackvyatharth.github.io/Vitalguard_Team_Vanguardians/#bloodPressure
2026-01-14 14:26:20.561 INFO  tests.HomePageValidationTest - PASS: 'gotoBloodPressure' assertion passed
2026-01-14 14:26:20.561 INFO  listeners.Listener1 - onTestSuccess -> gotoBloodPressure
2026-01-14 14:26:20.568 INFO  listeners.Listener1 - onTestStart -> gotoHeartPulse
2026-01-14 14:26:20.570 INFO  t.BloodPressurePageValidationTest - Navigating to Heart Pulse via BloodPressurePage.goToHeartPulse()...
2026-01-14 14:26:21.388 INFO  t.BloodPressurePageValidationTest - URL after goToHeartPulse(): https://hackvyatharth.github.io/Vitalguard_Team_Vanguardians/#pulseRate
2026-01-14 14:26:21.388 INFO  t.BloodPressurePageValidationTest - PASS: Heart Pulse navigation assertion passed.
2026-01-14 14:26:21.390 INFO  listeners.Listener1 - onTestSuccess -> gotoHeartPulse
2026-01-14 14:26:21.399 INFO  tests.AgeFactorPageValidationTest - Initializing AgeFactorPage and TopNavigation for driver: ChromeDriver: chrome on windows (146aea84936005e0c5ec631f2f0147d2)
2026-01-14 14:26:21.400 INFO  tests.AgeFactorPageValidationTest - Navigating to 'Age Factor' via top navigation
2026-01-14 14:26:21.889 INFO  tests.AgeFactorPageValidationTest - Arrived at Age factor page
2026-01-14 14:26:21.998 INFO  listeners.Listener1 - onTestStart -> gotoHeartPulse
2026-01-14 14:26:22.000 INFO  tests.AgeFactorPageValidationTest - Navigating to Heart Pulse via AgeFactorPage.goToHeartPulse()
2026-01-14 14:26:22.542 INFO  tests.AgeFactorPageValidationTest - PASS: Heart Pulse navigation assertion passed
2026-01-14 14:26:22.542 INFO  listeners.Listener1 - onTestSuccess -> gotoHeartPulse
2026-01-14 14:26:22.553 INFO  listeners.Listener1 - onTestStart -> gotoBloodPressure
2026-01-14 14:26:22.555 INFO  tests.TeamDetailsPageValidationTest - === Starting 'gotoBloodPressure' test ===
2026-01-14 14:26:23.554 INFO  tests.TeamDetailsPageValidationTest - Current URL after gotoBloodPressure(): https://hackvyatharth.github.io/Vitalguard_Team_Vanguardians/#bloodPressure
2026-01-14 14:26:23.556 INFO  tests.TeamDetailsPageValidationTest - PASS: 'gotoBloodPressure' assertion passed (URL contains '#bloodPressure')
2026-01-14 14:26:23.556 INFO  tests.TeamDetailsPageValidationTest - === Completed 'gotoBloodPressure' test ===
2026-01-14 14:26:23.556 INFO  listeners.Listener1 - onTestSuccess -> gotoBloodPressure
2026-01-14 14:26:23.568 INFO  listeners.Listener1 - onTestStart -> isCalculateButtonPresentAndClickable
2026-01-14 14:26:23.568 INFO  tests.CalculatorFunctionalityTest - Verifying Calculate Button presence and Clickability
2026-01-14 14:26:24.309 INFO  tests.CalculatorFunctionalityTest - Calculate button presence & clickability assertion passed
2026-01-14 14:26:24.309 INFO  listeners.Listener1 - onTestSuccess -> isCalculateButtonPresentAndClickable
2026-01-14 14:26:24.319 INFO  listeners.Listener1 - onTestStart -> isHeadingPresent
2026-01-14 14:26:24.319 INFO  tests.ResultsPageUiTest - === Starting 'isHeadingPresent' test ===
2026-01-14 14:26:24.492 INFO  tests.ResultsPageUiTest - Heading present? true
2026-01-14 14:26:24.492 INFO  tests.ResultsPageUiTest - PASS: Heading is visible
2026-01-14 14:26:24.492 INFO  tests.ResultsPageUiTest - === Completed 'isHeadingPresent' test ===
2026-01-14 14:26:24.494 INFO  listeners.Listener1 - onTestSuccess -> isHeadingPresent
2026-01-14 14:26:24.501 INFO  listeners.Listener1 - onTestStart -> gotoAgeFactor
2026-01-14 14:26:24.503 INFO  tests.HomePageValidationTest - Navigating to Age Factor from Home page
2026-01-14 14:26:25.109 INFO  tests.HomePageValidationTest - URL after goToAgeFactor(): https://hackvyatharth.github.io/Vitalguard_Team_Vanguardians/#ageFactor
2026-01-14 14:26:25.109 INFO  tests.HomePageValidationTest - PASS: 'gotoAgeFactor' assertion passed
2026-01-14 14:26:25.109 INFO  listeners.Listener1 - onTestSuccess -> gotoAgeFactor
2026-01-14 14:26:25.121 INFO  listeners.Listener1 - onTestStart -> gotoAgeFactorPage
2026-01-14 14:26:25.122 INFO  t.BloodPressurePageValidationTest - Navigating to Age Factor via BloodPressurePage.goToAgeFactor()...
2026-01-14 14:26:25.641 INFO  t.BloodPressurePageValidationTest - URL after goToAgeFactor(): https://hackvyatharth.github.io/Vitalguard_Team_Vanguardians/#ageFactor
2026-01-14 14:26:25.643 INFO  t.BloodPressurePageValidationTest - PASS: Age Factor navigation assertion passed.
2026-01-14 14:26:25.643 INFO  listeners.Listener1 - onTestSuccess -> gotoAgeFactorPage
2026-01-14 14:26:25.651 INFO  tests.AgeFactorPageValidationTest - Initializing AgeFactorPage and TopNavigation for driver: ChromeDriver: chrome on windows (146aea84936005e0c5ec631f2f0147d2)
2026-01-14 14:26:25.652 INFO  tests.AgeFactorPageValidationTest - Navigating to 'Age Factor' via top navigation
2026-01-14 14:26:26.660 INFO  tests.AgeFactorPageValidationTest - Arrived at Age factor page
2026-01-14 14:26:26.732 INFO  listeners.Listener1 - onTestStart -> gotoBloodPressure
2026-01-14 14:26:26.732 INFO  tests.AgeFactorPageValidationTest - Navigating to Blood Pressure via AgeFactorPage.goToBloodPressure()
2026-01-14 14:26:27.525 INFO  tests.AgeFactorPageValidationTest - PASS: Blood Pressure navigation assertion passed
2026-01-14 14:26:27.526 INFO  listeners.Listener1 - onTestSuccess -> gotoBloodPressure
2026-01-14 14:26:27.536 INFO  listeners.Listener1 - onTestStart -> gotoHeartPulse
2026-01-14 14:26:27.538 INFO  tests.TeamDetailsPageValidationTest - === Starting 'gotoHeartPulse' test ===
2026-01-14 14:26:28.391 INFO  tests.TeamDetailsPageValidationTest - Current URL after gotoHeartPulse(): https://hackvyatharth.github.io/Vitalguard_Team_Vanguardians/#pulseRate
2026-01-14 14:26:28.391 INFO  tests.TeamDetailsPageValidationTest - PASS: 'gotoHeartPulse' assertion passed (URL contains '#pulseRate')
2026-01-14 14:26:28.391 INFO  tests.TeamDetailsPageValidationTest - === Completed 'gotoHeartPulse' test ===
2026-01-14 14:26:28.392 INFO  listeners.Listener1 - onTestSuccess -> gotoHeartPulse
2026-01-14 14:26:30.466 INFO  tests.CalculatorFunctionalityTest - Loaded {} data rows from Excel
2026-01-14 14:26:30.472 INFO  listeners.Listener1 - onTestStart -> sendData
2026-01-14 14:26:30.472 INFO  listeners.Listener1 - Parameters for sendData: ["", "", "", negative]
2026-01-14 14:26:30.484 INFO  tests.CalculatorFunctionalityTest - Executing data row: age='""', pulse='""', bp='""', testType='negative'
2026-01-14 14:26:33.352 INFO  tests.CalculatorFunctionalityTest - Clicking Calculate
2026-01-14 14:26:33.849 INFO  tests.CalculatorFunctionalityTest - Alert detected after submit
2026-01-14 14:26:33.888 INFO  tests.CalculatorFunctionalityTest - Negative case: navigatedToResult=false
2026-01-14 14:26:33.890 INFO  listeners.Listener1 - onTestSuccess -> sendData
2026-01-14 14:26:33.890 INFO  listeners.Listener1 - Deleting pre-submit screenshot for passed test: C:\Users\2457157\IdeaProjects\HealthIndexCalculator\reports\screenshots\age_____pulse_____bp_____type_negative_before_20260114_142633_308.png
2026-01-14 14:26:33.917 INFO  listeners.Listener1 - onTestStart -> sendData
2026-01-14 14:26:33.917 INFO  listeners.Listener1 - Parameters for sendData: [0, 60, 70/31, negative]
2026-01-14 14:26:33.919 INFO  tests.CalculatorFunctionalityTest - Executing data row: age='0', pulse='60', bp='70/31', testType='negative'
2026-01-14 14:26:35.765 INFO  tests.CalculatorFunctionalityTest - Clicking Calculate
2026-01-14 14:26:36.257 INFO  tests.CalculatorFunctionalityTest - Alert detected after submit
2026-01-14 14:26:36.339 INFO  tests.CalculatorFunctionalityTest - Negative case: navigatedToResult=false
2026-01-14 14:26:36.341 INFO  listeners.Listener1 - onTestSuccess -> sendData
2026-01-14 14:26:36.341 INFO  listeners.Listener1 - Deleting pre-submit screenshot for passed test: C:\Users\2457157\IdeaProjects\HealthIndexCalculator\reports\screenshots\age_0__pulse_60__bp_70_31__type_negative_before_20260114_142635_752.png
2026-01-14 14:26:36.400 INFO  listeners.Listener1 - onTestStart -> sendData
2026-01-14 14:26:36.402 INFO  listeners.Listener1 - Parameters for sendData: [1, 72, 120/81, positive]
2026-01-14 14:26:36.404 INFO  tests.CalculatorFunctionalityTest - Executing data row: age='1', pulse='72', bp='120/81', testType='positive'
2026-01-14 14:26:39.069 INFO  tests.CalculatorFunctionalityTest - Clicking Calculate
2026-01-14 14:26:42.799 INFO  tests.CalculatorFunctionalityTest - No alert branch: navigatedToResult=true
2026-01-14 14:26:42.799 INFO  tests.CalculatorFunctionalityTest - Positive case passed: navigated; returning Home via logo text
2026-01-14 14:26:43.549 INFO  tests.CalculatorFunctionalityTest - Clicked 'VitalGuard' logo text to return Home
2026-01-14 14:26:43.549 INFO  listeners.Listener1 - onTestSuccess -> sendData
2026-01-14 14:26:43.549 INFO  listeners.Listener1 - Deleting pre-submit screenshot for passed test: C:\Users\2457157\IdeaProjects\HealthIndexCalculator\reports\screenshots\age_1__pulse_72__bp_120_81__type_positive_before_20260114_142639_056.png
2026-01-14 14:26:43.582 INFO  listeners.Listener1 - onTestStart -> sendData
2026-01-14 14:26:43.584 INFO  listeners.Listener1 - Parameters for sendData: [69.5, -25, 160/91, negative]
2026-01-14 14:26:43.586 INFO  tests.CalculatorFunctionalityTest - Executing data row: age='69.5', pulse='-25', bp='160/91', testType='negative'
2026-01-14 14:26:45.663 INFO  tests.CalculatorFunctionalityTest - Clicking Calculate
2026-01-14 14:26:49.538 INFO  tests.CalculatorFunctionalityTest - No alert branch: navigatedToResult=true
2026-01-14 14:26:50.504 ERROR tests.CalculatorFunctionalityTest - Negative case failed: navigated without alert
2026-01-14 14:26:51.156 ERROR listeners.Listener1 - onTestFailure -> sendData
java.lang.AssertionError: The following asserts failed:
	NEGATIVE input incorrectly navigated to Result page without showing any alert.
	at org.testng.asserts.SoftAssert.assertAll(SoftAssert.java:46)
	at org.testng.asserts.SoftAssert.assertAll(SoftAssert.java:30)
	at tests.CalculatorFunctionalityTest.sendData(CalculatorFunctionalityTest.java:200)
	at java.base/jdk.internal.reflect.DirectMethodHandleAccessor.invoke(DirectMethodHandleAccessor.java:103)
	at java.base/java.lang.reflect.Method.invoke(Method.java:580)
	at org.testng.internal.invokers.MethodInvocationHelper.invokeMethod(MethodInvocationHelper.java:141)
	at org.testng.internal.invokers.TestInvoker.invokeMethod(TestInvoker.java:687)
	at org.testng.internal.invokers.TestInvoker.invokeTestMethod(TestInvoker.java:230)
	at org.testng.internal.invokers.MethodRunner.runInSequence(MethodRunner.java:63)
	at org.testng.internal.invokers.TestInvoker$MethodInvocationAgent.invoke(TestInvoker.java:995)
	at org.testng.internal.invokers.TestInvoker.invokeTestMethods(TestInvoker.java:203)
	at org.testng.internal.invokers.TestMethodWorker.invokeTestMethods(TestMethodWorker.java:154)
	at org.testng.internal.invokers.TestMethodWorker.run(TestMethodWorker.java:134)
	at java.base/java.util.ArrayList.forEach(ArrayList.java:1596)
	at org.testng.TestRunner.privateRun(TestRunner.java:741)
	at org.testng.TestRunner.run(TestRunner.java:616)
	at org.testng.SuiteRunner.runTest(SuiteRunner.java:421)
	at org.testng.SuiteRunner$SuiteWorker.run(SuiteRunner.java:463)
	at org.testng.internal.thread.ThreadUtil.lambda$execute$0(ThreadUtil.java:64)
	at java.base/java.util.concurrent.FutureTask.run$$$capture(FutureTask.java:317)
	at java.base/java.util.concurrent.FutureTask.run(FutureTask.java)
	at java.base/java.util.concurrent.ThreadPoolExecutor.runWorker(ThreadPoolExecutor.java:1144)
	at java.base/java.util.concurrent.ThreadPoolExecutor$Worker.run(ThreadPoolExecutor.java:642)
	at java.base/java.lang.Thread.run(Thread.java:1583)
2026-01-14 14:26:51.284 INFO  listeners.Listener1 - Attaching pre-submit screenshot: C:\Users\2457157\IdeaProjects\HealthIndexCalculator\reports\screenshots\age_69.5__pulse_-25__bp_160_91__type_negative_before_20260114_142645_649.png
2026-01-14 14:26:51.301 INFO  listeners.Listener1 - Attaching failure screenshot: C:\Users\2457157\IdeaProjects\HealthIndexCalculator\reports\screenshots\age_69.5__pulse_-25__bp_160_91__type_negative_failed_no_alert_20260114_142649_540.png
2026-01-14 14:26:51.451 INFO  listeners.Listener1 - onTestStart -> sendData
2026-01-14 14:26:51.453 INFO  listeners.Listener1 - Parameters for sendData: [120, Seventy Two, 0/0, negative]
2026-01-14 14:26:51.466 INFO  tests.CalculatorFunctionalityTest - Executing data row: age='120', pulse='Seventy Two', bp='0/0', testType='negative'
2026-01-14 14:26:56.883 INFO  tests.CalculatorFunctionalityTest - Clicking Calculate
2026-01-14 14:26:57.868 INFO  tests.CalculatorFunctionalityTest - Alert detected after submit
2026-01-14 14:26:58.004 INFO  tests.CalculatorFunctionalityTest - Negative case: navigatedToResult=false
2026-01-14 14:26:58.006 INFO  listeners.Listener1 - onTestSuccess -> sendData
2026-01-14 14:26:58.006 INFO  listeners.Listener1 - Deleting pre-submit screenshot for passed test: C:\Users\2457157\IdeaProjects\HealthIndexCalculator\reports\screenshots\age_120__pulse_Seventy_Two__bp_0_0__type_negative_before_20260114_142656_864.png
2026-01-14 14:26:58.068 INFO  listeners.Listener1 - onTestStart -> sendData
2026-01-14 14:26:58.073 INFO  listeners.Listener1 - Parameters for sendData: [121, @$%, 0/0, negative]
2026-01-14 14:26:58.082 INFO  tests.CalculatorFunctionalityTest - Executing data row: age='121', pulse='@$%', bp='0/0', testType='negative'
2026-01-14 14:27:02.320 INFO  tests.CalculatorFunctionalityTest - Clicking Calculate
2026-01-14 14:27:03.890 INFO  tests.CalculatorFunctionalityTest - Alert detected after submit
2026-01-14 14:27:04.136 INFO  tests.CalculatorFunctionalityTest - Negative case: navigatedToResult=false
2026-01-14 14:27:04.138 INFO  listeners.Listener1 - onTestSuccess -> sendData
2026-01-14 14:27:04.152 INFO  listeners.Listener1 - Deleting pre-submit screenshot for passed test: C:\Users\2457157\IdeaProjects\HealthIndexCalculator\reports\screenshots\age_121__pulse______bp_0_0__type_negative_before_20260114_142702_286.png
2026-01-14 14:27:04.252 INFO  listeners.Listener1 - onTestStart -> sendData
2026-01-14 14:27:04.252 INFO  listeners.Listener1 - Parameters for sendData: [120.5, 80yrs, 1000/1000, negative]
2026-01-14 14:27:04.265 INFO  tests.CalculatorFunctionalityTest - Executing data row: age='120.5', pulse='80yrs', bp='1000/1000', testType='negative'
2026-01-14 14:27:15.372 INFO  tests.CalculatorFunctionalityTest - Clicking Calculate
2026-01-14 14:27:16.164 INFO  tests.CalculatorFunctionalityTest - Alert detected after submit
2026-01-14 14:27:16.255 INFO  tests.CalculatorFunctionalityTest - Negative case: navigatedToResult=false
2026-01-14 14:27:16.255 INFO  listeners.Listener1 - onTestSuccess -> sendData
2026-01-14 14:27:16.267 INFO  listeners.Listener1 - Deleting pre-submit screenshot for passed test: C:\Users\2457157\IdeaProjects\HealthIndexCalculator\reports\screenshots\age_120.5__pulse_80yrs__bp_1000_1000__type_negative_before_20260114_142709_306.png
2026-01-14 14:27:16.339 INFO  listeners.Listener1 - onTestStart -> sendData
2026-01-14 14:27:16.351 INFO  listeners.Listener1 - Parameters for sendData: [abc, 1000, abc, negative]
2026-01-14 14:27:16.355 INFO  tests.CalculatorFunctionalityTest - Executing data row: age='abc', pulse='1000', bp='abc', testType='negative'
2026-01-14 14:27:20.681 INFO  tests.CalculatorFunctionalityTest - Clicking Calculate
2026-01-14 14:27:21.488 INFO  tests.CalculatorFunctionalityTest - Alert detected after submit
2026-01-14 14:27:21.598 INFO  tests.CalculatorFunctionalityTest - Negative case: navigatedToResult=false
2026-01-14 14:27:21.601 INFO  listeners.Listener1 - onTestSuccess -> sendData
2026-01-14 14:27:21.605 INFO  listeners.Listener1 - Deleting pre-submit screenshot for passed test: C:\Users\2457157\IdeaProjects\HealthIndexCalculator\reports\screenshots\age_abc__pulse_1000__bp_abc__type_negative_before_20260114_142720_646.png
2026-01-14 14:27:21.669 INFO  listeners.Listener1 - onTestStart -> sendData
2026-01-14 14:27:21.671 INFO  listeners.Listener1 - Parameters for sendData: [@#, 65.5, abc/abc, negative]
2026-01-14 14:27:21.673 INFO  tests.CalculatorFunctionalityTest - Executing data row: age='@#', pulse='65.5', bp='abc/abc', testType='negative'
2026-01-14 14:27:26.070 INFO  tests.CalculatorFunctionalityTest - Clicking Calculate
2026-01-14 14:27:27.319 INFO  tests.CalculatorFunctionalityTest - Alert detected after submit
2026-01-14 14:27:27.574 INFO  tests.CalculatorFunctionalityTest - Negative case: navigatedToResult=false
2026-01-14 14:27:27.589 INFO  listeners.Listener1 - onTestSuccess -> sendData
2026-01-14 14:27:27.599 INFO  listeners.Listener1 - Deleting pre-submit screenshot for passed test: C:\Users\2457157\IdeaProjects\HealthIndexCalculator\reports\screenshots\age_____pulse_65.5__bp_abc_abc__type_negative_before_20260114_142726_034.png
2026-01-14 14:27:28.332 INFO  listeners.Listener1 - onTestStart -> sendData
2026-01-14 14:27:28.334 INFO  listeners.Listener1 - Parameters for sendData: [e, "", *(@), negative]
2026-01-14 14:27:28.338 INFO  tests.CalculatorFunctionalityTest - Executing data row: age='e', pulse='""', bp='*(@)', testType='negative'
2026-01-14 14:27:32.987 INFO  tests.CalculatorFunctionalityTest - Clicking Calculate
2026-01-14 14:27:34.282 INFO  tests.CalculatorFunctionalityTest - Alert detected after submit
2026-01-14 14:27:34.738 INFO  tests.CalculatorFunctionalityTest - Negative case: navigatedToResult=false
2026-01-14 14:27:34.740 INFO  listeners.Listener1 - onTestSuccess -> sendData
2026-01-14 14:27:34.750 INFO  listeners.Listener1 - Deleting pre-submit screenshot for passed test: C:\Users\2457157\IdeaProjects\HealthIndexCalculator\reports\screenshots\age_e__pulse_____bp_______type_negative_before_20260114_142732_948.png
2026-01-14 14:27:34.817 INFO  listeners.Listener1 - onTestStart -> sendData
2026-01-14 14:27:34.821 INFO  listeners.Listener1 - Parameters for sendData: [-1, 55, -1, negative]
2026-01-14 14:27:34.823 INFO  tests.CalculatorFunctionalityTest - Executing data row: age='-1', pulse='55', bp='-1', testType='negative'
2026-01-14 14:27:37.267 INFO  tests.CalculatorFunctionalityTest - Clicking Calculate
2026-01-14 14:27:37.834 INFO  tests.CalculatorFunctionalityTest - Alert detected after submit
2026-01-14 14:27:37.905 INFO  tests.CalculatorFunctionalityTest - Negative case: navigatedToResult=false
2026-01-14 14:27:37.911 INFO  listeners.Listener1 - onTestSuccess -> sendData
2026-01-14 14:27:37.917 INFO  listeners.Listener1 - Deleting pre-submit screenshot for passed test: C:\Users\2457157\IdeaProjects\HealthIndexCalculator\reports\screenshots\age_-1__pulse_55__bp_-1__type_negative_before_20260114_142737_252.png
2026-01-14 14:27:37.951 INFO  listeners.Listener1 - onTestStart -> sendData
2026-01-14 14:27:37.951 INFO  listeners.Listener1 - Parameters for sendData: [35, 80, 80/120, negative]
2026-01-14 14:27:37.953 INFO  tests.CalculatorFunctionalityTest - Executing data row: age='35', pulse='80', bp='80/120', testType='negative'
2026-01-14 14:27:41.188 INFO  tests.CalculatorFunctionalityTest - Clicking Calculate
2026-01-14 14:27:46.018 INFO  tests.CalculatorFunctionalityTest - No alert branch: navigatedToResult=true
2026-01-14 14:27:46.980 ERROR tests.CalculatorFunctionalityTest - Negative case failed: navigated without alert
2026-01-14 14:27:47.748 ERROR listeners.Listener1 - onTestFailure -> sendData
java.lang.AssertionError: The following asserts failed:
	NEGATIVE input incorrectly navigated to Result page without showing any alert.
	at org.testng.asserts.SoftAssert.assertAll(SoftAssert.java:46)
	at org.testng.asserts.SoftAssert.assertAll(SoftAssert.java:30)
	at tests.CalculatorFunctionalityTest.sendData(CalculatorFunctionalityTest.java:200)
	at java.base/jdk.internal.reflect.DirectMethodHandleAccessor.invoke(DirectMethodHandleAccessor.java:103)
	at java.base/java.lang.reflect.Method.invoke(Method.java:580)
	at org.testng.internal.invokers.MethodInvocationHelper.invokeMethod(MethodInvocationHelper.java:141)
	at org.testng.internal.invokers.TestInvoker.invokeMethod(TestInvoker.java:687)
	at org.testng.internal.invokers.TestInvoker.invokeTestMethod(TestInvoker.java:230)
	at org.testng.internal.invokers.MethodRunner.runInSequence(MethodRunner.java:63)
	at org.testng.internal.invokers.TestInvoker$MethodInvocationAgent.invoke(TestInvoker.java:995)
	at org.testng.internal.invokers.TestInvoker.invokeTestMethods(TestInvoker.java:203)
	at org.testng.internal.invokers.TestMethodWorker.invokeTestMethods(TestMethodWorker.java:154)
	at org.testng.internal.invokers.TestMethodWorker.run(TestMethodWorker.java:134)
	at java.base/java.util.ArrayList.forEach(ArrayList.java:1596)
	at org.testng.TestRunner.privateRun(TestRunner.java:741)
	at org.testng.TestRunner.run(TestRunner.java:616)
	at org.testng.SuiteRunner.runTest(SuiteRunner.java:421)
	at org.testng.SuiteRunner$SuiteWorker.run(SuiteRunner.java:463)
	at org.testng.internal.thread.ThreadUtil.lambda$execute$0(ThreadUtil.java:64)
	at java.base/java.util.concurrent.FutureTask.run$$$capture(FutureTask.java:317)
	at java.base/java.util.concurrent.FutureTask.run(FutureTask.java)
	at java.base/java.util.concurrent.ThreadPoolExecutor.runWorker(ThreadPoolExecutor.java:1144)
	at java.base/java.util.concurrent.ThreadPoolExecutor$Worker.run(ThreadPoolExecutor.java:642)
	at java.base/java.lang.Thread.run(Thread.java:1583)
2026-01-14 14:27:47.752 INFO  listeners.Listener1 - Attaching pre-submit screenshot: C:\Users\2457157\IdeaProjects\HealthIndexCalculator\reports\screenshots\age_35__pulse_80__bp_80_120__type_negative_before_20260114_142741_171.png
2026-01-14 14:27:47.754 INFO  listeners.Listener1 - Attaching failure screenshot: C:\Users\2457157\IdeaProjects\HealthIndexCalculator\reports\screenshots\age_35__pulse_80__bp_80_120__type_negative_failed_no_alert_20260114_142746_018.png
2026-01-14 14:27:47.786 INFO  listeners.Listener1 - onTestStart -> sendData
2026-01-14 14:27:47.788 INFO  listeners.Listener1 - Parameters for sendData: [42, 70, 0/100, negative]
2026-01-14 14:27:47.790 INFO  tests.CalculatorFunctionalityTest - Executing data row: age='42', pulse='70', bp='0/100', testType='negative'
2026-01-14 14:27:51.370 INFO  tests.CalculatorFunctionalityTest - Clicking Calculate
2026-01-14 14:27:56.303 INFO  tests.CalculatorFunctionalityTest - No alert branch: navigatedToResult=true
2026-01-14 14:27:57.556 ERROR tests.CalculatorFunctionalityTest - Negative case failed: navigated without alert
2026-01-14 14:27:58.889 ERROR listeners.Listener1 - onTestFailure -> sendData
java.lang.AssertionError: The following asserts failed:
	NEGATIVE input incorrectly navigated to Result page without showing any alert.
	at org.testng.asserts.SoftAssert.assertAll(SoftAssert.java:46)
	at org.testng.asserts.SoftAssert.assertAll(SoftAssert.java:30)
	at tests.CalculatorFunctionalityTest.sendData(CalculatorFunctionalityTest.java:200)
	at java.base/jdk.internal.reflect.DirectMethodHandleAccessor.invoke(DirectMethodHandleAccessor.java:103)
	at java.base/java.lang.reflect.Method.invoke(Method.java:580)
	at org.testng.internal.invokers.MethodInvocationHelper.invokeMethod(MethodInvocationHelper.java:141)
	at org.testng.internal.invokers.TestInvoker.invokeMethod(TestInvoker.java:687)
	at org.testng.internal.invokers.TestInvoker.invokeTestMethod(TestInvoker.java:230)
	at org.testng.internal.invokers.MethodRunner.runInSequence(MethodRunner.java:63)
	at org.testng.internal.invokers.TestInvoker$MethodInvocationAgent.invoke(TestInvoker.java:995)
	at org.testng.internal.invokers.TestInvoker.invokeTestMethods(TestInvoker.java:203)
	at org.testng.internal.invokers.TestMethodWorker.invokeTestMethods(TestMethodWorker.java:154)
	at org.testng.internal.invokers.TestMethodWorker.run(TestMethodWorker.java:134)
	at java.base/java.util.ArrayList.forEach(ArrayList.java:1596)
	at org.testng.TestRunner.privateRun(TestRunner.java:741)
	at org.testng.TestRunner.run(TestRunner.java:616)
	at org.testng.SuiteRunner.runTest(SuiteRunner.java:421)
	at org.testng.SuiteRunner$SuiteWorker.run(SuiteRunner.java:463)
	at org.testng.internal.thread.ThreadUtil.lambda$execute$0(ThreadUtil.java:64)
	at java.base/java.util.concurrent.FutureTask.run$$$capture(FutureTask.java:317)
	at java.base/java.util.concurrent.FutureTask.run(FutureTask.java)
	at java.base/java.util.concurrent.ThreadPoolExecutor.runWorker(ThreadPoolExecutor.java:1144)
	at java.base/java.util.concurrent.ThreadPoolExecutor$Worker.run(ThreadPoolExecutor.java:642)
	at java.base/java.lang.Thread.run(Thread.java:1583)
2026-01-14 14:27:58.901 INFO  listeners.Listener1 - Attaching pre-submit screenshot: C:\Users\2457157\IdeaProjects\HealthIndexCalculator\reports\screenshots\age_42__pulse_70__bp_0_100__type_negative_before_20260114_142751_321.png
2026-01-14 14:27:58.916 INFO  listeners.Listener1 - Attaching failure screenshot: C:\Users\2457157\IdeaProjects\HealthIndexCalculator\reports\screenshots\age_42__pulse_70__bp_0_100__type_negative_failed_no_alert_20260114_142756_303.png
2026-01-14 14:28:10.815 INFO  listeners.Listener1 - onTestStart -> sendData
2026-01-14 14:28:10.817 INFO  listeners.Listener1 - Parameters for sendData: [55, 100, 122/0, negative]
2026-01-14 14:28:10.856 INFO  tests.CalculatorFunctionalityTest - Executing data row: age='55', pulse='100', bp='122/0', testType='negative'
2026-01-14 14:28:16.237 INFO  tests.CalculatorFunctionalityTest - Clicking Calculate
2026-01-14 14:28:20.702 INFO  tests.CalculatorFunctionalityTest - No alert branch: navigatedToResult=true
2026-01-14 14:28:21.336 ERROR tests.CalculatorFunctionalityTest - Negative case failed: navigated without alert
2026-01-14 14:28:21.838 ERROR listeners.Listener1 - onTestFailure -> sendData
java.lang.AssertionError: The following asserts failed:
	NEGATIVE input incorrectly navigated to Result page without showing any alert.
	at org.testng.asserts.SoftAssert.assertAll(SoftAssert.java:46)
	at org.testng.asserts.SoftAssert.assertAll(SoftAssert.java:30)
	at tests.CalculatorFunctionalityTest.sendData(CalculatorFunctionalityTest.java:200)
	at java.base/jdk.internal.reflect.DirectMethodHandleAccessor.invoke(DirectMethodHandleAccessor.java:103)
	at java.base/java.lang.reflect.Method.invoke(Method.java:580)
	at org.testng.internal.invokers.MethodInvocationHelper.invokeMethod(MethodInvocationHelper.java:141)
	at org.testng.internal.invokers.TestInvoker.invokeMethod(TestInvoker.java:687)
	at org.testng.internal.invokers.TestInvoker.invokeTestMethod(TestInvoker.java:230)
	at org.testng.internal.invokers.MethodRunner.runInSequence(MethodRunner.java:63)
	at org.testng.internal.invokers.TestInvoker$MethodInvocationAgent.invoke(TestInvoker.java:995)
	at org.testng.internal.invokers.TestInvoker.invokeTestMethods(TestInvoker.java:203)
	at org.testng.internal.invokers.TestMethodWorker.invokeTestMethods(TestMethodWorker.java:154)
	at org.testng.internal.invokers.TestMethodWorker.run(TestMethodWorker.java:134)
	at java.base/java.util.ArrayList.forEach(ArrayList.java:1596)
	at org.testng.TestRunner.privateRun(TestRunner.java:741)
	at org.testng.TestRunner.run(TestRunner.java:616)
	at org.testng.SuiteRunner.runTest(SuiteRunner.java:421)
	at org.testng.SuiteRunner$SuiteWorker.run(SuiteRunner.java:463)
	at org.testng.internal.thread.ThreadUtil.lambda$execute$0(ThreadUtil.java:64)
	at java.base/java.util.concurrent.FutureTask.run$$$capture(FutureTask.java:317)
	at java.base/java.util.concurrent.FutureTask.run(FutureTask.java)
	at java.base/java.util.concurrent.ThreadPoolExecutor.runWorker(ThreadPoolExecutor.java:1144)
	at java.base/java.util.concurrent.ThreadPoolExecutor$Worker.run(ThreadPoolExecutor.java:642)
	at java.base/java.lang.Thread.run(Thread.java:1583)
2026-01-14 14:28:21.845 INFO  listeners.Listener1 - Attaching pre-submit screenshot: C:\Users\2457157\IdeaProjects\HealthIndexCalculator\reports\screenshots\age_55__pulse_100__bp_122_0__type_negative_before_20260114_142816_201.png
2026-01-14 14:28:21.847 INFO  listeners.Listener1 - Attaching failure screenshot: C:\Users\2457157\IdeaProjects\HealthIndexCalculator\reports\screenshots\age_55__pulse_100__bp_122_0__type_negative_failed_no_alert_20260114_142820_704.png
2026-01-14 14:28:21.866 INFO  listeners.Listener1 - onTestStart -> sendData
2026-01-14 14:28:21.866 INFO  listeners.Listener1 - Parameters for sendData: [63, 65, 120/120, negative]
2026-01-14 14:28:21.868 INFO  tests.CalculatorFunctionalityTest - Executing data row: age='63', pulse='65', bp='120/120', testType='negative'
2026-01-14 14:28:23.556 INFO  tests.CalculatorFunctionalityTest - Clicking Calculate
2026-01-14 14:28:27.070 INFO  tests.CalculatorFunctionalityTest - No alert branch: navigatedToResult=true
2026-01-14 14:28:27.897 ERROR tests.CalculatorFunctionalityTest - Negative case failed: navigated without alert
2026-01-14 14:28:28.369 ERROR listeners.Listener1 - onTestFailure -> sendData
java.lang.AssertionError: The following asserts failed:
	NEGATIVE input incorrectly navigated to Result page without showing any alert.
	at org.testng.asserts.SoftAssert.assertAll(SoftAssert.java:46)
	at org.testng.asserts.SoftAssert.assertAll(SoftAssert.java:30)
	at tests.CalculatorFunctionalityTest.sendData(CalculatorFunctionalityTest.java:200)
	at java.base/jdk.internal.reflect.DirectMethodHandleAccessor.invoke(DirectMethodHandleAccessor.java:103)
	at java.base/java.lang.reflect.Method.invoke(Method.java:580)
	at org.testng.internal.invokers.MethodInvocationHelper.invokeMethod(MethodInvocationHelper.java:141)
	at org.testng.internal.invokers.TestInvoker.invokeMethod(TestInvoker.java:687)
	at org.testng.internal.invokers.TestInvoker.invokeTestMethod(TestInvoker.java:230)
	at org.testng.internal.invokers.MethodRunner.runInSequence(MethodRunner.java:63)
	at org.testng.internal.invokers.TestInvoker$MethodInvocationAgent.invoke(TestInvoker.java:995)
	at org.testng.internal.invokers.TestInvoker.invokeTestMethods(TestInvoker.java:203)
	at org.testng.internal.invokers.TestMethodWorker.invokeTestMethods(TestMethodWorker.java:154)
	at org.testng.internal.invokers.TestMethodWorker.run(TestMethodWorker.java:134)
	at java.base/java.util.ArrayList.forEach(ArrayList.java:1596)
	at org.testng.TestRunner.privateRun(TestRunner.java:741)
	at org.testng.TestRunner.run(TestRunner.java:616)
	at org.testng.SuiteRunner.runTest(SuiteRunner.java:421)
	at org.testng.SuiteRunner$SuiteWorker.run(SuiteRunner.java:463)
	at org.testng.internal.thread.ThreadUtil.lambda$execute$0(ThreadUtil.java:64)
	at java.base/java.util.concurrent.FutureTask.run$$$capture(FutureTask.java:317)
	at java.base/java.util.concurrent.FutureTask.run(FutureTask.java)
	at java.base/java.util.concurrent.ThreadPoolExecutor.runWorker(ThreadPoolExecutor.java:1144)
	at java.base/java.util.concurrent.ThreadPoolExecutor$Worker.run(ThreadPoolExecutor.java:642)
	at java.base/java.lang.Thread.run(Thread.java:1583)
2026-01-14 14:28:28.371 INFO  listeners.Listener1 - Attaching pre-submit screenshot: C:\Users\2457157\IdeaProjects\HealthIndexCalculator\reports\screenshots\age_63__pulse_65__bp_120_120__type_negative_before_20260114_142823_552.png
2026-01-14 14:28:28.371 INFO  listeners.Listener1 - Attaching failure screenshot: C:\Users\2457157\IdeaProjects\HealthIndexCalculator\reports\screenshots\age_63__pulse_65__bp_120_120__type_negative_failed_no_alert_20260114_142827_072.png
2026-01-14 14:28:28.389 INFO  listeners.Listener1 - onTestStart -> sendData
2026-01-14 14:28:28.389 INFO  listeners.Listener1 - Parameters for sendData: [29, 75, 120/, negative]
2026-01-14 14:28:28.397 INFO  tests.CalculatorFunctionalityTest - Executing data row: age='29', pulse='75', bp='120/', testType='negative'
2026-01-14 14:28:30.219 INFO  tests.CalculatorFunctionalityTest - Clicking Calculate
2026-01-14 14:28:30.745 INFO  tests.CalculatorFunctionalityTest - Alert detected after submit
2026-01-14 14:28:30.807 INFO  tests.CalculatorFunctionalityTest - Negative case: navigatedToResult=false
2026-01-14 14:28:30.816 INFO  listeners.Listener1 - onTestSuccess -> sendData
2026-01-14 14:28:30.818 INFO  listeners.Listener1 - Deleting pre-submit screenshot for passed test: C:\Users\2457157\IdeaProjects\HealthIndexCalculator\reports\screenshots\age_29__pulse_75__bp_120___type_negative_before_20260114_142830_205.png
2026-01-14 14:28:30.849 INFO  listeners.Listener1 - onTestStart -> sendData
2026-01-14 14:28:30.849 INFO  listeners.Listener1 - Parameters for sendData: [31, 68, /80, negative]
2026-01-14 14:28:30.851 INFO  tests.CalculatorFunctionalityTest - Executing data row: age='31', pulse='68', bp='/80', testType='negative'
2026-01-14 14:28:34.470 INFO  tests.CalculatorFunctionalityTest - Clicking Calculate
2026-01-14 14:28:35.177 INFO  tests.CalculatorFunctionalityTest - Alert detected after submit
2026-01-14 14:28:35.248 INFO  tests.CalculatorFunctionalityTest - Negative case: navigatedToResult=false
2026-01-14 14:28:35.250 INFO  listeners.Listener1 - onTestSuccess -> sendData
2026-01-14 14:28:35.250 INFO  listeners.Listener1 - Deleting pre-submit screenshot for passed test: C:\Users\2457157\IdeaProjects\HealthIndexCalculator\reports\screenshots\age_31__pulse_68__bp__80__type_negative_before_20260114_142834_456.png
2026-01-14 14:28:35.287 INFO  listeners.Listener1 - onTestStart -> sendData
2026-01-14 14:28:35.289 INFO  listeners.Listener1 - Parameters for sendData: [25, 72, 118/76, positive]
2026-01-14 14:28:35.298 INFO  tests.CalculatorFunctionalityTest - Executing data row: age='25', pulse='72', bp='118/76', testType='positive'
2026-01-14 14:28:37.665 INFO  tests.CalculatorFunctionalityTest - Clicking Calculate
2026-01-14 14:28:41.653 INFO  tests.CalculatorFunctionalityTest - No alert branch: navigatedToResult=true
2026-01-14 14:28:41.653 INFO  tests.CalculatorFunctionalityTest - Positive case passed: navigated; returning Home via logo text
2026-01-14 14:28:42.219 INFO  tests.CalculatorFunctionalityTest - Clicked 'VitalGuard' logo text to return Home
2026-01-14 14:28:42.219 INFO  listeners.Listener1 - onTestSuccess -> sendData
2026-01-14 14:28:42.219 INFO  listeners.Listener1 - Deleting pre-submit screenshot for passed test: C:\Users\2457157\IdeaProjects\HealthIndexCalculator\reports\screenshots\age_25__pulse_72__bp_118_76__type_positive_before_20260114_142837_650.png
2026-01-14 14:28:42.248 INFO  listeners.Listener1 - onTestStart -> sendData
2026-01-14 14:28:42.248 INFO  listeners.Listener1 - Parameters for sendData: [34, 64, 110/70, positive]
2026-01-14 14:28:42.250 INFO  tests.CalculatorFunctionalityTest - Executing data row: age='34', pulse='64', bp='110/70', testType='positive'
2026-01-14 14:28:44.801 INFO  tests.CalculatorFunctionalityTest - Clicking Calculate
2026-01-14 14:28:49.013 INFO  tests.CalculatorFunctionalityTest - No alert branch: navigatedToResult=true
2026-01-14 14:28:49.013 INFO  tests.CalculatorFunctionalityTest - Positive case passed: navigated; returning Home via logo text
2026-01-14 14:28:49.739 INFO  tests.CalculatorFunctionalityTest - Clicked 'VitalGuard' logo text to return Home
2026-01-14 14:28:49.742 INFO  listeners.Listener1 - onTestSuccess -> sendData
2026-01-14 14:28:49.742 INFO  listeners.Listener1 - Deleting pre-submit screenshot for passed test: C:\Users\2457157\IdeaProjects\HealthIndexCalculator\reports\screenshots\age_34__pulse_64__bp_110_70__type_positive_before_20260114_142844_788.png
2026-01-14 14:28:49.762 INFO  listeners.Listener1 - onTestStart -> sendData
2026-01-14 14:28:49.765 INFO  listeners.Listener1 - Parameters for sendData: [47, 82, 130/85, positive]
2026-01-14 14:28:49.765 INFO  tests.CalculatorFunctionalityTest - Executing data row: age='47', pulse='82', bp='130/85', testType='positive'
2026-01-14 14:28:52.134 INFO  tests.CalculatorFunctionalityTest - Clicking Calculate
2026-01-14 14:28:56.195 INFO  tests.CalculatorFunctionalityTest - No alert branch: navigatedToResult=true
2026-01-14 14:28:56.197 INFO  tests.CalculatorFunctionalityTest - Positive case passed: navigated; returning Home via logo text
2026-01-14 14:28:56.967 INFO  tests.CalculatorFunctionalityTest - Clicked 'VitalGuard' logo text to return Home
2026-01-14 14:28:56.969 INFO  listeners.Listener1 - onTestSuccess -> sendData
2026-01-14 14:28:56.969 INFO  listeners.Listener1 - Deleting pre-submit screenshot for passed test: C:\Users\2457157\IdeaProjects\HealthIndexCalculator\reports\screenshots\age_47__pulse_82__bp_130_85__type_positive_before_20260114_142852_101.png
2026-01-14 14:28:57.030 INFO  listeners.Listener1 - onTestStart -> sendData
2026-01-14 14:28:57.033 INFO  listeners.Listener1 - Parameters for sendData: [58, 96, 140/95, positive]
2026-01-14 14:28:57.035 INFO  tests.CalculatorFunctionalityTest - Executing data row: age='58', pulse='96', bp='140/95', testType='positive'
2026-01-14 14:29:00.030 INFO  tests.CalculatorFunctionalityTest - Clicking Calculate
2026-01-14 14:29:04.113 INFO  tests.CalculatorFunctionalityTest - No alert branch: navigatedToResult=true
2026-01-14 14:29:04.115 INFO  tests.CalculatorFunctionalityTest - Positive case passed: navigated; returning Home via logo text
2026-01-14 14:29:04.829 INFO  tests.CalculatorFunctionalityTest - Clicked 'VitalGuard' logo text to return Home
2026-01-14 14:29:04.831 INFO  listeners.Listener1 - onTestSuccess -> sendData
2026-01-14 14:29:04.831 INFO  listeners.Listener1 - Deleting pre-submit screenshot for passed test: C:\Users\2457157\IdeaProjects\HealthIndexCalculator\reports\screenshots\age_58__pulse_96__bp_140_95__type_positive_before_20260114_142900_016.png
2026-01-14 14:29:04.884 INFO  listeners.Listener1 - onTestStart -> sendData
2026-01-14 14:29:04.886 INFO  listeners.Listener1 - Parameters for sendData: [72, 60, 150/100, positive]
2026-01-14 14:29:04.888 INFO  tests.CalculatorFunctionalityTest - Executing data row: age='72', pulse='60', bp='150/100', testType='positive'
2026-01-14 14:29:07.432 INFO  tests.CalculatorFunctionalityTest - Clicking Calculate
2026-01-14 14:29:11.451 INFO  tests.CalculatorFunctionalityTest - No alert branch: navigatedToResult=true
2026-01-14 14:29:11.451 INFO  tests.CalculatorFunctionalityTest - Positive case passed: navigated; returning Home via logo text
2026-01-14 14:29:12.028 INFO  tests.CalculatorFunctionalityTest - Clicked 'VitalGuard' logo text to return Home
2026-01-14 14:29:12.030 INFO  listeners.Listener1 - onTestSuccess -> sendData
2026-01-14 14:29:12.032 INFO  listeners.Listener1 - Deleting pre-submit screenshot for passed test: C:\Users\2457157\IdeaProjects\HealthIndexCalculator\reports\screenshots\age_72__pulse_60__bp_150_100__type_positive_before_20260114_142907_419.png
2026-01-14 14:29:12.070 INFO  listeners.Listener1 - onTestStart -> sendData
2026-01-14 14:29:12.070 INFO  listeners.Listener1 - Parameters for sendData: [5, 100, 95/60, positive]
2026-01-14 14:29:12.070 INFO  tests.CalculatorFunctionalityTest - Executing data row: age='5', pulse='100', bp='95/60', testType='positive'
2026-01-14 14:29:14.518 INFO  tests.CalculatorFunctionalityTest - Clicking Calculate
2026-01-14 14:29:18.538 INFO  tests.CalculatorFunctionalityTest - No alert branch: navigatedToResult=true
2026-01-14 14:29:18.538 INFO  tests.CalculatorFunctionalityTest - Positive case passed: navigated; returning Home via logo text
2026-01-14 14:29:19.080 INFO  tests.CalculatorFunctionalityTest - Clicked 'VitalGuard' logo text to return Home
2026-01-14 14:29:19.081 INFO  listeners.Listener1 - onTestSuccess -> sendData
2026-01-14 14:29:19.081 INFO  listeners.Listener1 - Deleting pre-submit screenshot for passed test: C:\Users\2457157\IdeaProjects\HealthIndexCalculator\reports\screenshots\age_5__pulse_100__bp_95_60__type_positive_before_20260114_142914_496.png
2026-01-14 14:29:19.106 INFO  listeners.Listener1 - onTestStart -> sendData
2026-01-14 14:29:19.106 INFO  listeners.Listener1 - Parameters for sendData: [88, 58, 160/70, positive]
2026-01-14 14:29:19.113 INFO  tests.CalculatorFunctionalityTest - Executing data row: age='88', pulse='58', bp='160/70', testType='positive'
2026-01-14 14:29:21.482 INFO  tests.CalculatorFunctionalityTest - Clicking Calculate
2026-01-14 14:29:25.556 INFO  tests.CalculatorFunctionalityTest - No alert branch: navigatedToResult=true
2026-01-14 14:29:25.564 INFO  tests.CalculatorFunctionalityTest - Positive case passed: navigated; returning Home via logo text
2026-01-14 14:29:26.370 INFO  tests.CalculatorFunctionalityTest - Clicked 'VitalGuard' logo text to return Home
2026-01-14 14:29:26.372 INFO  listeners.Listener1 - onTestSuccess -> sendData
2026-01-14 14:29:26.372 INFO  listeners.Listener1 - Deleting pre-submit screenshot for passed test: C:\Users\2457157\IdeaProjects\HealthIndexCalculator\reports\screenshots\age_88__pulse_58__bp_160_70__type_positive_before_20260114_142921_468.png
2026-01-14 14:29:26.417 INFO  listeners.Listener1 - onTestStart -> sendData
2026-01-14 14:29:26.419 INFO  listeners.Listener1 - Parameters for sendData: [40, 40, 90/50, positive]
2026-01-14 14:29:26.421 INFO  tests.CalculatorFunctionalityTest - Executing data row: age='40', pulse='40', bp='90/50', testType='positive'
2026-01-14 14:29:29.149 INFO  tests.CalculatorFunctionalityTest - Clicking Calculate
2026-01-14 14:29:33.350 INFO  tests.CalculatorFunctionalityTest - No alert branch: navigatedToResult=true
2026-01-14 14:29:33.350 INFO  tests.CalculatorFunctionalityTest - Positive case passed: navigated; returning Home via logo text
2026-01-14 14:29:34.005 INFO  tests.CalculatorFunctionalityTest - Clicked 'VitalGuard' logo text to return Home
2026-01-14 14:29:34.009 INFO  listeners.Listener1 - onTestSuccess -> sendData
2026-01-14 14:29:34.009 INFO  listeners.Listener1 - Deleting pre-submit screenshot for passed test: C:\Users\2457157\IdeaProjects\HealthIndexCalculator\reports\screenshots\age_40__pulse_40__bp_90_50__type_positive_before_20260114_142929_135.png
2026-01-14 14:29:34.033 INFO  listeners.Listener1 - onTestStart -> sendData
2026-01-14 14:29:34.033 INFO  listeners.Listener1 - Parameters for sendData: [40, 140, 170/110, negative]
2026-01-14 14:29:34.035 INFO  tests.CalculatorFunctionalityTest - Executing data row: age='40', pulse='140', bp='170/110', testType='negative'
2026-01-14 14:29:36.469 INFO  tests.CalculatorFunctionalityTest - Clicking Calculate
2026-01-14 14:29:40.571 INFO  tests.CalculatorFunctionalityTest - No alert branch: navigatedToResult=true
2026-01-14 14:29:41.569 ERROR tests.CalculatorFunctionalityTest - Negative case failed: navigated without alert
2026-01-14 14:29:42.181 ERROR listeners.Listener1 - onTestFailure -> sendData
java.lang.AssertionError: The following asserts failed:
	NEGATIVE input incorrectly navigated to Result page without showing any alert.
	at org.testng.asserts.SoftAssert.assertAll(SoftAssert.java:46)
	at org.testng.asserts.SoftAssert.assertAll(SoftAssert.java:30)
	at tests.CalculatorFunctionalityTest.sendData(CalculatorFunctionalityTest.java:200)
	at java.base/jdk.internal.reflect.DirectMethodHandleAccessor.invoke(DirectMethodHandleAccessor.java:103)
	at java.base/java.lang.reflect.Method.invoke(Method.java:580)
	at org.testng.internal.invokers.MethodInvocationHelper.invokeMethod(MethodInvocationHelper.java:141)
	at org.testng.internal.invokers.TestInvoker.invokeMethod(TestInvoker.java:687)
	at org.testng.internal.invokers.TestInvoker.invokeTestMethod(TestInvoker.java:230)
	at org.testng.internal.invokers.MethodRunner.runInSequence(MethodRunner.java:63)
	at org.testng.internal.invokers.TestInvoker$MethodInvocationAgent.invoke(TestInvoker.java:995)
	at org.testng.internal.invokers.TestInvoker.invokeTestMethods(TestInvoker.java:203)
	at org.testng.internal.invokers.TestMethodWorker.invokeTestMethods(TestMethodWorker.java:154)
	at org.testng.internal.invokers.TestMethodWorker.run(TestMethodWorker.java:134)
	at java.base/java.util.ArrayList.forEach(ArrayList.java:1596)
	at org.testng.TestRunner.privateRun(TestRunner.java:741)
	at org.testng.TestRunner.run(TestRunner.java:616)
	at org.testng.SuiteRunner.runTest(SuiteRunner.java:421)
	at org.testng.SuiteRunner$SuiteWorker.run(SuiteRunner.java:463)
	at org.testng.internal.thread.ThreadUtil.lambda$execute$0(ThreadUtil.java:64)
	at java.base/java.util.concurrent.FutureTask.run$$$capture(FutureTask.java:317)
	at java.base/java.util.concurrent.FutureTask.run(FutureTask.java)
	at java.base/java.util.concurrent.ThreadPoolExecutor.runWorker(ThreadPoolExecutor.java:1144)
	at java.base/java.util.concurrent.ThreadPoolExecutor$Worker.run(ThreadPoolExecutor.java:642)
	at java.base/java.lang.Thread.run(Thread.java:1583)
2026-01-14 14:29:42.183 INFO  listeners.Listener1 - Attaching pre-submit screenshot: C:\Users\2457157\IdeaProjects\HealthIndexCalculator\reports\screenshots\age_40__pulse_140__bp_170_110__type_negative_before_20260114_142936_452.png
2026-01-14 14:29:42.185 INFO  listeners.Listener1 - Attaching failure screenshot: C:\Users\2457157\IdeaProjects\HealthIndexCalculator\reports\screenshots\age_40__pulse_140__bp_170_110__type_negative_failed_no_alert_20260114_142940_576.png
2026-01-14 14:29:50.906 INFO  tests.CalculatorFunctionalityTest - Tearing down webdriver
2026-01-14 14:29:50.908 INFO  tests.CalculatorFunctionalityTest - WebDriver quit successfully
2026-01-14 14:29:50.916 INFO  listeners.Listener1 - onTestStart -> isResultDisplayed
2026-01-14 14:29:50.918 INFO  tests.ResultsPageUiTest - === Starting 'isResultDisplayed' test ===
2026-01-14 14:29:51.083 INFO  tests.ResultsPageUiTest - Result displayed? true
2026-01-14 14:29:51.085 INFO  tests.ResultsPageUiTest - PASS: Result is displayed
2026-01-14 14:29:51.085 INFO  tests.ResultsPageUiTest - === Completed 'isResultDisplayed' test ===
2026-01-14 14:29:51.085 INFO  listeners.Listener1 - onTestSuccess -> isResultDisplayed
2026-01-14 14:29:51.103 INFO  listeners.Listener1 - onTestStart -> gotoTeamDetails
2026-01-14 14:29:51.105 INFO  tests.HomePageValidationTest - Navigating to Team Details from Home page
2026-01-14 14:29:51.638 INFO  tests.HomePageValidationTest - URL after goToTeamDetails(): https://hackvyatharth.github.io/Vitalguard_Team_Vanguardians/#foot
2026-01-14 14:29:51.638 INFO  tests.HomePageValidationTest - PASS: 'gotoTeamDetails' assertion passed
2026-01-14 14:29:51.640 INFO  listeners.Listener1 - onTestSuccess -> gotoTeamDetails
2026-01-14 14:29:51.647 INFO  tests.HomePageValidationTest - Tearing down webdriver
2026-01-14 14:29:59.900 INFO  tests.HomePageValidationTest - WebDriver quit successfully
2026-01-14 14:29:59.909 INFO  listeners.Listener1 - onTestStart -> gotoTeamDetails
2026-01-14 14:29:59.911 INFO  t.BloodPressurePageValidationTest - Navigating to Team Details via BloodPressurePage.goToTeamDetails()...
2026-01-14 14:30:00.431 INFO  t.BloodPressurePageValidationTest - URL after goToTeamDetails(): https://hackvyatharth.github.io/Vitalguard_Team_Vanguardians/#foot
2026-01-14 14:30:00.433 INFO  t.BloodPressurePageValidationTest - PASS: Team Details navigation assertion passed.
2026-01-14 14:30:00.433 INFO  listeners.Listener1 - onTestSuccess -> gotoTeamDetails
2026-01-14 14:30:00.442 INFO  t.BloodPressurePageValidationTest - Tearing down webdriver
2026-01-14 14:30:08.448 INFO  t.BloodPressurePageValidationTest - WebDriver quit successfully
2026-01-14 14:30:08.451 INFO  tests.AgeFactorPageValidationTest - Initializing AgeFactorPage and TopNavigation for driver: ChromeDriver: chrome on windows (146aea84936005e0c5ec631f2f0147d2)
2026-01-14 14:30:08.451 INFO  tests.AgeFactorPageValidationTest - Navigating to 'Age Factor' via top navigation
2026-01-14 14:30:08.837 INFO  tests.AgeFactorPageValidationTest - Arrived at Age factor page
2026-01-14 14:30:08.893 INFO  listeners.Listener1 - onTestStart -> gotoTeamDetails
2026-01-14 14:30:08.895 INFO  tests.AgeFactorPageValidationTest - Navigating to Team Details via AgeFactorPage.goToTeamDetails()
2026-01-14 14:30:09.285 INFO  tests.AgeFactorPageValidationTest - PASS: Team Details navigation assertion passed
2026-01-14 14:30:09.285 INFO  listeners.Listener1 - onTestSuccess -> gotoTeamDetails
2026-01-14 14:30:09.297 INFO  tests.AgeFactorPageValidationTest - Tearing down webdriver
2026-01-14 14:30:15.176 INFO  tests.AgeFactorPageValidationTest - WebDriver quit successfully
2026-01-14 14:30:15.176 INFO  listeners.Listener1 - onTestStart -> gotoAgeFactor
2026-01-14 14:30:15.176 INFO  tests.TeamDetailsPageValidationTest - === Starting 'gotoAgeFactor' test ===
2026-01-14 14:30:15.617 INFO  tests.TeamDetailsPageValidationTest - Current URL after gotoAgeFactor(): https://hackvyatharth.github.io/Vitalguard_Team_Vanguardians/#ageFactor
2026-01-14 14:30:15.622 INFO  tests.TeamDetailsPageValidationTest - PASS: 'gotoAgeFactor' assertion passed (URL contains '#ageFactor')
2026-01-14 14:30:15.622 INFO  tests.TeamDetailsPageValidationTest - === Completed 'gotoAgeFactor' test ===
2026-01-14 14:30:15.622 INFO  listeners.Listener1 - onTestSuccess -> gotoAgeFactor
2026-01-14 14:30:15.629 INFO  tests.TeamDetailsPageValidationTest - Tearing down webdriver
2026-01-14 14:30:21.422 INFO  tests.TeamDetailsPageValidationTest - WebDriver quit successfully
2026-01-14 14:30:21.432 INFO  listeners.Listener1 - onTestStart -> isFeedbackBoxdisplayed
2026-01-14 14:30:21.434 INFO  tests.ResultsPageUiTest - === Starting 'isFeedbackBoxdisplayed' test ===
2026-01-14 14:30:21.520 INFO  tests.ResultsPageUiTest - Feedback box present? true
2026-01-14 14:30:21.522 INFO  tests.ResultsPageUiTest - PASS: Feedback box is present
2026-01-14 14:30:21.522 INFO  tests.ResultsPageUiTest - === Completed 'isFeedbackBoxdisplayed' test ===
2026-01-14 14:30:21.522 INFO  listeners.Listener1 - onTestSuccess -> isFeedbackBoxdisplayed
2026-01-14 14:30:21.528 INFO  tests.ResultsPageUiTest - Tearing down webdriver
2026-01-14 14:30:27.026 INFO  tests.ResultsPageUiTest - WebDriver quit successfully
2026-01-14 14:30:27.026 INFO  listeners.Listener1 - Flushing ExtentReports...
2026-01-14 14:30:27.745 INFO  listeners.Listener1 - ExtentReports flushed successfully
2026-01-14 14:30:27.745 INFO  listeners.Listener1 - Cleared testMap. Listener finished.
2026-01-14 16:50:22.630 INFO  org.testng.internal.Utils - [TestNG] Running:
  C:\Users\2457157\IdeaProjects\HealthIndexCalculator\project.xml

2026-01-14 16:50:22.709 INFO  listeners.Listener1 - Initializing ExtentReports. Report path: C:\Users\2457157\IdeaProjects\HealthIndexCalculator/reports/report5.html
2026-01-14 16:50:23.223 INFO  listeners.Listener1 - System info set: Browser=chrome
2026-01-14 16:50:23.223 INFO  listeners.Listener1 - ExtentReports initialization complete
2026-01-14 16:50:23.342 INFO  tests.UrlValidationTest - Starting WebDriver and navigating to Home: https://hackvyatharth.github.io/Vitalguard_Team_Vanguardians/
2026-01-14 16:50:31.985 INFO  tests.UrlValidationTest - chrome Browser started
2026-01-14 16:50:34.293 INFO  tests.UrlValidationTest - Initializing page objects: TopNavigation, HomePage
2026-01-14 16:50:34.507 INFO  tests.UrlValidationTest - Setup completed for UrlValidationTest
2026-01-14 16:50:34.701 INFO  listeners.Listener1 - onTestStart -> isURLWorking
2026-01-14 16:50:34.749 INFO  tests.UrlValidationTest - === Starting 'isURLWorking' test ===
2026-01-14 16:50:35.892 INFO  tests.UrlValidationTest - NavBar present? true
2026-01-14 16:50:35.892 INFO  tests.UrlValidationTest - Left image present? true
2026-01-14 16:50:35.892 INFO  tests.UrlValidationTest - Calculator present? true
2026-01-14 16:50:35.908 INFO  tests.UrlValidationTest - PASS: Home page loaded successfully with all required elements
2026-01-14 16:50:35.908 INFO  tests.UrlValidationTest - === Completed 'isURLWorking' test ===
2026-01-14 16:50:35.908 INFO  listeners.Listener1 - onTestSuccess -> isURLWorking
2026-01-14 16:50:36.871 INFO  tests.UrlValidationTest - Tearing down webdriver
2026-01-14 16:50:40.247 INFO  tests.UrlValidationTest - WebDriver quit successfully
2026-01-14 16:50:40.258 INFO  tests.HeartPulsePageValidationTest - Starting WebDriver and navigating to Home: https://hackvyatharth.github.io/Vitalguard_Team_Vanguardians/
2026-01-14 16:50:43.565 INFO  tests.HeartPulsePageValidationTest - chrome Browser started
2026-01-14 16:50:44.243 INFO  tests.HeartPulsePageValidationTest - Initializing HeartPulsePage and TopNavigation with driver ChromeDriver: chrome on windows (c4c5b8be81cf3fd5437140de59612f71)
2026-01-14 16:50:44.268 INFO  tests.HeartPulsePageValidationTest - Navigating to 'Heart Pulse' via top navigation
2026-01-14 16:50:44.637 INFO  tests.HeartPulsePageValidationTest - Arrived at Heart Pulse page. Current URL: https://hackvyatharth.github.io/Vitalguard_Team_Vanguardians/#pulseRate
2026-01-14 16:50:44.671 INFO  listeners.Listener1 - onTestStart -> isHeadingPresent
2026-01-14 16:50:44.674 INFO  tests.HeartPulsePageValidationTest - Checking Heart Pulse page heading presence
2026-01-14 16:50:44.838 INFO  tests.HeartPulsePageValidationTest - 'isHeadingPresent' assertion passed
2026-01-14 16:50:44.838 INFO  listeners.Listener1 - onTestSuccess -> isHeadingPresent
2026-01-14 16:50:44.868 INFO  listeners.Listener1 - onTestStart -> isTopNavPresent
2026-01-14 16:50:44.872 INFO  tests.HeartPulsePageValidationTest - Verifying top navigation presence on Heart Pulse page
2026-01-14 16:50:45.460 INFO  tests.HeartPulsePageValidationTest - 'isTopNavPresent' assertion passed
2026-01-14 16:50:45.473 INFO  listeners.Listener1 - onTestSuccess -> isTopNavPresent
2026-01-14 16:50:45.476 INFO  tests.HomePageValidationTest - Starting WebDriver and navigating to Home: https://hackvyatharth.github.io/Vitalguard_Team_Vanguardians/
2026-01-14 16:50:50.407 INFO  tests.HomePageValidationTest - chrome Browser started
2026-01-14 16:50:51.011 INFO  tests.HomePageValidationTest - Initializing HomePage and TopNavigation with driver
2026-01-14 16:50:51.021 INFO  tests.HomePageValidationTest - Navigating to Home page via TopNavigation.goToHome()
2026-01-14 16:50:51.366 INFO  tests.HomePageValidationTest - Arrived at Home page. Current URL: https://hackvyatharth.github.io/Vitalguard_Team_Vanguardians/#container
2026-01-14 16:50:51.404 INFO  listeners.Listener1 - onTestStart -> isTopNavPresent
2026-01-14 16:50:51.404 INFO  tests.HomePageValidationTest - === Starting 'isTopNavPresent' test ===
2026-01-14 16:50:52.036 INFO  tests.HomePageValidationTest - PASS: Top navigation is present
2026-01-14 16:50:52.036 INFO  tests.HomePageValidationTest - === Completed 'isTopNavPresent' test ===
2026-01-14 16:50:52.036 INFO  listeners.Listener1 - onTestSuccess -> isTopNavPresent
2026-01-14 16:50:52.060 INFO  listeners.Listener1 - onTestStart -> gotoHome
2026-01-14 16:50:52.060 INFO  tests.HeartPulsePageValidationTest - Navigating to Home from Heart Pulse page
2026-01-14 16:50:52.458 INFO  tests.HeartPulsePageValidationTest - URL after goToHome(): https://hackvyatharth.github.io/Vitalguard_Team_Vanguardians/#container
2026-01-14 16:50:52.460 INFO  tests.HeartPulsePageValidationTest - 'gotoHome' assertion passed
2026-01-14 16:50:52.462 INFO  listeners.Listener1 - onTestSuccess -> gotoHome
2026-01-14 16:50:52.471 INFO  t.BloodPressurePageValidationTest - Starting WebDriver and navigating to Home: https://hackvyatharth.github.io/Vitalguard_Team_Vanguardians/
2026-01-14 16:50:57.655 INFO  t.BloodPressurePageValidationTest - chrome Browser started
2026-01-14 16:50:58.394 INFO  t.BloodPressurePageValidationTest - Initializing BloodPressurePage and TopNavigation...
2026-01-14 16:50:58.442 INFO  t.BloodPressurePageValidationTest - Navigating to 'Blood Pressure' via top navigation...
2026-01-14 16:50:58.917 INFO  t.BloodPressurePageValidationTest - Arrived at Blood Pressure page. Current URL: https://hackvyatharth.github.io/Vitalguard_Team_Vanguardians/#bloodPressure
2026-01-14 16:50:59.080 INFO  listeners.Listener1 - onTestStart -> isTopNavPresent
2026-01-14 16:50:59.097 INFO  t.BloodPressurePageValidationTest - === Starting 'isTopNavPresent' test ===
2026-01-14 16:51:00.309 INFO  t.BloodPressurePageValidationTest - PASS: Top navigation presence assertion passed.
2026-01-14 16:51:00.309 INFO  t.BloodPressurePageValidationTest - === Completed 'isTopNavPresent' test ===
2026-01-14 16:51:00.309 INFO  listeners.Listener1 - onTestSuccess -> isTopNavPresent
2026-01-14 16:51:00.335 INFO  tests.AgeFactorPageValidationTest - Starting WebDriver and navigating to Home: https://hackvyatharth.github.io/Vitalguard_Team_Vanguardians/
2026-01-14 16:51:13.976 INFO  tests.AgeFactorPageValidationTest - chrome Browser started
2026-01-14 16:51:25.367 INFO  tests.AgeFactorPageValidationTest - Initializing AgeFactorPage and TopNavigation for driver: ChromeDriver: chrome on windows (d4b07267aceac02fc9a240229503fc94)
2026-01-14 16:51:25.408 INFO  tests.AgeFactorPageValidationTest - Navigating to 'Age Factor' via top navigation
2026-01-14 16:51:25.930 INFO  tests.AgeFactorPageValidationTest - Arrived at Age factor page
2026-01-14 16:51:26.051 INFO  listeners.Listener1 - onTestStart -> isTopNavPresent
2026-01-14 16:51:26.059 INFO  tests.AgeFactorPageValidationTest - Verifying top navigation presence on Age Factor page
2026-01-14 16:51:27.147 INFO  tests.AgeFactorPageValidationTest - PASS: Top navigation presence assertion passed
2026-01-14 16:51:27.147 INFO  listeners.Listener1 - onTestSuccess -> isTopNavPresent
2026-01-14 16:51:27.167 INFO  tests.TeamDetailsPageValidationTest - Starting WebDriver and navigating to Home: https://hackvyatharth.github.io/Vitalguard_Team_Vanguardians/
2026-01-14 16:51:34.138 INFO  tests.TeamDetailsPageValidationTest - chrome Browser started
2026-01-14 16:51:34.997 INFO  tests.TeamDetailsPageValidationTest - Initializing page objects: TeamDetails, TopNavigation
2026-01-14 16:51:35.009 INFO  tests.TeamDetailsPageValidationTest - Navigating to Team Details page via TopNavigation
2026-01-14 16:51:35.376 INFO  tests.TeamDetailsPageValidationTest - Setup completed for TeamDetailsPageValidationTest
2026-01-14 16:51:35.401 INFO  listeners.Listener1 - onTestStart -> isTopNavPresent
2026-01-14 16:51:35.401 INFO  tests.TeamDetailsPageValidationTest - === Starting 'isTopNavPresent' test ===
2026-01-14 16:51:36.086 INFO  tests.TeamDetailsPageValidationTest - Top navigation present? true
2026-01-14 16:51:36.093 INFO  tests.TeamDetailsPageValidationTest - PASS: Top navigation is present
2026-01-14 16:51:36.093 INFO  tests.TeamDetailsPageValidationTest - === Completed 'isTopNavPresent' test ===
2026-01-14 16:51:36.093 INFO  listeners.Listener1 - onTestSuccess -> isTopNavPresent
2026-01-14 16:51:36.109 INFO  tests.CalculatorFunctionalityTest - Starting WebDriver and navigating to Home: https://hackvyatharth.github.io/Vitalguard_Team_Vanguardians/
2026-01-14 16:51:43.941 INFO  tests.CalculatorFunctionalityTest - chrome Browser started
2026-01-14 16:51:44.543 INFO  tests.CalculatorFunctionalityTest - Initializing CalculatorForm, ExcelDataManager, TopNavigation
2026-01-14 16:51:45.826 INFO  tests.CalculatorFunctionalityTest - Setup complete for CalculatorFunctionalityTest
2026-01-14 16:51:45.869 INFO  listeners.Listener1 - onTestStart -> isFormHeadingPresent
2026-01-14 16:51:45.883 INFO  tests.CalculatorFunctionalityTest - Verifying form heading presence
2026-01-14 16:51:46.262 INFO  tests.CalculatorFunctionalityTest - Form Heading assertion passed
2026-01-14 16:51:46.262 INFO  listeners.Listener1 - onTestSuccess -> isFormHeadingPresent
2026-01-14 16:51:46.313 INFO  tests.ResultsPageUiTest - Starting WebDriver and navigating to Home: https://hackvyatharth.github.io/Vitalguard_Team_Vanguardians/
2026-01-14 16:51:56.244 INFO  tests.ResultsPageUiTest - chrome Browser started
2026-01-14 16:51:57.218 INFO  tests.ResultsPageUiTest - Initializing page objects: TopNavigation, CalculatorForm, ResultPage
2026-01-14 16:51:57.304 INFO  tests.ResultsPageUiTest - Page objects initialized successfully
2026-01-14 16:51:57.326 INFO  tests.ResultsPageUiTest - Providing data for 'resultPageCheck'
2026-01-14 16:51:57.326 INFO  tests.ResultsPageUiTest - Data provided: 1 row(s)
2026-01-14 16:51:57.357 INFO  listeners.Listener1 - onTestStart -> resultPageCheck
2026-01-14 16:51:57.357 INFO  listeners.Listener1 - Parameters for resultPageCheck: [20, 67, 120/80]
2026-01-14 16:51:57.389 INFO  tests.ResultsPageUiTest - === Starting 'resultPageCheck' test ===
2026-01-14 16:51:57.389 INFO  tests.ResultsPageUiTest - Input data -> Age: 20, Pulse: 67, BP: 120/80
2026-01-14 16:51:57.436 INFO  tests.ResultsPageUiTest - Entering age
2026-01-14 16:51:58.419 INFO  tests.ResultsPageUiTest - Entering pulse
2026-01-14 16:52:00.246 INFO  tests.ResultsPageUiTest - Entering blood pressure
2026-01-14 16:52:01.529 INFO  tests.ResultsPageUiTest - Clicking Calculate
2026-01-14 16:52:03.416 INFO  tests.ResultsPageUiTest - Locating feedback text area
2026-01-14 16:52:03.528 INFO  tests.ResultsPageUiTest - Computing scroll metrics: scrollHeight vs clientHeight
2026-01-14 16:52:03.819 INFO  tests.ResultsPageUiTest - scrollHeight: 120
2026-01-14 16:52:03.821 INFO  tests.ResultsPageUiTest - clientHeight: 76
2026-01-14 16:52:03.828 INFO  tests.ResultsPageUiTest - Is feedback textarea scrollable? true
2026-01-14 16:52:03.862 INFO  tests.ResultsPageUiTest - PASS: The result text box is scrollable
2026-01-14 16:52:03.874 INFO  tests.ResultsPageUiTest - Checking CSS 'resize' property
2026-01-14 16:52:04.104 INFO  tests.ResultsPageUiTest - resize CSS value: vertical
2026-01-14 16:52:04.104 INFO  tests.ResultsPageUiTest - Is feedback textarea resizable? true
2026-01-14 16:52:04.104 INFO  tests.ResultsPageUiTest - PASS: The result textbox is resizable
2026-01-14 16:52:04.104 INFO  tests.ResultsPageUiTest - Asserting all soft assertions
2026-01-14 16:52:04.104 INFO  tests.ResultsPageUiTest - === Completed 'resultPageCheck' test ===
2026-01-14 16:52:04.104 INFO  listeners.Listener1 - onTestSuccess -> resultPageCheck
2026-01-14 16:52:04.113 INFO  listeners.Listener1 - onTestStart -> isLeftImagePresent
2026-01-14 16:52:04.113 INFO  tests.HomePageValidationTest - === Starting 'isLeftImagePresent' test ===
2026-01-14 16:52:04.607 INFO  tests.HomePageValidationTest - PASS: Left image is present
2026-01-14 16:52:04.607 INFO  tests.HomePageValidationTest - === Completed 'isLeftImagePresent' test ===
2026-01-14 16:52:04.609 INFO  listeners.Listener1 - onTestSuccess -> isLeftImagePresent
2026-01-14 16:52:04.619 INFO  listeners.Listener1 - onTestStart -> gotoBloodPressure
2026-01-14 16:52:04.620 INFO  tests.HeartPulsePageValidationTest - Navigating to Blood Pressure from Heart Pulse page
2026-01-14 16:52:05.723 INFO  tests.HeartPulsePageValidationTest - URL after goToBloodPressure(): https://hackvyatharth.github.io/Vitalguard_Team_Vanguardians/#bloodPressure
2026-01-14 16:52:05.723 INFO  tests.HeartPulsePageValidationTest - 'gotoBloodPressure' assertion passed
2026-01-14 16:52:05.723 INFO  listeners.Listener1 - onTestSuccess -> gotoBloodPressure
2026-01-14 16:52:05.736 INFO  listeners.Listener1 - onTestStart -> isHeadingPresent
2026-01-14 16:52:05.736 INFO  t.BloodPressurePageValidationTest - === Starting 'isHeadingPresent' test ===
2026-01-14 16:52:06.188 INFO  t.BloodPressurePageValidationTest - PASS: Heading presence assertion passed.
2026-01-14 16:52:06.190 INFO  t.BloodPressurePageValidationTest - === Completed 'isHeadingPresent' test ===
2026-01-14 16:52:06.191 INFO  listeners.Listener1 - onTestSuccess -> isHeadingPresent
2026-01-14 16:52:06.199 INFO  tests.AgeFactorPageValidationTest - Initializing AgeFactorPage and TopNavigation for driver: ChromeDriver: chrome on windows (d4b07267aceac02fc9a240229503fc94)
2026-01-14 16:52:06.201 INFO  tests.AgeFactorPageValidationTest - Navigating to 'Age Factor' via top navigation
2026-01-14 16:52:07.051 INFO  tests.AgeFactorPageValidationTest - Arrived at Age factor page
2026-01-14 16:52:07.095 INFO  listeners.Listener1 - onTestStart -> isHeadingPresent
2026-01-14 16:52:07.095 INFO  tests.AgeFactorPageValidationTest - Checking Age Factor page heading presence (and style if applicable)
2026-01-14 16:52:07.389 INFO  tests.AgeFactorPageValidationTest - PASS: Heading presence assertion passed
2026-01-14 16:52:07.390 INFO  listeners.Listener1 - onTestSuccess -> isHeadingPresent
2026-01-14 16:52:07.396 INFO  listeners.Listener1 - onTestStart -> isHeadingPresent
2026-01-14 16:52:07.396 INFO  tests.TeamDetailsPageValidationTest - === Starting 'isHeadingPresent' test ===
2026-01-14 16:52:07.638 INFO  tests.TeamDetailsPageValidationTest - Heading present? true
2026-01-14 16:52:07.638 INFO  tests.TeamDetailsPageValidationTest - PASS: Heading is present
2026-01-14 16:52:07.638 INFO  tests.TeamDetailsPageValidationTest - === Completed 'isHeadingPresent' test ===
2026-01-14 16:52:07.640 INFO  listeners.Listener1 - onTestSuccess -> isHeadingPresent
2026-01-14 16:52:07.649 INFO  listeners.Listener1 - onTestStart -> isAgeFieldPresent
2026-01-14 16:52:07.651 INFO  tests.CalculatorFunctionalityTest - Verifying age field presence
2026-01-14 16:52:07.840 INFO  tests.CalculatorFunctionalityTest - Age field presence assertion passed
2026-01-14 16:52:07.840 INFO  listeners.Listener1 - onTestSuccess -> isAgeFieldPresent
2026-01-14 16:52:07.846 INFO  listeners.Listener1 - onTestStart -> isLogoPresent
2026-01-14 16:52:07.846 INFO  tests.ResultsPageUiTest - === Starting 'isLogoPresent' test ===
2026-01-14 16:52:08.045 INFO  tests.ResultsPageUiTest - Logo present? true
2026-01-14 16:52:08.045 INFO  tests.ResultsPageUiTest - PASS: Logo is visible
2026-01-14 16:52:08.045 INFO  tests.ResultsPageUiTest - === Completed 'isLogoPresent' test ===
2026-01-14 16:52:08.045 INFO  listeners.Listener1 - onTestSuccess -> isLogoPresent
2026-01-14 16:52:08.054 INFO  listeners.Listener1 - onTestStart -> isCalculatorPresent
2026-01-14 16:52:08.054 INFO  tests.HomePageValidationTest - === Starting 'isCalculatorPresent' test ===
2026-01-14 16:52:08.320 INFO  tests.HomePageValidationTest - PASS: Calculator is present
2026-01-14 16:52:08.320 INFO  tests.HomePageValidationTest - === Completed 'isCalculatorPresent' test ===
2026-01-14 16:52:08.320 INFO  listeners.Listener1 - onTestSuccess -> isCalculatorPresent
2026-01-14 16:52:08.329 INFO  listeners.Listener1 - onTestStart -> gotoAgeFactor
2026-01-14 16:52:08.329 INFO  tests.HeartPulsePageValidationTest - Navigating to Age Factor from Heart Pulse page
2026-01-14 16:52:08.790 INFO  tests.HeartPulsePageValidationTest - URL after goToAgeFactor(): https://hackvyatharth.github.io/Vitalguard_Team_Vanguardians/#ageFactor
2026-01-14 16:52:08.790 INFO  tests.HeartPulsePageValidationTest - 'gotoAgeFactor' assertion passed
2026-01-14 16:52:08.792 INFO  listeners.Listener1 - onTestSuccess -> gotoAgeFactor
2026-01-14 16:52:08.797 INFO  listeners.Listener1 - onTestStart -> isInfoPresent
2026-01-14 16:52:08.799 INFO  t.BloodPressurePageValidationTest - === Starting 'isInfoPresent' test ===
2026-01-14 16:52:09.001 INFO  t.BloodPressurePageValidationTest - PASS: Information block presence assertion passed.
2026-01-14 16:52:09.001 INFO  t.BloodPressurePageValidationTest - === Completed 'isInfoPresent' test ===
2026-01-14 16:52:09.001 INFO  listeners.Listener1 - onTestSuccess -> isInfoPresent
2026-01-14 16:52:09.005 INFO  tests.AgeFactorPageValidationTest - Initializing AgeFactorPage and TopNavigation for driver: ChromeDriver: chrome on windows (d4b07267aceac02fc9a240229503fc94)
2026-01-14 16:52:09.007 INFO  tests.AgeFactorPageValidationTest - Navigating to 'Age Factor' via top navigation
2026-01-14 16:52:09.387 INFO  tests.AgeFactorPageValidationTest - Arrived at Age factor page
2026-01-14 16:52:09.430 INFO  listeners.Listener1 - onTestStart -> isInfoPresent
2026-01-14 16:52:09.430 INFO  tests.AgeFactorPageValidationTest - Validating informational block (white text per spec) on Age Factor page
2026-01-14 16:52:09.605 INFO  tests.AgeFactorPageValidationTest - PASS: Info block presence assertion passed
2026-01-14 16:52:09.607 INFO  listeners.Listener1 - onTestSuccess -> isInfoPresent
2026-01-14 16:52:09.615 INFO  listeners.Listener1 - onTestStart -> isTeamDetailsPresent
2026-01-14 16:52:09.616 INFO  tests.TeamDetailsPageValidationTest - === Starting 'isTeamDetailsPresent' test ===
2026-01-14 16:52:09.780 INFO  tests.TeamDetailsPageValidationTest - Team details present? true
2026-01-14 16:52:09.780 INFO  tests.TeamDetailsPageValidationTest - PASS: Team details are displayed
2026-01-14 16:52:09.780 INFO  tests.TeamDetailsPageValidationTest - === Completed 'isTeamDetailsPresent' test ===
2026-01-14 16:52:09.780 INFO  listeners.Listener1 - onTestSuccess -> isTeamDetailsPresent
2026-01-14 16:52:09.795 INFO  listeners.Listener1 - onTestStart -> isPulseRateFieldPresent
2026-01-14 16:52:09.799 INFO  tests.CalculatorFunctionalityTest - Verifying pulse field presence
2026-01-14 16:52:09.968 INFO  tests.CalculatorFunctionalityTest - Pulse field presence assertion passed
2026-01-14 16:52:09.968 INFO  listeners.Listener1 - onTestSuccess -> isPulseRateFieldPresent
2026-01-14 16:52:09.973 INFO  listeners.Listener1 - onTestStart -> isLogoTextPresent
2026-01-14 16:52:09.976 INFO  tests.ResultsPageUiTest - === Starting 'isLogoTextPresent' test ===
2026-01-14 16:52:10.068 INFO  tests.ResultsPageUiTest - Logo text present? true
2026-01-14 16:52:10.068 INFO  tests.ResultsPageUiTest - PASS: Logo text is visible
2026-01-14 16:52:10.068 INFO  tests.ResultsPageUiTest - === Completed 'isLogoTextPresent' test ===
2026-01-14 16:52:10.068 INFO  listeners.Listener1 - onTestSuccess -> isLogoTextPresent
2026-01-14 16:52:10.072 INFO  listeners.Listener1 - onTestStart -> gotoHeartPulse
2026-01-14 16:52:10.073 INFO  tests.HomePageValidationTest - Navigating to HeartPulse from Home page
2026-01-14 16:52:10.548 INFO  tests.HomePageValidationTest - URL after goToHeartPulse(): https://hackvyatharth.github.io/Vitalguard_Team_Vanguardians/#pulseRate
2026-01-14 16:52:10.548 INFO  tests.HomePageValidationTest - PASS: 'gotoHeartPulse' assertion passed
2026-01-14 16:52:10.550 INFO  listeners.Listener1 - onTestSuccess -> gotoHeartPulse
2026-01-14 16:52:10.556 INFO  listeners.Listener1 - onTestStart -> gotoTeamDetails
2026-01-14 16:52:10.557 INFO  tests.HeartPulsePageValidationTest - Navigating to Team Details from Heart Pulse page
2026-01-14 16:52:11.447 INFO  tests.HeartPulsePageValidationTest - URL after goToTeamDetails(): https://hackvyatharth.github.io/Vitalguard_Team_Vanguardians/#foot
2026-01-14 16:52:11.447 INFO  tests.HeartPulsePageValidationTest - 'gotoTeamDetails' assertion passed
2026-01-14 16:52:11.450 INFO  listeners.Listener1 - onTestSuccess -> gotoTeamDetails
2026-01-14 16:52:11.454 INFO  tests.HeartPulsePageValidationTest - Tearing down webdriver
2026-01-14 16:52:42.492 INFO  tests.HeartPulsePageValidationTest - WebDriver quit successfully
2026-01-14 16:52:42.496 INFO  listeners.Listener1 - onTestStart -> gotoHome
2026-01-14 16:52:42.496 INFO  t.BloodPressurePageValidationTest - Navigating to Home via BloodPressurePage.goToHome()...
2026-01-14 16:52:43.837 INFO  t.BloodPressurePageValidationTest - URL after goToHome(): https://hackvyatharth.github.io/Vitalguard_Team_Vanguardians/#container
2026-01-14 16:52:43.837 INFO  t.BloodPressurePageValidationTest - PASS: Home navigation assertion passed.
2026-01-14 16:52:43.837 INFO  listeners.Listener1 - onTestSuccess -> gotoHome
2026-01-14 16:52:43.845 INFO  tests.AgeFactorPageValidationTest - Initializing AgeFactorPage and TopNavigation for driver: ChromeDriver: chrome on windows (d4b07267aceac02fc9a240229503fc94)
2026-01-14 16:52:43.848 INFO  tests.AgeFactorPageValidationTest - Navigating to 'Age Factor' via top navigation
2026-01-14 16:52:44.368 INFO  tests.AgeFactorPageValidationTest - Arrived at Age factor page
2026-01-14 16:52:44.410 INFO  listeners.Listener1 - onTestStart -> gotoHome
2026-01-14 16:52:44.410 INFO  tests.AgeFactorPageValidationTest - Navigating to Home via AgeFactorPage.goToHome()
2026-01-14 16:52:45.086 INFO  tests.AgeFactorPageValidationTest - PASS: Home navigation assertion passed
2026-01-14 16:52:45.089 INFO  listeners.Listener1 - onTestSuccess -> gotoHome
2026-01-14 16:52:45.099 INFO  listeners.Listener1 - onTestStart -> gotoHome
2026-01-14 16:52:45.101 INFO  tests.TeamDetailsPageValidationTest - === Starting 'gotoHome' test ===
2026-01-14 16:52:45.803 INFO  tests.TeamDetailsPageValidationTest - Current URL after gotoHome(): https://hackvyatharth.github.io/Vitalguard_Team_Vanguardians/#container
2026-01-14 16:52:45.809 INFO  tests.TeamDetailsPageValidationTest - PASS: 'gotoHome' assertion passed (URL contains '#container')
2026-01-14 16:52:45.809 INFO  tests.TeamDetailsPageValidationTest - === Completed 'gotoHome' test ===
2026-01-14 16:52:45.811 INFO  listeners.Listener1 - onTestSuccess -> gotoHome
2026-01-14 16:52:45.826 INFO  listeners.Listener1 - onTestStart -> isBloodPressureFieldPresent
2026-01-14 16:52:45.829 INFO  tests.CalculatorFunctionalityTest - Verifying BP field presence
2026-01-14 16:52:46.050 INFO  tests.CalculatorFunctionalityTest - BP field presence assertion passed
2026-01-14 16:52:46.050 INFO  listeners.Listener1 - onTestSuccess -> isBloodPressureFieldPresent
2026-01-14 16:52:46.065 INFO  listeners.Listener1 - onTestStart -> isResultBoxPresent
2026-01-14 16:52:46.065 INFO  tests.ResultsPageUiTest - === Starting 'isResultBoxPresent' test ===
2026-01-14 16:52:46.173 INFO  tests.ResultsPageUiTest - Result box present? true
2026-01-14 16:52:46.176 INFO  tests.ResultsPageUiTest - PASS: Result box is visible
2026-01-14 16:52:46.176 INFO  tests.ResultsPageUiTest - === Completed 'isResultBoxPresent' test ===
2026-01-14 16:52:46.176 INFO  listeners.Listener1 - onTestSuccess -> isResultBoxPresent
2026-01-14 16:52:46.179 INFO  listeners.Listener1 - onTestStart -> gotoBloodPressure
2026-01-14 16:52:46.179 INFO  tests.HomePageValidationTest - Navigating to Blood Pressure from Home page
2026-01-14 16:52:46.856 INFO  tests.HomePageValidationTest - URL after goToBloodPressure(): https://hackvyatharth.github.io/Vitalguard_Team_Vanguardians/#bloodPressure
2026-01-14 16:52:46.858 INFO  tests.HomePageValidationTest - PASS: 'gotoBloodPressure' assertion passed
2026-01-14 16:52:46.858 INFO  listeners.Listener1 - onTestSuccess -> gotoBloodPressure
2026-01-14 16:52:46.869 INFO  listeners.Listener1 - onTestStart -> gotoHeartPulse
2026-01-14 16:52:46.871 INFO  t.BloodPressurePageValidationTest - Navigating to Heart Pulse via BloodPressurePage.goToHeartPulse()...
2026-01-14 16:52:47.508 INFO  t.BloodPressurePageValidationTest - URL after goToHeartPulse(): https://hackvyatharth.github.io/Vitalguard_Team_Vanguardians/#pulseRate
2026-01-14 16:52:47.508 INFO  t.BloodPressurePageValidationTest - PASS: Heart Pulse navigation assertion passed.
2026-01-14 16:52:47.513 INFO  listeners.Listener1 - onTestSuccess -> gotoHeartPulse
2026-01-14 16:52:47.515 INFO  tests.AgeFactorPageValidationTest - Initializing AgeFactorPage and TopNavigation for driver: ChromeDriver: chrome on windows (d4b07267aceac02fc9a240229503fc94)
2026-01-14 16:52:47.515 INFO  tests.AgeFactorPageValidationTest - Navigating to 'Age Factor' via top navigation
2026-01-14 16:52:48.040 INFO  tests.AgeFactorPageValidationTest - Arrived at Age factor page
2026-01-14 16:52:48.113 INFO  listeners.Listener1 - onTestStart -> gotoHeartPulse
2026-01-14 16:52:48.120 INFO  tests.AgeFactorPageValidationTest - Navigating to Heart Pulse via AgeFactorPage.goToHeartPulse()
2026-01-14 16:52:48.630 INFO  tests.AgeFactorPageValidationTest - PASS: Heart Pulse navigation assertion passed
2026-01-14 16:52:48.630 INFO  listeners.Listener1 - onTestSuccess -> gotoHeartPulse
2026-01-14 16:52:48.640 INFO  listeners.Listener1 - onTestStart -> gotoBloodPressure
2026-01-14 16:52:48.640 INFO  tests.TeamDetailsPageValidationTest - === Starting 'gotoBloodPressure' test ===
2026-01-14 16:52:49.621 INFO  tests.TeamDetailsPageValidationTest - Current URL after gotoBloodPressure(): https://hackvyatharth.github.io/Vitalguard_Team_Vanguardians/#bloodPressure
2026-01-14 16:52:49.621 INFO  tests.TeamDetailsPageValidationTest - PASS: 'gotoBloodPressure' assertion passed (URL contains '#bloodPressure')
2026-01-14 16:52:49.621 INFO  tests.TeamDetailsPageValidationTest - === Completed 'gotoBloodPressure' test ===
2026-01-14 16:52:49.621 INFO  listeners.Listener1 - onTestSuccess -> gotoBloodPressure
2026-01-14 16:52:49.701 INFO  listeners.Listener1 - onTestStart -> isCalculateButtonPresentAndClickable
2026-01-14 16:52:49.717 INFO  tests.CalculatorFunctionalityTest - Verifying Calculate Button presence and Clickability
2026-01-14 16:52:50.222 INFO  tests.CalculatorFunctionalityTest - Calculate button presence & clickability assertion passed
2026-01-14 16:52:50.225 INFO  listeners.Listener1 - onTestSuccess -> isCalculateButtonPresentAndClickable
2026-01-14 16:52:50.234 INFO  listeners.Listener1 - onTestStart -> isHeadingPresent
2026-01-14 16:52:50.235 INFO  tests.ResultsPageUiTest - === Starting 'isHeadingPresent' test ===
2026-01-14 16:52:50.315 INFO  tests.ResultsPageUiTest - Heading present? true
2026-01-14 16:52:50.316 INFO  tests.ResultsPageUiTest - PASS: Heading is visible
2026-01-14 16:52:50.316 INFO  tests.ResultsPageUiTest - === Completed 'isHeadingPresent' test ===
2026-01-14 16:52:50.316 INFO  listeners.Listener1 - onTestSuccess -> isHeadingPresent
2026-01-14 16:52:50.321 INFO  listeners.Listener1 - onTestStart -> gotoAgeFactor
2026-01-14 16:52:50.322 INFO  tests.HomePageValidationTest - Navigating to Age Factor from Home page
2026-01-14 16:52:50.933 INFO  tests.HomePageValidationTest - URL after goToAgeFactor(): https://hackvyatharth.github.io/Vitalguard_Team_Vanguardians/#ageFactor
2026-01-14 16:52:50.933 INFO  tests.HomePageValidationTest - PASS: 'gotoAgeFactor' assertion passed
2026-01-14 16:52:50.933 INFO  listeners.Listener1 - onTestSuccess -> gotoAgeFactor
2026-01-14 16:52:50.937 INFO  listeners.Listener1 - onTestStart -> gotoAgeFactorPage
2026-01-14 16:52:50.937 INFO  t.BloodPressurePageValidationTest - Navigating to Age Factor via BloodPressurePage.goToAgeFactor()...
2026-01-14 16:52:51.337 INFO  t.BloodPressurePageValidationTest - URL after goToAgeFactor(): https://hackvyatharth.github.io/Vitalguard_Team_Vanguardians/#ageFactor
2026-01-14 16:52:51.337 INFO  t.BloodPressurePageValidationTest - PASS: Age Factor navigation assertion passed.
2026-01-14 16:52:51.337 INFO  listeners.Listener1 - onTestSuccess -> gotoAgeFactorPage
2026-01-14 16:52:51.346 INFO  tests.AgeFactorPageValidationTest - Initializing AgeFactorPage and TopNavigation for driver: ChromeDriver: chrome on windows (d4b07267aceac02fc9a240229503fc94)
2026-01-14 16:52:51.347 INFO  tests.AgeFactorPageValidationTest - Navigating to 'Age Factor' via top navigation
2026-01-14 16:52:51.677 INFO  tests.AgeFactorPageValidationTest - Arrived at Age factor page
2026-01-14 16:52:51.714 INFO  listeners.Listener1 - onTestStart -> gotoBloodPressure
2026-01-14 16:52:51.716 INFO  tests.AgeFactorPageValidationTest - Navigating to Blood Pressure via AgeFactorPage.goToBloodPressure()
2026-01-14 16:52:52.142 INFO  tests.AgeFactorPageValidationTest - PASS: Blood Pressure navigation assertion passed
2026-01-14 16:52:52.142 INFO  listeners.Listener1 - onTestSuccess -> gotoBloodPressure
2026-01-14 16:52:52.152 INFO  listeners.Listener1 - onTestStart -> gotoHeartPulse
2026-01-14 16:52:52.152 INFO  tests.TeamDetailsPageValidationTest - === Starting 'gotoHeartPulse' test ===
2026-01-14 16:52:52.637 INFO  tests.TeamDetailsPageValidationTest - Current URL after gotoHeartPulse(): https://hackvyatharth.github.io/Vitalguard_Team_Vanguardians/#pulseRate
2026-01-14 16:52:52.637 INFO  tests.TeamDetailsPageValidationTest - PASS: 'gotoHeartPulse' assertion passed (URL contains '#pulseRate')
2026-01-14 16:52:52.637 INFO  tests.TeamDetailsPageValidationTest - === Completed 'gotoHeartPulse' test ===
2026-01-14 16:52:52.637 INFO  listeners.Listener1 - onTestSuccess -> gotoHeartPulse
2026-01-14 16:52:54.848 INFO  tests.CalculatorFunctionalityTest - Loaded {} data rows from Excel
2026-01-14 16:52:54.865 INFO  listeners.Listener1 - onTestStart -> sendData
2026-01-14 16:52:54.865 INFO  listeners.Listener1 - Parameters for sendData: ["", "", "", negative]
2026-01-14 16:52:54.873 INFO  tests.CalculatorFunctionalityTest - Executing data row: age='""', pulse='""', bp='""', testType='negative'
2026-01-14 16:52:57.675 INFO  tests.CalculatorFunctionalityTest - Clicking Calculate
2026-01-14 16:52:58.526 INFO  tests.CalculatorFunctionalityTest - Alert detected after submit
2026-01-14 16:52:58.665 INFO  tests.CalculatorFunctionalityTest - Negative case: navigatedToResult=false
2026-01-14 16:52:58.679 INFO  listeners.Listener1 - onTestSuccess -> sendData
2026-01-14 16:52:58.679 INFO  listeners.Listener1 - Deleting pre-submit screenshot for passed test: C:\Users\2457157\IdeaProjects\HealthIndexCalculator\reports\screenshots\age_____pulse_____bp_____type_negative_before_20260114_165257_643.png
2026-01-14 16:53:06.351 INFO  listeners.Listener1 - onTestStart -> sendData
2026-01-14 16:53:06.358 INFO  listeners.Listener1 - Parameters for sendData: [0, 60, 70/31, negative]
2026-01-14 16:53:06.358 INFO  tests.CalculatorFunctionalityTest - Executing data row: age='0', pulse='60', bp='70/31', testType='negative'
2026-01-14 16:53:11.408 INFO  tests.CalculatorFunctionalityTest - Clicking Calculate
2026-01-14 16:53:12.583 INFO  tests.CalculatorFunctionalityTest - Alert detected after submit
2026-01-14 16:53:12.691 INFO  tests.CalculatorFunctionalityTest - Negative case: navigatedToResult=false
2026-01-14 16:53:12.691 INFO  listeners.Listener1 - onTestSuccess -> sendData
2026-01-14 16:53:12.696 INFO  listeners.Listener1 - Deleting pre-submit screenshot for passed test: C:\Users\2457157\IdeaProjects\HealthIndexCalculator\reports\screenshots\age_0__pulse_60__bp_70_31__type_negative_before_20260114_165311_392.png
2026-01-14 16:53:12.736 INFO  listeners.Listener1 - onTestStart -> sendData
2026-01-14 16:53:12.741 INFO  listeners.Listener1 - Parameters for sendData: [1, 72, 120/81, positive]
2026-01-14 16:53:12.741 INFO  tests.CalculatorFunctionalityTest - Executing data row: age='1', pulse='72', bp='120/81', testType='positive'
2026-01-14 16:53:16.775 INFO  tests.CalculatorFunctionalityTest - Clicking Calculate
2026-01-14 16:53:21.249 INFO  tests.CalculatorFunctionalityTest - No alert branch: navigatedToResult=true
2026-01-14 16:53:21.258 INFO  tests.CalculatorFunctionalityTest - Positive case passed: navigated; returning Home via logo text
2026-01-14 16:53:22.550 INFO  tests.CalculatorFunctionalityTest - Clicked 'VitalGuard' logo text to return Home
2026-01-14 16:53:22.550 INFO  listeners.Listener1 - onTestSuccess -> sendData
2026-01-14 16:53:22.560 INFO  listeners.Listener1 - Deleting pre-submit screenshot for passed test: C:\Users\2457157\IdeaProjects\HealthIndexCalculator\reports\screenshots\age_1__pulse_72__bp_120_81__type_positive_before_20260114_165316_766.png
2026-01-14 16:53:22.614 INFO  listeners.Listener1 - onTestStart -> sendData
2026-01-14 16:53:22.614 INFO  listeners.Listener1 - Parameters for sendData: [69.5, -25, 160/91, negative]
2026-01-14 16:53:22.614 INFO  tests.CalculatorFunctionalityTest - Executing data row: age='69.5', pulse='-25', bp='160/91', testType='negative'
2026-01-14 16:53:25.708 INFO  tests.CalculatorFunctionalityTest - Clicking Calculate
2026-01-14 16:53:30.260 INFO  tests.CalculatorFunctionalityTest - No alert branch: navigatedToResult=true
2026-01-14 16:53:31.151 ERROR tests.CalculatorFunctionalityTest - Negative case failed: navigated without alert
2026-01-14 16:53:32.094 ERROR listeners.Listener1 - onTestFailure -> sendData
java.lang.AssertionError: The following asserts failed:
	NEGATIVE input incorrectly navigated to Result page without showing any alert.
	at org.testng.asserts.SoftAssert.assertAll(SoftAssert.java:46)
	at org.testng.asserts.SoftAssert.assertAll(SoftAssert.java:30)
	at tests.CalculatorFunctionalityTest.sendData(CalculatorFunctionalityTest.java:200)
	at java.base/jdk.internal.reflect.DirectMethodHandleAccessor.invoke(DirectMethodHandleAccessor.java:103)
	at java.base/java.lang.reflect.Method.invoke(Method.java:580)
	at org.testng.internal.invokers.MethodInvocationHelper.invokeMethod(MethodInvocationHelper.java:141)
	at org.testng.internal.invokers.TestInvoker.invokeMethod(TestInvoker.java:687)
	at org.testng.internal.invokers.TestInvoker.invokeTestMethod(TestInvoker.java:230)
	at org.testng.internal.invokers.MethodRunner.runInSequence(MethodRunner.java:63)
	at org.testng.internal.invokers.TestInvoker$MethodInvocationAgent.invoke(TestInvoker.java:995)
	at org.testng.internal.invokers.TestInvoker.invokeTestMethods(TestInvoker.java:203)
	at org.testng.internal.invokers.TestMethodWorker.invokeTestMethods(TestMethodWorker.java:154)
	at org.testng.internal.invokers.TestMethodWorker.run(TestMethodWorker.java:134)
	at java.base/java.util.ArrayList.forEach(ArrayList.java:1596)
	at org.testng.TestRunner.privateRun(TestRunner.java:741)
	at org.testng.TestRunner.run(TestRunner.java:616)
	at org.testng.SuiteRunner.runTest(SuiteRunner.java:421)
	at org.testng.SuiteRunner$SuiteWorker.run(SuiteRunner.java:463)
	at org.testng.internal.thread.ThreadUtil.lambda$execute$0(ThreadUtil.java:64)
	at java.base/java.util.concurrent.FutureTask.run$$$capture(FutureTask.java:317)
	at java.base/java.util.concurrent.FutureTask.run(FutureTask.java)
	at java.base/java.util.concurrent.ThreadPoolExecutor.runWorker(ThreadPoolExecutor.java:1144)
	at java.base/java.util.concurrent.ThreadPoolExecutor$Worker.run(ThreadPoolExecutor.java:642)
	at java.base/java.lang.Thread.run(Thread.java:1583)
2026-01-14 16:53:32.341 INFO  listeners.Listener1 - Attaching pre-submit screenshot: C:\Users\2457157\IdeaProjects\HealthIndexCalculator\reports\screenshots\age_69.5__pulse_-25__bp_160_91__type_negative_before_20260114_165325_678.png
2026-01-14 16:53:32.408 INFO  listeners.Listener1 - Attaching failure screenshot: C:\Users\2457157\IdeaProjects\HealthIndexCalculator\reports\screenshots\age_69.5__pulse_-25__bp_160_91__type_negative_failed_no_alert_20260114_165330_260.png
2026-01-14 16:53:32.553 INFO  listeners.Listener1 - onTestStart -> sendData
2026-01-14 16:53:32.562 INFO  listeners.Listener1 - Parameters for sendData: [120, Seventy Two, 0/0, negative]
2026-01-14 16:53:32.569 INFO  tests.CalculatorFunctionalityTest - Executing data row: age='120', pulse='Seventy Two', bp='0/0', testType='negative'
2026-01-14 16:53:36.226 INFO  tests.CalculatorFunctionalityTest - Clicking Calculate
2026-01-14 16:53:36.992 INFO  tests.CalculatorFunctionalityTest - Alert detected after submit
2026-01-14 16:53:37.075 INFO  tests.CalculatorFunctionalityTest - Negative case: navigatedToResult=false
2026-01-14 16:53:37.075 INFO  listeners.Listener1 - onTestSuccess -> sendData
2026-01-14 16:53:37.075 INFO  listeners.Listener1 - Deleting pre-submit screenshot for passed test: C:\Users\2457157\IdeaProjects\HealthIndexCalculator\reports\screenshots\age_120__pulse_Seventy_Two__bp_0_0__type_negative_before_20260114_165336_208.png
2026-01-14 16:53:37.111 INFO  listeners.Listener1 - onTestStart -> sendData
2026-01-14 16:53:37.111 INFO  listeners.Listener1 - Parameters for sendData: [121, @$%, 0/0, negative]
2026-01-14 16:53:37.119 INFO  tests.CalculatorFunctionalityTest - Executing data row: age='121', pulse='@$%', bp='0/0', testType='negative'
2026-01-14 16:53:41.364 INFO  tests.CalculatorFunctionalityTest - Clicking Calculate
2026-01-14 16:53:42.194 INFO  tests.CalculatorFunctionalityTest - Alert detected after submit
2026-01-14 16:53:42.289 INFO  tests.CalculatorFunctionalityTest - Negative case: navigatedToResult=false
2026-01-14 16:53:42.289 INFO  listeners.Listener1 - onTestSuccess -> sendData
2026-01-14 16:53:42.289 INFO  listeners.Listener1 - Deleting pre-submit screenshot for passed test: C:\Users\2457157\IdeaProjects\HealthIndexCalculator\reports\screenshots\age_121__pulse______bp_0_0__type_negative_before_20260114_165341_335.png
2026-01-14 16:53:42.336 INFO  listeners.Listener1 - onTestStart -> sendData
2026-01-14 16:53:42.336 INFO  listeners.Listener1 - Parameters for sendData: [120.5, 80yrs, 1000/1000, negative]
2026-01-14 16:53:42.352 INFO  tests.CalculatorFunctionalityTest - Executing data row: age='120.5', pulse='80yrs', bp='1000/1000', testType='negative'
2026-01-14 16:53:46.285 INFO  tests.CalculatorFunctionalityTest - Clicking Calculate
2026-01-14 16:53:47.365 INFO  tests.CalculatorFunctionalityTest - Alert detected after submit
2026-01-14 16:53:47.408 INFO  tests.CalculatorFunctionalityTest - Negative case: navigatedToResult=false
2026-01-14 16:53:47.408 INFO  listeners.Listener1 - onTestSuccess -> sendData
2026-01-14 16:53:47.408 INFO  listeners.Listener1 - Deleting pre-submit screenshot for passed test: C:\Users\2457157\IdeaProjects\HealthIndexCalculator\reports\screenshots\age_120.5__pulse_80yrs__bp_1000_1000__type_negative_before_20260114_165346_266.png
2026-01-14 16:53:47.480 INFO  listeners.Listener1 - onTestStart -> sendData
2026-01-14 16:53:47.480 INFO  listeners.Listener1 - Parameters for sendData: [abc, 1000, abc, negative]
2026-01-14 16:53:47.480 INFO  tests.CalculatorFunctionalityTest - Executing data row: age='abc', pulse='1000', bp='abc', testType='negative'
2026-01-14 16:53:51.061 INFO  tests.CalculatorFunctionalityTest - Clicking Calculate
2026-01-14 16:53:51.648 INFO  tests.CalculatorFunctionalityTest - Alert detected after submit
2026-01-14 16:53:51.728 INFO  tests.CalculatorFunctionalityTest - Negative case: navigatedToResult=false
2026-01-14 16:53:51.736 INFO  listeners.Listener1 - onTestSuccess -> sendData
2026-01-14 16:53:51.744 INFO  listeners.Listener1 - Deleting pre-submit screenshot for passed test: C:\Users\2457157\IdeaProjects\HealthIndexCalculator\reports\screenshots\age_abc__pulse_1000__bp_abc__type_negative_before_20260114_165351_026.png
2026-01-14 16:53:51.778 INFO  listeners.Listener1 - onTestStart -> sendData
2026-01-14 16:53:51.778 INFO  listeners.Listener1 - Parameters for sendData: [@#, 65.5, abc/abc, negative]
2026-01-14 16:53:51.794 INFO  tests.CalculatorFunctionalityTest - Executing data row: age='@#', pulse='65.5', bp='abc/abc', testType='negative'
2026-01-14 16:53:54.551 INFO  tests.CalculatorFunctionalityTest - Clicking Calculate
2026-01-14 16:53:55.135 INFO  tests.CalculatorFunctionalityTest - Alert detected after submit
2026-01-14 16:53:55.228 INFO  tests.CalculatorFunctionalityTest - Negative case: navigatedToResult=false
2026-01-14 16:53:55.228 INFO  listeners.Listener1 - onTestSuccess -> sendData
2026-01-14 16:53:55.228 INFO  listeners.Listener1 - Deleting pre-submit screenshot for passed test: C:\Users\2457157\IdeaProjects\HealthIndexCalculator\reports\screenshots\age_____pulse_65.5__bp_abc_abc__type_negative_before_20260114_165354_541.png
2026-01-14 16:53:55.261 INFO  listeners.Listener1 - onTestStart -> sendData
2026-01-14 16:53:55.261 INFO  listeners.Listener1 - Parameters for sendData: [e, "", *(@), negative]
2026-01-14 16:53:55.271 INFO  tests.CalculatorFunctionalityTest - Executing data row: age='e', pulse='""', bp='*(@)', testType='negative'
2026-01-14 16:54:12.407 ERROR listeners.Listener1 - onTestFailure -> sendData
org.openqa.selenium.remote.UnreachableBrowserException: Error communicating with the remote browser. It may have died.
Build info: version: '4.33.0', revision: '2c6aaad03a'
System info: os.name: 'Windows 11', os.arch: 'amd64', os.version: '10.0', java.version: '21'
Driver info: org.openqa.selenium.chrome.ChromeDriver
Command: [84f568c8f09e2d0c7ad80b235f8dcc11, sendKeysToElement [value, id]]
Capabilities {acceptInsecureCerts: false, browserName: chrome, browserVersion: 142.0.7444.176, chrome: {chromedriverVersion: 142.0.7444.175 (302067f14a4..., userDataDir: C:\Users\2457157\AppData\Lo...}, fedcm:accounts: true, goog:chromeOptions: {debuggerAddress: localhost:62525}, goog:processID: 30396, networkConnectionEnabled: false, pageLoadStrategy: normal, platformName: windows, proxy: Proxy(), se:cdp: ws://localhost:62525/devtoo..., se:cdpVersion: 142.0.7444.176, setWindowRect: true, strictFileInteractability: false, timeouts: {implicit: 0, pageLoad: 300000, script: 30000}, unhandledPromptBehavior: dismiss and notify, webauthn:extension:credBlob: true, webauthn:extension:largeBlob: true, webauthn:extension:minPinLength: true, webauthn:extension:prf: true, webauthn:virtualAuthenticators: true}
Element: [[ChromeDriver: chrome on windows (84f568c8f09e2d0c7ad80b235f8dcc11)] -> id: pulse]
Session ID: 84f568c8f09e2d0c7ad80b235f8dcc11
	at org.openqa.selenium.remote.RemoteWebDriver.execute(RemoteWebDriver.java:571)
	at org.openqa.selenium.remote.RemoteWebElement.execute(RemoteWebElement.java:223)
	at org.openqa.selenium.remote.RemoteWebElement.sendKeys(RemoteWebElement.java:110)
	at java.base/jdk.internal.reflect.DirectMethodHandleAccessor.invoke(DirectMethodHandleAccessor.java:103)
	at java.base/java.lang.reflect.Method.invoke(Method.java:580)
	at org.openqa.selenium.support.pagefactory.internal.LocatingElementHandler.invoke(LocatingElementHandler.java:51)
	at jdk.proxy2/jdk.proxy2.$Proxy17.sendKeys(Unknown Source)
	at pages.CalculatorForm.enterPulse(CalculatorForm.java:108)
	at tests.CalculatorFunctionalityTest.sendData(CalculatorFunctionalityTest.java:98)
	at java.base/jdk.internal.reflect.DirectMethodHandleAccessor.invoke(DirectMethodHandleAccessor.java:103)
	at java.base/java.lang.reflect.Method.invoke(Method.java:580)
	at org.testng.internal.invokers.MethodInvocationHelper.invokeMethod(MethodInvocationHelper.java:141)
	at org.testng.internal.invokers.TestInvoker.invokeMethod(TestInvoker.java:687)
	at org.testng.internal.invokers.TestInvoker.invokeTestMethod(TestInvoker.java:230)
	at org.testng.internal.invokers.MethodRunner.runInSequence(MethodRunner.java:63)
	at org.testng.internal.invokers.TestInvoker$MethodInvocationAgent.invoke(TestInvoker.java:995)
	at org.testng.internal.invokers.TestInvoker.invokeTestMethods(TestInvoker.java:203)
	at org.testng.internal.invokers.TestMethodWorker.invokeTestMethods(TestMethodWorker.java:154)
	at org.testng.internal.invokers.TestMethodWorker.run(TestMethodWorker.java:134)
	at java.base/java.util.ArrayList.forEach(ArrayList.java:1596)
	at org.testng.TestRunner.privateRun(TestRunner.java:741)
	at org.testng.TestRunner.run(TestRunner.java:616)
	at org.testng.SuiteRunner.runTest(SuiteRunner.java:421)
	at org.testng.SuiteRunner$SuiteWorker.run(SuiteRunner.java:463)
	at org.testng.internal.thread.ThreadUtil.lambda$execute$0(ThreadUtil.java:64)
	at java.base/java.util.concurrent.FutureTask.run$$$capture(FutureTask.java:317)
	at java.base/java.util.concurrent.FutureTask.run(FutureTask.java)
	at java.base/java.util.concurrent.ThreadPoolExecutor.runWorker(ThreadPoolExecutor.java:1144)
	at java.base/java.util.concurrent.ThreadPoolExecutor$Worker.run(ThreadPoolExecutor.java:642)
	at java.base/java.lang.Thread.run(Thread.java:1583)
Caused by: java.io.UncheckedIOException: java.io.IOException: HTTP/1.1 header parser received no bytes
	at org.openqa.selenium.remote.http.jdk.JdkHttpClient.execute0(JdkHttpClient.java:500)
	at org.openqa.selenium.remote.http.AddSeleniumUserAgent.lambda$apply$0(AddSeleniumUserAgent.java:42)
	at org.openqa.selenium.remote.http.Filter.lambda$andFinally$1(Filter.java:55)
	at org.openqa.selenium.remote.http.jdk.JdkHttpClient.lambda$executeAsync$2(JdkHttpClient.java:387)
	at java.base/java.util.concurrent.Executors$RunnableAdapter.call(Executors.java:572)
	... 5 common frames omitted
Caused by: java.io.IOException: HTTP/1.1 header parser received no bytes
	at java.net.http/jdk.internal.net.http.HttpClientImpl.send(HttpClientImpl.java:964)
	at java.net.http/jdk.internal.net.http.HttpClientFacade.send(HttpClientFacade.java:133)
	at org.openqa.selenium.remote.http.jdk.JdkHttpClient.execute0(JdkHttpClient.java:459)
	... 9 common frames omitted
Caused by: java.io.IOException: HTTP/1.1 header parser received no bytes
	at java.net.http/jdk.internal.net.http.common.Utils.wrapWithExtraDetail(Utils.java:388)
	at java.net.http/jdk.internal.net.http.Http1Response$HeadersReader.onReadError(Http1Response.java:590)
	at java.net.http/jdk.internal.net.http.Http1AsyncReceiver.checkForErrors(Http1AsyncReceiver.java:302)
	at java.net.http/jdk.internal.net.http.Http1AsyncReceiver.flush(Http1AsyncReceiver.java:268)
	at java.net.http/jdk.internal.net.http.common.SequentialScheduler$LockingRestartableTask.run(SequentialScheduler.java:182)
	at java.net.http/jdk.internal.net.http.common.SequentialScheduler$CompleteRestartableTask.run(SequentialScheduler.java:149)
	at java.net.http/jdk.internal.net.http.common.SequentialScheduler$SchedulableTask.run(SequentialScheduler.java:207)
	... 3 common frames omitted
Caused by: java.net.SocketException: Connection reset
	at java.base/sun.nio.ch.SocketChannelImpl.throwConnectionReset(SocketChannelImpl.java:401)
	at java.base/sun.nio.ch.SocketChannelImpl.read(SocketChannelImpl.java:434)
	at java.net.http/jdk.internal.net.http.SocketTube.readAvailable(SocketTube.java:1178)
	at java.net.http/jdk.internal.net.http.SocketTube$InternalReadPublisher$InternalReadSubscription.read(SocketTube.java:841)
	at java.net.http/jdk.internal.net.http.SocketTube$SocketFlowTask.run(SocketTube.java:181)
	at java.net.http/jdk.internal.net.http.common.SequentialScheduler$SchedulableTask.run(SequentialScheduler.java:207)
	at java.net.http/jdk.internal.net.http.common.SequentialScheduler.runOrSchedule(SequentialScheduler.java:280)
	at java.net.http/jdk.internal.net.http.common.SequentialScheduler.runOrSchedule(SequentialScheduler.java:233)
	at java.net.http/jdk.internal.net.http.SocketTube$InternalReadPublisher$InternalReadSubscription.signalReadable(SocketTube.java:782)
	at java.net.http/jdk.internal.net.http.SocketTube$InternalReadPublisher$ReadEvent.signalEvent(SocketTube.java:965)
	at java.net.http/jdk.internal.net.http.SocketTube$SocketFlowEvent.handle(SocketTube.java:253)
	at java.net.http/jdk.internal.net.http.HttpClientImpl$SelectorManager.handleEvent(HttpClientImpl.java:1467)
	at java.net.http/jdk.internal.net.http.HttpClientImpl$SelectorManager.lambda$run$3(HttpClientImpl.java:1412)
	at java.base/java.util.ArrayList.forEach(ArrayList.java:1596)
	at java.net.http/jdk.internal.net.http.HttpClientImpl$SelectorManager.run(HttpClientImpl.java:1412)
2026-01-14 16:54:12.422 INFO  listeners.Listener1 - No pre-submit screenshot path provided by the test.
2026-01-14 16:54:12.422 INFO  listeners.Listener1 - No failure screenshot path provided by the test.
2026-01-14 16:54:12.441 INFO  listeners.Listener1 - onTestStart -> sendData
2026-01-14 16:54:12.441 INFO  listeners.Listener1 - Parameters for sendData: [-1, 55, -1, negative]
2026-01-14 16:54:12.441 INFO  tests.CalculatorFunctionalityTest - Executing data row: age='-1', pulse='55', bp='-1', testType='negative'
2026-01-14 16:54:12.456 ERROR listeners.Listener1 - onTestFailure -> sendData
org.openqa.selenium.remote.UnreachableBrowserException: Error communicating with the remote browser. It may have died.
Build info: version: '4.33.0', revision: '2c6aaad03a'
System info: os.name: 'Windows 11', os.arch: 'amd64', os.version: '10.0', java.version: '21'
Driver info: org.openqa.selenium.chrome.ChromeDriver
Command: [84f568c8f09e2d0c7ad80b235f8dcc11, findElement [using, value]]
Capabilities {acceptInsecureCerts: false, browserName: chrome, browserVersion: 142.0.7444.176, chrome: {chromedriverVersion: 142.0.7444.175 (302067f14a4..., userDataDir: C:\Users\2457157\AppData\Lo...}, fedcm:accounts: true, goog:chromeOptions: {debuggerAddress: localhost:62525}, goog:processID: 30396, networkConnectionEnabled: false, pageLoadStrategy: normal, platformName: windows, proxy: Proxy(), se:cdp: ws://localhost:62525/devtoo..., se:cdpVersion: 142.0.7444.176, setWindowRect: true, strictFileInteractability: false, timeouts: {implicit: 0, pageLoad: 300000, script: 30000}, unhandledPromptBehavior: dismiss and notify, webauthn:extension:credBlob: true, webauthn:extension:largeBlob: true, webauthn:extension:minPinLength: true, webauthn:extension:prf: true, webauthn:virtualAuthenticators: true}
Session ID: 84f568c8f09e2d0c7ad80b235f8dcc11
	at org.openqa.selenium.remote.RemoteWebDriver.execute(RemoteWebDriver.java:571)
	at org.openqa.selenium.remote.ElementLocation$ElementFinder$2.findElement(ElementLocation.java:165)
	at org.openqa.selenium.remote.ElementLocation.findElement(ElementLocation.java:59)
	at org.openqa.selenium.remote.RemoteWebDriver.findElement(RemoteWebDriver.java:367)
	at org.openqa.selenium.remote.RemoteWebDriver.findElement(RemoteWebDriver.java:361)
	at org.openqa.selenium.support.pagefactory.DefaultElementLocator.findElement(DefaultElementLocator.java:68)
	at org.openqa.selenium.support.pagefactory.internal.LocatingElementHandler.invoke(LocatingElementHandler.java:38)
	at jdk.proxy2/jdk.proxy2.$Proxy17.isDisplayed(Unknown Source)
	at org.openqa.selenium.support.ui.ExpectedConditions.elementIfVisible(ExpectedConditions.java:304)
	at org.openqa.selenium.support.ui.ExpectedConditions$10.apply(ExpectedConditions.java:290)
	at org.openqa.selenium.support.ui.ExpectedConditions$10.apply(ExpectedConditions.java:287)
	at org.openqa.selenium.support.ui.FluentWait.until(FluentWait.java:203)
	at pages.CalculatorForm.enterAge(CalculatorForm.java:98)
	at tests.CalculatorFunctionalityTest.sendData(CalculatorFunctionalityTest.java:97)
	at java.base/jdk.internal.reflect.DirectMethodHandleAccessor.invoke(DirectMethodHandleAccessor.java:103)
	at java.base/java.lang.reflect.Method.invoke(Method.java:580)
	at org.testng.internal.invokers.MethodInvocationHelper.invokeMethod(MethodInvocationHelper.java:141)
	at org.testng.internal.invokers.TestInvoker.invokeMethod(TestInvoker.java:687)
	at org.testng.internal.invokers.TestInvoker.invokeTestMethod(TestInvoker.java:230)
	at org.testng.internal.invokers.MethodRunner.runInSequence(MethodRunner.java:63)
	at org.testng.internal.invokers.TestInvoker$MethodInvocationAgent.invoke(TestInvoker.java:995)
	at org.testng.internal.invokers.TestInvoker.invokeTestMethods(TestInvoker.java:203)
	at org.testng.internal.invokers.TestMethodWorker.invokeTestMethods(TestMethodWorker.java:154)
	at org.testng.internal.invokers.TestMethodWorker.run(TestMethodWorker.java:134)
	at java.base/java.util.ArrayList.forEach(ArrayList.java:1596)
	at org.testng.TestRunner.privateRun(TestRunner.java:741)
	at org.testng.TestRunner.run(TestRunner.java:616)
	at org.testng.SuiteRunner.runTest(SuiteRunner.java:421)
	at org.testng.SuiteRunner$SuiteWorker.run(SuiteRunner.java:463)
	at org.testng.internal.thread.ThreadUtil.lambda$execute$0(ThreadUtil.java:64)
	at java.base/java.util.concurrent.FutureTask.run$$$capture(FutureTask.java:317)
	at java.base/java.util.concurrent.FutureTask.run(FutureTask.java)
	at java.base/java.util.concurrent.ThreadPoolExecutor.runWorker(ThreadPoolExecutor.java:1144)
	at java.base/java.util.concurrent.ThreadPoolExecutor$Worker.run(ThreadPoolExecutor.java:642)
	at java.base/java.lang.Thread.run(Thread.java:1583)
Caused by: java.io.UncheckedIOException: java.net.ConnectException
	at org.openqa.selenium.remote.http.jdk.JdkHttpClient.execute0(JdkHttpClient.java:500)
	at org.openqa.selenium.remote.http.AddSeleniumUserAgent.lambda$apply$0(AddSeleniumUserAgent.java:42)
	at org.openqa.selenium.remote.http.Filter.lambda$andFinally$1(Filter.java:55)
	at org.openqa.selenium.remote.http.jdk.JdkHttpClient.lambda$executeAsync$2(JdkHttpClient.java:387)
	at java.base/java.util.concurrent.Executors$RunnableAdapter.call(Executors.java:572)
	... 5 common frames omitted
Caused by: java.net.ConnectException: null
	at java.net.http/jdk.internal.net.http.HttpClientImpl.send(HttpClientImpl.java:951)
	at java.net.http/jdk.internal.net.http.HttpClientFacade.send(HttpClientFacade.java:133)
	at org.openqa.selenium.remote.http.jdk.JdkHttpClient.execute0(JdkHttpClient.java:459)
	... 9 common frames omitted
Caused by: java.net.ConnectException: null
	at java.net.http/jdk.internal.net.http.common.Utils.toConnectException(Utils.java:1028)
	at java.net.http/jdk.internal.net.http.PlainHttpConnection.connectAsync(PlainHttpConnection.java:227)
	at java.net.http/jdk.internal.net.http.PlainHttpConnection.checkRetryConnect(PlainHttpConnection.java:280)
	at java.net.http/jdk.internal.net.http.PlainHttpConnection.lambda$connectAsync$2(PlainHttpConnection.java:238)
	at java.base/java.util.concurrent.CompletableFuture.uniHandle(CompletableFuture.java:934)
	at java.base/java.util.concurrent.CompletableFuture$UniHandle.tryFire(CompletableFuture.java:911)
	at java.base/java.util.concurrent.CompletableFuture.postComplete(CompletableFuture.java:510)
	at java.base/java.util.concurrent.CompletableFuture$AsyncSupply.run$$$capture(CompletableFuture.java:1773)
	at java.base/java.util.concurrent.CompletableFuture$AsyncSupply.run(CompletableFuture.java)
	... 3 common frames omitted
Caused by: java.nio.channels.ClosedChannelException: null
	at java.base/sun.nio.ch.SocketChannelImpl.ensureOpen(SocketChannelImpl.java:202)
	at java.base/sun.nio.ch.SocketChannelImpl.beginConnect(SocketChannelImpl.java:786)
	at java.base/sun.nio.ch.SocketChannelImpl.connect(SocketChannelImpl.java:874)
	at java.net.http/jdk.internal.net.http.PlainHttpConnection.lambda$connectAsync$1(PlainHttpConnection.java:210)
	at java.base/java.security.AccessController.doPrivileged(AccessController.java:571)
	at java.net.http/jdk.internal.net.http.PlainHttpConnection.connectAsync(PlainHttpConnection.java:212)
	... 10 common frames omitted
2026-01-14 16:54:12.457 INFO  listeners.Listener1 - No pre-submit screenshot path provided by the test.
2026-01-14 16:54:12.457 INFO  listeners.Listener1 - No failure screenshot path provided by the test.
2026-01-14 16:54:12.476 INFO  listeners.Listener1 - onTestStart -> sendData
2026-01-14 16:54:12.477 INFO  listeners.Listener1 - Parameters for sendData: [35, 80, 80/120, negative]
2026-01-14 16:54:12.477 INFO  tests.CalculatorFunctionalityTest - Executing data row: age='35', pulse='80', bp='80/120', testType='negative'
2026-01-14 16:54:12.485 ERROR listeners.Listener1 - onTestFailure -> sendData
org.openqa.selenium.remote.UnreachableBrowserException: Error communicating with the remote browser. It may have died.
Build info: version: '4.33.0', revision: '2c6aaad03a'
System info: os.name: 'Windows 11', os.arch: 'amd64', os.version: '10.0', java.version: '21'
Driver info: org.openqa.selenium.chrome.ChromeDriver
Command: [84f568c8f09e2d0c7ad80b235f8dcc11, findElement [using, value]]
Capabilities {acceptInsecureCerts: false, browserName: chrome, browserVersion: 142.0.7444.176, chrome: {chromedriverVersion: 142.0.7444.175 (302067f14a4..., userDataDir: C:\Users\2457157\AppData\Lo...}, fedcm:accounts: true, goog:chromeOptions: {debuggerAddress: localhost:62525}, goog:processID: 30396, networkConnectionEnabled: false, pageLoadStrategy: normal, platformName: windows, proxy: Proxy(), se:cdp: ws://localhost:62525/devtoo..., se:cdpVersion: 142.0.7444.176, setWindowRect: true, strictFileInteractability: false, timeouts: {implicit: 0, pageLoad: 300000, script: 30000}, unhandledPromptBehavior: dismiss and notify, webauthn:extension:credBlob: true, webauthn:extension:largeBlob: true, webauthn:extension:minPinLength: true, webauthn:extension:prf: true, webauthn:virtualAuthenticators: true}
Session ID: 84f568c8f09e2d0c7ad80b235f8dcc11
	at org.openqa.selenium.remote.RemoteWebDriver.execute(RemoteWebDriver.java:571)
	at org.openqa.selenium.remote.ElementLocation$ElementFinder$2.findElement(ElementLocation.java:165)
	at org.openqa.selenium.remote.ElementLocation.findElement(ElementLocation.java:59)
	at org.openqa.selenium.remote.RemoteWebDriver.findElement(RemoteWebDriver.java:367)
	at org.openqa.selenium.remote.RemoteWebDriver.findElement(RemoteWebDriver.java:361)
	at org.openqa.selenium.support.pagefactory.DefaultElementLocator.findElement(DefaultElementLocator.java:68)
	at org.openqa.selenium.support.pagefactory.internal.LocatingElementHandler.invoke(LocatingElementHandler.java:38)
	at jdk.proxy2/jdk.proxy2.$Proxy17.isDisplayed(Unknown Source)
	at org.openqa.selenium.support.ui.ExpectedConditions.elementIfVisible(ExpectedConditions.java:304)
	at org.openqa.selenium.support.ui.ExpectedConditions$10.apply(ExpectedConditions.java:290)
	at org.openqa.selenium.support.ui.ExpectedConditions$10.apply(ExpectedConditions.java:287)
	at org.openqa.selenium.support.ui.FluentWait.until(FluentWait.java:203)
	at pages.CalculatorForm.enterAge(CalculatorForm.java:98)
	at tests.CalculatorFunctionalityTest.sendData(CalculatorFunctionalityTest.java:97)
	at java.base/jdk.internal.reflect.DirectMethodHandleAccessor.invoke(DirectMethodHandleAccessor.java:103)
	at java.base/java.lang.reflect.Method.invoke(Method.java:580)
	at org.testng.internal.invokers.MethodInvocationHelper.invokeMethod(MethodInvocationHelper.java:141)
	at org.testng.internal.invokers.TestInvoker.invokeMethod(TestInvoker.java:687)
	at org.testng.internal.invokers.TestInvoker.invokeTestMethod(TestInvoker.java:230)
	at org.testng.internal.invokers.MethodRunner.runInSequence(MethodRunner.java:63)
	at org.testng.internal.invokers.TestInvoker$MethodInvocationAgent.invoke(TestInvoker.java:995)
	at org.testng.internal.invokers.TestInvoker.invokeTestMethods(TestInvoker.java:203)
	at org.testng.internal.invokers.TestMethodWorker.invokeTestMethods(TestMethodWorker.java:154)
	at org.testng.internal.invokers.TestMethodWorker.run(TestMethodWorker.java:134)
	at java.base/java.util.ArrayList.forEach(ArrayList.java:1596)
	at org.testng.TestRunner.privateRun(TestRunner.java:741)
	at org.testng.TestRunner.run(TestRunner.java:616)
	at org.testng.SuiteRunner.runTest(SuiteRunner.java:421)
	at org.testng.SuiteRunner$SuiteWorker.run(SuiteRunner.java:463)
	at org.testng.internal.thread.ThreadUtil.lambda$execute$0(ThreadUtil.java:64)
	at java.base/java.util.concurrent.FutureTask.run$$$capture(FutureTask.java:317)
	at java.base/java.util.concurrent.FutureTask.run(FutureTask.java)
	at java.base/java.util.concurrent.ThreadPoolExecutor.runWorker(ThreadPoolExecutor.java:1144)
	at java.base/java.util.concurrent.ThreadPoolExecutor$Worker.run(ThreadPoolExecutor.java:642)
	at java.base/java.lang.Thread.run(Thread.java:1583)
Caused by: java.io.UncheckedIOException: java.net.ConnectException
	at org.openqa.selenium.remote.http.jdk.JdkHttpClient.execute0(JdkHttpClient.java:500)
	at org.openqa.selenium.remote.http.AddSeleniumUserAgent.lambda$apply$0(AddSeleniumUserAgent.java:42)
	at org.openqa.selenium.remote.http.Filter.lambda$andFinally$1(Filter.java:55)
	at org.openqa.selenium.remote.http.jdk.JdkHttpClient.lambda$executeAsync$2(JdkHttpClient.java:387)
	at java.base/java.util.concurrent.Executors$RunnableAdapter.call(Executors.java:572)
	... 5 common frames omitted
Caused by: java.net.ConnectException: null
	at java.net.http/jdk.internal.net.http.HttpClientImpl.send(HttpClientImpl.java:951)
	at java.net.http/jdk.internal.net.http.HttpClientFacade.send(HttpClientFacade.java:133)
	at org.openqa.selenium.remote.http.jdk.JdkHttpClient.execute0(JdkHttpClient.java:459)
	... 9 common frames omitted
Caused by: java.net.ConnectException: null
	at java.net.http/jdk.internal.net.http.common.Utils.toConnectException(Utils.java:1028)
	at java.net.http/jdk.internal.net.http.PlainHttpConnection.connectAsync(PlainHttpConnection.java:227)
	at java.net.http/jdk.internal.net.http.PlainHttpConnection.checkRetryConnect(PlainHttpConnection.java:280)
	at java.net.http/jdk.internal.net.http.PlainHttpConnection.lambda$connectAsync$2(PlainHttpConnection.java:238)
	at java.base/java.util.concurrent.CompletableFuture.uniHandle(CompletableFuture.java:934)
	at java.base/java.util.concurrent.CompletableFuture$UniHandle.tryFire(CompletableFuture.java:911)
	at java.base/java.util.concurrent.CompletableFuture.postComplete(CompletableFuture.java:510)
	at java.base/java.util.concurrent.CompletableFuture$AsyncSupply.run$$$capture(CompletableFuture.java:1773)
	at java.base/java.util.concurrent.CompletableFuture$AsyncSupply.run(CompletableFuture.java)
	... 3 common frames omitted
Caused by: java.nio.channels.ClosedChannelException: null
	at java.base/sun.nio.ch.SocketChannelImpl.ensureOpen(SocketChannelImpl.java:202)
	at java.base/sun.nio.ch.SocketChannelImpl.beginConnect(SocketChannelImpl.java:786)
	at java.base/sun.nio.ch.SocketChannelImpl.connect(SocketChannelImpl.java:874)
	at java.net.http/jdk.internal.net.http.PlainHttpConnection.lambda$connectAsync$1(PlainHttpConnection.java:210)
	at java.base/java.security.AccessController.doPrivileged(AccessController.java:571)
	at java.net.http/jdk.internal.net.http.PlainHttpConnection.connectAsync(PlainHttpConnection.java:212)
	... 10 common frames omitted
2026-01-14 16:54:12.489 INFO  listeners.Listener1 - No pre-submit screenshot path provided by the test.
2026-01-14 16:54:12.489 INFO  listeners.Listener1 - No failure screenshot path provided by the test.
2026-01-14 16:54:12.500 INFO  listeners.Listener1 - onTestStart -> sendData
2026-01-14 16:54:12.500 INFO  listeners.Listener1 - Parameters for sendData: [42, 70, 0/100, negative]
2026-01-14 16:54:12.502 INFO  tests.CalculatorFunctionalityTest - Executing data row: age='42', pulse='70', bp='0/100', testType='negative'
2026-01-14 16:54:12.506 ERROR listeners.Listener1 - onTestFailure -> sendData
org.openqa.selenium.remote.UnreachableBrowserException: Error communicating with the remote browser. It may have died.
Build info: version: '4.33.0', revision: '2c6aaad03a'
System info: os.name: 'Windows 11', os.arch: 'amd64', os.version: '10.0', java.version: '21'
Driver info: org.openqa.selenium.chrome.ChromeDriver
Command: [84f568c8f09e2d0c7ad80b235f8dcc11, findElement [using, value]]
Capabilities {acceptInsecureCerts: false, browserName: chrome, browserVersion: 142.0.7444.176, chrome: {chromedriverVersion: 142.0.7444.175 (302067f14a4..., userDataDir: C:\Users\2457157\AppData\Lo...}, fedcm:accounts: true, goog:chromeOptions: {debuggerAddress: localhost:62525}, goog:processID: 30396, networkConnectionEnabled: false, pageLoadStrategy: normal, platformName: windows, proxy: Proxy(), se:cdp: ws://localhost:62525/devtoo..., se:cdpVersion: 142.0.7444.176, setWindowRect: true, strictFileInteractability: false, timeouts: {implicit: 0, pageLoad: 300000, script: 30000}, unhandledPromptBehavior: dismiss and notify, webauthn:extension:credBlob: true, webauthn:extension:largeBlob: true, webauthn:extension:minPinLength: true, webauthn:extension:prf: true, webauthn:virtualAuthenticators: true}
Session ID: 84f568c8f09e2d0c7ad80b235f8dcc11
	at org.openqa.selenium.remote.RemoteWebDriver.execute(RemoteWebDriver.java:571)
	at org.openqa.selenium.remote.ElementLocation$ElementFinder$2.findElement(ElementLocation.java:165)
	at org.openqa.selenium.remote.ElementLocation.findElement(ElementLocation.java:59)
	at org.openqa.selenium.remote.RemoteWebDriver.findElement(RemoteWebDriver.java:367)
	at org.openqa.selenium.remote.RemoteWebDriver.findElement(RemoteWebDriver.java:361)
	at org.openqa.selenium.support.pagefactory.DefaultElementLocator.findElement(DefaultElementLocator.java:68)
	at org.openqa.selenium.support.pagefactory.internal.LocatingElementHandler.invoke(LocatingElementHandler.java:38)
	at jdk.proxy2/jdk.proxy2.$Proxy17.isDisplayed(Unknown Source)
	at org.openqa.selenium.support.ui.ExpectedConditions.elementIfVisible(ExpectedConditions.java:304)
	at org.openqa.selenium.support.ui.ExpectedConditions$10.apply(ExpectedConditions.java:290)
	at org.openqa.selenium.support.ui.ExpectedConditions$10.apply(ExpectedConditions.java:287)
	at org.openqa.selenium.support.ui.FluentWait.until(FluentWait.java:203)
	at pages.CalculatorForm.enterAge(CalculatorForm.java:98)
	at tests.CalculatorFunctionalityTest.sendData(CalculatorFunctionalityTest.java:97)
	at java.base/jdk.internal.reflect.DirectMethodHandleAccessor.invoke(DirectMethodHandleAccessor.java:103)
	at java.base/java.lang.reflect.Method.invoke(Method.java:580)
	at org.testng.internal.invokers.MethodInvocationHelper.invokeMethod(MethodInvocationHelper.java:141)
	at org.testng.internal.invokers.TestInvoker.invokeMethod(TestInvoker.java:687)
	at org.testng.internal.invokers.TestInvoker.invokeTestMethod(TestInvoker.java:230)
	at org.testng.internal.invokers.MethodRunner.runInSequence(MethodRunner.java:63)
	at org.testng.internal.invokers.TestInvoker$MethodInvocationAgent.invoke(TestInvoker.java:995)
	at org.testng.internal.invokers.TestInvoker.invokeTestMethods(TestInvoker.java:203)
	at org.testng.internal.invokers.TestMethodWorker.invokeTestMethods(TestMethodWorker.java:154)
	at org.testng.internal.invokers.TestMethodWorker.run(TestMethodWorker.java:134)
	at java.base/java.util.ArrayList.forEach(ArrayList.java:1596)
	at org.testng.TestRunner.privateRun(TestRunner.java:741)
	at org.testng.TestRunner.run(TestRunner.java:616)
	at org.testng.SuiteRunner.runTest(SuiteRunner.java:421)
	at org.testng.SuiteRunner$SuiteWorker.run(SuiteRunner.java:463)
	at org.testng.internal.thread.ThreadUtil.lambda$execute$0(ThreadUtil.java:64)
	at java.base/java.util.concurrent.FutureTask.run$$$capture(FutureTask.java:317)
	at java.base/java.util.concurrent.FutureTask.run(FutureTask.java)
	at java.base/java.util.concurrent.ThreadPoolExecutor.runWorker(ThreadPoolExecutor.java:1144)
	at java.base/java.util.concurrent.ThreadPoolExecutor$Worker.run(ThreadPoolExecutor.java:642)
	at java.base/java.lang.Thread.run(Thread.java:1583)
Caused by: java.io.UncheckedIOException: java.net.ConnectException
	at org.openqa.selenium.remote.http.jdk.JdkHttpClient.execute0(JdkHttpClient.java:500)
	at org.openqa.selenium.remote.http.AddSeleniumUserAgent.lambda$apply$0(AddSeleniumUserAgent.java:42)
	at org.openqa.selenium.remote.http.Filter.lambda$andFinally$1(Filter.java:55)
	at org.openqa.selenium.remote.http.jdk.JdkHttpClient.lambda$executeAsync$2(JdkHttpClient.java:387)
	at java.base/java.util.concurrent.Executors$RunnableAdapter.call(Executors.java:572)
	... 5 common frames omitted
Caused by: java.net.ConnectException: null
	at java.net.http/jdk.internal.net.http.HttpClientImpl.send(HttpClientImpl.java:951)
	at java.net.http/jdk.internal.net.http.HttpClientFacade.send(HttpClientFacade.java:133)
	at org.openqa.selenium.remote.http.jdk.JdkHttpClient.execute0(JdkHttpClient.java:459)
	... 9 common frames omitted
Caused by: java.net.ConnectException: null
	at java.net.http/jdk.internal.net.http.common.Utils.toConnectException(Utils.java:1028)
	at java.net.http/jdk.internal.net.http.PlainHttpConnection.connectAsync(PlainHttpConnection.java:227)
	at java.net.http/jdk.internal.net.http.PlainHttpConnection.checkRetryConnect(PlainHttpConnection.java:280)
	at java.net.http/jdk.internal.net.http.PlainHttpConnection.lambda$connectAsync$2(PlainHttpConnection.java:238)
	at java.base/java.util.concurrent.CompletableFuture.uniHandle(CompletableFuture.java:934)
	at java.base/java.util.concurrent.CompletableFuture$UniHandle.tryFire(CompletableFuture.java:911)
	at java.base/java.util.concurrent.CompletableFuture.postComplete(CompletableFuture.java:510)
	at java.base/java.util.concurrent.CompletableFuture$AsyncSupply.run$$$capture(CompletableFuture.java:1773)
	at java.base/java.util.concurrent.CompletableFuture$AsyncSupply.run(CompletableFuture.java)
	... 3 common frames omitted
Caused by: java.nio.channels.ClosedChannelException: null
	at java.base/sun.nio.ch.SocketChannelImpl.ensureOpen(SocketChannelImpl.java:202)
	at java.base/sun.nio.ch.SocketChannelImpl.beginConnect(SocketChannelImpl.java:786)
	at java.base/sun.nio.ch.SocketChannelImpl.connect(SocketChannelImpl.java:874)
	at java.net.http/jdk.internal.net.http.PlainHttpConnection.lambda$connectAsync$1(PlainHttpConnection.java:210)
	at java.base/java.security.AccessController.doPrivileged(AccessController.java:571)
	at java.net.http/jdk.internal.net.http.PlainHttpConnection.connectAsync(PlainHttpConnection.java:212)
	... 10 common frames omitted
2026-01-14 16:54:12.506 INFO  listeners.Listener1 - No pre-submit screenshot path provided by the test.
2026-01-14 16:54:12.506 INFO  listeners.Listener1 - No failure screenshot path provided by the test.
2026-01-14 16:54:12.524 INFO  listeners.Listener1 - onTestStart -> sendData
2026-01-14 16:54:12.525 INFO  listeners.Listener1 - Parameters for sendData: [55, 100, 122/0, negative]
2026-01-14 16:54:12.525 INFO  tests.CalculatorFunctionalityTest - Executing data row: age='55', pulse='100', bp='122/0', testType='negative'
2026-01-14 16:54:12.533 ERROR listeners.Listener1 - onTestFailure -> sendData
org.openqa.selenium.remote.UnreachableBrowserException: Error communicating with the remote browser. It may have died.
Build info: version: '4.33.0', revision: '2c6aaad03a'
System info: os.name: 'Windows 11', os.arch: 'amd64', os.version: '10.0', java.version: '21'
Driver info: org.openqa.selenium.chrome.ChromeDriver
Command: [84f568c8f09e2d0c7ad80b235f8dcc11, findElement [using, value]]
Capabilities {acceptInsecureCerts: false, browserName: chrome, browserVersion: 142.0.7444.176, chrome: {chromedriverVersion: 142.0.7444.175 (302067f14a4..., userDataDir: C:\Users\2457157\AppData\Lo...}, fedcm:accounts: true, goog:chromeOptions: {debuggerAddress: localhost:62525}, goog:processID: 30396, networkConnectionEnabled: false, pageLoadStrategy: normal, platformName: windows, proxy: Proxy(), se:cdp: ws://localhost:62525/devtoo..., se:cdpVersion: 142.0.7444.176, setWindowRect: true, strictFileInteractability: false, timeouts: {implicit: 0, pageLoad: 300000, script: 30000}, unhandledPromptBehavior: dismiss and notify, webauthn:extension:credBlob: true, webauthn:extension:largeBlob: true, webauthn:extension:minPinLength: true, webauthn:extension:prf: true, webauthn:virtualAuthenticators: true}
Session ID: 84f568c8f09e2d0c7ad80b235f8dcc11
	at org.openqa.selenium.remote.RemoteWebDriver.execute(RemoteWebDriver.java:571)
	at org.openqa.selenium.remote.ElementLocation$ElementFinder$2.findElement(ElementLocation.java:165)
	at org.openqa.selenium.remote.ElementLocation.findElement(ElementLocation.java:59)
	at org.openqa.selenium.remote.RemoteWebDriver.findElement(RemoteWebDriver.java:367)
	at org.openqa.selenium.remote.RemoteWebDriver.findElement(RemoteWebDriver.java:361)
	at org.openqa.selenium.support.pagefactory.DefaultElementLocator.findElement(DefaultElementLocator.java:68)
	at org.openqa.selenium.support.pagefactory.internal.LocatingElementHandler.invoke(LocatingElementHandler.java:38)
	at jdk.proxy2/jdk.proxy2.$Proxy17.isDisplayed(Unknown Source)
	at org.openqa.selenium.support.ui.ExpectedConditions.elementIfVisible(ExpectedConditions.java:304)
	at org.openqa.selenium.support.ui.ExpectedConditions$10.apply(ExpectedConditions.java:290)
	at org.openqa.selenium.support.ui.ExpectedConditions$10.apply(ExpectedConditions.java:287)
	at org.openqa.selenium.support.ui.FluentWait.until(FluentWait.java:203)
	at pages.CalculatorForm.enterAge(CalculatorForm.java:98)
	at tests.CalculatorFunctionalityTest.sendData(CalculatorFunctionalityTest.java:97)
	at java.base/jdk.internal.reflect.DirectMethodHandleAccessor.invoke(DirectMethodHandleAccessor.java:103)
	at java.base/java.lang.reflect.Method.invoke(Method.java:580)
	at org.testng.internal.invokers.MethodInvocationHelper.invokeMethod(MethodInvocationHelper.java:141)
	at org.testng.internal.invokers.TestInvoker.invokeMethod(TestInvoker.java:687)
	at org.testng.internal.invokers.TestInvoker.invokeTestMethod(TestInvoker.java:230)
	at org.testng.internal.invokers.MethodRunner.runInSequence(MethodRunner.java:63)
	at org.testng.internal.invokers.TestInvoker$MethodInvocationAgent.invoke(TestInvoker.java:995)
	at org.testng.internal.invokers.TestInvoker.invokeTestMethods(TestInvoker.java:203)
	at org.testng.internal.invokers.TestMethodWorker.invokeTestMethods(TestMethodWorker.java:154)
	at org.testng.internal.invokers.TestMethodWorker.run(TestMethodWorker.java:134)
	at java.base/java.util.ArrayList.forEach(ArrayList.java:1596)
	at org.testng.TestRunner.privateRun(TestRunner.java:741)
	at org.testng.TestRunner.run(TestRunner.java:616)
	at org.testng.SuiteRunner.runTest(SuiteRunner.java:421)
	at org.testng.SuiteRunner$SuiteWorker.run(SuiteRunner.java:463)
	at org.testng.internal.thread.ThreadUtil.lambda$execute$0(ThreadUtil.java:64)
	at java.base/java.util.concurrent.FutureTask.run$$$capture(FutureTask.java:317)
	at java.base/java.util.concurrent.FutureTask.run(FutureTask.java)
	at java.base/java.util.concurrent.ThreadPoolExecutor.runWorker(ThreadPoolExecutor.java:1144)
	at java.base/java.util.concurrent.ThreadPoolExecutor$Worker.run(ThreadPoolExecutor.java:642)
	at java.base/java.lang.Thread.run(Thread.java:1583)
Caused by: java.io.UncheckedIOException: java.net.ConnectException
	at org.openqa.selenium.remote.http.jdk.JdkHttpClient.execute0(JdkHttpClient.java:500)
	at org.openqa.selenium.remote.http.AddSeleniumUserAgent.lambda$apply$0(AddSeleniumUserAgent.java:42)
	at org.openqa.selenium.remote.http.Filter.lambda$andFinally$1(Filter.java:55)
	at org.openqa.selenium.remote.http.jdk.JdkHttpClient.lambda$executeAsync$2(JdkHttpClient.java:387)
	at java.base/java.util.concurrent.Executors$RunnableAdapter.call(Executors.java:572)
	... 5 common frames omitted
Caused by: java.net.ConnectException: null
	at java.net.http/jdk.internal.net.http.HttpClientImpl.send(HttpClientImpl.java:951)
	at java.net.http/jdk.internal.net.http.HttpClientFacade.send(HttpClientFacade.java:133)
	at org.openqa.selenium.remote.http.jdk.JdkHttpClient.execute0(JdkHttpClient.java:459)
	... 9 common frames omitted
Caused by: java.net.ConnectException: null
	at java.net.http/jdk.internal.net.http.common.Utils.toConnectException(Utils.java:1028)
	at java.net.http/jdk.internal.net.http.PlainHttpConnection.connectAsync(PlainHttpConnection.java:227)
	at java.net.http/jdk.internal.net.http.PlainHttpConnection.checkRetryConnect(PlainHttpConnection.java:280)
	at java.net.http/jdk.internal.net.http.PlainHttpConnection.lambda$connectAsync$2(PlainHttpConnection.java:238)
	at java.base/java.util.concurrent.CompletableFuture.uniHandle(CompletableFuture.java:934)
	at java.base/java.util.concurrent.CompletableFuture$UniHandle.tryFire(CompletableFuture.java:911)
	at java.base/java.util.concurrent.CompletableFuture.postComplete(CompletableFuture.java:510)
	at java.base/java.util.concurrent.CompletableFuture$AsyncSupply.run$$$capture(CompletableFuture.java:1773)
	at java.base/java.util.concurrent.CompletableFuture$AsyncSupply.run(CompletableFuture.java)
	... 3 common frames omitted
Caused by: java.nio.channels.ClosedChannelException: null
	at java.base/sun.nio.ch.SocketChannelImpl.ensureOpen(SocketChannelImpl.java:202)
	at java.base/sun.nio.ch.SocketChannelImpl.beginConnect(SocketChannelImpl.java:786)
	at java.base/sun.nio.ch.SocketChannelImpl.connect(SocketChannelImpl.java:874)
	at java.net.http/jdk.internal.net.http.PlainHttpConnection.lambda$connectAsync$1(PlainHttpConnection.java:210)
	at java.base/java.security.AccessController.doPrivileged(AccessController.java:571)
	at java.net.http/jdk.internal.net.http.PlainHttpConnection.connectAsync(PlainHttpConnection.java:212)
	... 10 common frames omitted
2026-01-14 16:54:12.540 INFO  listeners.Listener1 - No pre-submit screenshot path provided by the test.
2026-01-14 16:54:12.540 INFO  listeners.Listener1 - No failure screenshot path provided by the test.
2026-01-14 16:54:12.558 INFO  listeners.Listener1 - onTestStart -> sendData
2026-01-14 16:54:12.558 INFO  listeners.Listener1 - Parameters for sendData: [63, 65, 120/120, negative]
2026-01-14 16:54:12.560 INFO  tests.CalculatorFunctionalityTest - Executing data row: age='63', pulse='65', bp='120/120', testType='negative'
2026-01-14 16:54:12.567 ERROR listeners.Listener1 - onTestFailure -> sendData
org.openqa.selenium.remote.UnreachableBrowserException: Error communicating with the remote browser. It may have died.
Build info: version: '4.33.0', revision: '2c6aaad03a'
System info: os.name: 'Windows 11', os.arch: 'amd64', os.version: '10.0', java.version: '21'
Driver info: org.openqa.selenium.chrome.ChromeDriver
Command: [84f568c8f09e2d0c7ad80b235f8dcc11, findElement [using, value]]
Capabilities {acceptInsecureCerts: false, browserName: chrome, browserVersion: 142.0.7444.176, chrome: {chromedriverVersion: 142.0.7444.175 (302067f14a4..., userDataDir: C:\Users\2457157\AppData\Lo...}, fedcm:accounts: true, goog:chromeOptions: {debuggerAddress: localhost:62525}, goog:processID: 30396, networkConnectionEnabled: false, pageLoadStrategy: normal, platformName: windows, proxy: Proxy(), se:cdp: ws://localhost:62525/devtoo..., se:cdpVersion: 142.0.7444.176, setWindowRect: true, strictFileInteractability: false, timeouts: {implicit: 0, pageLoad: 300000, script: 30000}, unhandledPromptBehavior: dismiss and notify, webauthn:extension:credBlob: true, webauthn:extension:largeBlob: true, webauthn:extension:minPinLength: true, webauthn:extension:prf: true, webauthn:virtualAuthenticators: true}
Session ID: 84f568c8f09e2d0c7ad80b235f8dcc11
	at org.openqa.selenium.remote.RemoteWebDriver.execute(RemoteWebDriver.java:571)
	at org.openqa.selenium.remote.ElementLocation$ElementFinder$2.findElement(ElementLocation.java:165)
	at org.openqa.selenium.remote.ElementLocation.findElement(ElementLocation.java:59)
	at org.openqa.selenium.remote.RemoteWebDriver.findElement(RemoteWebDriver.java:367)
	at org.openqa.selenium.remote.RemoteWebDriver.findElement(RemoteWebDriver.java:361)
	at org.openqa.selenium.support.pagefactory.DefaultElementLocator.findElement(DefaultElementLocator.java:68)
	at org.openqa.selenium.support.pagefactory.internal.LocatingElementHandler.invoke(LocatingElementHandler.java:38)
	at jdk.proxy2/jdk.proxy2.$Proxy17.isDisplayed(Unknown Source)
	at org.openqa.selenium.support.ui.ExpectedConditions.elementIfVisible(ExpectedConditions.java:304)
	at org.openqa.selenium.support.ui.ExpectedConditions$10.apply(ExpectedConditions.java:290)
	at org.openqa.selenium.support.ui.ExpectedConditions$10.apply(ExpectedConditions.java:287)
	at org.openqa.selenium.support.ui.FluentWait.until(FluentWait.java:203)
	at pages.CalculatorForm.enterAge(CalculatorForm.java:98)
	at tests.CalculatorFunctionalityTest.sendData(CalculatorFunctionalityTest.java:97)
	at java.base/jdk.internal.reflect.DirectMethodHandleAccessor.invoke(DirectMethodHandleAccessor.java:103)
	at java.base/java.lang.reflect.Method.invoke(Method.java:580)
	at org.testng.internal.invokers.MethodInvocationHelper.invokeMethod(MethodInvocationHelper.java:141)
	at org.testng.internal.invokers.TestInvoker.invokeMethod(TestInvoker.java:687)
	at org.testng.internal.invokers.TestInvoker.invokeTestMethod(TestInvoker.java:230)
	at org.testng.internal.invokers.MethodRunner.runInSequence(MethodRunner.java:63)
	at org.testng.internal.invokers.TestInvoker$MethodInvocationAgent.invoke(TestInvoker.java:995)
	at org.testng.internal.invokers.TestInvoker.invokeTestMethods(TestInvoker.java:203)
	at org.testng.internal.invokers.TestMethodWorker.invokeTestMethods(TestMethodWorker.java:154)
	at org.testng.internal.invokers.TestMethodWorker.run(TestMethodWorker.java:134)
	at java.base/java.util.ArrayList.forEach(ArrayList.java:1596)
	at org.testng.TestRunner.privateRun(TestRunner.java:741)
	at org.testng.TestRunner.run(TestRunner.java:616)
	at org.testng.SuiteRunner.runTest(SuiteRunner.java:421)
	at org.testng.SuiteRunner$SuiteWorker.run(SuiteRunner.java:463)
	at org.testng.internal.thread.ThreadUtil.lambda$execute$0(ThreadUtil.java:64)
	at java.base/java.util.concurrent.FutureTask.run$$$capture(FutureTask.java:317)
	at java.base/java.util.concurrent.FutureTask.run(FutureTask.java)
	at java.base/java.util.concurrent.ThreadPoolExecutor.runWorker(ThreadPoolExecutor.java:1144)
	at java.base/java.util.concurrent.ThreadPoolExecutor$Worker.run(ThreadPoolExecutor.java:642)
	at java.base/java.lang.Thread.run(Thread.java:1583)
Caused by: java.io.UncheckedIOException: java.net.ConnectException
	at org.openqa.selenium.remote.http.jdk.JdkHttpClient.execute0(JdkHttpClient.java:500)
	at org.openqa.selenium.remote.http.AddSeleniumUserAgent.lambda$apply$0(AddSeleniumUserAgent.java:42)
	at org.openqa.selenium.remote.http.Filter.lambda$andFinally$1(Filter.java:55)
	at org.openqa.selenium.remote.http.jdk.JdkHttpClient.lambda$executeAsync$2(JdkHttpClient.java:387)
	at java.base/java.util.concurrent.Executors$RunnableAdapter.call(Executors.java:572)
	... 5 common frames omitted
Caused by: java.net.ConnectException: null
	at java.net.http/jdk.internal.net.http.HttpClientImpl.send(HttpClientImpl.java:951)
	at java.net.http/jdk.internal.net.http.HttpClientFacade.send(HttpClientFacade.java:133)
	at org.openqa.selenium.remote.http.jdk.JdkHttpClient.execute0(JdkHttpClient.java:459)
	... 9 common frames omitted
Caused by: java.net.ConnectException: null
	at java.net.http/jdk.internal.net.http.common.Utils.toConnectException(Utils.java:1028)
	at java.net.http/jdk.internal.net.http.PlainHttpConnection.connectAsync(PlainHttpConnection.java:227)
	at java.net.http/jdk.internal.net.http.PlainHttpConnection.checkRetryConnect(PlainHttpConnection.java:280)
	at java.net.http/jdk.internal.net.http.PlainHttpConnection.lambda$connectAsync$2(PlainHttpConnection.java:238)
	at java.base/java.util.concurrent.CompletableFuture.uniHandle(CompletableFuture.java:934)
	at java.base/java.util.concurrent.CompletableFuture$UniHandle.tryFire(CompletableFuture.java:911)
	at java.base/java.util.concurrent.CompletableFuture.postComplete(CompletableFuture.java:510)
	at java.base/java.util.concurrent.CompletableFuture$AsyncSupply.run$$$capture(CompletableFuture.java:1773)
	at java.base/java.util.concurrent.CompletableFuture$AsyncSupply.run(CompletableFuture.java)
	... 3 common frames omitted
Caused by: java.nio.channels.ClosedChannelException: null
	at java.base/sun.nio.ch.SocketChannelImpl.ensureOpen(SocketChannelImpl.java:202)
	at java.base/sun.nio.ch.SocketChannelImpl.beginConnect(SocketChannelImpl.java:786)
	at java.base/sun.nio.ch.SocketChannelImpl.connect(SocketChannelImpl.java:874)
	at java.net.http/jdk.internal.net.http.PlainHttpConnection.lambda$connectAsync$1(PlainHttpConnection.java:210)
	at java.base/java.security.AccessController.doPrivileged(AccessController.java:571)
	at java.net.http/jdk.internal.net.http.PlainHttpConnection.connectAsync(PlainHttpConnection.java:212)
	... 10 common frames omitted
2026-01-14 16:54:12.572 INFO  listeners.Listener1 - No pre-submit screenshot path provided by the test.
2026-01-14 16:54:12.572 INFO  listeners.Listener1 - No failure screenshot path provided by the test.
2026-01-14 16:54:12.583 INFO  listeners.Listener1 - onTestStart -> sendData
2026-01-14 16:54:12.583 INFO  listeners.Listener1 - Parameters for sendData: [29, 75, 120/, negative]
2026-01-14 16:54:12.583 INFO  tests.CalculatorFunctionalityTest - Executing data row: age='29', pulse='75', bp='120/', testType='negative'
2026-01-14 16:54:12.589 ERROR listeners.Listener1 - onTestFailure -> sendData
org.openqa.selenium.remote.UnreachableBrowserException: Error communicating with the remote browser. It may have died.
Build info: version: '4.33.0', revision: '2c6aaad03a'
System info: os.name: 'Windows 11', os.arch: 'amd64', os.version: '10.0', java.version: '21'
Driver info: org.openqa.selenium.chrome.ChromeDriver
Command: [84f568c8f09e2d0c7ad80b235f8dcc11, findElement [using, value]]
Capabilities {acceptInsecureCerts: false, browserName: chrome, browserVersion: 142.0.7444.176, chrome: {chromedriverVersion: 142.0.7444.175 (302067f14a4..., userDataDir: C:\Users\2457157\AppData\Lo...}, fedcm:accounts: true, goog:chromeOptions: {debuggerAddress: localhost:62525}, goog:processID: 30396, networkConnectionEnabled: false, pageLoadStrategy: normal, platformName: windows, proxy: Proxy(), se:cdp: ws://localhost:62525/devtoo..., se:cdpVersion: 142.0.7444.176, setWindowRect: true, strictFileInteractability: false, timeouts: {implicit: 0, pageLoad: 300000, script: 30000}, unhandledPromptBehavior: dismiss and notify, webauthn:extension:credBlob: true, webauthn:extension:largeBlob: true, webauthn:extension:minPinLength: true, webauthn:extension:prf: true, webauthn:virtualAuthenticators: true}
Session ID: 84f568c8f09e2d0c7ad80b235f8dcc11
	at org.openqa.selenium.remote.RemoteWebDriver.execute(RemoteWebDriver.java:571)
	at org.openqa.selenium.remote.ElementLocation$ElementFinder$2.findElement(ElementLocation.java:165)
	at org.openqa.selenium.remote.ElementLocation.findElement(ElementLocation.java:59)
	at org.openqa.selenium.remote.RemoteWebDriver.findElement(RemoteWebDriver.java:367)
	at org.openqa.selenium.remote.RemoteWebDriver.findElement(RemoteWebDriver.java:361)
	at org.openqa.selenium.support.pagefactory.DefaultElementLocator.findElement(DefaultElementLocator.java:68)
	at org.openqa.selenium.support.pagefactory.internal.LocatingElementHandler.invoke(LocatingElementHandler.java:38)
	at jdk.proxy2/jdk.proxy2.$Proxy17.isDisplayed(Unknown Source)
	at org.openqa.selenium.support.ui.ExpectedConditions.elementIfVisible(ExpectedConditions.java:304)
	at org.openqa.selenium.support.ui.ExpectedConditions$10.apply(ExpectedConditions.java:290)
	at org.openqa.selenium.support.ui.ExpectedConditions$10.apply(ExpectedConditions.java:287)
	at org.openqa.selenium.support.ui.FluentWait.until(FluentWait.java:203)
	at pages.CalculatorForm.enterAge(CalculatorForm.java:98)
	at tests.CalculatorFunctionalityTest.sendData(CalculatorFunctionalityTest.java:97)
	at java.base/jdk.internal.reflect.DirectMethodHandleAccessor.invoke(DirectMethodHandleAccessor.java:103)
	at java.base/java.lang.reflect.Method.invoke(Method.java:580)
	at org.testng.internal.invokers.MethodInvocationHelper.invokeMethod(MethodInvocationHelper.java:141)
	at org.testng.internal.invokers.TestInvoker.invokeMethod(TestInvoker.java:687)
	at org.testng.internal.invokers.TestInvoker.invokeTestMethod(TestInvoker.java:230)
	at org.testng.internal.invokers.MethodRunner.runInSequence(MethodRunner.java:63)
	at org.testng.internal.invokers.TestInvoker$MethodInvocationAgent.invoke(TestInvoker.java:995)
	at org.testng.internal.invokers.TestInvoker.invokeTestMethods(TestInvoker.java:203)
	at org.testng.internal.invokers.TestMethodWorker.invokeTestMethods(TestMethodWorker.java:154)
	at org.testng.internal.invokers.TestMethodWorker.run(TestMethodWorker.java:134)
	at java.base/java.util.ArrayList.forEach(ArrayList.java:1596)
	at org.testng.TestRunner.privateRun(TestRunner.java:741)
	at org.testng.TestRunner.run(TestRunner.java:616)
	at org.testng.SuiteRunner.runTest(SuiteRunner.java:421)
	at org.testng.SuiteRunner$SuiteWorker.run(SuiteRunner.java:463)
	at org.testng.internal.thread.ThreadUtil.lambda$execute$0(ThreadUtil.java:64)
	at java.base/java.util.concurrent.FutureTask.run$$$capture(FutureTask.java:317)
	at java.base/java.util.concurrent.FutureTask.run(FutureTask.java)
	at java.base/java.util.concurrent.ThreadPoolExecutor.runWorker(ThreadPoolExecutor.java:1144)
	at java.base/java.util.concurrent.ThreadPoolExecutor$Worker.run(ThreadPoolExecutor.java:642)
	at java.base/java.lang.Thread.run(Thread.java:1583)
Caused by: java.io.UncheckedIOException: java.net.ConnectException
	at org.openqa.selenium.remote.http.jdk.JdkHttpClient.execute0(JdkHttpClient.java:500)
	at org.openqa.selenium.remote.http.AddSeleniumUserAgent.lambda$apply$0(AddSeleniumUserAgent.java:42)
	at org.openqa.selenium.remote.http.Filter.lambda$andFinally$1(Filter.java:55)
	at org.openqa.selenium.remote.http.jdk.JdkHttpClient.lambda$executeAsync$2(JdkHttpClient.java:387)
	at java.base/java.util.concurrent.Executors$RunnableAdapter.call(Executors.java:572)
	... 5 common frames omitted
Caused by: java.net.ConnectException: null
	at java.net.http/jdk.internal.net.http.HttpClientImpl.send(HttpClientImpl.java:951)
	at java.net.http/jdk.internal.net.http.HttpClientFacade.send(HttpClientFacade.java:133)
	at org.openqa.selenium.remote.http.jdk.JdkHttpClient.execute0(JdkHttpClient.java:459)
	... 9 common frames omitted
Caused by: java.net.ConnectException: null
	at java.net.http/jdk.internal.net.http.common.Utils.toConnectException(Utils.java:1028)
	at java.net.http/jdk.internal.net.http.PlainHttpConnection.connectAsync(PlainHttpConnection.java:227)
	at java.net.http/jdk.internal.net.http.PlainHttpConnection.checkRetryConnect(PlainHttpConnection.java:280)
	at java.net.http/jdk.internal.net.http.PlainHttpConnection.lambda$connectAsync$2(PlainHttpConnection.java:238)
	at java.base/java.util.concurrent.CompletableFuture.uniHandle(CompletableFuture.java:934)
	at java.base/java.util.concurrent.CompletableFuture$UniHandle.tryFire(CompletableFuture.java:911)
	at java.base/java.util.concurrent.CompletableFuture.postComplete(CompletableFuture.java:510)
	at java.base/java.util.concurrent.CompletableFuture$AsyncSupply.run$$$capture(CompletableFuture.java:1773)
	at java.base/java.util.concurrent.CompletableFuture$AsyncSupply.run(CompletableFuture.java)
	... 3 common frames omitted
Caused by: java.nio.channels.ClosedChannelException: null
	at java.base/sun.nio.ch.SocketChannelImpl.ensureOpen(SocketChannelImpl.java:202)
	at java.base/sun.nio.ch.SocketChannelImpl.beginConnect(SocketChannelImpl.java:786)
	at java.base/sun.nio.ch.SocketChannelImpl.connect(SocketChannelImpl.java:874)
	at java.net.http/jdk.internal.net.http.PlainHttpConnection.lambda$connectAsync$1(PlainHttpConnection.java:210)
	at java.base/java.security.AccessController.doPrivileged(AccessController.java:571)
	at java.net.http/jdk.internal.net.http.PlainHttpConnection.connectAsync(PlainHttpConnection.java:212)
	... 10 common frames omitted
2026-01-14 16:54:12.594 INFO  listeners.Listener1 - No pre-submit screenshot path provided by the test.
2026-01-14 16:54:12.594 INFO  listeners.Listener1 - No failure screenshot path provided by the test.
2026-01-14 16:54:12.607 INFO  listeners.Listener1 - onTestStart -> sendData
2026-01-14 16:54:12.607 INFO  listeners.Listener1 - Parameters for sendData: [31, 68, /80, negative]
2026-01-14 16:54:12.609 INFO  tests.CalculatorFunctionalityTest - Executing data row: age='31', pulse='68', bp='/80', testType='negative'
2026-01-14 16:54:12.617 ERROR listeners.Listener1 - onTestFailure -> sendData
org.openqa.selenium.remote.UnreachableBrowserException: Error communicating with the remote browser. It may have died.
Build info: version: '4.33.0', revision: '2c6aaad03a'
System info: os.name: 'Windows 11', os.arch: 'amd64', os.version: '10.0', java.version: '21'
Driver info: org.openqa.selenium.chrome.ChromeDriver
Command: [84f568c8f09e2d0c7ad80b235f8dcc11, findElement [using, value]]
Capabilities {acceptInsecureCerts: false, browserName: chrome, browserVersion: 142.0.7444.176, chrome: {chromedriverVersion: 142.0.7444.175 (302067f14a4..., userDataDir: C:\Users\2457157\AppData\Lo...}, fedcm:accounts: true, goog:chromeOptions: {debuggerAddress: localhost:62525}, goog:processID: 30396, networkConnectionEnabled: false, pageLoadStrategy: normal, platformName: windows, proxy: Proxy(), se:cdp: ws://localhost:62525/devtoo..., se:cdpVersion: 142.0.7444.176, setWindowRect: true, strictFileInteractability: false, timeouts: {implicit: 0, pageLoad: 300000, script: 30000}, unhandledPromptBehavior: dismiss and notify, webauthn:extension:credBlob: true, webauthn:extension:largeBlob: true, webauthn:extension:minPinLength: true, webauthn:extension:prf: true, webauthn:virtualAuthenticators: true}
Session ID: 84f568c8f09e2d0c7ad80b235f8dcc11
	at org.openqa.selenium.remote.RemoteWebDriver.execute(RemoteWebDriver.java:571)
	at org.openqa.selenium.remote.ElementLocation$ElementFinder$2.findElement(ElementLocation.java:165)
	at org.openqa.selenium.remote.ElementLocation.findElement(ElementLocation.java:59)
	at org.openqa.selenium.remote.RemoteWebDriver.findElement(RemoteWebDriver.java:367)
	at org.openqa.selenium.remote.RemoteWebDriver.findElement(RemoteWebDriver.java:361)
	at org.openqa.selenium.support.pagefactory.DefaultElementLocator.findElement(DefaultElementLocator.java:68)
	at org.openqa.selenium.support.pagefactory.internal.LocatingElementHandler.invoke(LocatingElementHandler.java:38)
	at jdk.proxy2/jdk.proxy2.$Proxy17.isDisplayed(Unknown Source)
	at org.openqa.selenium.support.ui.ExpectedConditions.elementIfVisible(ExpectedConditions.java:304)
	at org.openqa.selenium.support.ui.ExpectedConditions$10.apply(ExpectedConditions.java:290)
	at org.openqa.selenium.support.ui.ExpectedConditions$10.apply(ExpectedConditions.java:287)
	at org.openqa.selenium.support.ui.FluentWait.until(FluentWait.java:203)
	at pages.CalculatorForm.enterAge(CalculatorForm.java:98)
	at tests.CalculatorFunctionalityTest.sendData(CalculatorFunctionalityTest.java:97)
	at java.base/jdk.internal.reflect.DirectMethodHandleAccessor.invoke(DirectMethodHandleAccessor.java:103)
	at java.base/java.lang.reflect.Method.invoke(Method.java:580)
	at org.testng.internal.invokers.MethodInvocationHelper.invokeMethod(MethodInvocationHelper.java:141)
	at org.testng.internal.invokers.TestInvoker.invokeMethod(TestInvoker.java:687)
	at org.testng.internal.invokers.TestInvoker.invokeTestMethod(TestInvoker.java:230)
	at org.testng.internal.invokers.MethodRunner.runInSequence(MethodRunner.java:63)
	at org.testng.internal.invokers.TestInvoker$MethodInvocationAgent.invoke(TestInvoker.java:995)
	at org.testng.internal.invokers.TestInvoker.invokeTestMethods(TestInvoker.java:203)
	at org.testng.internal.invokers.TestMethodWorker.invokeTestMethods(TestMethodWorker.java:154)
	at org.testng.internal.invokers.TestMethodWorker.run(TestMethodWorker.java:134)
	at java.base/java.util.ArrayList.forEach(ArrayList.java:1596)
	at org.testng.TestRunner.privateRun(TestRunner.java:741)
	at org.testng.TestRunner.run(TestRunner.java:616)
	at org.testng.SuiteRunner.runTest(SuiteRunner.java:421)
	at org.testng.SuiteRunner$SuiteWorker.run(SuiteRunner.java:463)
	at org.testng.internal.thread.ThreadUtil.lambda$execute$0(ThreadUtil.java:64)
	at java.base/java.util.concurrent.FutureTask.run$$$capture(FutureTask.java:317)
	at java.base/java.util.concurrent.FutureTask.run(FutureTask.java)
	at java.base/java.util.concurrent.ThreadPoolExecutor.runWorker(ThreadPoolExecutor.java:1144)
	at java.base/java.util.concurrent.ThreadPoolExecutor$Worker.run(ThreadPoolExecutor.java:642)
	at java.base/java.lang.Thread.run(Thread.java:1583)
Caused by: java.io.UncheckedIOException: java.net.ConnectException
	at org.openqa.selenium.remote.http.jdk.JdkHttpClient.execute0(JdkHttpClient.java:500)
	at org.openqa.selenium.remote.http.AddSeleniumUserAgent.lambda$apply$0(AddSeleniumUserAgent.java:42)
	at org.openqa.selenium.remote.http.Filter.lambda$andFinally$1(Filter.java:55)
	at org.openqa.selenium.remote.http.jdk.JdkHttpClient.lambda$executeAsync$2(JdkHttpClient.java:387)
	at java.base/java.util.concurrent.Executors$RunnableAdapter.call(Executors.java:572)
	... 5 common frames omitted
Caused by: java.net.ConnectException: null
	at java.net.http/jdk.internal.net.http.HttpClientImpl.send(HttpClientImpl.java:951)
	at java.net.http/jdk.internal.net.http.HttpClientFacade.send(HttpClientFacade.java:133)
	at org.openqa.selenium.remote.http.jdk.JdkHttpClient.execute0(JdkHttpClient.java:459)
	... 9 common frames omitted
Caused by: java.net.ConnectException: null
	at java.net.http/jdk.internal.net.http.common.Utils.toConnectException(Utils.java:1028)
	at java.net.http/jdk.internal.net.http.PlainHttpConnection.connectAsync(PlainHttpConnection.java:227)
	at java.net.http/jdk.internal.net.http.PlainHttpConnection.checkRetryConnect(PlainHttpConnection.java:280)
	at java.net.http/jdk.internal.net.http.PlainHttpConnection.lambda$connectAsync$2(PlainHttpConnection.java:238)
	at java.base/java.util.concurrent.CompletableFuture.uniHandle(CompletableFuture.java:934)
	at java.base/java.util.concurrent.CompletableFuture$UniHandle.tryFire(CompletableFuture.java:911)
	at java.base/java.util.concurrent.CompletableFuture.postComplete(CompletableFuture.java:510)
	at java.base/java.util.concurrent.CompletableFuture$AsyncSupply.run$$$capture(CompletableFuture.java:1773)
	at java.base/java.util.concurrent.CompletableFuture$AsyncSupply.run(CompletableFuture.java)
	... 3 common frames omitted
Caused by: java.nio.channels.ClosedChannelException: null
	at java.base/sun.nio.ch.SocketChannelImpl.ensureOpen(SocketChannelImpl.java:202)
	at java.base/sun.nio.ch.SocketChannelImpl.beginConnect(SocketChannelImpl.java:786)
	at java.base/sun.nio.ch.SocketChannelImpl.connect(SocketChannelImpl.java:874)
	at java.net.http/jdk.internal.net.http.PlainHttpConnection.lambda$connectAsync$1(PlainHttpConnection.java:210)
	at java.base/java.security.AccessController.doPrivileged(AccessController.java:571)
	at java.net.http/jdk.internal.net.http.PlainHttpConnection.connectAsync(PlainHttpConnection.java:212)
	... 10 common frames omitted
2026-01-14 16:54:12.619 INFO  listeners.Listener1 - No pre-submit screenshot path provided by the test.
2026-01-14 16:54:12.619 INFO  listeners.Listener1 - No failure screenshot path provided by the test.
2026-01-14 16:54:12.629 INFO  listeners.Listener1 - onTestStart -> sendData
2026-01-14 16:54:12.629 INFO  listeners.Listener1 - Parameters for sendData: [25, 72, 118/76, positive]
2026-01-14 16:54:12.631 INFO  tests.CalculatorFunctionalityTest - Executing data row: age='25', pulse='72', bp='118/76', testType='positive'
2026-01-14 16:54:12.648 ERROR listeners.Listener1 - onTestFailure -> sendData
org.openqa.selenium.remote.UnreachableBrowserException: Error communicating with the remote browser. It may have died.
Build info: version: '4.33.0', revision: '2c6aaad03a'
System info: os.name: 'Windows 11', os.arch: 'amd64', os.version: '10.0', java.version: '21'
Driver info: org.openqa.selenium.chrome.ChromeDriver
Command: [84f568c8f09e2d0c7ad80b235f8dcc11, findElement [using, value]]
Capabilities {acceptInsecureCerts: false, browserName: chrome, browserVersion: 142.0.7444.176, chrome: {chromedriverVersion: 142.0.7444.175 (302067f14a4..., userDataDir: C:\Users\2457157\AppData\Lo...}, fedcm:accounts: true, goog:chromeOptions: {debuggerAddress: localhost:62525}, goog:processID: 30396, networkConnectionEnabled: false, pageLoadStrategy: normal, platformName: windows, proxy: Proxy(), se:cdp: ws://localhost:62525/devtoo..., se:cdpVersion: 142.0.7444.176, setWindowRect: true, strictFileInteractability: false, timeouts: {implicit: 0, pageLoad: 300000, script: 30000}, unhandledPromptBehavior: dismiss and notify, webauthn:extension:credBlob: true, webauthn:extension:largeBlob: true, webauthn:extension:minPinLength: true, webauthn:extension:prf: true, webauthn:virtualAuthenticators: true}
Session ID: 84f568c8f09e2d0c7ad80b235f8dcc11
	at org.openqa.selenium.remote.RemoteWebDriver.execute(RemoteWebDriver.java:571)
	at org.openqa.selenium.remote.ElementLocation$ElementFinder$2.findElement(ElementLocation.java:165)
	at org.openqa.selenium.remote.ElementLocation.findElement(ElementLocation.java:59)
	at org.openqa.selenium.remote.RemoteWebDriver.findElement(RemoteWebDriver.java:367)
	at org.openqa.selenium.remote.RemoteWebDriver.findElement(RemoteWebDriver.java:361)
	at org.openqa.selenium.support.pagefactory.DefaultElementLocator.findElement(DefaultElementLocator.java:68)
	at org.openqa.selenium.support.pagefactory.internal.LocatingElementHandler.invoke(LocatingElementHandler.java:38)
	at jdk.proxy2/jdk.proxy2.$Proxy17.isDisplayed(Unknown Source)
	at org.openqa.selenium.support.ui.ExpectedConditions.elementIfVisible(ExpectedConditions.java:304)
	at org.openqa.selenium.support.ui.ExpectedConditions$10.apply(ExpectedConditions.java:290)
	at org.openqa.selenium.support.ui.ExpectedConditions$10.apply(ExpectedConditions.java:287)
	at org.openqa.selenium.support.ui.FluentWait.until(FluentWait.java:203)
	at pages.CalculatorForm.enterAge(CalculatorForm.java:98)
	at tests.CalculatorFunctionalityTest.sendData(CalculatorFunctionalityTest.java:97)
	at java.base/jdk.internal.reflect.DirectMethodHandleAccessor.invoke(DirectMethodHandleAccessor.java:103)
	at java.base/java.lang.reflect.Method.invoke(Method.java:580)
	at org.testng.internal.invokers.MethodInvocationHelper.invokeMethod(MethodInvocationHelper.java:141)
	at org.testng.internal.invokers.TestInvoker.invokeMethod(TestInvoker.java:687)
	at org.testng.internal.invokers.TestInvoker.invokeTestMethod(TestInvoker.java:230)
	at org.testng.internal.invokers.MethodRunner.runInSequence(MethodRunner.java:63)
	at org.testng.internal.invokers.TestInvoker$MethodInvocationAgent.invoke(TestInvoker.java:995)
	at org.testng.internal.invokers.TestInvoker.invokeTestMethods(TestInvoker.java:203)
	at org.testng.internal.invokers.TestMethodWorker.invokeTestMethods(TestMethodWorker.java:154)
	at org.testng.internal.invokers.TestMethodWorker.run(TestMethodWorker.java:134)
	at java.base/java.util.ArrayList.forEach(ArrayList.java:1596)
	at org.testng.TestRunner.privateRun(TestRunner.java:741)
	at org.testng.TestRunner.run(TestRunner.java:616)
	at org.testng.SuiteRunner.runTest(SuiteRunner.java:421)
	at org.testng.SuiteRunner$SuiteWorker.run(SuiteRunner.java:463)
	at org.testng.internal.thread.ThreadUtil.lambda$execute$0(ThreadUtil.java:64)
	at java.base/java.util.concurrent.FutureTask.run$$$capture(FutureTask.java:317)
	at java.base/java.util.concurrent.FutureTask.run(FutureTask.java)
	at java.base/java.util.concurrent.ThreadPoolExecutor.runWorker(ThreadPoolExecutor.java:1144)
	at java.base/java.util.concurrent.ThreadPoolExecutor$Worker.run(ThreadPoolExecutor.java:642)
	at java.base/java.lang.Thread.run(Thread.java:1583)
Caused by: java.io.UncheckedIOException: java.net.ConnectException
	at org.openqa.selenium.remote.http.jdk.JdkHttpClient.execute0(JdkHttpClient.java:500)
	at org.openqa.selenium.remote.http.AddSeleniumUserAgent.lambda$apply$0(AddSeleniumUserAgent.java:42)
	at org.openqa.selenium.remote.http.Filter.lambda$andFinally$1(Filter.java:55)
	at org.openqa.selenium.remote.http.jdk.JdkHttpClient.lambda$executeAsync$2(JdkHttpClient.java:387)
	at java.base/java.util.concurrent.Executors$RunnableAdapter.call(Executors.java:572)
	... 5 common frames omitted
Caused by: java.net.ConnectException: null
	at java.net.http/jdk.internal.net.http.HttpClientImpl.send(HttpClientImpl.java:951)
	at java.net.http/jdk.internal.net.http.HttpClientFacade.send(HttpClientFacade.java:133)
	at org.openqa.selenium.remote.http.jdk.JdkHttpClient.execute0(JdkHttpClient.java:459)
	... 9 common frames omitted
Caused by: java.net.ConnectException: null
	at java.net.http/jdk.internal.net.http.common.Utils.toConnectException(Utils.java:1028)
	at java.net.http/jdk.internal.net.http.PlainHttpConnection.connectAsync(PlainHttpConnection.java:227)
	at java.net.http/jdk.internal.net.http.PlainHttpConnection.checkRetryConnect(PlainHttpConnection.java:280)
	at java.net.http/jdk.internal.net.http.PlainHttpConnection.lambda$connectAsync$2(PlainHttpConnection.java:238)
	at java.base/java.util.concurrent.CompletableFuture.uniHandle(CompletableFuture.java:934)
	at java.base/java.util.concurrent.CompletableFuture$UniHandle.tryFire(CompletableFuture.java:911)
	at java.base/java.util.concurrent.CompletableFuture.postComplete(CompletableFuture.java:510)
	at java.base/java.util.concurrent.CompletableFuture$AsyncSupply.run$$$capture(CompletableFuture.java:1773)
	at java.base/java.util.concurrent.CompletableFuture$AsyncSupply.run(CompletableFuture.java)
	... 3 common frames omitted
Caused by: java.nio.channels.ClosedChannelException: null
	at java.base/sun.nio.ch.SocketChannelImpl.ensureOpen(SocketChannelImpl.java:202)
	at java.base/sun.nio.ch.SocketChannelImpl.beginConnect(SocketChannelImpl.java:786)
	at java.base/sun.nio.ch.SocketChannelImpl.connect(SocketChannelImpl.java:874)
	at java.net.http/jdk.internal.net.http.PlainHttpConnection.lambda$connectAsync$1(PlainHttpConnection.java:210)
	at java.base/java.security.AccessController.doPrivileged(AccessController.java:571)
	at java.net.http/jdk.internal.net.http.PlainHttpConnection.connectAsync(PlainHttpConnection.java:212)
	... 10 common frames omitted
2026-01-14 16:54:12.652 INFO  listeners.Listener1 - No pre-submit screenshot path provided by the test.
2026-01-14 16:54:12.654 INFO  listeners.Listener1 - No failure screenshot path provided by the test.
2026-01-14 16:54:12.667 INFO  listeners.Listener1 - onTestStart -> sendData
2026-01-14 16:54:12.667 INFO  listeners.Listener1 - Parameters for sendData: [34, 64, 110/70, positive]
2026-01-14 16:54:12.669 INFO  tests.CalculatorFunctionalityTest - Executing data row: age='34', pulse='64', bp='110/70', testType='positive'
2026-01-14 16:54:12.679 ERROR listeners.Listener1 - onTestFailure -> sendData
org.openqa.selenium.remote.UnreachableBrowserException: Error communicating with the remote browser. It may have died.
Build info: version: '4.33.0', revision: '2c6aaad03a'
System info: os.name: 'Windows 11', os.arch: 'amd64', os.version: '10.0', java.version: '21'
Driver info: org.openqa.selenium.chrome.ChromeDriver
Command: [84f568c8f09e2d0c7ad80b235f8dcc11, findElement [using, value]]
Capabilities {acceptInsecureCerts: false, browserName: chrome, browserVersion: 142.0.7444.176, chrome: {chromedriverVersion: 142.0.7444.175 (302067f14a4..., userDataDir: C:\Users\2457157\AppData\Lo...}, fedcm:accounts: true, goog:chromeOptions: {debuggerAddress: localhost:62525}, goog:processID: 30396, networkConnectionEnabled: false, pageLoadStrategy: normal, platformName: windows, proxy: Proxy(), se:cdp: ws://localhost:62525/devtoo..., se:cdpVersion: 142.0.7444.176, setWindowRect: true, strictFileInteractability: false, timeouts: {implicit: 0, pageLoad: 300000, script: 30000}, unhandledPromptBehavior: dismiss and notify, webauthn:extension:credBlob: true, webauthn:extension:largeBlob: true, webauthn:extension:minPinLength: true, webauthn:extension:prf: true, webauthn:virtualAuthenticators: true}
Session ID: 84f568c8f09e2d0c7ad80b235f8dcc11
	at org.openqa.selenium.remote.RemoteWebDriver.execute(RemoteWebDriver.java:571)
	at org.openqa.selenium.remote.ElementLocation$ElementFinder$2.findElement(ElementLocation.java:165)
	at org.openqa.selenium.remote.ElementLocation.findElement(ElementLocation.java:59)
	at org.openqa.selenium.remote.RemoteWebDriver.findElement(RemoteWebDriver.java:367)
	at org.openqa.selenium.remote.RemoteWebDriver.findElement(RemoteWebDriver.java:361)
	at org.openqa.selenium.support.pagefactory.DefaultElementLocator.findElement(DefaultElementLocator.java:68)
	at org.openqa.selenium.support.pagefactory.internal.LocatingElementHandler.invoke(LocatingElementHandler.java:38)
	at jdk.proxy2/jdk.proxy2.$Proxy17.isDisplayed(Unknown Source)
	at org.openqa.selenium.support.ui.ExpectedConditions.elementIfVisible(ExpectedConditions.java:304)
	at org.openqa.selenium.support.ui.ExpectedConditions$10.apply(ExpectedConditions.java:290)
	at org.openqa.selenium.support.ui.ExpectedConditions$10.apply(ExpectedConditions.java:287)
	at org.openqa.selenium.support.ui.FluentWait.until(FluentWait.java:203)
	at pages.CalculatorForm.enterAge(CalculatorForm.java:98)
	at tests.CalculatorFunctionalityTest.sendData(CalculatorFunctionalityTest.java:97)
	at java.base/jdk.internal.reflect.DirectMethodHandleAccessor.invoke(DirectMethodHandleAccessor.java:103)
	at java.base/java.lang.reflect.Method.invoke(Method.java:580)
	at org.testng.internal.invokers.MethodInvocationHelper.invokeMethod(MethodInvocationHelper.java:141)
	at org.testng.internal.invokers.TestInvoker.invokeMethod(TestInvoker.java:687)
	at org.testng.internal.invokers.TestInvoker.invokeTestMethod(TestInvoker.java:230)
	at org.testng.internal.invokers.MethodRunner.runInSequence(MethodRunner.java:63)
	at org.testng.internal.invokers.TestInvoker$MethodInvocationAgent.invoke(TestInvoker.java:995)
	at org.testng.internal.invokers.TestInvoker.invokeTestMethods(TestInvoker.java:203)
	at org.testng.internal.invokers.TestMethodWorker.invokeTestMethods(TestMethodWorker.java:154)
	at org.testng.internal.invokers.TestMethodWorker.run(TestMethodWorker.java:134)
	at java.base/java.util.ArrayList.forEach(ArrayList.java:1596)
	at org.testng.TestRunner.privateRun(TestRunner.java:741)
	at org.testng.TestRunner.run(TestRunner.java:616)
	at org.testng.SuiteRunner.runTest(SuiteRunner.java:421)
	at org.testng.SuiteRunner$SuiteWorker.run(SuiteRunner.java:463)
	at org.testng.internal.thread.ThreadUtil.lambda$execute$0(ThreadUtil.java:64)
	at java.base/java.util.concurrent.FutureTask.run$$$capture(FutureTask.java:317)
	at java.base/java.util.concurrent.FutureTask.run(FutureTask.java)
	at java.base/java.util.concurrent.ThreadPoolExecutor.runWorker(ThreadPoolExecutor.java:1144)
	at java.base/java.util.concurrent.ThreadPoolExecutor$Worker.run(ThreadPoolExecutor.java:642)
	at java.base/java.lang.Thread.run(Thread.java:1583)
Caused by: java.io.UncheckedIOException: java.net.ConnectException
	at org.openqa.selenium.remote.http.jdk.JdkHttpClient.execute0(JdkHttpClient.java:500)
	at org.openqa.selenium.remote.http.AddSeleniumUserAgent.lambda$apply$0(AddSeleniumUserAgent.java:42)
	at org.openqa.selenium.remote.http.Filter.lambda$andFinally$1(Filter.java:55)
	at org.openqa.selenium.remote.http.jdk.JdkHttpClient.lambda$executeAsync$2(JdkHttpClient.java:387)
	at java.base/java.util.concurrent.Executors$RunnableAdapter.call(Executors.java:572)
	... 5 common frames omitted
Caused by: java.net.ConnectException: null
	at java.net.http/jdk.internal.net.http.HttpClientImpl.send(HttpClientImpl.java:951)
	at java.net.http/jdk.internal.net.http.HttpClientFacade.send(HttpClientFacade.java:133)
	at org.openqa.selenium.remote.http.jdk.JdkHttpClient.execute0(JdkHttpClient.java:459)
	... 9 common frames omitted
Caused by: java.net.ConnectException: null
	at java.net.http/jdk.internal.net.http.common.Utils.toConnectException(Utils.java:1028)
	at java.net.http/jdk.internal.net.http.PlainHttpConnection.connectAsync(PlainHttpConnection.java:227)
	at java.net.http/jdk.internal.net.http.PlainHttpConnection.checkRetryConnect(PlainHttpConnection.java:280)
	at java.net.http/jdk.internal.net.http.PlainHttpConnection.lambda$connectAsync$2(PlainHttpConnection.java:238)
	at java.base/java.util.concurrent.CompletableFuture.uniHandle(CompletableFuture.java:934)
	at java.base/java.util.concurrent.CompletableFuture$UniHandle.tryFire(CompletableFuture.java:911)
	at java.base/java.util.concurrent.CompletableFuture.postComplete(CompletableFuture.java:510)
	at java.base/java.util.concurrent.CompletableFuture$AsyncSupply.run$$$capture(CompletableFuture.java:1773)
	at java.base/java.util.concurrent.CompletableFuture$AsyncSupply.run(CompletableFuture.java)
	... 3 common frames omitted
Caused by: java.nio.channels.ClosedChannelException: null
	at java.base/sun.nio.ch.SocketChannelImpl.ensureOpen(SocketChannelImpl.java:202)
	at java.base/sun.nio.ch.SocketChannelImpl.beginConnect(SocketChannelImpl.java:786)
	at java.base/sun.nio.ch.SocketChannelImpl.connect(SocketChannelImpl.java:874)
	at java.net.http/jdk.internal.net.http.PlainHttpConnection.lambda$connectAsync$1(PlainHttpConnection.java:210)
	at java.base/java.security.AccessController.doPrivileged(AccessController.java:571)
	at java.net.http/jdk.internal.net.http.PlainHttpConnection.connectAsync(PlainHttpConnection.java:212)
	... 10 common frames omitted
2026-01-14 16:54:12.683 INFO  listeners.Listener1 - No pre-submit screenshot path provided by the test.
2026-01-14 16:54:12.683 INFO  listeners.Listener1 - No failure screenshot path provided by the test.
2026-01-14 16:54:12.698 INFO  listeners.Listener1 - onTestStart -> sendData
2026-01-14 16:54:12.698 INFO  listeners.Listener1 - Parameters for sendData: [47, 82, 130/85, positive]
2026-01-14 16:54:12.700 INFO  tests.CalculatorFunctionalityTest - Executing data row: age='47', pulse='82', bp='130/85', testType='positive'
2026-01-14 16:54:12.706 ERROR listeners.Listener1 - onTestFailure -> sendData
org.openqa.selenium.remote.UnreachableBrowserException: Error communicating with the remote browser. It may have died.
Build info: version: '4.33.0', revision: '2c6aaad03a'
System info: os.name: 'Windows 11', os.arch: 'amd64', os.version: '10.0', java.version: '21'
Driver info: org.openqa.selenium.chrome.ChromeDriver
Command: [84f568c8f09e2d0c7ad80b235f8dcc11, findElement [using, value]]
Capabilities {acceptInsecureCerts: false, browserName: chrome, browserVersion: 142.0.7444.176, chrome: {chromedriverVersion: 142.0.7444.175 (302067f14a4..., userDataDir: C:\Users\2457157\AppData\Lo...}, fedcm:accounts: true, goog:chromeOptions: {debuggerAddress: localhost:62525}, goog:processID: 30396, networkConnectionEnabled: false, pageLoadStrategy: normal, platformName: windows, proxy: Proxy(), se:cdp: ws://localhost:62525/devtoo..., se:cdpVersion: 142.0.7444.176, setWindowRect: true, strictFileInteractability: false, timeouts: {implicit: 0, pageLoad: 300000, script: 30000}, unhandledPromptBehavior: dismiss and notify, webauthn:extension:credBlob: true, webauthn:extension:largeBlob: true, webauthn:extension:minPinLength: true, webauthn:extension:prf: true, webauthn:virtualAuthenticators: true}
Session ID: 84f568c8f09e2d0c7ad80b235f8dcc11
	at org.openqa.selenium.remote.RemoteWebDriver.execute(RemoteWebDriver.java:571)
	at org.openqa.selenium.remote.ElementLocation$ElementFinder$2.findElement(ElementLocation.java:165)
	at org.openqa.selenium.remote.ElementLocation.findElement(ElementLocation.java:59)
	at org.openqa.selenium.remote.RemoteWebDriver.findElement(RemoteWebDriver.java:367)
	at org.openqa.selenium.remote.RemoteWebDriver.findElement(RemoteWebDriver.java:361)
	at org.openqa.selenium.support.pagefactory.DefaultElementLocator.findElement(DefaultElementLocator.java:68)
	at org.openqa.selenium.support.pagefactory.internal.LocatingElementHandler.invoke(LocatingElementHandler.java:38)
	at jdk.proxy2/jdk.proxy2.$Proxy17.isDisplayed(Unknown Source)
	at org.openqa.selenium.support.ui.ExpectedConditions.elementIfVisible(ExpectedConditions.java:304)
	at org.openqa.selenium.support.ui.ExpectedConditions$10.apply(ExpectedConditions.java:290)
	at org.openqa.selenium.support.ui.ExpectedConditions$10.apply(ExpectedConditions.java:287)
	at org.openqa.selenium.support.ui.FluentWait.until(FluentWait.java:203)
	at pages.CalculatorForm.enterAge(CalculatorForm.java:98)
	at tests.CalculatorFunctionalityTest.sendData(CalculatorFunctionalityTest.java:97)
	at java.base/jdk.internal.reflect.DirectMethodHandleAccessor.invoke(DirectMethodHandleAccessor.java:103)
	at java.base/java.lang.reflect.Method.invoke(Method.java:580)
	at org.testng.internal.invokers.MethodInvocationHelper.invokeMethod(MethodInvocationHelper.java:141)
	at org.testng.internal.invokers.TestInvoker.invokeMethod(TestInvoker.java:687)
	at org.testng.internal.invokers.TestInvoker.invokeTestMethod(TestInvoker.java:230)
	at org.testng.internal.invokers.MethodRunner.runInSequence(MethodRunner.java:63)
	at org.testng.internal.invokers.TestInvoker$MethodInvocationAgent.invoke(TestInvoker.java:995)
	at org.testng.internal.invokers.TestInvoker.invokeTestMethods(TestInvoker.java:203)
	at org.testng.internal.invokers.TestMethodWorker.invokeTestMethods(TestMethodWorker.java:154)
	at org.testng.internal.invokers.TestMethodWorker.run(TestMethodWorker.java:134)
	at java.base/java.util.ArrayList.forEach(ArrayList.java:1596)
	at org.testng.TestRunner.privateRun(TestRunner.java:741)
	at org.testng.TestRunner.run(TestRunner.java:616)
	at org.testng.SuiteRunner.runTest(SuiteRunner.java:421)
	at org.testng.SuiteRunner$SuiteWorker.run(SuiteRunner.java:463)
	at org.testng.internal.thread.ThreadUtil.lambda$execute$0(ThreadUtil.java:64)
	at java.base/java.util.concurrent.FutureTask.run$$$capture(FutureTask.java:317)
	at java.base/java.util.concurrent.FutureTask.run(FutureTask.java)
	at java.base/java.util.concurrent.ThreadPoolExecutor.runWorker(ThreadPoolExecutor.java:1144)
	at java.base/java.util.concurrent.ThreadPoolExecutor$Worker.run(ThreadPoolExecutor.java:642)
	at java.base/java.lang.Thread.run(Thread.java:1583)
Caused by: java.io.UncheckedIOException: java.net.ConnectException
	at org.openqa.selenium.remote.http.jdk.JdkHttpClient.execute0(JdkHttpClient.java:500)
	at org.openqa.selenium.remote.http.AddSeleniumUserAgent.lambda$apply$0(AddSeleniumUserAgent.java:42)
	at org.openqa.selenium.remote.http.Filter.lambda$andFinally$1(Filter.java:55)
	at org.openqa.selenium.remote.http.jdk.JdkHttpClient.lambda$executeAsync$2(JdkHttpClient.java:387)
	at java.base/java.util.concurrent.Executors$RunnableAdapter.call(Executors.java:572)
	... 5 common frames omitted
Caused by: java.net.ConnectException: null
	at java.net.http/jdk.internal.net.http.HttpClientImpl.send(HttpClientImpl.java:951)
	at java.net.http/jdk.internal.net.http.HttpClientFacade.send(HttpClientFacade.java:133)
	at org.openqa.selenium.remote.http.jdk.JdkHttpClient.execute0(JdkHttpClient.java:459)
	... 9 common frames omitted
Caused by: java.net.ConnectException: null
	at java.net.http/jdk.internal.net.http.common.Utils.toConnectException(Utils.java:1028)
	at java.net.http/jdk.internal.net.http.PlainHttpConnection.connectAsync(PlainHttpConnection.java:227)
	at java.net.http/jdk.internal.net.http.PlainHttpConnection.checkRetryConnect(PlainHttpConnection.java:280)
	at java.net.http/jdk.internal.net.http.PlainHttpConnection.lambda$connectAsync$2(PlainHttpConnection.java:238)
	at java.base/java.util.concurrent.CompletableFuture.uniHandle(CompletableFuture.java:934)
	at java.base/java.util.concurrent.CompletableFuture$UniHandle.tryFire(CompletableFuture.java:911)
	at java.base/java.util.concurrent.CompletableFuture.postComplete(CompletableFuture.java:510)
	at java.base/java.util.concurrent.CompletableFuture$AsyncSupply.run$$$capture(CompletableFuture.java:1773)
	at java.base/java.util.concurrent.CompletableFuture$AsyncSupply.run(CompletableFuture.java)
	... 3 common frames omitted
Caused by: java.nio.channels.ClosedChannelException: null
	at java.base/sun.nio.ch.SocketChannelImpl.ensureOpen(SocketChannelImpl.java:202)
	at java.base/sun.nio.ch.SocketChannelImpl.beginConnect(SocketChannelImpl.java:786)
	at java.base/sun.nio.ch.SocketChannelImpl.connect(SocketChannelImpl.java:874)
	at java.net.http/jdk.internal.net.http.PlainHttpConnection.lambda$connectAsync$1(PlainHttpConnection.java:210)
	at java.base/java.security.AccessController.doPrivileged(AccessController.java:571)
	at java.net.http/jdk.internal.net.http.PlainHttpConnection.connectAsync(PlainHttpConnection.java:212)
	... 10 common frames omitted
2026-01-14 16:54:12.709 INFO  listeners.Listener1 - No pre-submit screenshot path provided by the test.
2026-01-14 16:54:12.711 INFO  listeners.Listener1 - No failure screenshot path provided by the test.
2026-01-14 16:54:12.728 INFO  listeners.Listener1 - onTestStart -> sendData
2026-01-14 16:54:12.728 INFO  listeners.Listener1 - Parameters for sendData: [58, 96, 140/95, positive]
2026-01-14 16:54:12.728 INFO  tests.CalculatorFunctionalityTest - Executing data row: age='58', pulse='96', bp='140/95', testType='positive'
2026-01-14 16:54:12.736 ERROR listeners.Listener1 - onTestFailure -> sendData
org.openqa.selenium.remote.UnreachableBrowserException: Error communicating with the remote browser. It may have died.
Build info: version: '4.33.0', revision: '2c6aaad03a'
System info: os.name: 'Windows 11', os.arch: 'amd64', os.version: '10.0', java.version: '21'
Driver info: org.openqa.selenium.chrome.ChromeDriver
Command: [84f568c8f09e2d0c7ad80b235f8dcc11, findElement [using, value]]
Capabilities {acceptInsecureCerts: false, browserName: chrome, browserVersion: 142.0.7444.176, chrome: {chromedriverVersion: 142.0.7444.175 (302067f14a4..., userDataDir: C:\Users\2457157\AppData\Lo...}, fedcm:accounts: true, goog:chromeOptions: {debuggerAddress: localhost:62525}, goog:processID: 30396, networkConnectionEnabled: false, pageLoadStrategy: normal, platformName: windows, proxy: Proxy(), se:cdp: ws://localhost:62525/devtoo..., se:cdpVersion: 142.0.7444.176, setWindowRect: true, strictFileInteractability: false, timeouts: {implicit: 0, pageLoad: 300000, script: 30000}, unhandledPromptBehavior: dismiss and notify, webauthn:extension:credBlob: true, webauthn:extension:largeBlob: true, webauthn:extension:minPinLength: true, webauthn:extension:prf: true, webauthn:virtualAuthenticators: true}
Session ID: 84f568c8f09e2d0c7ad80b235f8dcc11
	at org.openqa.selenium.remote.RemoteWebDriver.execute(RemoteWebDriver.java:571)
	at org.openqa.selenium.remote.ElementLocation$ElementFinder$2.findElement(ElementLocation.java:165)
	at org.openqa.selenium.remote.ElementLocation.findElement(ElementLocation.java:59)
	at org.openqa.selenium.remote.RemoteWebDriver.findElement(RemoteWebDriver.java:367)
	at org.openqa.selenium.remote.RemoteWebDriver.findElement(RemoteWebDriver.java:361)
	at org.openqa.selenium.support.pagefactory.DefaultElementLocator.findElement(DefaultElementLocator.java:68)
	at org.openqa.selenium.support.pagefactory.internal.LocatingElementHandler.invoke(LocatingElementHandler.java:38)
	at jdk.proxy2/jdk.proxy2.$Proxy17.isDisplayed(Unknown Source)
	at org.openqa.selenium.support.ui.ExpectedConditions.elementIfVisible(ExpectedConditions.java:304)
	at org.openqa.selenium.support.ui.ExpectedConditions$10.apply(ExpectedConditions.java:290)
	at org.openqa.selenium.support.ui.ExpectedConditions$10.apply(ExpectedConditions.java:287)
	at org.openqa.selenium.support.ui.FluentWait.until(FluentWait.java:203)
	at pages.CalculatorForm.enterAge(CalculatorForm.java:98)
	at tests.CalculatorFunctionalityTest.sendData(CalculatorFunctionalityTest.java:97)
	at java.base/jdk.internal.reflect.DirectMethodHandleAccessor.invoke(DirectMethodHandleAccessor.java:103)
	at java.base/java.lang.reflect.Method.invoke(Method.java:580)
	at org.testng.internal.invokers.MethodInvocationHelper.invokeMethod(MethodInvocationHelper.java:141)
	at org.testng.internal.invokers.TestInvoker.invokeMethod(TestInvoker.java:687)
	at org.testng.internal.invokers.TestInvoker.invokeTestMethod(TestInvoker.java:230)
	at org.testng.internal.invokers.MethodRunner.runInSequence(MethodRunner.java:63)
	at org.testng.internal.invokers.TestInvoker$MethodInvocationAgent.invoke(TestInvoker.java:995)
	at org.testng.internal.invokers.TestInvoker.invokeTestMethods(TestInvoker.java:203)
	at org.testng.internal.invokers.TestMethodWorker.invokeTestMethods(TestMethodWorker.java:154)
	at org.testng.internal.invokers.TestMethodWorker.run(TestMethodWorker.java:134)
	at java.base/java.util.ArrayList.forEach(ArrayList.java:1596)
	at org.testng.TestRunner.privateRun(TestRunner.java:741)
	at org.testng.TestRunner.run(TestRunner.java:616)
	at org.testng.SuiteRunner.runTest(SuiteRunner.java:421)
	at org.testng.SuiteRunner$SuiteWorker.run(SuiteRunner.java:463)
	at org.testng.internal.thread.ThreadUtil.lambda$execute$0(ThreadUtil.java:64)
	at java.base/java.util.concurrent.FutureTask.run$$$capture(FutureTask.java:317)
	at java.base/java.util.concurrent.FutureTask.run(FutureTask.java)
	at java.base/java.util.concurrent.ThreadPoolExecutor.runWorker(ThreadPoolExecutor.java:1144)
	at java.base/java.util.concurrent.ThreadPoolExecutor$Worker.run(ThreadPoolExecutor.java:642)
	at java.base/java.lang.Thread.run(Thread.java:1583)
Caused by: java.io.UncheckedIOException: java.net.ConnectException
	at org.openqa.selenium.remote.http.jdk.JdkHttpClient.execute0(JdkHttpClient.java:500)
	at org.openqa.selenium.remote.http.AddSeleniumUserAgent.lambda$apply$0(AddSeleniumUserAgent.java:42)
	at org.openqa.selenium.remote.http.Filter.lambda$andFinally$1(Filter.java:55)
	at org.openqa.selenium.remote.http.jdk.JdkHttpClient.lambda$executeAsync$2(JdkHttpClient.java:387)
	at java.base/java.util.concurrent.Executors$RunnableAdapter.call(Executors.java:572)
	... 5 common frames omitted
Caused by: java.net.ConnectException: null
	at java.net.http/jdk.internal.net.http.HttpClientImpl.send(HttpClientImpl.java:951)
	at java.net.http/jdk.internal.net.http.HttpClientFacade.send(HttpClientFacade.java:133)
	at org.openqa.selenium.remote.http.jdk.JdkHttpClient.execute0(JdkHttpClient.java:459)
	... 9 common frames omitted
Caused by: java.net.ConnectException: null
	at java.net.http/jdk.internal.net.http.common.Utils.toConnectException(Utils.java:1028)
	at java.net.http/jdk.internal.net.http.PlainHttpConnection.connectAsync(PlainHttpConnection.java:227)
	at java.net.http/jdk.internal.net.http.PlainHttpConnection.checkRetryConnect(PlainHttpConnection.java:280)
	at java.net.http/jdk.internal.net.http.PlainHttpConnection.lambda$connectAsync$2(PlainHttpConnection.java:238)
	at java.base/java.util.concurrent.CompletableFuture.uniHandle(CompletableFuture.java:934)
	at java.base/java.util.concurrent.CompletableFuture$UniHandle.tryFire(CompletableFuture.java:911)
	at java.base/java.util.concurrent.CompletableFuture.postComplete(CompletableFuture.java:510)
	at java.base/java.util.concurrent.CompletableFuture$AsyncSupply.run$$$capture(CompletableFuture.java:1773)
	at java.base/java.util.concurrent.CompletableFuture$AsyncSupply.run(CompletableFuture.java)
	... 3 common frames omitted
Caused by: java.nio.channels.ClosedChannelException: null
	at java.base/sun.nio.ch.SocketChannelImpl.ensureOpen(SocketChannelImpl.java:202)
	at java.base/sun.nio.ch.SocketChannelImpl.beginConnect(SocketChannelImpl.java:786)
	at java.base/sun.nio.ch.SocketChannelImpl.connect(SocketChannelImpl.java:874)
	at java.net.http/jdk.internal.net.http.PlainHttpConnection.lambda$connectAsync$1(PlainHttpConnection.java:210)
	at java.base/java.security.AccessController.doPrivileged(AccessController.java:571)
	at java.net.http/jdk.internal.net.http.PlainHttpConnection.connectAsync(PlainHttpConnection.java:212)
	... 10 common frames omitted
2026-01-14 16:54:12.738 INFO  listeners.Listener1 - No pre-submit screenshot path provided by the test.
2026-01-14 16:54:12.738 INFO  listeners.Listener1 - No failure screenshot path provided by the test.
2026-01-14 16:54:12.753 INFO  listeners.Listener1 - onTestStart -> sendData
2026-01-14 16:54:12.753 INFO  listeners.Listener1 - Parameters for sendData: [72, 60, 150/100, positive]
2026-01-14 16:54:12.756 INFO  tests.CalculatorFunctionalityTest - Executing data row: age='72', pulse='60', bp='150/100', testType='positive'
2026-01-14 16:54:12.763 ERROR listeners.Listener1 - onTestFailure -> sendData
org.openqa.selenium.remote.UnreachableBrowserException: Error communicating with the remote browser. It may have died.
Build info: version: '4.33.0', revision: '2c6aaad03a'
System info: os.name: 'Windows 11', os.arch: 'amd64', os.version: '10.0', java.version: '21'
Driver info: org.openqa.selenium.chrome.ChromeDriver
Command: [84f568c8f09e2d0c7ad80b235f8dcc11, findElement [using, value]]
Capabilities {acceptInsecureCerts: false, browserName: chrome, browserVersion: 142.0.7444.176, chrome: {chromedriverVersion: 142.0.7444.175 (302067f14a4..., userDataDir: C:\Users\2457157\AppData\Lo...}, fedcm:accounts: true, goog:chromeOptions: {debuggerAddress: localhost:62525}, goog:processID: 30396, networkConnectionEnabled: false, pageLoadStrategy: normal, platformName: windows, proxy: Proxy(), se:cdp: ws://localhost:62525/devtoo..., se:cdpVersion: 142.0.7444.176, setWindowRect: true, strictFileInteractability: false, timeouts: {implicit: 0, pageLoad: 300000, script: 30000}, unhandledPromptBehavior: dismiss and notify, webauthn:extension:credBlob: true, webauthn:extension:largeBlob: true, webauthn:extension:minPinLength: true, webauthn:extension:prf: true, webauthn:virtualAuthenticators: true}
Session ID: 84f568c8f09e2d0c7ad80b235f8dcc11
	at org.openqa.selenium.remote.RemoteWebDriver.execute(RemoteWebDriver.java:571)
	at org.openqa.selenium.remote.ElementLocation$ElementFinder$2.findElement(ElementLocation.java:165)
	at org.openqa.selenium.remote.ElementLocation.findElement(ElementLocation.java:59)
	at org.openqa.selenium.remote.RemoteWebDriver.findElement(RemoteWebDriver.java:367)
	at org.openqa.selenium.remote.RemoteWebDriver.findElement(RemoteWebDriver.java:361)
	at org.openqa.selenium.support.pagefactory.DefaultElementLocator.findElement(DefaultElementLocator.java:68)
	at org.openqa.selenium.support.pagefactory.internal.LocatingElementHandler.invoke(LocatingElementHandler.java:38)
	at jdk.proxy2/jdk.proxy2.$Proxy17.isDisplayed(Unknown Source)
	at org.openqa.selenium.support.ui.ExpectedConditions.elementIfVisible(ExpectedConditions.java:304)
	at org.openqa.selenium.support.ui.ExpectedConditions$10.apply(ExpectedConditions.java:290)
	at org.openqa.selenium.support.ui.ExpectedConditions$10.apply(ExpectedConditions.java:287)
	at org.openqa.selenium.support.ui.FluentWait.until(FluentWait.java:203)
	at pages.CalculatorForm.enterAge(CalculatorForm.java:98)
	at tests.CalculatorFunctionalityTest.sendData(CalculatorFunctionalityTest.java:97)
	at java.base/jdk.internal.reflect.DirectMethodHandleAccessor.invoke(DirectMethodHandleAccessor.java:103)
	at java.base/java.lang.reflect.Method.invoke(Method.java:580)
	at org.testng.internal.invokers.MethodInvocationHelper.invokeMethod(MethodInvocationHelper.java:141)
	at org.testng.internal.invokers.TestInvoker.invokeMethod(TestInvoker.java:687)
	at org.testng.internal.invokers.TestInvoker.invokeTestMethod(TestInvoker.java:230)
	at org.testng.internal.invokers.MethodRunner.runInSequence(MethodRunner.java:63)
	at org.testng.internal.invokers.TestInvoker$MethodInvocationAgent.invoke(TestInvoker.java:995)
	at org.testng.internal.invokers.TestInvoker.invokeTestMethods(TestInvoker.java:203)
	at org.testng.internal.invokers.TestMethodWorker.invokeTestMethods(TestMethodWorker.java:154)
	at org.testng.internal.invokers.TestMethodWorker.run(TestMethodWorker.java:134)
	at java.base/java.util.ArrayList.forEach(ArrayList.java:1596)
	at org.testng.TestRunner.privateRun(TestRunner.java:741)
	at org.testng.TestRunner.run(TestRunner.java:616)
	at org.testng.SuiteRunner.runTest(SuiteRunner.java:421)
	at org.testng.SuiteRunner$SuiteWorker.run(SuiteRunner.java:463)
	at org.testng.internal.thread.ThreadUtil.lambda$execute$0(ThreadUtil.java:64)
	at java.base/java.util.concurrent.FutureTask.run$$$capture(FutureTask.java:317)
	at java.base/java.util.concurrent.FutureTask.run(FutureTask.java)
	at java.base/java.util.concurrent.ThreadPoolExecutor.runWorker(ThreadPoolExecutor.java:1144)
	at java.base/java.util.concurrent.ThreadPoolExecutor$Worker.run(ThreadPoolExecutor.java:642)
	at java.base/java.lang.Thread.run(Thread.java:1583)
Caused by: java.io.UncheckedIOException: java.net.ConnectException
	at org.openqa.selenium.remote.http.jdk.JdkHttpClient.execute0(JdkHttpClient.java:500)
	at org.openqa.selenium.remote.http.AddSeleniumUserAgent.lambda$apply$0(AddSeleniumUserAgent.java:42)
	at org.openqa.selenium.remote.http.Filter.lambda$andFinally$1(Filter.java:55)
	at org.openqa.selenium.remote.http.jdk.JdkHttpClient.lambda$executeAsync$2(JdkHttpClient.java:387)
	at java.base/java.util.concurrent.Executors$RunnableAdapter.call(Executors.java:572)
	... 5 common frames omitted
Caused by: java.net.ConnectException: null
	at java.net.http/jdk.internal.net.http.HttpClientImpl.send(HttpClientImpl.java:951)
	at java.net.http/jdk.internal.net.http.HttpClientFacade.send(HttpClientFacade.java:133)
	at org.openqa.selenium.remote.http.jdk.JdkHttpClient.execute0(JdkHttpClient.java:459)
	... 9 common frames omitted
Caused by: java.net.ConnectException: null
	at java.net.http/jdk.internal.net.http.common.Utils.toConnectException(Utils.java:1028)
	at java.net.http/jdk.internal.net.http.PlainHttpConnection.connectAsync(PlainHttpConnection.java:227)
	at java.net.http/jdk.internal.net.http.PlainHttpConnection.checkRetryConnect(PlainHttpConnection.java:280)
	at java.net.http/jdk.internal.net.http.PlainHttpConnection.lambda$connectAsync$2(PlainHttpConnection.java:238)
	at java.base/java.util.concurrent.CompletableFuture.uniHandle(CompletableFuture.java:934)
	at java.base/java.util.concurrent.CompletableFuture$UniHandle.tryFire(CompletableFuture.java:911)
	at java.base/java.util.concurrent.CompletableFuture.postComplete(CompletableFuture.java:510)
	at java.base/java.util.concurrent.CompletableFuture$AsyncSupply.run$$$capture(CompletableFuture.java:1773)
	at java.base/java.util.concurrent.CompletableFuture$AsyncSupply.run(CompletableFuture.java)
	... 3 common frames omitted
Caused by: java.nio.channels.ClosedChannelException: null
	at java.base/sun.nio.ch.SocketChannelImpl.ensureOpen(SocketChannelImpl.java:202)
	at java.base/sun.nio.ch.SocketChannelImpl.beginConnect(SocketChannelImpl.java:786)
	at java.base/sun.nio.ch.SocketChannelImpl.connect(SocketChannelImpl.java:874)
	at java.net.http/jdk.internal.net.http.PlainHttpConnection.lambda$connectAsync$1(PlainHttpConnection.java:210)
	at java.base/java.security.AccessController.doPrivileged(AccessController.java:571)
	at java.net.http/jdk.internal.net.http.PlainHttpConnection.connectAsync(PlainHttpConnection.java:212)
	... 10 common frames omitted
2026-01-14 16:54:12.767 INFO  listeners.Listener1 - No pre-submit screenshot path provided by the test.
2026-01-14 16:54:12.770 INFO  listeners.Listener1 - No failure screenshot path provided by the test.
2026-01-14 16:54:12.778 INFO  listeners.Listener1 - onTestStart -> sendData
2026-01-14 16:54:12.780 INFO  listeners.Listener1 - Parameters for sendData: [5, 100, 95/60, positive]
2026-01-14 16:54:12.780 INFO  tests.CalculatorFunctionalityTest - Executing data row: age='5', pulse='100', bp='95/60', testType='positive'
2026-01-14 16:54:12.784 ERROR listeners.Listener1 - onTestFailure -> sendData
org.openqa.selenium.remote.UnreachableBrowserException: Error communicating with the remote browser. It may have died.
Build info: version: '4.33.0', revision: '2c6aaad03a'
System info: os.name: 'Windows 11', os.arch: 'amd64', os.version: '10.0', java.version: '21'
Driver info: org.openqa.selenium.chrome.ChromeDriver
Command: [84f568c8f09e2d0c7ad80b235f8dcc11, findElement [using, value]]
Capabilities {acceptInsecureCerts: false, browserName: chrome, browserVersion: 142.0.7444.176, chrome: {chromedriverVersion: 142.0.7444.175 (302067f14a4..., userDataDir: C:\Users\2457157\AppData\Lo...}, fedcm:accounts: true, goog:chromeOptions: {debuggerAddress: localhost:62525}, goog:processID: 30396, networkConnectionEnabled: false, pageLoadStrategy: normal, platformName: windows, proxy: Proxy(), se:cdp: ws://localhost:62525/devtoo..., se:cdpVersion: 142.0.7444.176, setWindowRect: true, strictFileInteractability: false, timeouts: {implicit: 0, pageLoad: 300000, script: 30000}, unhandledPromptBehavior: dismiss and notify, webauthn:extension:credBlob: true, webauthn:extension:largeBlob: true, webauthn:extension:minPinLength: true, webauthn:extension:prf: true, webauthn:virtualAuthenticators: true}
Session ID: 84f568c8f09e2d0c7ad80b235f8dcc11
	at org.openqa.selenium.remote.RemoteWebDriver.execute(RemoteWebDriver.java:571)
	at org.openqa.selenium.remote.ElementLocation$ElementFinder$2.findElement(ElementLocation.java:165)
	at org.openqa.selenium.remote.ElementLocation.findElement(ElementLocation.java:59)
	at org.openqa.selenium.remote.RemoteWebDriver.findElement(RemoteWebDriver.java:367)
	at org.openqa.selenium.remote.RemoteWebDriver.findElement(RemoteWebDriver.java:361)
	at org.openqa.selenium.support.pagefactory.DefaultElementLocator.findElement(DefaultElementLocator.java:68)
	at org.openqa.selenium.support.pagefactory.internal.LocatingElementHandler.invoke(LocatingElementHandler.java:38)
	at jdk.proxy2/jdk.proxy2.$Proxy17.isDisplayed(Unknown Source)
	at org.openqa.selenium.support.ui.ExpectedConditions.elementIfVisible(ExpectedConditions.java:304)
	at org.openqa.selenium.support.ui.ExpectedConditions$10.apply(ExpectedConditions.java:290)
	at org.openqa.selenium.support.ui.ExpectedConditions$10.apply(ExpectedConditions.java:287)
	at org.openqa.selenium.support.ui.FluentWait.until(FluentWait.java:203)
	at pages.CalculatorForm.enterAge(CalculatorForm.java:98)
	at tests.CalculatorFunctionalityTest.sendData(CalculatorFunctionalityTest.java:97)
	at java.base/jdk.internal.reflect.DirectMethodHandleAccessor.invoke(DirectMethodHandleAccessor.java:103)
	at java.base/java.lang.reflect.Method.invoke(Method.java:580)
	at org.testng.internal.invokers.MethodInvocationHelper.invokeMethod(MethodInvocationHelper.java:141)
	at org.testng.internal.invokers.TestInvoker.invokeMethod(TestInvoker.java:687)
	at org.testng.internal.invokers.TestInvoker.invokeTestMethod(TestInvoker.java:230)
	at org.testng.internal.invokers.MethodRunner.runInSequence(MethodRunner.java:63)
	at org.testng.internal.invokers.TestInvoker$MethodInvocationAgent.invoke(TestInvoker.java:995)
	at org.testng.internal.invokers.TestInvoker.invokeTestMethods(TestInvoker.java:203)
	at org.testng.internal.invokers.TestMethodWorker.invokeTestMethods(TestMethodWorker.java:154)
	at org.testng.internal.invokers.TestMethodWorker.run(TestMethodWorker.java:134)
	at java.base/java.util.ArrayList.forEach(ArrayList.java:1596)
	at org.testng.TestRunner.privateRun(TestRunner.java:741)
	at org.testng.TestRunner.run(TestRunner.java:616)
	at org.testng.SuiteRunner.runTest(SuiteRunner.java:421)
	at org.testng.SuiteRunner$SuiteWorker.run(SuiteRunner.java:463)
	at org.testng.internal.thread.ThreadUtil.lambda$execute$0(ThreadUtil.java:64)
	at java.base/java.util.concurrent.FutureTask.run$$$capture(FutureTask.java:317)
	at java.base/java.util.concurrent.FutureTask.run(FutureTask.java)
	at java.base/java.util.concurrent.ThreadPoolExecutor.runWorker(ThreadPoolExecutor.java:1144)
	at java.base/java.util.concurrent.ThreadPoolExecutor$Worker.run(ThreadPoolExecutor.java:642)
	at java.base/java.lang.Thread.run(Thread.java:1583)
Caused by: java.io.UncheckedIOException: java.net.ConnectException
	at org.openqa.selenium.remote.http.jdk.JdkHttpClient.execute0(JdkHttpClient.java:500)
	at org.openqa.selenium.remote.http.AddSeleniumUserAgent.lambda$apply$0(AddSeleniumUserAgent.java:42)
	at org.openqa.selenium.remote.http.Filter.lambda$andFinally$1(Filter.java:55)
	at org.openqa.selenium.remote.http.jdk.JdkHttpClient.lambda$executeAsync$2(JdkHttpClient.java:387)
	at java.base/java.util.concurrent.Executors$RunnableAdapter.call(Executors.java:572)
	... 5 common frames omitted
Caused by: java.net.ConnectException: null
	at java.net.http/jdk.internal.net.http.HttpClientImpl.send(HttpClientImpl.java:951)
	at java.net.http/jdk.internal.net.http.HttpClientFacade.send(HttpClientFacade.java:133)
	at org.openqa.selenium.remote.http.jdk.JdkHttpClient.execute0(JdkHttpClient.java:459)
	... 9 common frames omitted
Caused by: java.net.ConnectException: null
	at java.net.http/jdk.internal.net.http.common.Utils.toConnectException(Utils.java:1028)
	at java.net.http/jdk.internal.net.http.PlainHttpConnection.connectAsync(PlainHttpConnection.java:227)
	at java.net.http/jdk.internal.net.http.PlainHttpConnection.checkRetryConnect(PlainHttpConnection.java:280)
	at java.net.http/jdk.internal.net.http.PlainHttpConnection.lambda$connectAsync$2(PlainHttpConnection.java:238)
	at java.base/java.util.concurrent.CompletableFuture.uniHandle(CompletableFuture.java:934)
	at java.base/java.util.concurrent.CompletableFuture$UniHandle.tryFire(CompletableFuture.java:911)
	at java.base/java.util.concurrent.CompletableFuture.postComplete(CompletableFuture.java:510)
	at java.base/java.util.concurrent.CompletableFuture$AsyncSupply.run$$$capture(CompletableFuture.java:1773)
	at java.base/java.util.concurrent.CompletableFuture$AsyncSupply.run(CompletableFuture.java)
	... 3 common frames omitted
Caused by: java.nio.channels.ClosedChannelException: null
	at java.base/sun.nio.ch.SocketChannelImpl.ensureOpen(SocketChannelImpl.java:202)
	at java.base/sun.nio.ch.SocketChannelImpl.beginConnect(SocketChannelImpl.java:786)
	at java.base/sun.nio.ch.SocketChannelImpl.connect(SocketChannelImpl.java:874)
	at java.net.http/jdk.internal.net.http.PlainHttpConnection.lambda$connectAsync$1(PlainHttpConnection.java:210)
	at java.base/java.security.AccessController.doPrivileged(AccessController.java:571)
	at java.net.http/jdk.internal.net.http.PlainHttpConnection.connectAsync(PlainHttpConnection.java:212)
	... 10 common frames omitted
2026-01-14 16:54:12.789 INFO  listeners.Listener1 - No pre-submit screenshot path provided by the test.
2026-01-14 16:54:12.789 INFO  listeners.Listener1 - No failure screenshot path provided by the test.
2026-01-14 16:54:12.796 INFO  listeners.Listener1 - onTestStart -> sendData
2026-01-14 16:54:12.796 INFO  listeners.Listener1 - Parameters for sendData: [88, 58, 160/70, positive]
2026-01-14 16:54:12.798 INFO  tests.CalculatorFunctionalityTest - Executing data row: age='88', pulse='58', bp='160/70', testType='positive'
2026-01-14 16:54:12.806 ERROR listeners.Listener1 - onTestFailure -> sendData
org.openqa.selenium.remote.UnreachableBrowserException: Error communicating with the remote browser. It may have died.
Build info: version: '4.33.0', revision: '2c6aaad03a'
System info: os.name: 'Windows 11', os.arch: 'amd64', os.version: '10.0', java.version: '21'
Driver info: org.openqa.selenium.chrome.ChromeDriver
Command: [84f568c8f09e2d0c7ad80b235f8dcc11, findElement [using, value]]
Capabilities {acceptInsecureCerts: false, browserName: chrome, browserVersion: 142.0.7444.176, chrome: {chromedriverVersion: 142.0.7444.175 (302067f14a4..., userDataDir: C:\Users\2457157\AppData\Lo...}, fedcm:accounts: true, goog:chromeOptions: {debuggerAddress: localhost:62525}, goog:processID: 30396, networkConnectionEnabled: false, pageLoadStrategy: normal, platformName: windows, proxy: Proxy(), se:cdp: ws://localhost:62525/devtoo..., se:cdpVersion: 142.0.7444.176, setWindowRect: true, strictFileInteractability: false, timeouts: {implicit: 0, pageLoad: 300000, script: 30000}, unhandledPromptBehavior: dismiss and notify, webauthn:extension:credBlob: true, webauthn:extension:largeBlob: true, webauthn:extension:minPinLength: true, webauthn:extension:prf: true, webauthn:virtualAuthenticators: true}
Session ID: 84f568c8f09e2d0c7ad80b235f8dcc11
	at org.openqa.selenium.remote.RemoteWebDriver.execute(RemoteWebDriver.java:571)
	at org.openqa.selenium.remote.ElementLocation$ElementFinder$2.findElement(ElementLocation.java:165)
	at org.openqa.selenium.remote.ElementLocation.findElement(ElementLocation.java:59)
	at org.openqa.selenium.remote.RemoteWebDriver.findElement(RemoteWebDriver.java:367)
	at org.openqa.selenium.remote.RemoteWebDriver.findElement(RemoteWebDriver.java:361)
	at org.openqa.selenium.support.pagefactory.DefaultElementLocator.findElement(DefaultElementLocator.java:68)
	at org.openqa.selenium.support.pagefactory.internal.LocatingElementHandler.invoke(LocatingElementHandler.java:38)
	at jdk.proxy2/jdk.proxy2.$Proxy17.isDisplayed(Unknown Source)
	at org.openqa.selenium.support.ui.ExpectedConditions.elementIfVisible(ExpectedConditions.java:304)
	at org.openqa.selenium.support.ui.ExpectedConditions$10.apply(ExpectedConditions.java:290)
	at org.openqa.selenium.support.ui.ExpectedConditions$10.apply(ExpectedConditions.java:287)
	at org.openqa.selenium.support.ui.FluentWait.until(FluentWait.java:203)
	at pages.CalculatorForm.enterAge(CalculatorForm.java:98)
	at tests.CalculatorFunctionalityTest.sendData(CalculatorFunctionalityTest.java:97)
	at java.base/jdk.internal.reflect.DirectMethodHandleAccessor.invoke(DirectMethodHandleAccessor.java:103)
	at java.base/java.lang.reflect.Method.invoke(Method.java:580)
	at org.testng.internal.invokers.MethodInvocationHelper.invokeMethod(MethodInvocationHelper.java:141)
	at org.testng.internal.invokers.TestInvoker.invokeMethod(TestInvoker.java:687)
	at org.testng.internal.invokers.TestInvoker.invokeTestMethod(TestInvoker.java:230)
	at org.testng.internal.invokers.MethodRunner.runInSequence(MethodRunner.java:63)
	at org.testng.internal.invokers.TestInvoker$MethodInvocationAgent.invoke(TestInvoker.java:995)
	at org.testng.internal.invokers.TestInvoker.invokeTestMethods(TestInvoker.java:203)
	at org.testng.internal.invokers.TestMethodWorker.invokeTestMethods(TestMethodWorker.java:154)
	at org.testng.internal.invokers.TestMethodWorker.run(TestMethodWorker.java:134)
	at java.base/java.util.ArrayList.forEach(ArrayList.java:1596)
	at org.testng.TestRunner.privateRun(TestRunner.java:741)
	at org.testng.TestRunner.run(TestRunner.java:616)
	at org.testng.SuiteRunner.runTest(SuiteRunner.java:421)
	at org.testng.SuiteRunner$SuiteWorker.run(SuiteRunner.java:463)
	at org.testng.internal.thread.ThreadUtil.lambda$execute$0(ThreadUtil.java:64)
	at java.base/java.util.concurrent.FutureTask.run$$$capture(FutureTask.java:317)
	at java.base/java.util.concurrent.FutureTask.run(FutureTask.java)
	at java.base/java.util.concurrent.ThreadPoolExecutor.runWorker(ThreadPoolExecutor.java:1144)
	at java.base/java.util.concurrent.ThreadPoolExecutor$Worker.run(ThreadPoolExecutor.java:642)
	at java.base/java.lang.Thread.run(Thread.java:1583)
Caused by: java.io.UncheckedIOException: java.net.ConnectException
	at org.openqa.selenium.remote.http.jdk.JdkHttpClient.execute0(JdkHttpClient.java:500)
	at org.openqa.selenium.remote.http.AddSeleniumUserAgent.lambda$apply$0(AddSeleniumUserAgent.java:42)
	at org.openqa.selenium.remote.http.Filter.lambda$andFinally$1(Filter.java:55)
	at org.openqa.selenium.remote.http.jdk.JdkHttpClient.lambda$executeAsync$2(JdkHttpClient.java:387)
	at java.base/java.util.concurrent.Executors$RunnableAdapter.call(Executors.java:572)
	... 5 common frames omitted
Caused by: java.net.ConnectException: null
	at java.net.http/jdk.internal.net.http.HttpClientImpl.send(HttpClientImpl.java:951)
	at java.net.http/jdk.internal.net.http.HttpClientFacade.send(HttpClientFacade.java:133)
	at org.openqa.selenium.remote.http.jdk.JdkHttpClient.execute0(JdkHttpClient.java:459)
	... 9 common frames omitted
Caused by: java.net.ConnectException: null
	at java.net.http/jdk.internal.net.http.common.Utils.toConnectException(Utils.java:1028)
	at java.net.http/jdk.internal.net.http.PlainHttpConnection.connectAsync(PlainHttpConnection.java:227)
	at java.net.http/jdk.internal.net.http.PlainHttpConnection.checkRetryConnect(PlainHttpConnection.java:280)
	at java.net.http/jdk.internal.net.http.PlainHttpConnection.lambda$connectAsync$2(PlainHttpConnection.java:238)
	at java.base/java.util.concurrent.CompletableFuture.uniHandle(CompletableFuture.java:934)
	at java.base/java.util.concurrent.CompletableFuture$UniHandle.tryFire(CompletableFuture.java:911)
	at java.base/java.util.concurrent.CompletableFuture.postComplete(CompletableFuture.java:510)
	at java.base/java.util.concurrent.CompletableFuture$AsyncSupply.run$$$capture(CompletableFuture.java:1773)
	at java.base/java.util.concurrent.CompletableFuture$AsyncSupply.run(CompletableFuture.java)
	... 3 common frames omitted
Caused by: java.nio.channels.ClosedChannelException: null
	at java.base/sun.nio.ch.SocketChannelImpl.ensureOpen(SocketChannelImpl.java:202)
	at java.base/sun.nio.ch.SocketChannelImpl.beginConnect(SocketChannelImpl.java:786)
	at java.base/sun.nio.ch.SocketChannelImpl.connect(SocketChannelImpl.java:874)
	at java.net.http/jdk.internal.net.http.PlainHttpConnection.lambda$connectAsync$1(PlainHttpConnection.java:210)
	at java.base/java.security.AccessController.doPrivileged(AccessController.java:571)
	at java.net.http/jdk.internal.net.http.PlainHttpConnection.connectAsync(PlainHttpConnection.java:212)
	... 10 common frames omitted
2026-01-14 16:54:12.809 INFO  listeners.Listener1 - No pre-submit screenshot path provided by the test.
2026-01-14 16:54:12.809 INFO  listeners.Listener1 - No failure screenshot path provided by the test.
2026-01-14 16:54:12.819 INFO  listeners.Listener1 - onTestStart -> sendData
2026-01-14 16:54:12.821 INFO  listeners.Listener1 - Parameters for sendData: [40, 40, 90/50, positive]
2026-01-14 16:54:12.821 INFO  tests.CalculatorFunctionalityTest - Executing data row: age='40', pulse='40', bp='90/50', testType='positive'
2026-01-14 16:54:12.850 ERROR listeners.Listener1 - onTestFailure -> sendData
org.openqa.selenium.remote.UnreachableBrowserException: Error communicating with the remote browser. It may have died.
Build info: version: '4.33.0', revision: '2c6aaad03a'
System info: os.name: 'Windows 11', os.arch: 'amd64', os.version: '10.0', java.version: '21'
Driver info: org.openqa.selenium.chrome.ChromeDriver
Command: [84f568c8f09e2d0c7ad80b235f8dcc11, findElement [using, value]]
Capabilities {acceptInsecureCerts: false, browserName: chrome, browserVersion: 142.0.7444.176, chrome: {chromedriverVersion: 142.0.7444.175 (302067f14a4..., userDataDir: C:\Users\2457157\AppData\Lo...}, fedcm:accounts: true, goog:chromeOptions: {debuggerAddress: localhost:62525}, goog:processID: 30396, networkConnectionEnabled: false, pageLoadStrategy: normal, platformName: windows, proxy: Proxy(), se:cdp: ws://localhost:62525/devtoo..., se:cdpVersion: 142.0.7444.176, setWindowRect: true, strictFileInteractability: false, timeouts: {implicit: 0, pageLoad: 300000, script: 30000}, unhandledPromptBehavior: dismiss and notify, webauthn:extension:credBlob: true, webauthn:extension:largeBlob: true, webauthn:extension:minPinLength: true, webauthn:extension:prf: true, webauthn:virtualAuthenticators: true}
Session ID: 84f568c8f09e2d0c7ad80b235f8dcc11
	at org.openqa.selenium.remote.RemoteWebDriver.execute(RemoteWebDriver.java:571)
	at org.openqa.selenium.remote.ElementLocation$ElementFinder$2.findElement(ElementLocation.java:165)
	at org.openqa.selenium.remote.ElementLocation.findElement(ElementLocation.java:59)
	at org.openqa.selenium.remote.RemoteWebDriver.findElement(RemoteWebDriver.java:367)
	at org.openqa.selenium.remote.RemoteWebDriver.findElement(RemoteWebDriver.java:361)
	at org.openqa.selenium.support.pagefactory.DefaultElementLocator.findElement(DefaultElementLocator.java:68)
	at org.openqa.selenium.support.pagefactory.internal.LocatingElementHandler.invoke(LocatingElementHandler.java:38)
	at jdk.proxy2/jdk.proxy2.$Proxy17.isDisplayed(Unknown Source)
	at org.openqa.selenium.support.ui.ExpectedConditions.elementIfVisible(ExpectedConditions.java:304)
	at org.openqa.selenium.support.ui.ExpectedConditions$10.apply(ExpectedConditions.java:290)
	at org.openqa.selenium.support.ui.ExpectedConditions$10.apply(ExpectedConditions.java:287)
	at org.openqa.selenium.support.ui.FluentWait.until(FluentWait.java:203)
	at pages.CalculatorForm.enterAge(CalculatorForm.java:98)
	at tests.CalculatorFunctionalityTest.sendData(CalculatorFunctionalityTest.java:97)
	at java.base/jdk.internal.reflect.DirectMethodHandleAccessor.invoke(DirectMethodHandleAccessor.java:103)
	at java.base/java.lang.reflect.Method.invoke(Method.java:580)
	at org.testng.internal.invokers.MethodInvocationHelper.invokeMethod(MethodInvocationHelper.java:141)
	at org.testng.internal.invokers.TestInvoker.invokeMethod(TestInvoker.java:687)
	at org.testng.internal.invokers.TestInvoker.invokeTestMethod(TestInvoker.java:230)
	at org.testng.internal.invokers.MethodRunner.runInSequence(MethodRunner.java:63)
	at org.testng.internal.invokers.TestInvoker$MethodInvocationAgent.invoke(TestInvoker.java:995)
	at org.testng.internal.invokers.TestInvoker.invokeTestMethods(TestInvoker.java:203)
	at org.testng.internal.invokers.TestMethodWorker.invokeTestMethods(TestMethodWorker.java:154)
	at org.testng.internal.invokers.TestMethodWorker.run(TestMethodWorker.java:134)
	at java.base/java.util.ArrayList.forEach(ArrayList.java:1596)
	at org.testng.TestRunner.privateRun(TestRunner.java:741)
	at org.testng.TestRunner.run(TestRunner.java:616)
	at org.testng.SuiteRunner.runTest(SuiteRunner.java:421)
	at org.testng.SuiteRunner$SuiteWorker.run(SuiteRunner.java:463)
	at org.testng.internal.thread.ThreadUtil.lambda$execute$0(ThreadUtil.java:64)
	at java.base/java.util.concurrent.FutureTask.run$$$capture(FutureTask.java:317)
	at java.base/java.util.concurrent.FutureTask.run(FutureTask.java)
	at java.base/java.util.concurrent.ThreadPoolExecutor.runWorker(ThreadPoolExecutor.java:1144)
	at java.base/java.util.concurrent.ThreadPoolExecutor$Worker.run(ThreadPoolExecutor.java:642)
	at java.base/java.lang.Thread.run(Thread.java:1583)
Caused by: java.io.UncheckedIOException: java.net.ConnectException
	at org.openqa.selenium.remote.http.jdk.JdkHttpClient.execute0(JdkHttpClient.java:500)
	at org.openqa.selenium.remote.http.AddSeleniumUserAgent.lambda$apply$0(AddSeleniumUserAgent.java:42)
	at org.openqa.selenium.remote.http.Filter.lambda$andFinally$1(Filter.java:55)
	at org.openqa.selenium.remote.http.jdk.JdkHttpClient.lambda$executeAsync$2(JdkHttpClient.java:387)
	at java.base/java.util.concurrent.Executors$RunnableAdapter.call(Executors.java:572)
	... 5 common frames omitted
Caused by: java.net.ConnectException: null
	at java.net.http/jdk.internal.net.http.HttpClientImpl.send(HttpClientImpl.java:951)
	at java.net.http/jdk.internal.net.http.HttpClientFacade.send(HttpClientFacade.java:133)
	at org.openqa.selenium.remote.http.jdk.JdkHttpClient.execute0(JdkHttpClient.java:459)
	... 9 common frames omitted
Caused by: java.net.ConnectException: null
	at java.net.http/jdk.internal.net.http.common.Utils.toConnectException(Utils.java:1028)
	at java.net.http/jdk.internal.net.http.PlainHttpConnection.connectAsync(PlainHttpConnection.java:227)
	at java.net.http/jdk.internal.net.http.PlainHttpConnection.checkRetryConnect(PlainHttpConnection.java:280)
	at java.net.http/jdk.internal.net.http.PlainHttpConnection.lambda$connectAsync$2(PlainHttpConnection.java:238)
	at java.base/java.util.concurrent.CompletableFuture.uniHandle(CompletableFuture.java:934)
	at java.base/java.util.concurrent.CompletableFuture.uniHandleStage(CompletableFuture.java:950)
	at java.base/java.util.concurrent.CompletableFuture.handle(CompletableFuture.java:2372)
	at java.net.http/jdk.internal.net.http.PlainHttpConnection.connectAsync(PlainHttpConnection.java:238)
	at java.net.http/jdk.internal.net.http.Http1Exchange.sendHeadersAsync(Http1Exchange.java:312)
	at java.net.http/jdk.internal.net.http.Exchange.lambda$responseAsyncImpl0$8(Exchange.java:567)
	at java.net.http/jdk.internal.net.http.Exchange.checkFor407(Exchange.java:447)
	at java.net.http/jdk.internal.net.http.Exchange.lambda$responseAsyncImpl0$9(Exchange.java:571)
	at java.base/java.util.concurrent.CompletableFuture.uniHandle(CompletableFuture.java:934)
	at java.base/java.util.concurrent.CompletableFuture.uniHandleStage(CompletableFuture.java:950)
	at java.base/java.util.concurrent.CompletableFuture.handle(CompletableFuture.java:2372)
	at java.net.http/jdk.internal.net.http.Exchange.responseAsyncImpl0(Exchange.java:571)
	at java.net.http/jdk.internal.net.http.Exchange.responseAsyncImpl(Exchange.java:423)
	at java.net.http/jdk.internal.net.http.Exchange.responseAsync(Exchange.java:415)
	at java.net.http/jdk.internal.net.http.MultiExchange.responseAsyncImpl(MultiExchange.java:413)
	at java.net.http/jdk.internal.net.http.MultiExchange.lambda$responseAsyncImpl$7(MultiExchange.java:454)
	at java.base/java.util.concurrent.CompletableFuture.uniHandle(CompletableFuture.java:934)
	at java.base/java.util.concurrent.CompletableFuture$UniHandle.tryFire(CompletableFuture.java:911)
	at java.base/java.util.concurrent.CompletableFuture.postComplete(CompletableFuture.java:510)
	at java.base/java.util.concurrent.CompletableFuture$AsyncSupply.run$$$capture(CompletableFuture.java:1773)
	at java.base/java.util.concurrent.CompletableFuture$AsyncSupply.run(CompletableFuture.java)
	... 3 common frames omitted
Caused by: java.nio.channels.ClosedChannelException: null
	at java.base/sun.nio.ch.SocketChannelImpl.ensureOpen(SocketChannelImpl.java:202)
	at java.base/sun.nio.ch.SocketChannelImpl.beginConnect(SocketChannelImpl.java:786)
	at java.base/sun.nio.ch.SocketChannelImpl.connect(SocketChannelImpl.java:874)
	at java.net.http/jdk.internal.net.http.PlainHttpConnection.lambda$connectAsync$1(PlainHttpConnection.java:210)
	at java.base/java.security.AccessController.doPrivileged(AccessController.java:571)
	at java.net.http/jdk.internal.net.http.PlainHttpConnection.connectAsync(PlainHttpConnection.java:212)
	... 26 common frames omitted
2026-01-14 16:54:12.854 INFO  listeners.Listener1 - No pre-submit screenshot path provided by the test.
2026-01-14 16:54:12.856 INFO  listeners.Listener1 - No failure screenshot path provided by the test.
2026-01-14 16:54:12.868 INFO  listeners.Listener1 - onTestStart -> sendData
2026-01-14 16:54:12.868 INFO  listeners.Listener1 - Parameters for sendData: [40, 140, 170/110, negative]
2026-01-14 16:54:12.870 INFO  tests.CalculatorFunctionalityTest - Executing data row: age='40', pulse='140', bp='170/110', testType='negative'
2026-01-14 16:54:12.876 ERROR listeners.Listener1 - onTestFailure -> sendData
org.openqa.selenium.remote.UnreachableBrowserException: Error communicating with the remote browser. It may have died.
Build info: version: '4.33.0', revision: '2c6aaad03a'
System info: os.name: 'Windows 11', os.arch: 'amd64', os.version: '10.0', java.version: '21'
Driver info: org.openqa.selenium.chrome.ChromeDriver
Command: [84f568c8f09e2d0c7ad80b235f8dcc11, findElement [using, value]]
Capabilities {acceptInsecureCerts: false, browserName: chrome, browserVersion: 142.0.7444.176, chrome: {chromedriverVersion: 142.0.7444.175 (302067f14a4..., userDataDir: C:\Users\2457157\AppData\Lo...}, fedcm:accounts: true, goog:chromeOptions: {debuggerAddress: localhost:62525}, goog:processID: 30396, networkConnectionEnabled: false, pageLoadStrategy: normal, platformName: windows, proxy: Proxy(), se:cdp: ws://localhost:62525/devtoo..., se:cdpVersion: 142.0.7444.176, setWindowRect: true, strictFileInteractability: false, timeouts: {implicit: 0, pageLoad: 300000, script: 30000}, unhandledPromptBehavior: dismiss and notify, webauthn:extension:credBlob: true, webauthn:extension:largeBlob: true, webauthn:extension:minPinLength: true, webauthn:extension:prf: true, webauthn:virtualAuthenticators: true}
Session ID: 84f568c8f09e2d0c7ad80b235f8dcc11
	at org.openqa.selenium.remote.RemoteWebDriver.execute(RemoteWebDriver.java:571)
	at org.openqa.selenium.remote.ElementLocation$ElementFinder$2.findElement(ElementLocation.java:165)
	at org.openqa.selenium.remote.ElementLocation.findElement(ElementLocation.java:59)
	at org.openqa.selenium.remote.RemoteWebDriver.findElement(RemoteWebDriver.java:367)
	at org.openqa.selenium.remote.RemoteWebDriver.findElement(RemoteWebDriver.java:361)
	at org.openqa.selenium.support.pagefactory.DefaultElementLocator.findElement(DefaultElementLocator.java:68)
	at org.openqa.selenium.support.pagefactory.internal.LocatingElementHandler.invoke(LocatingElementHandler.java:38)
	at jdk.proxy2/jdk.proxy2.$Proxy17.isDisplayed(Unknown Source)
	at org.openqa.selenium.support.ui.ExpectedConditions.elementIfVisible(ExpectedConditions.java:304)
	at org.openqa.selenium.support.ui.ExpectedConditions$10.apply(ExpectedConditions.java:290)
	at org.openqa.selenium.support.ui.ExpectedConditions$10.apply(ExpectedConditions.java:287)
	at org.openqa.selenium.support.ui.FluentWait.until(FluentWait.java:203)
	at pages.CalculatorForm.enterAge(CalculatorForm.java:98)
	at tests.CalculatorFunctionalityTest.sendData(CalculatorFunctionalityTest.java:97)
	at java.base/jdk.internal.reflect.DirectMethodHandleAccessor.invoke(DirectMethodHandleAccessor.java:103)
	at java.base/java.lang.reflect.Method.invoke(Method.java:580)
	at org.testng.internal.invokers.MethodInvocationHelper.invokeMethod(MethodInvocationHelper.java:141)
	at org.testng.internal.invokers.TestInvoker.invokeMethod(TestInvoker.java:687)
	at org.testng.internal.invokers.TestInvoker.invokeTestMethod(TestInvoker.java:230)
	at org.testng.internal.invokers.MethodRunner.runInSequence(MethodRunner.java:63)
	at org.testng.internal.invokers.TestInvoker$MethodInvocationAgent.invoke(TestInvoker.java:995)
	at org.testng.internal.invokers.TestInvoker.invokeTestMethods(TestInvoker.java:203)
	at org.testng.internal.invokers.TestMethodWorker.invokeTestMethods(TestMethodWorker.java:154)
	at org.testng.internal.invokers.TestMethodWorker.run(TestMethodWorker.java:134)
	at java.base/java.util.ArrayList.forEach(ArrayList.java:1596)
	at org.testng.TestRunner.privateRun(TestRunner.java:741)
	at org.testng.TestRunner.run(TestRunner.java:616)
	at org.testng.SuiteRunner.runTest(SuiteRunner.java:421)
	at org.testng.SuiteRunner$SuiteWorker.run(SuiteRunner.java:463)
	at org.testng.internal.thread.ThreadUtil.lambda$execute$0(ThreadUtil.java:64)
	at java.base/java.util.concurrent.FutureTask.run$$$capture(FutureTask.java:317)
	at java.base/java.util.concurrent.FutureTask.run(FutureTask.java)
	at java.base/java.util.concurrent.ThreadPoolExecutor.runWorker(ThreadPoolExecutor.java:1144)
	at java.base/java.util.concurrent.ThreadPoolExecutor$Worker.run(ThreadPoolExecutor.java:642)
	at java.base/java.lang.Thread.run(Thread.java:1583)
Caused by: java.io.UncheckedIOException: java.net.ConnectException
	at org.openqa.selenium.remote.http.jdk.JdkHttpClient.execute0(JdkHttpClient.java:500)
	at org.openqa.selenium.remote.http.AddSeleniumUserAgent.lambda$apply$0(AddSeleniumUserAgent.java:42)
	at org.openqa.selenium.remote.http.Filter.lambda$andFinally$1(Filter.java:55)
	at org.openqa.selenium.remote.http.jdk.JdkHttpClient.lambda$executeAsync$2(JdkHttpClient.java:387)
	at java.base/java.util.concurrent.Executors$RunnableAdapter.call(Executors.java:572)
	... 5 common frames omitted
Caused by: java.net.ConnectException: null
	at java.net.http/jdk.internal.net.http.HttpClientImpl.send(HttpClientImpl.java:951)
	at java.net.http/jdk.internal.net.http.HttpClientFacade.send(HttpClientFacade.java:133)
	at org.openqa.selenium.remote.http.jdk.JdkHttpClient.execute0(JdkHttpClient.java:459)
	... 9 common frames omitted
Caused by: java.net.ConnectException: null
	at java.net.http/jdk.internal.net.http.common.Utils.toConnectException(Utils.java:1028)
	at java.net.http/jdk.internal.net.http.PlainHttpConnection.connectAsync(PlainHttpConnection.java:227)
	at java.net.http/jdk.internal.net.http.PlainHttpConnection.checkRetryConnect(PlainHttpConnection.java:280)
	at java.net.http/jdk.internal.net.http.PlainHttpConnection.lambda$connectAsync$2(PlainHttpConnection.java:238)
	at java.base/java.util.concurrent.CompletableFuture.uniHandle(CompletableFuture.java:934)
	at java.base/java.util.concurrent.CompletableFuture$UniHandle.tryFire(CompletableFuture.java:911)
	at java.base/java.util.concurrent.CompletableFuture.postComplete(CompletableFuture.java:510)
	at java.base/java.util.concurrent.CompletableFuture$AsyncSupply.run$$$capture(CompletableFuture.java:1773)
	at java.base/java.util.concurrent.CompletableFuture$AsyncSupply.run(CompletableFuture.java)
	... 3 common frames omitted
Caused by: java.nio.channels.ClosedChannelException: null
	at java.base/sun.nio.ch.SocketChannelImpl.ensureOpen(SocketChannelImpl.java:202)
	at java.base/sun.nio.ch.SocketChannelImpl.beginConnect(SocketChannelImpl.java:786)
	at java.base/sun.nio.ch.SocketChannelImpl.connect(SocketChannelImpl.java:874)
	at java.net.http/jdk.internal.net.http.PlainHttpConnection.lambda$connectAsync$1(PlainHttpConnection.java:210)
	at java.base/java.security.AccessController.doPrivileged(AccessController.java:571)
	at java.net.http/jdk.internal.net.http.PlainHttpConnection.connectAsync(PlainHttpConnection.java:212)
	... 10 common frames omitted
2026-01-14 16:54:12.876 INFO  listeners.Listener1 - No pre-submit screenshot path provided by the test.
2026-01-14 16:54:12.876 INFO  listeners.Listener1 - No failure screenshot path provided by the test.
2026-01-14 16:54:12.895 INFO  tests.CalculatorFunctionalityTest - Tearing down webdriver
2026-01-14 16:54:12.895 INFO  tests.CalculatorFunctionalityTest - WebDriver quit successfully
2026-01-14 16:54:12.902 INFO  listeners.Listener1 - onTestStart -> isResultDisplayed
2026-01-14 16:54:12.903 INFO  tests.ResultsPageUiTest - === Starting 'isResultDisplayed' test ===
2026-01-14 16:54:13.567 ERROR listeners.Listener1 - onTestFailure -> isResultDisplayed
org.openqa.selenium.NoSuchSessionException: invalid session id: session deleted as the browser has closed the connection
from disconnected: not connected to DevTools
  (Session info: chrome=142.0.7444.176)
Build info: version: '4.33.0', revision: '2c6aaad03a'
System info: os.name: 'Windows 11', os.arch: 'amd64', os.version: '10.0', java.version: '21'
Driver info: org.openqa.selenium.chrome.ChromeDriver
Command: [be7c9b3bdeaacf2ad429c3a050c6dc99, findElement {using=id, value=healthbox}]
Capabilities {acceptInsecureCerts: false, browserName: chrome, browserVersion: 142.0.7444.176, chrome: {chromedriverVersion: 142.0.7444.175 (302067f14a4..., userDataDir: C:\Users\2457157\AppData\Lo...}, fedcm:accounts: true, goog:chromeOptions: {debuggerAddress: localhost:58557}, goog:processID: 31144, networkConnectionEnabled: false, pageLoadStrategy: normal, platformName: windows, proxy: Proxy(), se:cdp: ws://localhost:58557/devtoo..., se:cdpVersion: 142.0.7444.176, setWindowRect: true, strictFileInteractability: false, timeouts: {implicit: 0, pageLoad: 300000, script: 30000}, unhandledPromptBehavior: dismiss and notify, webauthn:extension:credBlob: true, webauthn:extension:largeBlob: true, webauthn:extension:minPinLength: true, webauthn:extension:prf: true, webauthn:virtualAuthenticators: true}
Session ID: be7c9b3bdeaacf2ad429c3a050c6dc99
	at java.base/jdk.internal.reflect.DirectConstructorHandleAccessor.newInstance(DirectConstructorHandleAccessor.java:62)
	at java.base/java.lang.reflect.Constructor.newInstanceWithCaller(Constructor.java:502)
	at java.base/java.lang.reflect.Constructor.newInstance(Constructor.java:486)
	at org.openqa.selenium.remote.ErrorCodec.decode(ErrorCodec.java:167)
	at org.openqa.selenium.remote.codec.w3c.W3CHttpResponseCodec.decode(W3CHttpResponseCodec.java:138)
	at org.openqa.selenium.remote.codec.w3c.W3CHttpResponseCodec.decode(W3CHttpResponseCodec.java:50)
	at org.openqa.selenium.remote.HttpCommandExecutor.execute(HttpCommandExecutor.java:215)
	at org.openqa.selenium.remote.service.DriverCommandExecutor.invokeExecute(DriverCommandExecutor.java:216)
	at org.openqa.selenium.remote.service.DriverCommandExecutor.execute(DriverCommandExecutor.java:174)
	at org.openqa.selenium.remote.RemoteWebDriver.execute(RemoteWebDriver.java:544)
	at org.openqa.selenium.remote.ElementLocation$ElementFinder$2.findElement(ElementLocation.java:165)
	at org.openqa.selenium.remote.ElementLocation.findElement(ElementLocation.java:59)
	at org.openqa.selenium.remote.RemoteWebDriver.findElement(RemoteWebDriver.java:367)
	at org.openqa.selenium.remote.RemoteWebDriver.findElement(RemoteWebDriver.java:361)
	at org.openqa.selenium.support.pagefactory.DefaultElementLocator.findElement(DefaultElementLocator.java:68)
	at org.openqa.selenium.support.pagefactory.internal.LocatingElementHandler.invoke(LocatingElementHandler.java:38)
	at jdk.proxy2/jdk.proxy2.$Proxy17.isDisplayed(Unknown Source)
	at pages.ResultPage.isResultDisplayed(ResultPage.java:45)
	at tests.ResultsPageUiTest.isResultDisplayed(ResultsPageUiTest.java:180)
	at java.base/jdk.internal.reflect.DirectMethodHandleAccessor.invoke(DirectMethodHandleAccessor.java:103)
	at java.base/java.lang.reflect.Method.invoke(Method.java:580)
	at org.testng.internal.invokers.MethodInvocationHelper.invokeMethod(MethodInvocationHelper.java:141)
	at org.testng.internal.invokers.TestInvoker.invokeMethod(TestInvoker.java:687)
	at org.testng.internal.invokers.TestInvoker.invokeTestMethod(TestInvoker.java:230)
	at org.testng.internal.invokers.MethodRunner.runInSequence(MethodRunner.java:63)
	at org.testng.internal.invokers.TestInvoker$MethodInvocationAgent.invoke(TestInvoker.java:995)
	at org.testng.internal.invokers.TestInvoker.invokeTestMethods(TestInvoker.java:203)
	at org.testng.internal.invokers.TestMethodWorker.invokeTestMethods(TestMethodWorker.java:154)
	at org.testng.internal.invokers.TestMethodWorker.run(TestMethodWorker.java:134)
	at java.base/java.util.ArrayList.forEach(ArrayList.java:1596)
	at org.testng.TestRunner.privateRun(TestRunner.java:741)
	at org.testng.TestRunner.run(TestRunner.java:616)
	at org.testng.SuiteRunner.runTest(SuiteRunner.java:421)
	at org.testng.SuiteRunner$SuiteWorker.run(SuiteRunner.java:463)
	at org.testng.internal.thread.ThreadUtil.lambda$execute$0(ThreadUtil.java:64)
	at java.base/java.util.concurrent.FutureTask.run$$$capture(FutureTask.java:317)
	at java.base/java.util.concurrent.FutureTask.run(FutureTask.java)
	at java.base/java.util.concurrent.ThreadPoolExecutor.runWorker(ThreadPoolExecutor.java:1144)
	at java.base/java.util.concurrent.ThreadPoolExecutor$Worker.run(ThreadPoolExecutor.java:642)
	at java.base/java.lang.Thread.run(Thread.java:1583)
2026-01-14 16:54:13.571 INFO  listeners.Listener1 - No pre-submit screenshot path provided by the test.
2026-01-14 16:54:13.571 INFO  listeners.Listener1 - No failure screenshot path provided by the test.
2026-01-14 16:54:13.583 INFO  listeners.Listener1 - onTestStart -> gotoTeamDetails
2026-01-14 16:54:13.583 INFO  tests.HomePageValidationTest - Navigating to Team Details from Home page
2026-01-14 16:54:13.595 ERROR listeners.Listener1 - onTestFailure -> gotoTeamDetails
org.openqa.selenium.NoSuchSessionException: invalid session id: session deleted as the browser has closed the connection
from disconnected: not connected to DevTools
  (Session info: chrome=142.0.7444.176)
Build info: version: '4.33.0', revision: '2c6aaad03a'
System info: os.name: 'Windows 11', os.arch: 'amd64', os.version: '10.0', java.version: '21'
Driver info: org.openqa.selenium.chrome.ChromeDriver
Command: [efe2307c38373dfe90b4cd7b0f175940, findElement {using=link text, value=Team Details}]
Capabilities {acceptInsecureCerts: false, browserName: chrome, browserVersion: 142.0.7444.176, chrome: {chromedriverVersion: 142.0.7444.175 (302067f14a4..., userDataDir: C:\Users\2457157\AppData\Lo...}, fedcm:accounts: true, goog:chromeOptions: {debuggerAddress: localhost:52279}, goog:processID: 21576, networkConnectionEnabled: false, pageLoadStrategy: normal, platformName: windows, proxy: Proxy(), se:cdp: ws://localhost:52279/devtoo..., se:cdpVersion: 142.0.7444.176, setWindowRect: true, strictFileInteractability: false, timeouts: {implicit: 0, pageLoad: 300000, script: 30000}, unhandledPromptBehavior: dismiss and notify, webauthn:extension:credBlob: true, webauthn:extension:largeBlob: true, webauthn:extension:minPinLength: true, webauthn:extension:prf: true, webauthn:virtualAuthenticators: true}
Session ID: efe2307c38373dfe90b4cd7b0f175940
	at java.base/jdk.internal.reflect.DirectConstructorHandleAccessor.newInstance(DirectConstructorHandleAccessor.java:62)
	at java.base/java.lang.reflect.Constructor.newInstanceWithCaller(Constructor.java:502)
	at java.base/java.lang.reflect.Constructor.newInstance(Constructor.java:486)
	at org.openqa.selenium.remote.ErrorCodec.decode(ErrorCodec.java:167)
	at org.openqa.selenium.remote.codec.w3c.W3CHttpResponseCodec.decode(W3CHttpResponseCodec.java:138)
	at org.openqa.selenium.remote.codec.w3c.W3CHttpResponseCodec.decode(W3CHttpResponseCodec.java:50)
	at org.openqa.selenium.remote.HttpCommandExecutor.execute(HttpCommandExecutor.java:215)
	at org.openqa.selenium.remote.service.DriverCommandExecutor.invokeExecute(DriverCommandExecutor.java:216)
	at org.openqa.selenium.remote.service.DriverCommandExecutor.execute(DriverCommandExecutor.java:174)
	at org.openqa.selenium.remote.RemoteWebDriver.execute(RemoteWebDriver.java:544)
	at org.openqa.selenium.remote.ElementLocation$ElementFinder$2.findElement(ElementLocation.java:165)
	at org.openqa.selenium.remote.ElementLocation.findElement(ElementLocation.java:59)
	at org.openqa.selenium.remote.RemoteWebDriver.findElement(RemoteWebDriver.java:367)
	at org.openqa.selenium.remote.RemoteWebDriver.findElement(RemoteWebDriver.java:361)
	at org.openqa.selenium.support.pagefactory.DefaultElementLocator.findElement(DefaultElementLocator.java:68)
	at org.openqa.selenium.support.pagefactory.internal.LocatingElementHandler.invoke(LocatingElementHandler.java:38)
	at jdk.proxy2/jdk.proxy2.$Proxy17.click(Unknown Source)
	at pages.TopNavigation.goToTeamDetails(TopNavigation.java:90)
	at pages.HomePage.goToTeamDetails(HomePage.java:86)
	at tests.HomePageValidationTest.gotoTeamDetails(HomePageValidationTest.java:110)
	at java.base/jdk.internal.reflect.DirectMethodHandleAccessor.invoke(DirectMethodHandleAccessor.java:103)
	at java.base/java.lang.reflect.Method.invoke(Method.java:580)
	at org.testng.internal.invokers.MethodInvocationHelper.invokeMethod(MethodInvocationHelper.java:141)
	at org.testng.internal.invokers.TestInvoker.invokeMethod(TestInvoker.java:687)
	at org.testng.internal.invokers.TestInvoker.invokeTestMethod(TestInvoker.java:230)
	at org.testng.internal.invokers.MethodRunner.runInSequence(MethodRunner.java:63)
	at org.testng.internal.invokers.TestInvoker$MethodInvocationAgent.invoke(TestInvoker.java:995)
	at org.testng.internal.invokers.TestInvoker.invokeTestMethods(TestInvoker.java:203)
	at org.testng.internal.invokers.TestMethodWorker.invokeTestMethods(TestMethodWorker.java:154)
	at org.testng.internal.invokers.TestMethodWorker.run(TestMethodWorker.java:134)
	at java.base/java.util.ArrayList.forEach(ArrayList.java:1596)
	at org.testng.TestRunner.privateRun(TestRunner.java:741)
	at org.testng.TestRunner.run(TestRunner.java:616)
	at org.testng.SuiteRunner.runTest(SuiteRunner.java:421)
	at org.testng.SuiteRunner$SuiteWorker.run(SuiteRunner.java:463)
	at org.testng.internal.thread.ThreadUtil.lambda$execute$0(ThreadUtil.java:64)
	at java.base/java.util.concurrent.FutureTask.run$$$capture(FutureTask.java:317)
	at java.base/java.util.concurrent.FutureTask.run(FutureTask.java)
	at java.base/java.util.concurrent.ThreadPoolExecutor.runWorker(ThreadPoolExecutor.java:1144)
	at java.base/java.util.concurrent.ThreadPoolExecutor$Worker.run(ThreadPoolExecutor.java:642)
	at java.base/java.lang.Thread.run(Thread.java:1583)
2026-01-14 16:54:13.595 INFO  listeners.Listener1 - No pre-submit screenshot path provided by the test.
2026-01-14 16:54:13.600 INFO  listeners.Listener1 - No failure screenshot path provided by the test.
2026-01-14 16:54:13.600 INFO  tests.HomePageValidationTest - Tearing down webdriver
2026-01-14 16:54:18.175 INFO  tests.HomePageValidationTest - WebDriver quit successfully
2026-01-14 16:54:18.181 INFO  listeners.Listener1 - onTestStart -> gotoTeamDetails
2026-01-14 16:54:18.181 INFO  t.BloodPressurePageValidationTest - Navigating to Team Details via BloodPressurePage.goToTeamDetails()...
2026-01-14 16:54:18.194 ERROR listeners.Listener1 - onTestFailure -> gotoTeamDetails
org.openqa.selenium.NoSuchSessionException: invalid session id: session deleted as the browser has closed the connection
from disconnected: not connected to DevTools
  (Session info: chrome=142.0.7444.176)
Build info: version: '4.33.0', revision: '2c6aaad03a'
System info: os.name: 'Windows 11', os.arch: 'amd64', os.version: '10.0', java.version: '21'
Driver info: org.openqa.selenium.chrome.ChromeDriver
Command: [3b45d9c7a84113f6eaebf8e9ddcb2f82, findElement {using=link text, value=Team Details}]
Capabilities {acceptInsecureCerts: false, browserName: chrome, browserVersion: 142.0.7444.176, chrome: {chromedriverVersion: 142.0.7444.175 (302067f14a4..., userDataDir: C:\Users\2457157\AppData\Lo...}, fedcm:accounts: true, goog:chromeOptions: {debuggerAddress: localhost:51598}, goog:processID: 13328, networkConnectionEnabled: false, pageLoadStrategy: normal, platformName: windows, proxy: Proxy(), se:cdp: ws://localhost:51598/devtoo..., se:cdpVersion: 142.0.7444.176, setWindowRect: true, strictFileInteractability: false, timeouts: {implicit: 0, pageLoad: 300000, script: 30000}, unhandledPromptBehavior: dismiss and notify, webauthn:extension:credBlob: true, webauthn:extension:largeBlob: true, webauthn:extension:minPinLength: true, webauthn:extension:prf: true, webauthn:virtualAuthenticators: true}
Session ID: 3b45d9c7a84113f6eaebf8e9ddcb2f82
	at java.base/jdk.internal.reflect.DirectConstructorHandleAccessor.newInstance(DirectConstructorHandleAccessor.java:62)
	at java.base/java.lang.reflect.Constructor.newInstanceWithCaller(Constructor.java:502)
	at java.base/java.lang.reflect.Constructor.newInstance(Constructor.java:486)
	at org.openqa.selenium.remote.ErrorCodec.decode(ErrorCodec.java:167)
	at org.openqa.selenium.remote.codec.w3c.W3CHttpResponseCodec.decode(W3CHttpResponseCodec.java:138)
	at org.openqa.selenium.remote.codec.w3c.W3CHttpResponseCodec.decode(W3CHttpResponseCodec.java:50)
	at org.openqa.selenium.remote.HttpCommandExecutor.execute(HttpCommandExecutor.java:215)
	at org.openqa.selenium.remote.service.DriverCommandExecutor.invokeExecute(DriverCommandExecutor.java:216)
	at org.openqa.selenium.remote.service.DriverCommandExecutor.execute(DriverCommandExecutor.java:174)
	at org.openqa.selenium.remote.RemoteWebDriver.execute(RemoteWebDriver.java:544)
	at org.openqa.selenium.remote.ElementLocation$ElementFinder$2.findElement(ElementLocation.java:165)
	at org.openqa.selenium.remote.ElementLocation.findElement(ElementLocation.java:59)
	at org.openqa.selenium.remote.RemoteWebDriver.findElement(RemoteWebDriver.java:367)
	at org.openqa.selenium.remote.RemoteWebDriver.findElement(RemoteWebDriver.java:361)
	at org.openqa.selenium.support.pagefactory.DefaultElementLocator.findElement(DefaultElementLocator.java:68)
	at org.openqa.selenium.support.pagefactory.internal.LocatingElementHandler.invoke(LocatingElementHandler.java:38)
	at jdk.proxy2/jdk.proxy2.$Proxy17.click(Unknown Source)
	at pages.TopNavigation.goToTeamDetails(TopNavigation.java:90)
	at pages.BloodPressurePage.goToTeamDetails(BloodPressurePage.java:85)
	at tests.BloodPressurePageValidationTest.gotoTeamDetails(BloodPressurePageValidationTest.java:117)
	at java.base/jdk.internal.reflect.DirectMethodHandleAccessor.invoke(DirectMethodHandleAccessor.java:103)
	at java.base/java.lang.reflect.Method.invoke(Method.java:580)
	at org.testng.internal.invokers.MethodInvocationHelper.invokeMethod(MethodInvocationHelper.java:141)
	at org.testng.internal.invokers.TestInvoker.invokeMethod(TestInvoker.java:687)
	at org.testng.internal.invokers.TestInvoker.invokeTestMethod(TestInvoker.java:230)
	at org.testng.internal.invokers.MethodRunner.runInSequence(MethodRunner.java:63)
	at org.testng.internal.invokers.TestInvoker$MethodInvocationAgent.invoke(TestInvoker.java:995)
	at org.testng.internal.invokers.TestInvoker.invokeTestMethods(TestInvoker.java:203)
	at org.testng.internal.invokers.TestMethodWorker.invokeTestMethods(TestMethodWorker.java:154)
	at org.testng.internal.invokers.TestMethodWorker.run(TestMethodWorker.java:134)
	at java.base/java.util.ArrayList.forEach(ArrayList.java:1596)
	at org.testng.TestRunner.privateRun(TestRunner.java:741)
	at org.testng.TestRunner.run(TestRunner.java:616)
	at org.testng.SuiteRunner.runTest(SuiteRunner.java:421)
	at org.testng.SuiteRunner$SuiteWorker.run(SuiteRunner.java:463)
	at org.testng.internal.thread.ThreadUtil.lambda$execute$0(ThreadUtil.java:64)
	at java.base/java.util.concurrent.FutureTask.run$$$capture(FutureTask.java:317)
	at java.base/java.util.concurrent.FutureTask.run(FutureTask.java)
	at java.base/java.util.concurrent.ThreadPoolExecutor.runWorker(ThreadPoolExecutor.java:1144)
	at java.base/java.util.concurrent.ThreadPoolExecutor$Worker.run(ThreadPoolExecutor.java:642)
	at java.base/java.lang.Thread.run(Thread.java:1583)
2026-01-14 16:54:18.197 INFO  listeners.Listener1 - No pre-submit screenshot path provided by the test.
2026-01-14 16:54:18.197 INFO  listeners.Listener1 - No failure screenshot path provided by the test.
2026-01-14 16:54:18.202 INFO  t.BloodPressurePageValidationTest - Tearing down webdriver
2026-01-14 16:54:29.747 INFO  org.testng.internal.Utils - [TestNG] Running:
  C:\Users\2457157\IdeaProjects\HealthIndexCalculator\project.xml

2026-01-14 16:54:29.820 INFO  listeners.Listener1 - Initializing ExtentReports. Report path: C:\Users\2457157\IdeaProjects\HealthIndexCalculator/reports/report5.html
2026-01-14 16:54:30.658 INFO  listeners.Listener1 - System info set: Browser=chrome
2026-01-14 16:54:30.660 INFO  listeners.Listener1 - ExtentReports initialization complete
2026-01-14 16:54:30.898 INFO  tests.UrlValidationTest - Starting WebDriver and navigating to Home: https://hackvyatharth.github.io/Vitalguard_Team_Vanguardians/
2026-01-14 16:54:36.010 INFO  tests.UrlValidationTest - chrome Browser started
2026-01-14 16:54:36.632 INFO  tests.UrlValidationTest - Initializing page objects: TopNavigation, HomePage
2026-01-14 16:54:36.775 INFO  tests.UrlValidationTest - Setup completed for UrlValidationTest
2026-01-14 16:54:37.000 INFO  listeners.Listener1 - onTestStart -> isURLWorking
2026-01-14 16:54:37.079 INFO  tests.UrlValidationTest - === Starting 'isURLWorking' test ===
2026-01-14 16:54:38.125 INFO  tests.UrlValidationTest - NavBar present? true
2026-01-14 16:54:38.127 INFO  tests.UrlValidationTest - Left image present? true
2026-01-14 16:54:38.127 INFO  tests.UrlValidationTest - Calculator present? true
2026-01-14 16:54:38.134 INFO  tests.UrlValidationTest - PASS: Home page loaded successfully with all required elements
2026-01-14 16:54:38.134 INFO  tests.UrlValidationTest - === Completed 'isURLWorking' test ===
2026-01-14 16:54:38.139 INFO  listeners.Listener1 - onTestSuccess -> isURLWorking
2026-01-14 16:54:38.482 INFO  tests.UrlValidationTest - Tearing down webdriver
2026-01-14 16:54:41.976 INFO  tests.UrlValidationTest - WebDriver quit successfully
2026-01-14 16:54:41.986 INFO  tests.HeartPulsePageValidationTest - Starting WebDriver and navigating to Home: https://hackvyatharth.github.io/Vitalguard_Team_Vanguardians/
2026-01-14 16:54:45.355 INFO  tests.HeartPulsePageValidationTest - chrome Browser started
2026-01-14 16:54:45.938 INFO  tests.HeartPulsePageValidationTest - Initializing HeartPulsePage and TopNavigation with driver ChromeDriver: chrome on windows (8f3d34ad735a3b20dc992b65d865b8c3)
2026-01-14 16:54:45.952 INFO  tests.HeartPulsePageValidationTest - Navigating to 'Heart Pulse' via top navigation
2026-01-14 16:54:46.290 INFO  tests.HeartPulsePageValidationTest - Arrived at Heart Pulse page. Current URL: https://hackvyatharth.github.io/Vitalguard_Team_Vanguardians/#pulseRate
2026-01-14 16:54:46.322 INFO  listeners.Listener1 - onTestStart -> isHeadingPresent
2026-01-14 16:54:46.322 INFO  tests.HeartPulsePageValidationTest - Checking Heart Pulse page heading presence
2026-01-14 16:54:46.488 INFO  tests.HeartPulsePageValidationTest - 'isHeadingPresent' assertion passed
2026-01-14 16:54:46.488 INFO  listeners.Listener1 - onTestSuccess -> isHeadingPresent
2026-01-14 16:54:46.545 INFO  listeners.Listener1 - onTestStart -> isTopNavPresent
2026-01-14 16:54:46.551 INFO  tests.HeartPulsePageValidationTest - Verifying top navigation presence on Heart Pulse page
2026-01-14 16:54:47.123 INFO  tests.HeartPulsePageValidationTest - 'isTopNavPresent' assertion passed
2026-01-14 16:54:47.123 INFO  listeners.Listener1 - onTestSuccess -> isTopNavPresent
2026-01-14 16:54:47.141 INFO  tests.HomePageValidationTest - Starting WebDriver and navigating to Home: https://hackvyatharth.github.io/Vitalguard_Team_Vanguardians/
2026-01-14 16:54:52.257 INFO  tests.HomePageValidationTest - chrome Browser started
2026-01-14 16:54:52.916 INFO  tests.HomePageValidationTest - Initializing HomePage and TopNavigation with driver
2026-01-14 16:54:52.928 INFO  tests.HomePageValidationTest - Navigating to Home page via TopNavigation.goToHome()
2026-01-14 16:54:53.259 INFO  tests.HomePageValidationTest - Arrived at Home page. Current URL: https://hackvyatharth.github.io/Vitalguard_Team_Vanguardians/#container
2026-01-14 16:54:53.301 INFO  listeners.Listener1 - onTestStart -> isTopNavPresent
2026-01-14 16:54:53.303 INFO  tests.HomePageValidationTest - === Starting 'isTopNavPresent' test ===
2026-01-14 16:54:53.891 INFO  tests.HomePageValidationTest - PASS: Top navigation is present
2026-01-14 16:54:53.891 INFO  tests.HomePageValidationTest - === Completed 'isTopNavPresent' test ===
2026-01-14 16:54:53.891 INFO  listeners.Listener1 - onTestSuccess -> isTopNavPresent
2026-01-14 16:54:53.920 INFO  listeners.Listener1 - onTestStart -> gotoHome
2026-01-14 16:54:53.923 INFO  tests.HeartPulsePageValidationTest - Navigating to Home from Heart Pulse page
2026-01-14 16:54:54.292 INFO  tests.HeartPulsePageValidationTest - URL after goToHome(): https://hackvyatharth.github.io/Vitalguard_Team_Vanguardians/#container
2026-01-14 16:54:54.298 INFO  tests.HeartPulsePageValidationTest - 'gotoHome' assertion passed
2026-01-14 16:54:54.300 INFO  listeners.Listener1 - onTestSuccess -> gotoHome
2026-01-14 16:54:54.317 INFO  t.BloodPressurePageValidationTest - Starting WebDriver and navigating to Home: https://hackvyatharth.github.io/Vitalguard_Team_Vanguardians/
2026-01-14 16:54:59.505 INFO  t.BloodPressurePageValidationTest - chrome Browser started
2026-01-14 16:55:00.082 INFO  t.BloodPressurePageValidationTest - Initializing BloodPressurePage and TopNavigation...
2026-01-14 16:55:00.111 INFO  t.BloodPressurePageValidationTest - Navigating to 'Blood Pressure' via top navigation...
2026-01-14 16:55:01.034 INFO  t.BloodPressurePageValidationTest - Arrived at Blood Pressure page. Current URL: https://hackvyatharth.github.io/Vitalguard_Team_Vanguardians/#bloodPressure
2026-01-14 16:55:01.128 INFO  listeners.Listener1 - onTestStart -> isTopNavPresent
2026-01-14 16:55:01.136 INFO  t.BloodPressurePageValidationTest - === Starting 'isTopNavPresent' test ===
2026-01-14 16:55:02.763 INFO  t.BloodPressurePageValidationTest - PASS: Top navigation presence assertion passed.
2026-01-14 16:55:02.763 INFO  t.BloodPressurePageValidationTest - === Completed 'isTopNavPresent' test ===
2026-01-14 16:55:02.775 INFO  listeners.Listener1 - onTestSuccess -> isTopNavPresent
2026-01-14 16:55:02.823 INFO  tests.AgeFactorPageValidationTest - Starting WebDriver and navigating to Home: https://hackvyatharth.github.io/Vitalguard_Team_Vanguardians/
2026-01-14 16:55:11.391 INFO  tests.AgeFactorPageValidationTest - chrome Browser started
2026-01-14 16:55:12.219 INFO  tests.AgeFactorPageValidationTest - Initializing AgeFactorPage and TopNavigation for driver: ChromeDriver: chrome on windows (f20c642440301a333a8db978a8bf0a9d)
2026-01-14 16:55:12.291 INFO  tests.AgeFactorPageValidationTest - Navigating to 'Age Factor' via top navigation
2026-01-14 16:55:13.129 INFO  tests.AgeFactorPageValidationTest - Arrived at Age factor page
2026-01-14 16:55:13.442 INFO  listeners.Listener1 - onTestStart -> isTopNavPresent
2026-01-14 16:55:13.482 INFO  tests.AgeFactorPageValidationTest - Verifying top navigation presence on Age Factor page
2026-01-14 16:55:15.305 INFO  tests.AgeFactorPageValidationTest - PASS: Top navigation presence assertion passed
2026-01-14 16:55:15.305 INFO  listeners.Listener1 - onTestSuccess -> isTopNavPresent
2026-01-14 16:55:15.337 INFO  tests.TeamDetailsPageValidationTest - Starting WebDriver and navigating to Home: https://hackvyatharth.github.io/Vitalguard_Team_Vanguardians/
2026-01-14 16:55:24.442 INFO  tests.TeamDetailsPageValidationTest - chrome Browser started
2026-01-14 16:55:26.313 INFO  tests.TeamDetailsPageValidationTest - Initializing page objects: TeamDetails, TopNavigation
2026-01-14 16:55:26.319 INFO  tests.TeamDetailsPageValidationTest - Navigating to Team Details page via TopNavigation
2026-01-14 16:55:27.747 INFO  tests.TeamDetailsPageValidationTest - Setup completed for TeamDetailsPageValidationTest
2026-01-14 16:55:27.752 INFO  listeners.Listener1 - onTestStart -> isTopNavPresent
2026-01-14 16:55:27.753 INFO  tests.TeamDetailsPageValidationTest - === Starting 'isTopNavPresent' test ===
2026-01-14 16:55:29.184 INFO  tests.TeamDetailsPageValidationTest - Top navigation present? true
2026-01-14 16:55:29.186 INFO  tests.TeamDetailsPageValidationTest - PASS: Top navigation is present
2026-01-14 16:55:29.186 INFO  tests.TeamDetailsPageValidationTest - === Completed 'isTopNavPresent' test ===
2026-01-14 16:55:29.188 INFO  listeners.Listener1 - onTestSuccess -> isTopNavPresent
2026-01-14 16:55:29.217 INFO  tests.CalculatorFunctionalityTest - Starting WebDriver and navigating to Home: https://hackvyatharth.github.io/Vitalguard_Team_Vanguardians/
2026-01-14 16:55:35.192 INFO  tests.CalculatorFunctionalityTest - chrome Browser started
2026-01-14 16:55:35.944 INFO  tests.CalculatorFunctionalityTest - Initializing CalculatorForm, ExcelDataManager, TopNavigation
2026-01-14 16:55:36.443 INFO  tests.CalculatorFunctionalityTest - Setup complete for CalculatorFunctionalityTest
2026-01-14 16:55:36.469 INFO  listeners.Listener1 - onTestStart -> isFormHeadingPresent
2026-01-14 16:55:36.476 INFO  tests.CalculatorFunctionalityTest - Verifying form heading presence
2026-01-14 16:55:36.695 INFO  tests.CalculatorFunctionalityTest - Form Heading assertion passed
2026-01-14 16:55:36.695 INFO  listeners.Listener1 - onTestSuccess -> isFormHeadingPresent
2026-01-14 16:55:36.715 INFO  tests.ResultsPageUiTest - Starting WebDriver and navigating to Home: https://hackvyatharth.github.io/Vitalguard_Team_Vanguardians/
2026-01-14 16:55:44.296 INFO  tests.ResultsPageUiTest - chrome Browser started
2026-01-14 16:55:45.024 INFO  tests.ResultsPageUiTest - Initializing page objects: TopNavigation, CalculatorForm, ResultPage
2026-01-14 16:55:45.060 INFO  tests.ResultsPageUiTest - Page objects initialized successfully
2026-01-14 16:55:45.060 INFO  tests.ResultsPageUiTest - Providing data for 'resultPageCheck'
2026-01-14 16:55:45.076 INFO  tests.ResultsPageUiTest - Data provided: 1 row(s)
2026-01-14 16:55:45.100 INFO  listeners.Listener1 - onTestStart -> resultPageCheck
2026-01-14 16:55:45.102 INFO  listeners.Listener1 - Parameters for resultPageCheck: [20, 67, 120/80]
2026-01-14 16:55:45.124 INFO  tests.ResultsPageUiTest - === Starting 'resultPageCheck' test ===
2026-01-14 16:55:45.134 INFO  tests.ResultsPageUiTest - Input data -> Age: 20, Pulse: 67, BP: 120/80
2026-01-14 16:55:45.152 INFO  tests.ResultsPageUiTest - Entering age
2026-01-14 16:55:45.664 INFO  tests.ResultsPageUiTest - Entering pulse
2026-01-14 16:55:46.269 INFO  tests.ResultsPageUiTest - Entering blood pressure
2026-01-14 16:55:46.910 INFO  tests.ResultsPageUiTest - Clicking Calculate
2026-01-14 16:55:47.640 INFO  tests.ResultsPageUiTest - Locating feedback text area
2026-01-14 16:55:47.732 INFO  tests.ResultsPageUiTest - Computing scroll metrics: scrollHeight vs clientHeight
2026-01-14 16:55:47.819 INFO  tests.ResultsPageUiTest - scrollHeight: 120
2026-01-14 16:55:47.819 INFO  tests.ResultsPageUiTest - clientHeight: 76
2026-01-14 16:55:47.827 INFO  tests.ResultsPageUiTest - Is feedback textarea scrollable? true
2026-01-14 16:55:47.827 INFO  tests.ResultsPageUiTest - PASS: The result text box is scrollable
2026-01-14 16:55:47.827 INFO  tests.ResultsPageUiTest - Checking CSS 'resize' property
2026-01-14 16:55:47.890 INFO  tests.ResultsPageUiTest - resize CSS value: vertical
2026-01-14 16:55:47.893 INFO  tests.ResultsPageUiTest - Is feedback textarea resizable? true
2026-01-14 16:55:47.893 INFO  tests.ResultsPageUiTest - PASS: The result textbox is resizable
2026-01-14 16:55:47.893 INFO  tests.ResultsPageUiTest - Asserting all soft assertions
2026-01-14 16:55:47.893 INFO  tests.ResultsPageUiTest - === Completed 'resultPageCheck' test ===
2026-01-14 16:55:47.893 INFO  listeners.Listener1 - onTestSuccess -> resultPageCheck
2026-01-14 16:55:47.942 INFO  listeners.Listener1 - onTestStart -> isLeftImagePresent
2026-01-14 16:55:47.942 INFO  tests.HomePageValidationTest - === Starting 'isLeftImagePresent' test ===
2026-01-14 16:55:48.312 INFO  tests.HomePageValidationTest - PASS: Left image is present
2026-01-14 16:55:48.312 INFO  tests.HomePageValidationTest - === Completed 'isLeftImagePresent' test ===
2026-01-14 16:55:48.312 INFO  listeners.Listener1 - onTestSuccess -> isLeftImagePresent
2026-01-14 16:55:48.344 INFO  listeners.Listener1 - onTestStart -> gotoBloodPressure
2026-01-14 16:55:48.344 INFO  tests.HeartPulsePageValidationTest - Navigating to Blood Pressure from Heart Pulse page
2026-01-14 16:55:48.985 INFO  tests.HeartPulsePageValidationTest - URL after goToBloodPressure(): https://hackvyatharth.github.io/Vitalguard_Team_Vanguardians/#bloodPressure
2026-01-14 16:55:48.985 INFO  tests.HeartPulsePageValidationTest - 'gotoBloodPressure' assertion passed
2026-01-14 16:55:48.985 INFO  listeners.Listener1 - onTestSuccess -> gotoBloodPressure
2026-01-14 16:55:49.027 INFO  listeners.Listener1 - onTestStart -> isHeadingPresent
2026-01-14 16:55:49.037 INFO  t.BloodPressurePageValidationTest - === Starting 'isHeadingPresent' test ===
2026-01-14 16:55:49.442 INFO  t.BloodPressurePageValidationTest - PASS: Heading presence assertion passed.
2026-01-14 16:55:49.442 INFO  t.BloodPressurePageValidationTest - === Completed 'isHeadingPresent' test ===
2026-01-14 16:55:49.442 INFO  listeners.Listener1 - onTestSuccess -> isHeadingPresent
2026-01-14 16:55:49.469 INFO  tests.AgeFactorPageValidationTest - Initializing AgeFactorPage and TopNavigation for driver: ChromeDriver: chrome on windows (f20c642440301a333a8db978a8bf0a9d)
2026-01-14 16:55:49.480 INFO  tests.AgeFactorPageValidationTest - Navigating to 'Age Factor' via top navigation
2026-01-14 16:55:50.463 INFO  tests.AgeFactorPageValidationTest - Arrived at Age factor page
2026-01-14 16:55:50.564 INFO  listeners.Listener1 - onTestStart -> isHeadingPresent
2026-01-14 16:55:50.574 INFO  tests.AgeFactorPageValidationTest - Checking Age Factor page heading presence (and style if applicable)
2026-01-14 16:55:51.066 INFO  tests.AgeFactorPageValidationTest - PASS: Heading presence assertion passed
2026-01-14 16:55:51.066 INFO  listeners.Listener1 - onTestSuccess -> isHeadingPresent
2026-01-14 16:55:51.118 INFO  listeners.Listener1 - onTestStart -> isHeadingPresent
2026-01-14 16:55:51.127 INFO  tests.TeamDetailsPageValidationTest - === Starting 'isHeadingPresent' test ===
2026-01-14 16:55:52.093 INFO  tests.TeamDetailsPageValidationTest - Heading present? true
2026-01-14 16:55:52.094 INFO  tests.TeamDetailsPageValidationTest - PASS: Heading is present
2026-01-14 16:55:52.096 INFO  tests.TeamDetailsPageValidationTest - === Completed 'isHeadingPresent' test ===
2026-01-14 16:55:52.097 INFO  listeners.Listener1 - onTestSuccess -> isHeadingPresent
2026-01-14 16:55:52.127 INFO  listeners.Listener1 - onTestStart -> isAgeFieldPresent
2026-01-14 16:55:52.128 INFO  tests.CalculatorFunctionalityTest - Verifying age field presence
2026-01-14 16:55:52.641 INFO  tests.CalculatorFunctionalityTest - Age field presence assertion passed
2026-01-14 16:55:52.641 INFO  listeners.Listener1 - onTestSuccess -> isAgeFieldPresent
2026-01-14 16:55:56.650 INFO  listeners.Listener1 - onTestStart -> isLogoPresent
2026-01-14 16:55:56.662 INFO  tests.ResultsPageUiTest - === Starting 'isLogoPresent' test ===
2026-01-14 16:55:56.955 INFO  tests.ResultsPageUiTest - Logo present? true
2026-01-14 16:55:56.955 INFO  tests.ResultsPageUiTest - PASS: Logo is visible
2026-01-14 16:55:56.955 INFO  tests.ResultsPageUiTest - === Completed 'isLogoPresent' test ===
2026-01-14 16:55:56.967 INFO  listeners.Listener1 - onTestSuccess -> isLogoPresent
2026-01-14 16:55:57.001 INFO  listeners.Listener1 - onTestStart -> isCalculatorPresent
2026-01-14 16:55:57.006 INFO  tests.HomePageValidationTest - === Starting 'isCalculatorPresent' test ===
2026-01-14 16:55:57.451 INFO  tests.HomePageValidationTest - PASS: Calculator is present
2026-01-14 16:55:57.451 INFO  tests.HomePageValidationTest - === Completed 'isCalculatorPresent' test ===
2026-01-14 16:55:57.451 INFO  listeners.Listener1 - onTestSuccess -> isCalculatorPresent
2026-01-14 16:55:57.489 INFO  listeners.Listener1 - onTestStart -> gotoAgeFactor
2026-01-14 16:55:57.499 INFO  tests.HeartPulsePageValidationTest - Navigating to Age Factor from Heart Pulse page
2026-01-14 16:55:58.424 INFO  tests.HeartPulsePageValidationTest - URL after goToAgeFactor(): https://hackvyatharth.github.io/Vitalguard_Team_Vanguardians/#ageFactor
2026-01-14 16:55:58.424 INFO  tests.HeartPulsePageValidationTest - 'gotoAgeFactor' assertion passed
2026-01-14 16:55:58.424 INFO  listeners.Listener1 - onTestSuccess -> gotoAgeFactor
2026-01-14 16:55:58.483 INFO  listeners.Listener1 - onTestStart -> isInfoPresent
2026-01-14 16:55:58.526 INFO  t.BloodPressurePageValidationTest - === Starting 'isInfoPresent' test ===
2026-01-14 16:55:58.867 INFO  t.BloodPressurePageValidationTest - PASS: Information block presence assertion passed.
2026-01-14 16:55:58.873 INFO  t.BloodPressurePageValidationTest - === Completed 'isInfoPresent' test ===
2026-01-14 16:55:58.882 INFO  listeners.Listener1 - onTestSuccess -> isInfoPresent
2026-01-14 16:55:58.923 INFO  tests.AgeFactorPageValidationTest - Initializing AgeFactorPage and TopNavigation for driver: ChromeDriver: chrome on windows (f20c642440301a333a8db978a8bf0a9d)
2026-01-14 16:55:58.940 INFO  tests.AgeFactorPageValidationTest - Navigating to 'Age Factor' via top navigation
2026-01-14 16:55:59.633 INFO  tests.AgeFactorPageValidationTest - Arrived at Age factor page
2026-01-14 16:55:59.722 INFO  listeners.Listener1 - onTestStart -> isInfoPresent
2026-01-14 16:55:59.739 INFO  tests.AgeFactorPageValidationTest - Validating informational block (white text per spec) on Age Factor page
2026-01-14 16:56:00.339 INFO  tests.AgeFactorPageValidationTest - PASS: Info block presence assertion passed
2026-01-14 16:56:00.339 INFO  listeners.Listener1 - onTestSuccess -> isInfoPresent
2026-01-14 16:56:00.372 INFO  listeners.Listener1 - onTestStart -> isTeamDetailsPresent
2026-01-14 16:56:00.394 INFO  tests.TeamDetailsPageValidationTest - === Starting 'isTeamDetailsPresent' test ===
2026-01-14 16:56:01.101 INFO  tests.TeamDetailsPageValidationTest - Team details present? true
2026-01-14 16:56:01.101 INFO  tests.TeamDetailsPageValidationTest - PASS: Team details are displayed
2026-01-14 16:56:01.101 INFO  tests.TeamDetailsPageValidationTest - === Completed 'isTeamDetailsPresent' test ===
2026-01-14 16:56:01.106 INFO  listeners.Listener1 - onTestSuccess -> isTeamDetailsPresent
2026-01-14 16:56:01.165 INFO  listeners.Listener1 - onTestStart -> isPulseRateFieldPresent
2026-01-14 16:56:01.181 INFO  tests.CalculatorFunctionalityTest - Verifying pulse field presence
2026-01-14 16:56:01.706 INFO  tests.CalculatorFunctionalityTest - Pulse field presence assertion passed
2026-01-14 16:56:01.706 INFO  listeners.Listener1 - onTestSuccess -> isPulseRateFieldPresent
2026-01-14 16:56:01.772 INFO  listeners.Listener1 - onTestStart -> isLogoTextPresent
2026-01-14 16:56:01.783 INFO  tests.ResultsPageUiTest - === Starting 'isLogoTextPresent' test ===
2026-01-14 16:56:02.051 INFO  tests.ResultsPageUiTest - Logo text present? true
2026-01-14 16:56:02.054 INFO  tests.ResultsPageUiTest - PASS: Logo text is visible
2026-01-14 16:56:02.064 INFO  tests.ResultsPageUiTest - === Completed 'isLogoTextPresent' test ===
2026-01-14 16:56:02.066 INFO  listeners.Listener1 - onTestSuccess -> isLogoTextPresent
2026-01-14 16:56:02.131 INFO  listeners.Listener1 - onTestStart -> gotoHeartPulse
2026-01-14 16:56:02.147 INFO  tests.HomePageValidationTest - Navigating to HeartPulse from Home page
2026-01-14 16:56:03.511 INFO  tests.HomePageValidationTest - URL after goToHeartPulse(): https://hackvyatharth.github.io/Vitalguard_Team_Vanguardians/#pulseRate
2026-01-14 16:56:13.674 INFO  tests.HomePageValidationTest - PASS: 'gotoHeartPulse' assertion passed
2026-01-14 16:56:13.674 INFO  listeners.Listener1 - onTestSuccess -> gotoHeartPulse
2026-01-14 16:56:13.732 INFO  listeners.Listener1 - onTestStart -> gotoTeamDetails
2026-01-14 16:56:13.734 INFO  tests.HeartPulsePageValidationTest - Navigating to Team Details from Heart Pulse page
2026-01-14 16:56:15.440 INFO  tests.HeartPulsePageValidationTest - URL after goToTeamDetails(): https://hackvyatharth.github.io/Vitalguard_Team_Vanguardians/#foot
2026-01-14 16:56:15.440 INFO  tests.HeartPulsePageValidationTest - 'gotoTeamDetails' assertion passed
2026-01-14 16:56:15.440 INFO  listeners.Listener1 - onTestSuccess -> gotoTeamDetails
2026-01-14 16:56:15.467 INFO  tests.HeartPulsePageValidationTest - Tearing down webdriver
2026-01-14 16:56:47.523 INFO  tests.HeartPulsePageValidationTest - WebDriver quit successfully
2026-01-14 16:56:47.539 INFO  listeners.Listener1 - onTestStart -> gotoHome
2026-01-14 16:56:47.547 INFO  t.BloodPressurePageValidationTest - Navigating to Home via BloodPressurePage.goToHome()...
2026-01-14 16:56:48.238 INFO  t.BloodPressurePageValidationTest - URL after goToHome(): https://hackvyatharth.github.io/Vitalguard_Team_Vanguardians/#container
2026-01-14 16:56:48.238 INFO  t.BloodPressurePageValidationTest - PASS: Home navigation assertion passed.
2026-01-14 16:56:48.238 INFO  listeners.Listener1 - onTestSuccess -> gotoHome
2026-01-14 16:56:48.261 INFO  tests.AgeFactorPageValidationTest - Initializing AgeFactorPage and TopNavigation for driver: ChromeDriver: chrome on windows (f20c642440301a333a8db978a8bf0a9d)
2026-01-14 16:56:48.279 INFO  tests.AgeFactorPageValidationTest - Navigating to 'Age Factor' via top navigation
2026-01-14 16:56:48.746 INFO  tests.AgeFactorPageValidationTest - Arrived at Age factor page
2026-01-14 16:56:48.808 INFO  listeners.Listener1 - onTestStart -> gotoHome
2026-01-14 16:56:48.808 INFO  tests.AgeFactorPageValidationTest - Navigating to Home via AgeFactorPage.goToHome()
2026-01-14 16:56:49.351 INFO  tests.AgeFactorPageValidationTest - PASS: Home navigation assertion passed
2026-01-14 16:56:49.358 INFO  listeners.Listener1 - onTestSuccess -> gotoHome
2026-01-14 16:56:49.374 INFO  listeners.Listener1 - onTestStart -> gotoHome
2026-01-14 16:56:49.374 INFO  tests.TeamDetailsPageValidationTest - === Starting 'gotoHome' test ===
2026-01-14 16:56:50.112 INFO  tests.TeamDetailsPageValidationTest - Current URL after gotoHome(): https://hackvyatharth.github.io/Vitalguard_Team_Vanguardians/#container
2026-01-14 16:56:50.112 INFO  tests.TeamDetailsPageValidationTest - PASS: 'gotoHome' assertion passed (URL contains '#container')
2026-01-14 16:56:50.112 INFO  tests.TeamDetailsPageValidationTest - === Completed 'gotoHome' test ===
2026-01-14 16:56:50.112 INFO  listeners.Listener1 - onTestSuccess -> gotoHome
2026-01-14 16:56:50.165 INFO  listeners.Listener1 - onTestStart -> isBloodPressureFieldPresent
2026-01-14 16:56:50.173 INFO  tests.CalculatorFunctionalityTest - Verifying BP field presence
2026-01-14 16:56:50.533 INFO  tests.CalculatorFunctionalityTest - BP field presence assertion passed
2026-01-14 16:56:50.533 INFO  listeners.Listener1 - onTestSuccess -> isBloodPressureFieldPresent
2026-01-14 16:56:50.613 INFO  listeners.Listener1 - onTestStart -> isResultBoxPresent
2026-01-14 16:56:50.623 INFO  tests.ResultsPageUiTest - === Starting 'isResultBoxPresent' test ===
2026-01-14 16:56:50.848 INFO  tests.ResultsPageUiTest - Result box present? true
2026-01-14 16:56:50.857 INFO  tests.ResultsPageUiTest - PASS: Result box is visible
2026-01-14 16:56:50.857 INFO  tests.ResultsPageUiTest - === Completed 'isResultBoxPresent' test ===
2026-01-14 16:56:50.857 INFO  listeners.Listener1 - onTestSuccess -> isResultBoxPresent
2026-01-14 16:56:50.872 INFO  listeners.Listener1 - onTestStart -> gotoBloodPressure
2026-01-14 16:56:50.872 INFO  tests.HomePageValidationTest - Navigating to Blood Pressure from Home page
2026-01-14 16:56:51.986 INFO  tests.HomePageValidationTest - URL after goToBloodPressure(): https://hackvyatharth.github.io/Vitalguard_Team_Vanguardians/#bloodPressure
2026-01-14 16:56:51.991 INFO  tests.HomePageValidationTest - PASS: 'gotoBloodPressure' assertion passed
2026-01-14 16:56:51.991 INFO  listeners.Listener1 - onTestSuccess -> gotoBloodPressure
2026-01-14 16:56:52.027 INFO  listeners.Listener1 - onTestStart -> gotoHeartPulse
2026-01-14 16:56:52.027 INFO  t.BloodPressurePageValidationTest - Navigating to Heart Pulse via BloodPressurePage.goToHeartPulse()...
2026-01-14 16:56:53.409 INFO  t.BloodPressurePageValidationTest - URL after goToHeartPulse(): https://hackvyatharth.github.io/Vitalguard_Team_Vanguardians/#pulseRate
2026-01-14 16:56:53.409 INFO  t.BloodPressurePageValidationTest - PASS: Heart Pulse navigation assertion passed.
2026-01-14 16:56:53.409 INFO  listeners.Listener1 - onTestSuccess -> gotoHeartPulse
2026-01-14 16:56:53.478 INFO  tests.AgeFactorPageValidationTest - Initializing AgeFactorPage and TopNavigation for driver: ChromeDriver: chrome on windows (f20c642440301a333a8db978a8bf0a9d)
2026-01-14 16:56:53.478 INFO  tests.AgeFactorPageValidationTest - Navigating to 'Age Factor' via top navigation
2026-01-14 16:56:54.066 INFO  tests.AgeFactorPageValidationTest - Arrived at Age factor page
2026-01-14 16:56:54.187 INFO  listeners.Listener1 - onTestStart -> gotoHeartPulse
2026-01-14 16:56:54.196 INFO  tests.AgeFactorPageValidationTest - Navigating to Heart Pulse via AgeFactorPage.goToHeartPulse()
2026-01-14 16:56:54.790 INFO  tests.AgeFactorPageValidationTest - PASS: Heart Pulse navigation assertion passed
2026-01-14 16:56:54.790 INFO  listeners.Listener1 - onTestSuccess -> gotoHeartPulse
2026-01-14 16:56:54.808 INFO  listeners.Listener1 - onTestStart -> gotoBloodPressure
2026-01-14 16:56:54.808 INFO  tests.TeamDetailsPageValidationTest - === Starting 'gotoBloodPressure' test ===
2026-01-14 16:56:55.347 INFO  tests.TeamDetailsPageValidationTest - Current URL after gotoBloodPressure(): https://hackvyatharth.github.io/Vitalguard_Team_Vanguardians/#bloodPressure
2026-01-14 16:56:55.347 INFO  tests.TeamDetailsPageValidationTest - PASS: 'gotoBloodPressure' assertion passed (URL contains '#bloodPressure')
2026-01-14 16:56:55.347 INFO  tests.TeamDetailsPageValidationTest - === Completed 'gotoBloodPressure' test ===
2026-01-14 16:56:55.347 INFO  listeners.Listener1 - onTestSuccess -> gotoBloodPressure
2026-01-14 16:56:55.407 INFO  listeners.Listener1 - onTestStart -> isCalculateButtonPresentAndClickable
2026-01-14 16:56:55.407 INFO  tests.CalculatorFunctionalityTest - Verifying Calculate Button presence and Clickability
2026-01-14 16:56:55.950 INFO  tests.CalculatorFunctionalityTest - Calculate button presence & clickability assertion passed
2026-01-14 16:56:55.950 INFO  listeners.Listener1 - onTestSuccess -> isCalculateButtonPresentAndClickable
2026-01-14 16:56:55.974 INFO  listeners.Listener1 - onTestStart -> isHeadingPresent
2026-01-14 16:56:55.974 INFO  tests.ResultsPageUiTest - === Starting 'isHeadingPresent' test ===
2026-01-14 16:56:56.076 INFO  tests.ResultsPageUiTest - Heading present? true
2026-01-14 16:56:56.092 INFO  tests.ResultsPageUiTest - PASS: Heading is visible
2026-01-14 16:56:56.092 INFO  tests.ResultsPageUiTest - === Completed 'isHeadingPresent' test ===
2026-01-14 16:56:56.092 INFO  listeners.Listener1 - onTestSuccess -> isHeadingPresent
2026-01-14 16:56:56.125 INFO  listeners.Listener1 - onTestStart -> gotoAgeFactor
2026-01-14 16:56:56.125 INFO  tests.HomePageValidationTest - Navigating to Age Factor from Home page
2026-01-14 16:56:56.676 INFO  tests.HomePageValidationTest - URL after goToAgeFactor(): https://hackvyatharth.github.io/Vitalguard_Team_Vanguardians/#ageFactor
2026-01-14 16:56:56.676 INFO  tests.HomePageValidationTest - PASS: 'gotoAgeFactor' assertion passed
2026-01-14 16:56:56.676 INFO  listeners.Listener1 - onTestSuccess -> gotoAgeFactor
2026-01-14 16:56:56.698 INFO  listeners.Listener1 - onTestStart -> gotoAgeFactorPage
2026-01-14 16:56:56.698 INFO  t.BloodPressurePageValidationTest - Navigating to Age Factor via BloodPressurePage.goToAgeFactor()...
2026-01-14 16:56:57.328 INFO  t.BloodPressurePageValidationTest - URL after goToAgeFactor(): https://hackvyatharth.github.io/Vitalguard_Team_Vanguardians/#ageFactor
2026-01-14 16:56:57.328 INFO  t.BloodPressurePageValidationTest - PASS: Age Factor navigation assertion passed.
2026-01-14 16:56:57.328 INFO  listeners.Listener1 - onTestSuccess -> gotoAgeFactorPage
2026-01-14 16:56:57.357 INFO  tests.AgeFactorPageValidationTest - Initializing AgeFactorPage and TopNavigation for driver: ChromeDriver: chrome on windows (f20c642440301a333a8db978a8bf0a9d)
2026-01-14 16:56:57.357 INFO  tests.AgeFactorPageValidationTest - Navigating to 'Age Factor' via top navigation
2026-01-14 16:56:58.012 INFO  tests.AgeFactorPageValidationTest - Arrived at Age factor page
2026-01-14 16:56:58.074 INFO  listeners.Listener1 - onTestStart -> gotoBloodPressure
2026-01-14 16:56:58.092 INFO  tests.AgeFactorPageValidationTest - Navigating to Blood Pressure via AgeFactorPage.goToBloodPressure()
2026-01-14 16:56:58.698 INFO  tests.AgeFactorPageValidationTest - PASS: Blood Pressure navigation assertion passed
2026-01-14 16:56:58.699 INFO  listeners.Listener1 - onTestSuccess -> gotoBloodPressure
2026-01-14 16:56:58.725 INFO  listeners.Listener1 - onTestStart -> gotoHeartPulse
2026-01-14 16:56:58.725 INFO  tests.TeamDetailsPageValidationTest - === Starting 'gotoHeartPulse' test ===
2026-01-14 16:56:59.363 INFO  tests.TeamDetailsPageValidationTest - Current URL after gotoHeartPulse(): https://hackvyatharth.github.io/Vitalguard_Team_Vanguardians/#pulseRate
2026-01-14 16:56:59.363 INFO  tests.TeamDetailsPageValidationTest - PASS: 'gotoHeartPulse' assertion passed (URL contains '#pulseRate')
2026-01-14 16:56:59.363 INFO  tests.TeamDetailsPageValidationTest - === Completed 'gotoHeartPulse' test ===
2026-01-14 16:56:59.363 INFO  listeners.Listener1 - onTestSuccess -> gotoHeartPulse
2026-01-14 16:57:08.107 INFO  tests.CalculatorFunctionalityTest - Loaded {} data rows from Excel
2026-01-14 16:57:08.134 INFO  listeners.Listener1 - onTestStart -> sendData
2026-01-14 16:57:08.134 INFO  listeners.Listener1 - Parameters for sendData: ["", "", "", negative]
2026-01-14 16:57:08.183 INFO  tests.CalculatorFunctionalityTest - Executing data row: age='""', pulse='""', bp='""', testType='negative'
2026-01-14 16:57:18.018 INFO  tests.CalculatorFunctionalityTest - Clicking Calculate
2026-01-14 16:57:19.530 INFO  tests.CalculatorFunctionalityTest - Alert detected after submit
2026-01-14 16:57:19.649 INFO  tests.CalculatorFunctionalityTest - Negative case: navigatedToResult=false
2026-01-14 16:57:19.656 INFO  listeners.Listener1 - onTestSuccess -> sendData
2026-01-14 16:57:19.656 INFO  listeners.Listener1 - Deleting pre-submit screenshot for passed test: C:\Users\2457157\IdeaProjects\HealthIndexCalculator\reports\screenshots\age_____pulse_____bp_____type_negative_before_20260114_165717_960.png
2026-01-14 16:57:19.876 INFO  listeners.Listener1 - onTestStart -> sendData
2026-01-14 16:57:19.883 INFO  listeners.Listener1 - Parameters for sendData: [0, 60, 70/31, negative]
2026-01-14 16:57:19.892 INFO  tests.CalculatorFunctionalityTest - Executing data row: age='0', pulse='60', bp='70/31', testType='negative'
2026-01-14 16:57:24.758 INFO  tests.CalculatorFunctionalityTest - Clicking Calculate
2026-01-14 16:57:25.565 INFO  tests.CalculatorFunctionalityTest - Alert detected after submit
2026-01-14 16:57:25.697 INFO  tests.CalculatorFunctionalityTest - Negative case: navigatedToResult=false
2026-01-14 16:57:25.712 INFO  listeners.Listener1 - onTestSuccess -> sendData
2026-01-14 16:57:25.712 INFO  listeners.Listener1 - Deleting pre-submit screenshot for passed test: C:\Users\2457157\IdeaProjects\HealthIndexCalculator\reports\screenshots\age_0__pulse_60__bp_70_31__type_negative_before_20260114_165724_490.png
2026-01-14 16:57:25.811 INFO  listeners.Listener1 - onTestStart -> sendData
2026-01-14 16:57:25.811 INFO  listeners.Listener1 - Parameters for sendData: [1, 72, 120/81, positive]
2026-01-14 16:57:25.811 INFO  tests.CalculatorFunctionalityTest - Executing data row: age='1', pulse='72', bp='120/81', testType='positive'
2026-01-14 16:57:29.190 INFO  tests.CalculatorFunctionalityTest - Clicking Calculate
2026-01-14 16:57:33.433 INFO  tests.CalculatorFunctionalityTest - No alert branch: navigatedToResult=true
2026-01-14 16:57:33.433 INFO  tests.CalculatorFunctionalityTest - Positive case passed: navigated; returning Home via logo text
2026-01-14 16:57:33.978 INFO  tests.CalculatorFunctionalityTest - Clicked 'VitalGuard' logo text to return Home
2026-01-14 16:57:33.980 INFO  listeners.Listener1 - onTestSuccess -> sendData
2026-01-14 16:57:33.982 INFO  listeners.Listener1 - Deleting pre-submit screenshot for passed test: C:\Users\2457157\IdeaProjects\HealthIndexCalculator\reports\screenshots\age_1__pulse_72__bp_120_81__type_positive_before_20260114_165729_176.png
2026-01-14 16:57:34.012 INFO  listeners.Listener1 - onTestStart -> sendData
2026-01-14 16:57:34.012 INFO  listeners.Listener1 - Parameters for sendData: [69.5, -25, 160/91, negative]
2026-01-14 16:57:34.012 INFO  tests.CalculatorFunctionalityTest - Executing data row: age='69.5', pulse='-25', bp='160/91', testType='negative'
2026-01-14 16:57:36.572 INFO  tests.CalculatorFunctionalityTest - Clicking Calculate
2026-01-14 16:57:40.479 INFO  tests.CalculatorFunctionalityTest - No alert branch: navigatedToResult=true
2026-01-14 16:57:41.141 ERROR tests.CalculatorFunctionalityTest - Negative case failed: navigated without alert
2026-01-14 16:57:41.667 ERROR listeners.Listener1 - onTestFailure -> sendData
java.lang.AssertionError: The following asserts failed:
	NEGATIVE input incorrectly navigated to Result page without showing any alert.
	at org.testng.asserts.SoftAssert.assertAll(SoftAssert.java:46)
	at org.testng.asserts.SoftAssert.assertAll(SoftAssert.java:30)
	at tests.CalculatorFunctionalityTest.sendData(CalculatorFunctionalityTest.java:200)
	at java.base/jdk.internal.reflect.DirectMethodHandleAccessor.invoke(DirectMethodHandleAccessor.java:103)
	at java.base/java.lang.reflect.Method.invoke(Method.java:580)
	at org.testng.internal.invokers.MethodInvocationHelper.invokeMethod(MethodInvocationHelper.java:141)
	at org.testng.internal.invokers.TestInvoker.invokeMethod(TestInvoker.java:687)
	at org.testng.internal.invokers.TestInvoker.invokeTestMethod(TestInvoker.java:230)
	at org.testng.internal.invokers.MethodRunner.runInSequence(MethodRunner.java:63)
	at org.testng.internal.invokers.TestInvoker$MethodInvocationAgent.invoke(TestInvoker.java:995)
	at org.testng.internal.invokers.TestInvoker.invokeTestMethods(TestInvoker.java:203)
	at org.testng.internal.invokers.TestMethodWorker.invokeTestMethods(TestMethodWorker.java:154)
	at org.testng.internal.invokers.TestMethodWorker.run(TestMethodWorker.java:134)
	at java.base/java.util.ArrayList.forEach(ArrayList.java:1596)
	at org.testng.TestRunner.privateRun(TestRunner.java:741)
	at org.testng.TestRunner.run(TestRunner.java:616)
	at org.testng.SuiteRunner.runTest(SuiteRunner.java:421)
	at org.testng.SuiteRunner$SuiteWorker.run(SuiteRunner.java:463)
	at org.testng.internal.thread.ThreadUtil.lambda$execute$0(ThreadUtil.java:64)
	at java.base/java.util.concurrent.FutureTask.run$$$capture(FutureTask.java:317)
	at java.base/java.util.concurrent.FutureTask.run(FutureTask.java)
	at java.base/java.util.concurrent.ThreadPoolExecutor.runWorker(ThreadPoolExecutor.java:1144)
	at java.base/java.util.concurrent.ThreadPoolExecutor$Worker.run(ThreadPoolExecutor.java:642)
	at java.base/java.lang.Thread.run(Thread.java:1583)
2026-01-14 16:57:41.741 INFO  listeners.Listener1 - Attaching pre-submit screenshot: C:\Users\2457157\IdeaProjects\HealthIndexCalculator\reports\screenshots\age_69.5__pulse_-25__bp_160_91__type_negative_before_20260114_165736_541.png
2026-01-14 16:57:41.749 INFO  listeners.Listener1 - Attaching failure screenshot: C:\Users\2457157\IdeaProjects\HealthIndexCalculator\reports\screenshots\age_69.5__pulse_-25__bp_160_91__type_negative_failed_no_alert_20260114_165740_479.png
2026-01-14 16:57:41.817 INFO  listeners.Listener1 - onTestStart -> sendData
2026-01-14 16:57:41.819 INFO  listeners.Listener1 - Parameters for sendData: [120, Seventy Two, 0/0, negative]
2026-01-14 16:57:41.827 INFO  tests.CalculatorFunctionalityTest - Executing data row: age='120', pulse='Seventy Two', bp='0/0', testType='negative'
2026-01-14 16:57:44.556 INFO  tests.CalculatorFunctionalityTest - Clicking Calculate
2026-01-14 16:57:45.404 INFO  tests.CalculatorFunctionalityTest - Alert detected after submit
2026-01-14 16:57:45.522 INFO  tests.CalculatorFunctionalityTest - Negative case: navigatedToResult=false
2026-01-14 16:57:45.522 INFO  listeners.Listener1 - onTestSuccess -> sendData
2026-01-14 16:57:45.522 INFO  listeners.Listener1 - Deleting pre-submit screenshot for passed test: C:\Users\2457157\IdeaProjects\HealthIndexCalculator\reports\screenshots\age_120__pulse_Seventy_Two__bp_0_0__type_negative_before_20260114_165744_539.png
2026-01-14 16:57:45.559 INFO  listeners.Listener1 - onTestStart -> sendData
2026-01-14 16:57:45.559 INFO  listeners.Listener1 - Parameters for sendData: [121, @$%, 0/0, negative]
2026-01-14 16:57:45.559 INFO  tests.CalculatorFunctionalityTest - Executing data row: age='121', pulse='@$%', bp='0/0', testType='negative'
2026-01-14 16:57:48.025 INFO  tests.CalculatorFunctionalityTest - Clicking Calculate
2026-01-14 16:57:48.742 INFO  tests.CalculatorFunctionalityTest - Alert detected after submit
2026-01-14 16:57:48.824 INFO  tests.CalculatorFunctionalityTest - Negative case: navigatedToResult=false
2026-01-14 16:57:48.824 INFO  listeners.Listener1 - onTestSuccess -> sendData
2026-01-14 16:57:48.824 INFO  listeners.Listener1 - Deleting pre-submit screenshot for passed test: C:\Users\2457157\IdeaProjects\HealthIndexCalculator\reports\screenshots\age_121__pulse______bp_0_0__type_negative_before_20260114_165748_025.png
2026-01-14 16:57:48.869 INFO  listeners.Listener1 - onTestStart -> sendData
2026-01-14 16:57:48.878 INFO  listeners.Listener1 - Parameters for sendData: [120.5, 80yrs, 1000/1000, negative]
2026-01-14 16:57:48.878 INFO  tests.CalculatorFunctionalityTest - Executing data row: age='120.5', pulse='80yrs', bp='1000/1000', testType='negative'
2026-01-14 16:57:52.205 INFO  tests.CalculatorFunctionalityTest - Clicking Calculate
2026-01-14 16:57:52.833 INFO  tests.CalculatorFunctionalityTest - Alert detected after submit
2026-01-14 16:57:52.896 INFO  tests.CalculatorFunctionalityTest - Negative case: navigatedToResult=false
2026-01-14 16:57:52.896 INFO  listeners.Listener1 - onTestSuccess -> sendData
2026-01-14 16:57:52.909 INFO  listeners.Listener1 - Deleting pre-submit screenshot for passed test: C:\Users\2457157\IdeaProjects\HealthIndexCalculator\reports\screenshots\age_120.5__pulse_80yrs__bp_1000_1000__type_negative_before_20260114_165752_190.png
2026-01-14 16:57:52.946 INFO  listeners.Listener1 - onTestStart -> sendData
2026-01-14 16:57:52.946 INFO  listeners.Listener1 - Parameters for sendData: [abc, 1000, abc, negative]
2026-01-14 16:57:52.951 INFO  tests.CalculatorFunctionalityTest - Executing data row: age='abc', pulse='1000', bp='abc', testType='negative'
2026-01-14 16:57:55.391 INFO  tests.CalculatorFunctionalityTest - Clicking Calculate
2026-01-14 16:57:56.000 INFO  tests.CalculatorFunctionalityTest - Alert detected after submit
2026-01-14 16:57:56.094 INFO  tests.CalculatorFunctionalityTest - Negative case: navigatedToResult=false
2026-01-14 16:57:56.094 INFO  listeners.Listener1 - onTestSuccess -> sendData
2026-01-14 16:57:56.094 INFO  listeners.Listener1 - Deleting pre-submit screenshot for passed test: C:\Users\2457157\IdeaProjects\HealthIndexCalculator\reports\screenshots\age_abc__pulse_1000__bp_abc__type_negative_before_20260114_165755_386.png
2026-01-14 16:57:56.159 INFO  listeners.Listener1 - onTestStart -> sendData
2026-01-14 16:57:56.168 INFO  listeners.Listener1 - Parameters for sendData: [@#, 65.5, abc/abc, negative]
2026-01-14 16:57:56.176 INFO  tests.CalculatorFunctionalityTest - Executing data row: age='@#', pulse='65.5', bp='abc/abc', testType='negative'
2026-01-14 16:57:59.116 INFO  tests.CalculatorFunctionalityTest - Clicking Calculate
2026-01-14 16:57:59.731 INFO  tests.CalculatorFunctionalityTest - Alert detected after submit
2026-01-14 16:57:59.818 INFO  tests.CalculatorFunctionalityTest - Negative case: navigatedToResult=false
2026-01-14 16:57:59.825 INFO  listeners.Listener1 - onTestSuccess -> sendData
2026-01-14 16:57:59.825 INFO  listeners.Listener1 - Deleting pre-submit screenshot for passed test: C:\Users\2457157\IdeaProjects\HealthIndexCalculator\reports\screenshots\age_____pulse_65.5__bp_abc_abc__type_negative_before_20260114_165759_093.png
2026-01-14 16:57:59.875 INFO  listeners.Listener1 - onTestStart -> sendData
2026-01-14 16:57:59.875 INFO  listeners.Listener1 - Parameters for sendData: [e, "", *(@), negative]
2026-01-14 16:57:59.875 INFO  tests.CalculatorFunctionalityTest - Executing data row: age='e', pulse='""', bp='*(@)', testType='negative'
2026-01-14 16:58:02.923 INFO  tests.CalculatorFunctionalityTest - Clicking Calculate
2026-01-14 16:58:03.894 INFO  tests.CalculatorFunctionalityTest - Alert detected after submit
2026-01-14 16:58:04.006 INFO  tests.CalculatorFunctionalityTest - Negative case: navigatedToResult=false
2026-01-14 16:58:04.018 INFO  listeners.Listener1 - onTestSuccess -> sendData
2026-01-14 16:58:04.023 INFO  listeners.Listener1 - Deleting pre-submit screenshot for passed test: C:\Users\2457157\IdeaProjects\HealthIndexCalculator\reports\screenshots\age_e__pulse_____bp_______type_negative_before_20260114_165802_907.png
2026-01-14 16:58:04.075 INFO  listeners.Listener1 - onTestStart -> sendData
2026-01-14 16:58:04.075 INFO  listeners.Listener1 - Parameters for sendData: [-1, 55, -1, negative]
2026-01-14 16:58:04.093 INFO  tests.CalculatorFunctionalityTest - Executing data row: age='-1', pulse='55', bp='-1', testType='negative'
2026-01-14 16:58:08.215 INFO  tests.CalculatorFunctionalityTest - Clicking Calculate
2026-01-14 16:58:09.031 INFO  tests.CalculatorFunctionalityTest - Alert detected after submit
2026-01-14 16:58:09.123 INFO  tests.CalculatorFunctionalityTest - Negative case: navigatedToResult=false
2026-01-14 16:58:09.123 INFO  listeners.Listener1 - onTestSuccess -> sendData
2026-01-14 16:58:09.123 INFO  listeners.Listener1 - Deleting pre-submit screenshot for passed test: C:\Users\2457157\IdeaProjects\HealthIndexCalculator\reports\screenshots\age_-1__pulse_55__bp_-1__type_negative_before_20260114_165808_208.png
2026-01-14 16:58:09.201 INFO  listeners.Listener1 - onTestStart -> sendData
2026-01-14 16:58:09.210 INFO  listeners.Listener1 - Parameters for sendData: [35, 80, 80/120, negative]
2026-01-14 16:58:09.213 INFO  tests.CalculatorFunctionalityTest - Executing data row: age='35', pulse='80', bp='80/120', testType='negative'
2026-01-14 16:58:13.329 INFO  tests.CalculatorFunctionalityTest - Clicking Calculate
2026-01-14 16:58:17.690 INFO  tests.CalculatorFunctionalityTest - No alert branch: navigatedToResult=true
2026-01-14 16:58:18.656 ERROR tests.CalculatorFunctionalityTest - Negative case failed: navigated without alert
2026-01-14 16:58:19.406 ERROR listeners.Listener1 - onTestFailure -> sendData
java.lang.AssertionError: The following asserts failed:
	NEGATIVE input incorrectly navigated to Result page without showing any alert.
	at org.testng.asserts.SoftAssert.assertAll(SoftAssert.java:46)
	at org.testng.asserts.SoftAssert.assertAll(SoftAssert.java:30)
	at tests.CalculatorFunctionalityTest.sendData(CalculatorFunctionalityTest.java:200)
	at java.base/jdk.internal.reflect.DirectMethodHandleAccessor.invoke(DirectMethodHandleAccessor.java:103)
	at java.base/java.lang.reflect.Method.invoke(Method.java:580)
	at org.testng.internal.invokers.MethodInvocationHelper.invokeMethod(MethodInvocationHelper.java:141)
	at org.testng.internal.invokers.TestInvoker.invokeMethod(TestInvoker.java:687)
	at org.testng.internal.invokers.TestInvoker.invokeTestMethod(TestInvoker.java:230)
	at org.testng.internal.invokers.MethodRunner.runInSequence(MethodRunner.java:63)
	at org.testng.internal.invokers.TestInvoker$MethodInvocationAgent.invoke(TestInvoker.java:995)
	at org.testng.internal.invokers.TestInvoker.invokeTestMethods(TestInvoker.java:203)
	at org.testng.internal.invokers.TestMethodWorker.invokeTestMethods(TestMethodWorker.java:154)
	at org.testng.internal.invokers.TestMethodWorker.run(TestMethodWorker.java:134)
	at java.base/java.util.ArrayList.forEach(ArrayList.java:1596)
	at org.testng.TestRunner.privateRun(TestRunner.java:741)
	at org.testng.TestRunner.run(TestRunner.java:616)
	at org.testng.SuiteRunner.runTest(SuiteRunner.java:421)
	at org.testng.SuiteRunner$SuiteWorker.run(SuiteRunner.java:463)
	at org.testng.internal.thread.ThreadUtil.lambda$execute$0(ThreadUtil.java:64)
	at java.base/java.util.concurrent.FutureTask.run$$$capture(FutureTask.java:317)
	at java.base/java.util.concurrent.FutureTask.run(FutureTask.java)
	at java.base/java.util.concurrent.ThreadPoolExecutor.runWorker(ThreadPoolExecutor.java:1144)
	at java.base/java.util.concurrent.ThreadPoolExecutor$Worker.run(ThreadPoolExecutor.java:642)
	at java.base/java.lang.Thread.run(Thread.java:1583)
2026-01-14 16:58:19.409 INFO  listeners.Listener1 - Attaching pre-submit screenshot: C:\Users\2457157\IdeaProjects\HealthIndexCalculator\reports\screenshots\age_35__pulse_80__bp_80_120__type_negative_before_20260114_165813_274.png
2026-01-14 16:58:19.412 INFO  listeners.Listener1 - Attaching failure screenshot: C:\Users\2457157\IdeaProjects\HealthIndexCalculator\reports\screenshots\age_35__pulse_80__bp_80_120__type_negative_failed_no_alert_20260114_165817_690.png
2026-01-14 16:58:19.455 INFO  listeners.Listener1 - onTestStart -> sendData
2026-01-14 16:58:19.455 INFO  listeners.Listener1 - Parameters for sendData: [42, 70, 0/100, negative]
2026-01-14 16:58:19.466 INFO  tests.CalculatorFunctionalityTest - Executing data row: age='42', pulse='70', bp='0/100', testType='negative'
2026-01-14 16:58:23.712 INFO  tests.CalculatorFunctionalityTest - Clicking Calculate
2026-01-14 16:58:28.846 INFO  tests.CalculatorFunctionalityTest - No alert branch: navigatedToResult=true
2026-01-14 16:58:29.807 ERROR tests.CalculatorFunctionalityTest - Negative case failed: navigated without alert
2026-01-14 16:58:30.653 ERROR listeners.Listener1 - onTestFailure -> sendData
java.lang.AssertionError: The following asserts failed:
	NEGATIVE input incorrectly navigated to Result page without showing any alert.
	at org.testng.asserts.SoftAssert.assertAll(SoftAssert.java:46)
	at org.testng.asserts.SoftAssert.assertAll(SoftAssert.java:30)
	at tests.CalculatorFunctionalityTest.sendData(CalculatorFunctionalityTest.java:200)
	at java.base/jdk.internal.reflect.DirectMethodHandleAccessor.invoke(DirectMethodHandleAccessor.java:103)
	at java.base/java.lang.reflect.Method.invoke(Method.java:580)
	at org.testng.internal.invokers.MethodInvocationHelper.invokeMethod(MethodInvocationHelper.java:141)
	at org.testng.internal.invokers.TestInvoker.invokeMethod(TestInvoker.java:687)
	at org.testng.internal.invokers.TestInvoker.invokeTestMethod(TestInvoker.java:230)
	at org.testng.internal.invokers.MethodRunner.runInSequence(MethodRunner.java:63)
	at org.testng.internal.invokers.TestInvoker$MethodInvocationAgent.invoke(TestInvoker.java:995)
	at org.testng.internal.invokers.TestInvoker.invokeTestMethods(TestInvoker.java:203)
	at org.testng.internal.invokers.TestMethodWorker.invokeTestMethods(TestMethodWorker.java:154)
	at org.testng.internal.invokers.TestMethodWorker.run(TestMethodWorker.java:134)
	at java.base/java.util.ArrayList.forEach(ArrayList.java:1596)
	at org.testng.TestRunner.privateRun(TestRunner.java:741)
	at org.testng.TestRunner.run(TestRunner.java:616)
	at org.testng.SuiteRunner.runTest(SuiteRunner.java:421)
	at org.testng.SuiteRunner$SuiteWorker.run(SuiteRunner.java:463)
	at org.testng.internal.thread.ThreadUtil.lambda$execute$0(ThreadUtil.java:64)
	at java.base/java.util.concurrent.FutureTask.run$$$capture(FutureTask.java:317)
	at java.base/java.util.concurrent.FutureTask.run(FutureTask.java)
	at java.base/java.util.concurrent.ThreadPoolExecutor.runWorker(ThreadPoolExecutor.java:1144)
	at java.base/java.util.concurrent.ThreadPoolExecutor$Worker.run(ThreadPoolExecutor.java:642)
	at java.base/java.lang.Thread.run(Thread.java:1583)
2026-01-14 16:58:30.677 INFO  listeners.Listener1 - Attaching pre-submit screenshot: C:\Users\2457157\IdeaProjects\HealthIndexCalculator\reports\screenshots\age_42__pulse_70__bp_0_100__type_negative_before_20260114_165823_675.png
2026-01-14 16:58:30.677 INFO  listeners.Listener1 - Attaching failure screenshot: C:\Users\2457157\IdeaProjects\HealthIndexCalculator\reports\screenshots\age_42__pulse_70__bp_0_100__type_negative_failed_no_alert_20260114_165828_847.png
2026-01-14 16:58:30.767 INFO  listeners.Listener1 - onTestStart -> sendData
2026-01-14 16:58:30.773 INFO  listeners.Listener1 - Parameters for sendData: [55, 100, 122/0, negative]
2026-01-14 16:58:30.773 INFO  tests.CalculatorFunctionalityTest - Executing data row: age='55', pulse='100', bp='122/0', testType='negative'
2026-01-14 16:58:33.808 INFO  tests.CalculatorFunctionalityTest - Clicking Calculate
2026-01-14 16:58:38.205 INFO  tests.CalculatorFunctionalityTest - No alert branch: navigatedToResult=true
2026-01-14 16:58:39.071 ERROR tests.CalculatorFunctionalityTest - Negative case failed: navigated without alert
2026-01-14 16:58:39.596 ERROR listeners.Listener1 - onTestFailure -> sendData
java.lang.AssertionError: The following asserts failed:
	NEGATIVE input incorrectly navigated to Result page without showing any alert.
	at org.testng.asserts.SoftAssert.assertAll(SoftAssert.java:46)
	at org.testng.asserts.SoftAssert.assertAll(SoftAssert.java:30)
	at tests.CalculatorFunctionalityTest.sendData(CalculatorFunctionalityTest.java:200)
	at java.base/jdk.internal.reflect.DirectMethodHandleAccessor.invoke(DirectMethodHandleAccessor.java:103)
	at java.base/java.lang.reflect.Method.invoke(Method.java:580)
	at org.testng.internal.invokers.MethodInvocationHelper.invokeMethod(MethodInvocationHelper.java:141)
	at org.testng.internal.invokers.TestInvoker.invokeMethod(TestInvoker.java:687)
	at org.testng.internal.invokers.TestInvoker.invokeTestMethod(TestInvoker.java:230)
	at org.testng.internal.invokers.MethodRunner.runInSequence(MethodRunner.java:63)
	at org.testng.internal.invokers.TestInvoker$MethodInvocationAgent.invoke(TestInvoker.java:995)
	at org.testng.internal.invokers.TestInvoker.invokeTestMethods(TestInvoker.java:203)
	at org.testng.internal.invokers.TestMethodWorker.invokeTestMethods(TestMethodWorker.java:154)
	at org.testng.internal.invokers.TestMethodWorker.run(TestMethodWorker.java:134)
	at java.base/java.util.ArrayList.forEach(ArrayList.java:1596)
	at org.testng.TestRunner.privateRun(TestRunner.java:741)
	at org.testng.TestRunner.run(TestRunner.java:616)
	at org.testng.SuiteRunner.runTest(SuiteRunner.java:421)
	at org.testng.SuiteRunner$SuiteWorker.run(SuiteRunner.java:463)
	at org.testng.internal.thread.ThreadUtil.lambda$execute$0(ThreadUtil.java:64)
	at java.base/java.util.concurrent.FutureTask.run$$$capture(FutureTask.java:317)
	at java.base/java.util.concurrent.FutureTask.run(FutureTask.java)
	at java.base/java.util.concurrent.ThreadPoolExecutor.runWorker(ThreadPoolExecutor.java:1144)
	at java.base/java.util.concurrent.ThreadPoolExecutor$Worker.run(ThreadPoolExecutor.java:642)
	at java.base/java.lang.Thread.run(Thread.java:1583)
2026-01-14 16:58:39.599 INFO  listeners.Listener1 - Attaching pre-submit screenshot: C:\Users\2457157\IdeaProjects\HealthIndexCalculator\reports\screenshots\age_55__pulse_100__bp_122_0__type_negative_before_20260114_165833_794.png
2026-01-14 16:58:39.599 INFO  listeners.Listener1 - Attaching failure screenshot: C:\Users\2457157\IdeaProjects\HealthIndexCalculator\reports\screenshots\age_55__pulse_100__bp_122_0__type_negative_failed_no_alert_20260114_165838_205.png
2026-01-14 16:58:39.625 INFO  listeners.Listener1 - onTestStart -> sendData
2026-01-14 16:58:39.625 INFO  listeners.Listener1 - Parameters for sendData: [63, 65, 120/120, negative]
2026-01-14 16:58:39.625 INFO  tests.CalculatorFunctionalityTest - Executing data row: age='63', pulse='65', bp='120/120', testType='negative'
2026-01-14 16:58:42.406 INFO  tests.CalculatorFunctionalityTest - Clicking Calculate
2026-01-14 16:58:48.006 INFO  tests.CalculatorFunctionalityTest - No alert branch: navigatedToResult=true
2026-01-14 16:58:48.916 ERROR tests.CalculatorFunctionalityTest - Negative case failed: navigated without alert
2026-01-14 16:58:49.788 ERROR listeners.Listener1 - onTestFailure -> sendData
java.lang.AssertionError: The following asserts failed:
	NEGATIVE input incorrectly navigated to Result page without showing any alert.
	at org.testng.asserts.SoftAssert.assertAll(SoftAssert.java:46)
	at org.testng.asserts.SoftAssert.assertAll(SoftAssert.java:30)
	at tests.CalculatorFunctionalityTest.sendData(CalculatorFunctionalityTest.java:200)
	at java.base/jdk.internal.reflect.DirectMethodHandleAccessor.invoke(DirectMethodHandleAccessor.java:103)
	at java.base/java.lang.reflect.Method.invoke(Method.java:580)
	at org.testng.internal.invokers.MethodInvocationHelper.invokeMethod(MethodInvocationHelper.java:141)
	at org.testng.internal.invokers.TestInvoker.invokeMethod(TestInvoker.java:687)
	at org.testng.internal.invokers.TestInvoker.invokeTestMethod(TestInvoker.java:230)
	at org.testng.internal.invokers.MethodRunner.runInSequence(MethodRunner.java:63)
	at org.testng.internal.invokers.TestInvoker$MethodInvocationAgent.invoke(TestInvoker.java:995)
	at org.testng.internal.invokers.TestInvoker.invokeTestMethods(TestInvoker.java:203)
	at org.testng.internal.invokers.TestMethodWorker.invokeTestMethods(TestMethodWorker.java:154)
	at org.testng.internal.invokers.TestMethodWorker.run(TestMethodWorker.java:134)
	at java.base/java.util.ArrayList.forEach(ArrayList.java:1596)
	at org.testng.TestRunner.privateRun(TestRunner.java:741)
	at org.testng.TestRunner.run(TestRunner.java:616)
	at org.testng.SuiteRunner.runTest(SuiteRunner.java:421)
	at org.testng.SuiteRunner$SuiteWorker.run(SuiteRunner.java:463)
	at org.testng.internal.thread.ThreadUtil.lambda$execute$0(ThreadUtil.java:64)
	at java.base/java.util.concurrent.FutureTask.run$$$capture(FutureTask.java:317)
	at java.base/java.util.concurrent.FutureTask.run(FutureTask.java)
	at java.base/java.util.concurrent.ThreadPoolExecutor.runWorker(ThreadPoolExecutor.java:1144)
	at java.base/java.util.concurrent.ThreadPoolExecutor$Worker.run(ThreadPoolExecutor.java:642)
	at java.base/java.lang.Thread.run(Thread.java:1583)
2026-01-14 16:58:49.790 INFO  listeners.Listener1 - Attaching pre-submit screenshot: C:\Users\2457157\IdeaProjects\HealthIndexCalculator\reports\screenshots\age_63__pulse_65__bp_120_120__type_negative_before_20260114_165842_389.png
2026-01-14 16:58:49.790 INFO  listeners.Listener1 - Attaching failure screenshot: C:\Users\2457157\IdeaProjects\HealthIndexCalculator\reports\screenshots\age_63__pulse_65__bp_120_120__type_negative_failed_no_alert_20260114_165848_006.png
2026-01-14 16:58:49.879 INFO  listeners.Listener1 - onTestStart -> sendData
2026-01-14 16:58:49.882 INFO  listeners.Listener1 - Parameters for sendData: [29, 75, 120/, negative]
2026-01-14 16:58:49.884 INFO  tests.CalculatorFunctionalityTest - Executing data row: age='29', pulse='75', bp='120/', testType='negative'
2026-01-14 16:58:54.883 INFO  tests.CalculatorFunctionalityTest - Clicking Calculate
2026-01-14 16:58:55.842 INFO  tests.CalculatorFunctionalityTest - Alert detected after submit
2026-01-14 16:58:55.952 INFO  tests.CalculatorFunctionalityTest - Negative case: navigatedToResult=false
2026-01-14 16:58:55.956 INFO  listeners.Listener1 - onTestSuccess -> sendData
2026-01-14 16:58:55.956 INFO  listeners.Listener1 - Deleting pre-submit screenshot for passed test: C:\Users\2457157\IdeaProjects\HealthIndexCalculator\reports\screenshots\age_29__pulse_75__bp_120___type_negative_before_20260114_165854_857.png
2026-01-14 16:58:56.009 INFO  listeners.Listener1 - onTestStart -> sendData
2026-01-14 16:58:56.009 INFO  listeners.Listener1 - Parameters for sendData: [31, 68, /80, negative]
2026-01-14 16:58:56.009 INFO  tests.CalculatorFunctionalityTest - Executing data row: age='31', pulse='68', bp='/80', testType='negative'
2026-01-14 16:58:59.282 INFO  tests.CalculatorFunctionalityTest - Clicking Calculate
2026-01-14 16:59:00.049 INFO  tests.CalculatorFunctionalityTest - Alert detected after submit
2026-01-14 16:59:00.179 INFO  tests.CalculatorFunctionalityTest - Negative case: navigatedToResult=false
2026-01-14 16:59:00.181 INFO  listeners.Listener1 - onTestSuccess -> sendData
2026-01-14 16:59:00.181 INFO  listeners.Listener1 - Deleting pre-submit screenshot for passed test: C:\Users\2457157\IdeaProjects\HealthIndexCalculator\reports\screenshots\age_31__pulse_68__bp__80__type_negative_before_20260114_165859_271.png
2026-01-14 16:59:00.225 INFO  listeners.Listener1 - onTestStart -> sendData
2026-01-14 16:59:00.225 INFO  listeners.Listener1 - Parameters for sendData: [25, 72, 118/76, positive]
2026-01-14 16:59:00.225 INFO  tests.CalculatorFunctionalityTest - Executing data row: age='25', pulse='72', bp='118/76', testType='positive'
2026-01-14 16:59:02.965 INFO  tests.CalculatorFunctionalityTest - Clicking Calculate
2026-01-14 16:59:08.474 INFO  tests.CalculatorFunctionalityTest - No alert branch: navigatedToResult=true
2026-01-14 16:59:08.474 INFO  tests.CalculatorFunctionalityTest - Positive case passed: navigated; returning Home via logo text
2026-01-14 16:59:09.226 INFO  tests.CalculatorFunctionalityTest - Clicked 'VitalGuard' logo text to return Home
2026-01-14 16:59:09.226 INFO  listeners.Listener1 - onTestSuccess -> sendData
2026-01-14 16:59:09.226 INFO  listeners.Listener1 - Deleting pre-submit screenshot for passed test: C:\Users\2457157\IdeaProjects\HealthIndexCalculator\reports\screenshots\age_25__pulse_72__bp_118_76__type_positive_before_20260114_165902_955.png
2026-01-14 16:59:09.284 INFO  listeners.Listener1 - onTestStart -> sendData
2026-01-14 16:59:09.291 INFO  listeners.Listener1 - Parameters for sendData: [34, 64, 110/70, positive]
2026-01-14 16:59:09.291 INFO  tests.CalculatorFunctionalityTest - Executing data row: age='34', pulse='64', bp='110/70', testType='positive'
2026-01-14 16:59:12.012 INFO  tests.CalculatorFunctionalityTest - Clicking Calculate
2026-01-14 16:59:15.922 INFO  tests.CalculatorFunctionalityTest - No alert branch: navigatedToResult=true
2026-01-14 16:59:15.922 INFO  tests.CalculatorFunctionalityTest - Positive case passed: navigated; returning Home via logo text
2026-01-14 16:59:16.576 INFO  tests.CalculatorFunctionalityTest - Clicked 'VitalGuard' logo text to return Home
2026-01-14 16:59:16.577 INFO  listeners.Listener1 - onTestSuccess -> sendData
2026-01-14 16:59:16.577 INFO  listeners.Listener1 - Deleting pre-submit screenshot for passed test: C:\Users\2457157\IdeaProjects\HealthIndexCalculator\reports\screenshots\age_34__pulse_64__bp_110_70__type_positive_before_20260114_165911_990.png
2026-01-14 16:59:16.632 INFO  listeners.Listener1 - onTestStart -> sendData
2026-01-14 16:59:16.632 INFO  listeners.Listener1 - Parameters for sendData: [47, 82, 130/85, positive]
2026-01-14 16:59:16.642 INFO  tests.CalculatorFunctionalityTest - Executing data row: age='47', pulse='82', bp='130/85', testType='positive'
2026-01-14 16:59:19.240 INFO  tests.CalculatorFunctionalityTest - Clicking Calculate
2026-01-14 16:59:23.732 INFO  tests.CalculatorFunctionalityTest - No alert branch: navigatedToResult=true
2026-01-14 16:59:23.734 INFO  tests.CalculatorFunctionalityTest - Positive case passed: navigated; returning Home via logo text
2026-01-14 16:59:24.979 INFO  tests.CalculatorFunctionalityTest - Clicked 'VitalGuard' logo text to return Home
2026-01-14 16:59:24.979 INFO  listeners.Listener1 - onTestSuccess -> sendData
2026-01-14 16:59:24.981 INFO  listeners.Listener1 - Deleting pre-submit screenshot for passed test: C:\Users\2457157\IdeaProjects\HealthIndexCalculator\reports\screenshots\age_47__pulse_82__bp_130_85__type_positive_before_20260114_165919_221.png
2026-01-14 16:59:25.112 INFO  listeners.Listener1 - onTestStart -> sendData
2026-01-14 16:59:25.112 INFO  listeners.Listener1 - Parameters for sendData: [58, 96, 140/95, positive]
2026-01-14 16:59:25.112 INFO  tests.CalculatorFunctionalityTest - Executing data row: age='58', pulse='96', bp='140/95', testType='positive'
2026-01-14 16:59:30.806 INFO  tests.CalculatorFunctionalityTest - Clicking Calculate
2026-01-14 16:59:34.772 INFO  tests.CalculatorFunctionalityTest - No alert branch: navigatedToResult=true
2026-01-14 16:59:34.772 INFO  tests.CalculatorFunctionalityTest - Positive case passed: navigated; returning Home via logo text
2026-01-14 16:59:35.426 INFO  tests.CalculatorFunctionalityTest - Clicked 'VitalGuard' logo text to return Home
2026-01-14 16:59:35.426 INFO  listeners.Listener1 - onTestSuccess -> sendData
2026-01-14 16:59:35.426 INFO  listeners.Listener1 - Deleting pre-submit screenshot for passed test: C:\Users\2457157\IdeaProjects\HealthIndexCalculator\reports\screenshots\age_58__pulse_96__bp_140_95__type_positive_before_20260114_165930_788.png
2026-01-14 16:59:35.460 INFO  listeners.Listener1 - onTestStart -> sendData
2026-01-14 16:59:35.462 INFO  listeners.Listener1 - Parameters for sendData: [72, 60, 150/100, positive]
2026-01-14 16:59:35.464 INFO  tests.CalculatorFunctionalityTest - Executing data row: age='72', pulse='60', bp='150/100', testType='positive'
2026-01-14 16:59:37.641 INFO  tests.CalculatorFunctionalityTest - Clicking Calculate
2026-01-14 16:59:41.949 INFO  tests.CalculatorFunctionalityTest - No alert branch: navigatedToResult=true
2026-01-14 16:59:41.952 INFO  tests.CalculatorFunctionalityTest - Positive case passed: navigated; returning Home via logo text
2026-01-14 16:59:42.505 INFO  tests.CalculatorFunctionalityTest - Clicked 'VitalGuard' logo text to return Home
2026-01-14 16:59:42.507 INFO  listeners.Listener1 - onTestSuccess -> sendData
2026-01-14 16:59:42.507 INFO  listeners.Listener1 - Deleting pre-submit screenshot for passed test: C:\Users\2457157\IdeaProjects\HealthIndexCalculator\reports\screenshots\age_72__pulse_60__bp_150_100__type_positive_before_20260114_165937_632.png
2026-01-14 16:59:42.527 INFO  listeners.Listener1 - onTestStart -> sendData
2026-01-14 16:59:42.527 INFO  listeners.Listener1 - Parameters for sendData: [5, 100, 95/60, positive]
2026-01-14 16:59:42.527 INFO  tests.CalculatorFunctionalityTest - Executing data row: age='5', pulse='100', bp='95/60', testType='positive'
2026-01-14 16:59:45.023 INFO  tests.CalculatorFunctionalityTest - Clicking Calculate
2026-01-14 16:59:48.999 INFO  tests.CalculatorFunctionalityTest - No alert branch: navigatedToResult=true
2026-01-14 16:59:48.999 INFO  tests.CalculatorFunctionalityTest - Positive case passed: navigated; returning Home via logo text
2026-01-14 16:59:49.672 INFO  tests.CalculatorFunctionalityTest - Clicked 'VitalGuard' logo text to return Home
2026-01-14 16:59:49.678 INFO  listeners.Listener1 - onTestSuccess -> sendData
2026-01-14 16:59:49.680 INFO  listeners.Listener1 - Deleting pre-submit screenshot for passed test: C:\Users\2457157\IdeaProjects\HealthIndexCalculator\reports\screenshots\age_5__pulse_100__bp_95_60__type_positive_before_20260114_165945_011.png
2026-01-14 16:59:49.715 INFO  listeners.Listener1 - onTestStart -> sendData
2026-01-14 16:59:49.722 INFO  listeners.Listener1 - Parameters for sendData: [88, 58, 160/70, positive]
2026-01-14 16:59:49.722 INFO  tests.CalculatorFunctionalityTest - Executing data row: age='88', pulse='58', bp='160/70', testType='positive'
2026-01-14 16:59:52.556 INFO  tests.CalculatorFunctionalityTest - Clicking Calculate
2026-01-14 16:59:56.589 INFO  tests.CalculatorFunctionalityTest - No alert branch: navigatedToResult=true
2026-01-14 16:59:56.589 INFO  tests.CalculatorFunctionalityTest - Positive case passed: navigated; returning Home via logo text
2026-01-14 16:59:57.058 INFO  tests.CalculatorFunctionalityTest - Clicked 'VitalGuard' logo text to return Home
2026-01-14 16:59:57.058 INFO  listeners.Listener1 - onTestSuccess -> sendData
2026-01-14 16:59:57.058 INFO  listeners.Listener1 - Deleting pre-submit screenshot for passed test: C:\Users\2457157\IdeaProjects\HealthIndexCalculator\reports\screenshots\age_88__pulse_58__bp_160_70__type_positive_before_20260114_165952_543.png
2026-01-14 16:59:57.094 INFO  listeners.Listener1 - onTestStart -> sendData
2026-01-14 16:59:57.094 INFO  listeners.Listener1 - Parameters for sendData: [40, 40, 90/50, positive]
2026-01-14 16:59:57.094 INFO  tests.CalculatorFunctionalityTest - Executing data row: age='40', pulse='40', bp='90/50', testType='positive'
2026-01-14 16:59:59.073 INFO  tests.CalculatorFunctionalityTest - Clicking Calculate
2026-01-14 17:00:02.961 INFO  tests.CalculatorFunctionalityTest - No alert branch: navigatedToResult=true
2026-01-14 17:00:02.961 INFO  tests.CalculatorFunctionalityTest - Positive case passed: navigated; returning Home via logo text
2026-01-14 17:00:03.928 INFO  tests.CalculatorFunctionalityTest - Clicked 'VitalGuard' logo text to return Home
2026-01-14 17:00:03.930 INFO  listeners.Listener1 - onTestSuccess -> sendData
2026-01-14 17:00:03.932 INFO  listeners.Listener1 - Deleting pre-submit screenshot for passed test: C:\Users\2457157\IdeaProjects\HealthIndexCalculator\reports\screenshots\age_40__pulse_40__bp_90_50__type_positive_before_20260114_165959_073.png
2026-01-14 17:00:03.976 INFO  listeners.Listener1 - onTestStart -> sendData
2026-01-14 17:00:03.976 INFO  listeners.Listener1 - Parameters for sendData: [40, 140, 170/110, negative]
2026-01-14 17:00:03.993 INFO  tests.CalculatorFunctionalityTest - Executing data row: age='40', pulse='140', bp='170/110', testType='negative'
2026-01-14 17:00:06.872 INFO  tests.CalculatorFunctionalityTest - Clicking Calculate
2026-01-14 17:00:11.176 INFO  tests.CalculatorFunctionalityTest - No alert branch: navigatedToResult=true
2026-01-14 17:00:11.954 ERROR tests.CalculatorFunctionalityTest - Negative case failed: navigated without alert
2026-01-14 17:00:12.498 ERROR listeners.Listener1 - onTestFailure -> sendData
java.lang.AssertionError: The following asserts failed:
	NEGATIVE input incorrectly navigated to Result page without showing any alert.
	at org.testng.asserts.SoftAssert.assertAll(SoftAssert.java:46)
	at org.testng.asserts.SoftAssert.assertAll(SoftAssert.java:30)
	at tests.CalculatorFunctionalityTest.sendData(CalculatorFunctionalityTest.java:200)
	at java.base/jdk.internal.reflect.DirectMethodHandleAccessor.invoke(DirectMethodHandleAccessor.java:103)
	at java.base/java.lang.reflect.Method.invoke(Method.java:580)
	at org.testng.internal.invokers.MethodInvocationHelper.invokeMethod(MethodInvocationHelper.java:141)
	at org.testng.internal.invokers.TestInvoker.invokeMethod(TestInvoker.java:687)
	at org.testng.internal.invokers.TestInvoker.invokeTestMethod(TestInvoker.java:230)
	at org.testng.internal.invokers.MethodRunner.runInSequence(MethodRunner.java:63)
	at org.testng.internal.invokers.TestInvoker$MethodInvocationAgent.invoke(TestInvoker.java:995)
	at org.testng.internal.invokers.TestInvoker.invokeTestMethods(TestInvoker.java:203)
	at org.testng.internal.invokers.TestMethodWorker.invokeTestMethods(TestMethodWorker.java:154)
	at org.testng.internal.invokers.TestMethodWorker.run(TestMethodWorker.java:134)
	at java.base/java.util.ArrayList.forEach(ArrayList.java:1596)
	at org.testng.TestRunner.privateRun(TestRunner.java:741)
	at org.testng.TestRunner.run(TestRunner.java:616)
	at org.testng.SuiteRunner.runTest(SuiteRunner.java:421)
	at org.testng.SuiteRunner$SuiteWorker.run(SuiteRunner.java:463)
	at org.testng.internal.thread.ThreadUtil.lambda$execute$0(ThreadUtil.java:64)
	at java.base/java.util.concurrent.FutureTask.run$$$capture(FutureTask.java:317)
	at java.base/java.util.concurrent.FutureTask.run(FutureTask.java)
	at java.base/java.util.concurrent.ThreadPoolExecutor.runWorker(ThreadPoolExecutor.java:1144)
	at java.base/java.util.concurrent.ThreadPoolExecutor$Worker.run(ThreadPoolExecutor.java:642)
	at java.base/java.lang.Thread.run(Thread.java:1583)
2026-01-14 17:00:12.508 INFO  listeners.Listener1 - Attaching pre-submit screenshot: C:\Users\2457157\IdeaProjects\HealthIndexCalculator\reports\screenshots\age_40__pulse_140__bp_170_110__type_negative_before_20260114_170006_857.png
2026-01-14 17:00:12.508 INFO  listeners.Listener1 - Attaching failure screenshot: C:\Users\2457157\IdeaProjects\HealthIndexCalculator\reports\screenshots\age_40__pulse_140__bp_170_110__type_negative_failed_no_alert_20260114_170011_176.png
2026-01-14 17:00:22.693 INFO  tests.CalculatorFunctionalityTest - Tearing down webdriver
2026-01-14 17:00:22.693 INFO  tests.CalculatorFunctionalityTest - WebDriver quit successfully
2026-01-14 17:00:22.716 INFO  listeners.Listener1 - onTestStart -> isResultDisplayed
2026-01-14 17:00:22.721 INFO  tests.ResultsPageUiTest - === Starting 'isResultDisplayed' test ===
2026-01-14 17:00:22.827 INFO  tests.ResultsPageUiTest - Result displayed? true
2026-01-14 17:00:22.831 INFO  tests.ResultsPageUiTest - PASS: Result is displayed
2026-01-14 17:00:22.831 INFO  tests.ResultsPageUiTest - === Completed 'isResultDisplayed' test ===
2026-01-14 17:00:22.831 INFO  listeners.Listener1 - onTestSuccess -> isResultDisplayed
2026-01-14 17:00:22.859 INFO  listeners.Listener1 - onTestStart -> gotoTeamDetails
2026-01-14 17:00:22.859 INFO  tests.HomePageValidationTest - Navigating to Team Details from Home page
2026-01-14 17:00:23.550 INFO  tests.HomePageValidationTest - URL after goToTeamDetails(): https://hackvyatharth.github.io/Vitalguard_Team_Vanguardians/#foot
2026-01-14 17:00:23.550 INFO  tests.HomePageValidationTest - PASS: 'gotoTeamDetails' assertion passed
2026-01-14 17:00:23.588 INFO  listeners.Listener1 - onTestSuccess -> gotoTeamDetails
2026-01-14 17:00:23.605 INFO  tests.HomePageValidationTest - Tearing down webdriver
2026-01-14 17:00:37.371 INFO  tests.HomePageValidationTest - WebDriver quit successfully
2026-01-14 17:00:37.388 INFO  listeners.Listener1 - onTestStart -> gotoTeamDetails
2026-01-14 17:00:37.388 INFO  t.BloodPressurePageValidationTest - Navigating to Team Details via BloodPressurePage.goToTeamDetails()...
2026-01-14 17:00:37.871 INFO  t.BloodPressurePageValidationTest - URL after goToTeamDetails(): https://hackvyatharth.github.io/Vitalguard_Team_Vanguardians/#foot
2026-01-14 17:00:37.871 INFO  t.BloodPressurePageValidationTest - PASS: Team Details navigation assertion passed.
2026-01-14 17:00:37.872 INFO  listeners.Listener1 - onTestSuccess -> gotoTeamDetails
2026-01-14 17:00:37.878 INFO  t.BloodPressurePageValidationTest - Tearing down webdriver
2026-01-14 17:00:45.574 INFO  t.BloodPressurePageValidationTest - WebDriver quit successfully
2026-01-14 17:00:45.579 INFO  tests.AgeFactorPageValidationTest - Initializing AgeFactorPage and TopNavigation for driver: ChromeDriver: chrome on windows (f20c642440301a333a8db978a8bf0a9d)
2026-01-14 17:00:45.579 INFO  tests.AgeFactorPageValidationTest - Navigating to 'Age Factor' via top navigation
2026-01-14 17:00:45.959 INFO  tests.AgeFactorPageValidationTest - Arrived at Age factor page
2026-01-14 17:00:46.016 INFO  listeners.Listener1 - onTestStart -> gotoTeamDetails
2026-01-14 17:00:46.016 INFO  tests.AgeFactorPageValidationTest - Navigating to Team Details via AgeFactorPage.goToTeamDetails()
2026-01-14 17:00:46.448 INFO  tests.AgeFactorPageValidationTest - PASS: Team Details navigation assertion passed
2026-01-14 17:00:46.448 INFO  listeners.Listener1 - onTestSuccess -> gotoTeamDetails
2026-01-14 17:00:46.462 INFO  tests.AgeFactorPageValidationTest - Tearing down webdriver
2026-01-14 17:00:54.553 INFO  tests.AgeFactorPageValidationTest - WebDriver quit successfully
2026-01-14 17:00:54.566 INFO  listeners.Listener1 - onTestStart -> gotoAgeFactor
2026-01-14 17:00:54.568 INFO  tests.TeamDetailsPageValidationTest - === Starting 'gotoAgeFactor' test ===
2026-01-14 17:00:55.021 INFO  tests.TeamDetailsPageValidationTest - Current URL after gotoAgeFactor(): https://hackvyatharth.github.io/Vitalguard_Team_Vanguardians/#ageFactor
2026-01-14 17:00:55.021 INFO  tests.TeamDetailsPageValidationTest - PASS: 'gotoAgeFactor' assertion passed (URL contains '#ageFactor')
2026-01-14 17:00:55.021 INFO  tests.TeamDetailsPageValidationTest - === Completed 'gotoAgeFactor' test ===
2026-01-14 17:00:55.032 INFO  listeners.Listener1 - onTestSuccess -> gotoAgeFactor
2026-01-14 17:00:55.044 INFO  tests.TeamDetailsPageValidationTest - Tearing down webdriver
2026-01-14 17:01:02.320 INFO  tests.TeamDetailsPageValidationTest - WebDriver quit successfully
2026-01-14 17:01:02.335 INFO  listeners.Listener1 - onTestStart -> isFeedbackBoxdisplayed
2026-01-14 17:01:02.335 INFO  tests.ResultsPageUiTest - === Starting 'isFeedbackBoxdisplayed' test ===
2026-01-14 17:01:02.420 INFO  tests.ResultsPageUiTest - Feedback box present? true
2026-01-14 17:01:02.420 INFO  tests.ResultsPageUiTest - PASS: Feedback box is present
2026-01-14 17:01:02.420 INFO  tests.ResultsPageUiTest - === Completed 'isFeedbackBoxdisplayed' test ===
2026-01-14 17:01:02.420 INFO  listeners.Listener1 - onTestSuccess -> isFeedbackBoxdisplayed
2026-01-14 17:01:02.454 INFO  tests.ResultsPageUiTest - Tearing down webdriver
2026-01-14 17:01:07.152 INFO  tests.ResultsPageUiTest - WebDriver quit successfully
2026-01-14 17:01:07.152 INFO  listeners.Listener1 - Flushing ExtentReports...
2026-01-14 17:01:07.786 INFO  listeners.Listener1 - ExtentReports flushed successfully
2026-01-14 17:01:07.786 INFO  listeners.Listener1 - Cleared testMap. Listener finished.
