2026-01-13 11:56:25.697 INFO  org.testng.internal.Utils - [TestNG] Running:
  C:\Users\2457157\IdeaProjects\HealthIndexCalculator\project.xml

2026-01-13 11:56:25.748 INFO  listeners.Listener1 - Initializing ExtentReports. Report path: C:\Users\2457157\IdeaProjects\HealthIndexCalculator/reports/report5.html
2026-01-13 11:56:25.748 INFO  listeners.Listener1 - Initializing ExtentReports. Report path: C:\Users\2457157\IdeaProjects\HealthIndexCalculator/reports/report5.html
2026-01-13 11:56:26.142 INFO  listeners.Listener1 - System info set: Browser=edge
2026-01-13 11:56:26.142 INFO  listeners.Listener1 - ExtentReports initialization complete
2026-01-13 11:56:26.142 INFO  listeners.Listener1 - System info set: Browser=chrome
2026-01-13 11:56:26.142 INFO  listeners.Listener1 - ExtentReports initialization complete
2026-01-13 11:56:26.211 INFO  tests.BaseTest - Starting WebDriver and navigating to Home: https://hackvyatharth.github.io/Vitalguard_Team_Vanguardians/
2026-01-13 11:56:26.211 INFO  tests.BaseTest - Starting WebDriver and navigating to Home: https://hackvyatharth.github.io/Vitalguard_Team_Vanguardians/
2026-01-13 11:56:30.146 INFO  tests.BaseTest - edge Browser started
2026-01-13 11:56:31.223 INFO  tests.BaseTest - Initializing page objects: TopNavigation, HomePage
2026-01-13 11:56:31.383 INFO  tests.BaseTest - Setup completed for UrlValidationTest
2026-01-13 11:56:31.517 INFO  listeners.Listener1 - onTestStart -> isURLWorking
2026-01-13 11:56:31.545 INFO  tests.BaseTest - === Starting 'isURLWorking' test ===
2026-01-13 11:56:31.726 INFO  pages.TopNavigation - Logo present:true
2026-01-13 11:56:31.822 INFO  pages.TopNavigation - Logo Text present:true
2026-01-13 11:56:31.822 INFO  tests.BaseTest - chrome Browser started
2026-01-13 11:56:31.878 INFO  pages.TopNavigation - Home field present:true
2026-01-13 11:56:31.951 INFO  pages.TopNavigation - HeartPulse field present:true
2026-01-13 11:56:32.010 INFO  pages.TopNavigation - BloodPressure field present:true
2026-01-13 11:56:32.034 INFO  pages.TopNavigation - AgeFactor field present:true
2026-01-13 11:56:32.121 INFO  pages.TopNavigation - TeamDetails field present:true
2026-01-13 11:56:32.153 INFO  pages.TopNavigation - TopNavigation bar present:true
2026-01-13 11:56:32.153 INFO  pages.HomePage - Waiting for left image to be visible...
2026-01-13 11:56:32.213 INFO  pages.HomePage - Left image present: true
2026-01-13 11:56:32.213 INFO  pages.HomePage - Waiting for calculator form to be visible...
2026-01-13 11:56:32.279 INFO  tests.BaseTest - Initializing page objects: TopNavigation, HomePage
2026-01-13 11:56:32.279 INFO  tests.BaseTest - Setup completed for UrlValidationTest
2026-01-13 11:56:32.287 INFO  listeners.Listener1 - onTestStart -> isURLWorking
2026-01-13 11:56:32.287 INFO  pages.HomePage - Calculator form present: true
2026-01-13 11:56:32.287 INFO  tests.BaseTest - NavBar present? true
2026-01-13 11:56:32.287 INFO  tests.BaseTest - Left image present? true
2026-01-13 11:56:32.287 INFO  tests.BaseTest - Calculator present? true
2026-01-13 11:56:32.287 INFO  tests.BaseTest - === Starting 'isURLWorking' test ===
2026-01-13 11:56:32.292 INFO  tests.BaseTest - PASS: Home page loaded successfully with all required elements
2026-01-13 11:56:32.292 INFO  tests.BaseTest - === Completed 'isURLWorking' test ===
2026-01-13 11:56:32.296 INFO  listeners.Listener1 - onTestSuccess -> isURLWorking
2026-01-13 11:56:32.337 INFO  pages.TopNavigation - Logo present:true
2026-01-13 11:56:32.374 INFO  pages.TopNavigation - Logo Text present:true
2026-01-13 11:56:32.409 INFO  pages.TopNavigation - Home field present:true
2026-01-13 11:56:32.448 INFO  tests.BaseTest - Tearing down webdriver
2026-01-13 11:56:32.485 INFO  pages.TopNavigation - HeartPulse field present:true
2026-01-13 11:56:32.542 INFO  pages.TopNavigation - BloodPressure field present:true
2026-01-13 11:56:32.566 INFO  pages.TopNavigation - AgeFactor field present:true
2026-01-13 11:56:32.629 INFO  pages.TopNavigation - TeamDetails field present:true
2026-01-13 11:56:32.655 INFO  pages.TopNavigation - TopNavigation bar present:true
2026-01-13 11:56:32.655 INFO  pages.HomePage - Waiting for left image to be visible...
2026-01-13 11:56:32.702 INFO  pages.HomePage - Left image present: true
2026-01-13 11:56:32.702 INFO  pages.HomePage - Waiting for calculator form to be visible...
2026-01-13 11:56:32.736 INFO  pages.HomePage - Calculator form present: true
2026-01-13 11:56:32.749 INFO  tests.BaseTest - NavBar present? true
2026-01-13 11:56:32.749 INFO  tests.BaseTest - Left image present? true
2026-01-13 11:56:32.749 INFO  tests.BaseTest - Calculator present? true
2026-01-13 11:56:32.749 INFO  tests.BaseTest - PASS: Home page loaded successfully with all required elements
2026-01-13 11:56:32.749 INFO  tests.BaseTest - === Completed 'isURLWorking' test ===
2026-01-13 11:56:32.749 INFO  listeners.Listener1 - onTestSuccess -> isURLWorking
2026-01-13 11:56:32.749 INFO  tests.BaseTest - Tearing down webdriver
2026-01-13 11:56:35.332 INFO  tests.BaseTest - WebDriver quit successfully
2026-01-13 11:56:35.337 INFO  tests.BaseTest - Starting WebDriver and navigating to Home: https://hackvyatharth.github.io/Vitalguard_Team_Vanguardians/
2026-01-13 11:56:35.543 INFO  tests.BaseTest - WebDriver quit successfully
2026-01-13 11:56:35.547 INFO  tests.BaseTest - Starting WebDriver and navigating to Home: https://hackvyatharth.github.io/Vitalguard_Team_Vanguardians/
2026-01-13 11:56:37.351 INFO  tests.BaseTest - chrome Browser started
2026-01-13 11:56:38.272 INFO  tests.BaseTest - edge Browser started
2026-01-13 11:56:38.333 INFO  tests.HeartPulsePageValidationTest - Initializing HeartPulsePage and TopNavigation with driver ChromeDriver: chrome on windows (1ecf84b0cc726dff81ad6bd09ca5e03b)
2026-01-13 11:56:38.356 INFO  tests.HeartPulsePageValidationTest - Navigating to 'Heart Pulse' via top navigation
2026-01-13 11:56:38.544 INFO  pages.TopNavigation - Navigated to HeartPulse page
2026-01-13 11:56:38.553 INFO  tests.HeartPulsePageValidationTest - Arrived at Heart Pulse page. Current URL: https://hackvyatharth.github.io/Vitalguard_Team_Vanguardians/#pulseRate
2026-01-13 11:56:38.566 INFO  listeners.Listener1 - onTestStart -> isHeadingPresent
2026-01-13 11:56:38.567 INFO  tests.HeartPulsePageValidationTest - Checking Heart Pulse page heading presence
2026-01-13 11:56:38.568 INFO  pages.HeartPulsePage - Waiting for Heart Pulse heading to be visible...
2026-01-13 11:56:38.643 INFO  pages.HeartPulsePage - Heading present: true
2026-01-13 11:56:38.646 INFO  tests.HeartPulsePageValidationTest - 'isHeadingPresent' assertion passed
2026-01-13 11:56:38.648 INFO  listeners.Listener1 - onTestSuccess -> isHeadingPresent
2026-01-13 11:56:38.656 INFO  listeners.Listener1 - onTestStart -> isTopNavPresent
2026-01-13 11:56:38.657 INFO  tests.HeartPulsePageValidationTest - Verifying top navigation presence on Heart Pulse page
2026-01-13 11:56:38.661 INFO  tests.HeartPulsePageValidationTest - Initializing HeartPulsePage and TopNavigation with driver EdgeDriver: MicrosoftEdge on windows (b04ad8d75b643f4b3a00ce0920e3b905)
2026-01-13 11:56:38.662 INFO  tests.HeartPulsePageValidationTest - Navigating to 'Heart Pulse' via top navigation
2026-01-13 11:56:38.702 INFO  pages.TopNavigation - Logo present:true
2026-01-13 11:56:38.733 INFO  pages.TopNavigation - Logo Text present:true
2026-01-13 11:56:38.771 INFO  pages.TopNavigation - Home field present:true
2026-01-13 11:56:38.804 INFO  pages.TopNavigation - HeartPulse field present:true
2026-01-13 11:56:38.837 INFO  pages.TopNavigation - BloodPressure field present:true
2026-01-13 11:56:38.860 INFO  pages.TopNavigation - Navigated to HeartPulse page
2026-01-13 11:56:38.874 INFO  tests.HeartPulsePageValidationTest - Arrived at Heart Pulse page. Current URL: https://hackvyatharth.github.io/Vitalguard_Team_Vanguardians/#pulseRate
2026-01-13 11:56:38.874 INFO  pages.TopNavigation - AgeFactor field present:true
2026-01-13 11:56:38.886 INFO  listeners.Listener1 - onTestStart -> isHeadingPresent
2026-01-13 11:56:38.887 INFO  tests.HeartPulsePageValidationTest - Checking Heart Pulse page heading presence
2026-01-13 11:56:38.888 INFO  pages.HeartPulsePage - Waiting for Heart Pulse heading to be visible...
2026-01-13 11:56:38.924 INFO  pages.TopNavigation - TeamDetails field present:true
2026-01-13 11:56:38.951 INFO  pages.HeartPulsePage - Heading present: true
2026-01-13 11:56:38.951 INFO  tests.HeartPulsePageValidationTest - 'isHeadingPresent' assertion passed
2026-01-13 11:56:38.951 INFO  listeners.Listener1 - onTestSuccess -> isHeadingPresent
2026-01-13 11:56:38.951 INFO  pages.TopNavigation - TopNavigation bar present:true
2026-01-13 11:56:38.951 INFO  pages.HeartPulsePage - Top navigation present: true
2026-01-13 11:56:38.957 INFO  tests.HeartPulsePageValidationTest - 'isTopNavPresent' assertion passed
2026-01-13 11:56:38.957 INFO  listeners.Listener1 - onTestSuccess -> isTopNavPresent
2026-01-13 11:56:38.957 INFO  listeners.Listener1 - onTestStart -> isTopNavPresent
2026-01-13 11:56:38.957 INFO  tests.HeartPulsePageValidationTest - Verifying top navigation presence on Heart Pulse page
2026-01-13 11:56:38.957 INFO  tests.BaseTest - Starting WebDriver and navigating to Home: https://hackvyatharth.github.io/Vitalguard_Team_Vanguardians/
2026-01-13 11:56:39.000 INFO  pages.TopNavigation - Logo present:true
2026-01-13 11:56:39.036 INFO  pages.TopNavigation - Logo Text present:true
2026-01-13 11:56:39.066 INFO  pages.TopNavigation - Home field present:true
2026-01-13 11:56:39.085 INFO  pages.TopNavigation - HeartPulse field present:true
2026-01-13 11:56:39.114 INFO  pages.TopNavigation - BloodPressure field present:true
2026-01-13 11:56:39.133 INFO  pages.TopNavigation - AgeFactor field present:true
2026-01-13 11:56:39.182 INFO  pages.TopNavigation - TeamDetails field present:true
2026-01-13 11:56:39.199 INFO  pages.TopNavigation - TopNavigation bar present:true
2026-01-13 11:56:39.199 INFO  pages.HeartPulsePage - Top navigation present: true
2026-01-13 11:56:39.199 INFO  tests.HeartPulsePageValidationTest - 'isTopNavPresent' assertion passed
2026-01-13 11:56:39.199 INFO  listeners.Listener1 - onTestSuccess -> isTopNavPresent
2026-01-13 11:56:39.216 INFO  tests.BaseTest - Starting WebDriver and navigating to Home: https://hackvyatharth.github.io/Vitalguard_Team_Vanguardians/
2026-01-13 11:56:40.989 INFO  tests.BaseTest - chrome Browser started
2026-01-13 11:56:41.312 INFO  tests.BaseTest - Initializing HomePage and TopNavigation with driver
2026-01-13 11:56:41.325 INFO  tests.BaseTest - Navigating to Home page via TopNavigation.goToHome()
2026-01-13 11:56:42.577 INFO  tests.BaseTest - edge Browser started
2026-01-13 11:56:42.773 INFO  pages.TopNavigation - Navigated to Home page 
2026-01-13 11:56:42.786 INFO  tests.BaseTest - Arrived at Home page. Current URL: https://hackvyatharth.github.io/Vitalguard_Team_Vanguardians/#container
2026-01-13 11:56:42.802 INFO  listeners.Listener1 - onTestStart -> isTopNavPresent
2026-01-13 11:56:42.803 INFO  tests.BaseTest - === Starting 'isTopNavPresent' test ===
2026-01-13 11:56:42.872 INFO  pages.TopNavigation - Logo present:true
2026-01-13 11:56:42.912 INFO  pages.TopNavigation - Logo Text present:true
2026-01-13 11:56:42.938 INFO  tests.BaseTest - Initializing HomePage and TopNavigation with driver
2026-01-13 11:56:42.939 INFO  tests.BaseTest - Navigating to Home page via TopNavigation.goToHome()
2026-01-13 11:56:42.945 INFO  pages.TopNavigation - Home field present:true
2026-01-13 11:56:42.984 INFO  pages.TopNavigation - HeartPulse field present:true
2026-01-13 11:56:43.019 INFO  pages.TopNavigation - BloodPressure field present:true
2026-01-13 11:56:43.053 INFO  pages.TopNavigation - AgeFactor field present:true
2026-01-13 11:56:43.067 INFO  pages.TopNavigation - Navigated to Home page 
2026-01-13 11:56:43.077 INFO  tests.BaseTest - Arrived at Home page. Current URL: https://hackvyatharth.github.io/Vitalguard_Team_Vanguardians/#container
2026-01-13 11:56:43.089 INFO  listeners.Listener1 - onTestStart -> isTopNavPresent
2026-01-13 11:56:43.089 INFO  tests.BaseTest - === Starting 'isTopNavPresent' test ===
2026-01-13 11:56:43.127 INFO  pages.TopNavigation - TeamDetails field present:true
2026-01-13 11:56:43.135 INFO  pages.TopNavigation - Logo present:true
2026-01-13 11:56:43.172 INFO  pages.TopNavigation - TopNavigation bar present:true
2026-01-13 11:56:43.173 INFO  pages.HomePage - Top navigation present: true
2026-01-13 11:56:43.173 INFO  tests.BaseTest - PASS: Top navigation is present
2026-01-13 11:56:43.173 INFO  tests.BaseTest - === Completed 'isTopNavPresent' test ===
2026-01-13 11:56:43.173 INFO  listeners.Listener1 - onTestSuccess -> isTopNavPresent
2026-01-13 11:56:43.179 INFO  listeners.Listener1 - onTestStart -> gotoHome
2026-01-13 11:56:43.180 INFO  tests.HeartPulsePageValidationTest - Navigating to Home from Heart Pulse page
2026-01-13 11:56:43.180 INFO  pages.HeartPulsePage - Navigating to Home from Heart Pulse page...
2026-01-13 11:56:43.192 INFO  pages.TopNavigation - Logo Text present:true
2026-01-13 11:56:43.223 INFO  pages.TopNavigation - Home field present:true
2026-01-13 11:56:43.279 INFO  pages.TopNavigation - HeartPulse field present:true
2026-01-13 11:56:43.314 INFO  pages.TopNavigation - BloodPressure field present:true
2026-01-13 11:56:43.354 INFO  pages.TopNavigation - AgeFactor field present:true
2026-01-13 11:56:43.359 INFO  pages.TopNavigation - Navigated to Home page 
2026-01-13 11:56:43.359 INFO  pages.HeartPulsePage - Navigation to Home complete.
2026-01-13 11:56:43.370 INFO  tests.HeartPulsePageValidationTest - URL after goToHome(): https://hackvyatharth.github.io/Vitalguard_Team_Vanguardians/#container
2026-01-13 11:56:43.371 INFO  tests.HeartPulsePageValidationTest - 'gotoHome' assertion passed
2026-01-13 11:56:43.371 INFO  listeners.Listener1 - onTestSuccess -> gotoHome
2026-01-13 11:56:43.375 INFO  tests.BaseTest - Starting WebDriver and navigating to Home: https://hackvyatharth.github.io/Vitalguard_Team_Vanguardians/
2026-01-13 11:56:43.401 INFO  pages.TopNavigation - TeamDetails field present:true
2026-01-13 11:56:43.438 INFO  pages.TopNavigation - TopNavigation bar present:true
2026-01-13 11:56:43.438 INFO  pages.HomePage - Top navigation present: true
2026-01-13 11:56:43.438 INFO  tests.BaseTest - PASS: Top navigation is present
2026-01-13 11:56:43.438 INFO  tests.BaseTest - === Completed 'isTopNavPresent' test ===
2026-01-13 11:56:43.438 INFO  listeners.Listener1 - onTestSuccess -> isTopNavPresent
2026-01-13 11:56:43.444 INFO  listeners.Listener1 - onTestStart -> gotoHome
2026-01-13 11:56:43.446 INFO  tests.HeartPulsePageValidationTest - Navigating to Home from Heart Pulse page
2026-01-13 11:56:43.446 INFO  pages.HeartPulsePage - Navigating to Home from Heart Pulse page...
2026-01-13 11:56:43.589 INFO  pages.TopNavigation - Navigated to Home page 
2026-01-13 11:56:43.589 INFO  pages.HeartPulsePage - Navigation to Home complete.
2026-01-13 11:56:43.604 INFO  tests.HeartPulsePageValidationTest - URL after goToHome(): https://hackvyatharth.github.io/Vitalguard_Team_Vanguardians/#container
2026-01-13 11:56:43.605 INFO  tests.HeartPulsePageValidationTest - 'gotoHome' assertion passed
2026-01-13 11:56:43.605 INFO  listeners.Listener1 - onTestSuccess -> gotoHome
2026-01-13 11:56:43.608 INFO  tests.BaseTest - Starting WebDriver and navigating to Home: https://hackvyatharth.github.io/Vitalguard_Team_Vanguardians/
2026-01-13 11:56:45.477 INFO  tests.BaseTest - chrome Browser started
2026-01-13 11:56:46.094 INFO  t.BloodPressurePageValidationTest - Initializing BloodPressurePage and TopNavigation...
2026-01-13 11:56:46.147 INFO  t.BloodPressurePageValidationTest - Navigating to 'Blood Pressure' via top navigation...
2026-01-13 11:56:46.904 INFO  tests.BaseTest - edge Browser started
2026-01-13 11:56:47.019 INFO  pages.TopNavigation - Navigated to BloodPressure page
2026-01-13 11:56:47.040 INFO  t.BloodPressurePageValidationTest - Arrived at Blood Pressure page. Current URL: https://hackvyatharth.github.io/Vitalguard_Team_Vanguardians/#bloodPressure
2026-01-13 11:56:47.055 INFO  listeners.Listener1 - onTestStart -> isTopNavPresent
2026-01-13 11:56:47.055 INFO  t.BloodPressurePageValidationTest - === Starting 'isTopNavPresent' test ===
2026-01-13 11:56:47.108 INFO  pages.TopNavigation - Logo present:true
2026-01-13 11:56:47.143 INFO  pages.TopNavigation - Logo Text present:true
2026-01-13 11:56:47.180 INFO  pages.TopNavigation - Home field present:true
2026-01-13 11:56:47.222 INFO  pages.TopNavigation - HeartPulse field present:true
2026-01-13 11:56:47.262 INFO  t.BloodPressurePageValidationTest - Initializing BloodPressurePage and TopNavigation...
2026-01-13 11:56:47.267 INFO  t.BloodPressurePageValidationTest - Navigating to 'Blood Pressure' via top navigation...
2026-01-13 11:56:47.293 INFO  pages.TopNavigation - BloodPressure field present:true
2026-01-13 11:56:47.340 INFO  pages.TopNavigation - AgeFactor field present:true
2026-01-13 11:56:47.405 INFO  pages.TopNavigation - TeamDetails field present:true
2026-01-13 11:56:47.438 INFO  pages.TopNavigation - TopNavigation bar present:true
2026-01-13 11:56:47.438 INFO  pages.BloodPressurePage - Top navigation present: true
2026-01-13 11:56:47.440 INFO  t.BloodPressurePageValidationTest - PASS: Top navigation presence assertion passed.
2026-01-13 11:56:47.440 INFO  t.BloodPressurePageValidationTest - === Completed 'isTopNavPresent' test ===
2026-01-13 11:56:47.442 INFO  listeners.Listener1 - onTestSuccess -> isTopNavPresent
2026-01-13 11:56:47.442 INFO  pages.TopNavigation - Navigated to BloodPressure page
2026-01-13 11:56:47.444 INFO  tests.BaseTest - Starting WebDriver and navigating to Home: https://hackvyatharth.github.io/Vitalguard_Team_Vanguardians/
2026-01-13 11:56:47.456 INFO  t.BloodPressurePageValidationTest - Arrived at Blood Pressure page. Current URL: https://hackvyatharth.github.io/Vitalguard_Team_Vanguardians/#bloodPressure
2026-01-13 11:56:47.463 INFO  listeners.Listener1 - onTestStart -> isTopNavPresent
2026-01-13 11:56:47.469 INFO  t.BloodPressurePageValidationTest - === Starting 'isTopNavPresent' test ===
2026-01-13 11:56:47.508 INFO  pages.TopNavigation - Logo present:true
2026-01-13 11:56:47.574 INFO  pages.TopNavigation - Logo Text present:true
2026-01-13 11:56:47.612 INFO  pages.TopNavigation - Home field present:true
2026-01-13 11:56:47.646 INFO  pages.TopNavigation - HeartPulse field present:true
2026-01-13 11:56:47.674 INFO  pages.TopNavigation - BloodPressure field present:true
2026-01-13 11:56:47.704 INFO  pages.TopNavigation - AgeFactor field present:true
2026-01-13 11:56:47.749 INFO  pages.TopNavigation - TeamDetails field present:true
2026-01-13 11:56:47.775 INFO  pages.TopNavigation - TopNavigation bar present:true
2026-01-13 11:56:47.775 INFO  pages.BloodPressurePage - Top navigation present: true
2026-01-13 11:56:47.775 INFO  t.BloodPressurePageValidationTest - PASS: Top navigation presence assertion passed.
2026-01-13 11:56:47.780 INFO  t.BloodPressurePageValidationTest - === Completed 'isTopNavPresent' test ===
2026-01-13 11:56:47.780 INFO  listeners.Listener1 - onTestSuccess -> isTopNavPresent
2026-01-13 11:56:47.786 INFO  tests.BaseTest - Starting WebDriver and navigating to Home: https://hackvyatharth.github.io/Vitalguard_Team_Vanguardians/
2026-01-13 11:56:51.233 INFO  tests.BaseTest - chrome Browser started
2026-01-13 11:56:51.233 INFO  tests.BaseTest - edge Browser started
2026-01-13 11:56:51.826 INFO  tests.AgeFactorPageValidationTest - Initializing AgeFactorPage and TopNavigation for driver: ChromeDriver: chrome on windows (e3e0c2052e5cb97c27e9393505e2edf4)
2026-01-13 11:56:51.837 INFO  tests.AgeFactorPageValidationTest - Navigating to 'Age Factor' via top navigation
2026-01-13 11:56:51.868 INFO  tests.AgeFactorPageValidationTest - Initializing AgeFactorPage and TopNavigation for driver: EdgeDriver: MicrosoftEdge on windows (c3ddb7ac4612a9948254084c49f66513)
2026-01-13 11:56:51.870 INFO  tests.AgeFactorPageValidationTest - Navigating to 'Age Factor' via top navigation
2026-01-13 11:56:52.176 INFO  pages.TopNavigation - Navigated to AgeFactor page
2026-01-13 11:56:52.176 INFO  tests.AgeFactorPageValidationTest - Arrived at Age factor page
2026-01-13 11:56:52.191 INFO  listeners.Listener1 - onTestStart -> isTopNavPresent
2026-01-13 11:56:52.192 INFO  tests.AgeFactorPageValidationTest - Verifying top navigation presence on Age Factor page
2026-01-13 11:56:52.255 INFO  pages.TopNavigation - Logo present:true
2026-01-13 11:56:52.259 INFO  pages.TopNavigation - Navigated to AgeFactor page
2026-01-13 11:56:52.259 INFO  tests.AgeFactorPageValidationTest - Arrived at Age factor page
2026-01-13 11:56:52.286 INFO  listeners.Listener1 - onTestStart -> isTopNavPresent
2026-01-13 11:56:52.289 INFO  tests.AgeFactorPageValidationTest - Verifying top navigation presence on Age Factor page
2026-01-13 11:56:52.322 INFO  pages.TopNavigation - Logo Text present:true
2026-01-13 11:56:52.389 INFO  pages.TopNavigation - Home field present:true
2026-01-13 11:56:52.403 INFO  pages.TopNavigation - Logo present:true
2026-01-13 11:56:52.480 INFO  pages.TopNavigation - HeartPulse field present:true
2026-01-13 11:56:52.484 INFO  pages.TopNavigation - Logo Text present:true
2026-01-13 11:56:52.522 INFO  pages.TopNavigation - BloodPressure field present:true
2026-01-13 11:56:52.534 INFO  pages.TopNavigation - Home field present:true
2026-01-13 11:56:52.551 INFO  pages.TopNavigation - AgeFactor field present:true
2026-01-13 11:56:52.584 INFO  pages.TopNavigation - HeartPulse field present:true
2026-01-13 11:56:52.620 INFO  pages.TopNavigation - BloodPressure field present:true
2026-01-13 11:56:52.635 INFO  pages.TopNavigation - TeamDetails field present:true
2026-01-13 11:56:52.651 INFO  pages.TopNavigation - AgeFactor field present:true
2026-01-13 11:56:52.662 INFO  pages.TopNavigation - TopNavigation bar present:true
2026-01-13 11:56:52.662 INFO  pages.AgeFactorPage - Top navigation present: true
2026-01-13 11:56:52.662 INFO  tests.AgeFactorPageValidationTest - PASS: Top navigation presence assertion passed
2026-01-13 11:56:52.667 INFO  listeners.Listener1 - onTestSuccess -> isTopNavPresent
2026-01-13 11:56:52.667 INFO  tests.BaseTest - Starting WebDriver and navigating to Home: https://hackvyatharth.github.io/Vitalguard_Team_Vanguardians/
2026-01-13 11:56:52.724 INFO  pages.TopNavigation - TeamDetails field present:true
2026-01-13 11:56:52.767 INFO  pages.TopNavigation - TopNavigation bar present:true
2026-01-13 11:56:52.767 INFO  pages.AgeFactorPage - Top navigation present: true
2026-01-13 11:56:52.767 INFO  tests.AgeFactorPageValidationTest - PASS: Top navigation presence assertion passed
2026-01-13 11:56:52.767 INFO  listeners.Listener1 - onTestSuccess -> isTopNavPresent
2026-01-13 11:56:52.767 INFO  tests.BaseTest - Starting WebDriver and navigating to Home: https://hackvyatharth.github.io/Vitalguard_Team_Vanguardians/
2026-01-13 11:56:55.492 INFO  tests.BaseTest - chrome Browser started
2026-01-13 11:56:56.739 INFO  tests.BaseTest - edge Browser started
2026-01-13 11:56:57.641 INFO  tests.BaseTest - Initializing page objects: TeamDetails, TopNavigation
2026-01-13 11:56:57.643 INFO  tests.BaseTest - Navigating to Team Details page via TopNavigation
2026-01-13 11:56:58.151 INFO  tests.BaseTest - Initializing page objects: TeamDetails, TopNavigation
2026-01-13 11:56:58.155 INFO  tests.BaseTest - Navigating to Team Details page via TopNavigation
2026-01-13 11:56:58.265 INFO  pages.TopNavigation - Navigated to TeamDetails page
2026-01-13 11:56:58.265 INFO  tests.BaseTest - Setup completed for TeamDetailsPageValidationTest
2026-01-13 11:56:58.265 INFO  listeners.Listener1 - onTestStart -> isTopNavPresent
2026-01-13 11:56:58.265 INFO  tests.BaseTest - === Starting 'isTopNavPresent' test ===
2026-01-13 11:56:58.359 INFO  pages.TopNavigation - Logo present:true
2026-01-13 11:56:58.401 INFO  pages.TopNavigation - Logo Text present:true
2026-01-13 11:56:58.416 INFO  pages.TopNavigation - Navigated to TeamDetails page
2026-01-13 11:56:58.416 INFO  tests.BaseTest - Setup completed for TeamDetailsPageValidationTest
2026-01-13 11:56:58.416 INFO  listeners.Listener1 - onTestStart -> isTopNavPresent
2026-01-13 11:56:58.416 INFO  tests.BaseTest - === Starting 'isTopNavPresent' test ===
2026-01-13 11:56:58.869 INFO  pages.TopNavigation - Home field present:true
2026-01-13 11:56:58.904 INFO  pages.TopNavigation - Logo present:true
2026-01-13 11:56:58.961 INFO  pages.TopNavigation - HeartPulse field present:true
2026-01-13 11:56:59.003 INFO  pages.TopNavigation - Logo Text present:true
2026-01-13 11:56:59.016 INFO  pages.TopNavigation - BloodPressure field present:true
2026-01-13 11:56:59.117 INFO  pages.TopNavigation - AgeFactor field present:true
2026-01-13 11:56:59.129 INFO  pages.TopNavigation - Home field present:true
2026-01-13 11:56:59.279 INFO  pages.TopNavigation - HeartPulse field present:true
2026-01-13 11:56:59.351 INFO  pages.TopNavigation - TeamDetails field present:true
2026-01-13 11:56:59.391 INFO  pages.TopNavigation - TopNavigation bar present:true
2026-01-13 11:56:59.391 INFO  pages.TeamDetails - Top navigation present: true
2026-01-13 11:56:59.397 INFO  tests.BaseTest - Top navigation present? true
2026-01-13 11:56:59.397 INFO  tests.BaseTest - PASS: Top navigation is present
2026-01-13 11:56:59.399 INFO  tests.BaseTest - === Completed 'isTopNavPresent' test ===
2026-01-13 11:56:59.399 INFO  listeners.Listener1 - onTestSuccess -> isTopNavPresent
2026-01-13 11:56:59.399 INFO  tests.BaseTest - Starting WebDriver and navigating to Home: https://hackvyatharth.github.io/Vitalguard_Team_Vanguardians/
2026-01-13 11:56:59.563 INFO  pages.TopNavigation - BloodPressure field present:true
2026-01-13 11:56:59.702 INFO  pages.TopNavigation - AgeFactor field present:true
2026-01-13 11:56:59.788 INFO  pages.TopNavigation - TeamDetails field present:true
2026-01-13 11:56:59.832 INFO  pages.TopNavigation - TopNavigation bar present:true
2026-01-13 11:56:59.832 INFO  pages.TeamDetails - Top navigation present: true
2026-01-13 11:56:59.832 INFO  tests.BaseTest - Top navigation present? true
2026-01-13 11:56:59.832 INFO  tests.BaseTest - PASS: Top navigation is present
2026-01-13 11:56:59.832 INFO  tests.BaseTest - === Completed 'isTopNavPresent' test ===
2026-01-13 11:56:59.832 INFO  listeners.Listener1 - onTestSuccess -> isTopNavPresent
2026-01-13 11:56:59.832 INFO  tests.BaseTest - Starting WebDriver and navigating to Home: https://hackvyatharth.github.io/Vitalguard_Team_Vanguardians/
2026-01-13 11:57:02.203 INFO  tests.BaseTest - edge Browser started
2026-01-13 11:57:02.820 INFO  tests.BaseTest - Initializing CalculatorForm, ExcelDataManager, TopNavigation
2026-01-13 11:57:03.052 INFO  tests.BaseTest - chrome Browser started
2026-01-13 11:57:03.099 INFO  tests.BaseTest - Setup complete for CalculatorFunctionalityTest
2026-01-13 11:57:03.117 INFO  listeners.Listener1 - onTestStart -> isFormHeadingPresent
2026-01-13 11:57:03.117 INFO  tests.BaseTest - Verifying form heading presence
2026-01-13 11:57:03.118 INFO  pages.CalculatorForm - Waiting for form heading to be visible...
2026-01-13 11:57:03.491 INFO  pages.CalculatorForm - Form heading present: true
2026-01-13 11:57:03.491 INFO  tests.BaseTest - Form Heading assertion passed
2026-01-13 11:57:03.491 INFO  listeners.Listener1 - onTestSuccess -> isFormHeadingPresent
2026-01-13 11:57:03.510 INFO  tests.BaseTest - Starting WebDriver and navigating to Home: https://hackvyatharth.github.io/Vitalguard_Team_Vanguardians/
2026-01-13 11:57:03.552 INFO  tests.BaseTest - Initializing CalculatorForm, ExcelDataManager, TopNavigation
2026-01-13 11:57:03.554 INFO  tests.BaseTest - Setup complete for CalculatorFunctionalityTest
2026-01-13 11:57:03.559 INFO  listeners.Listener1 - onTestStart -> isFormHeadingPresent
2026-01-13 11:57:03.559 INFO  tests.BaseTest - Verifying form heading presence
2026-01-13 11:57:03.559 INFO  pages.CalculatorForm - Waiting for form heading to be visible...
2026-01-13 11:57:03.643 INFO  pages.CalculatorForm - Form heading present: true
2026-01-13 11:57:03.643 INFO  tests.BaseTest - Form Heading assertion passed
2026-01-13 11:57:03.643 INFO  listeners.Listener1 - onTestSuccess -> isFormHeadingPresent
2026-01-13 11:57:03.659 INFO  tests.BaseTest - Starting WebDriver and navigating to Home: https://hackvyatharth.github.io/Vitalguard_Team_Vanguardians/
2026-01-13 11:57:08.487 INFO  tests.BaseTest - chrome Browser started
2026-01-13 11:57:09.884 INFO  tests.BaseTest - Initializing page objects: TopNavigation, CalculatorForm, ResultPage
2026-01-13 11:57:09.888 INFO  tests.BaseTest - Page objects initialized successfully
2026-01-13 11:57:09.891 INFO  tests.BaseTest - Providing data for 'resultPageCheck'
2026-01-13 11:57:09.891 INFO  tests.BaseTest - Data provided: 1 row(s)
2026-01-13 11:57:09.896 INFO  listeners.Listener1 - onTestStart -> resultPageCheck
2026-01-13 11:57:09.896 INFO  listeners.Listener1 - Parameters for resultPageCheck: [20, 67, 120/80]
2026-01-13 11:57:09.899 INFO  tests.BaseTest - === Starting 'resultPageCheck' test ===
2026-01-13 11:57:09.899 INFO  tests.BaseTest - Input data -> Age: 20, Pulse: 67, BP: 120/80
2026-01-13 11:57:09.903 INFO  tests.BaseTest - Entering age
2026-01-13 11:57:09.903 INFO  pages.CalculatorForm - Entering Age: 20
2026-01-13 11:57:10.369 INFO  tests.BaseTest - edge Browser started
2026-01-13 11:57:10.441 INFO  tests.BaseTest - Entering pulse
2026-01-13 11:57:10.441 INFO  pages.CalculatorForm - Entering Pulse: 67
2026-01-13 11:57:10.827 INFO  tests.BaseTest - Entering blood pressure
2026-01-13 11:57:10.827 INFO  pages.CalculatorForm - Entering Blood Pressure: 120/80
2026-01-13 11:57:11.083 INFO  tests.BaseTest - Initializing page objects: TopNavigation, CalculatorForm, ResultPage
2026-01-13 11:57:11.089 INFO  tests.BaseTest - Page objects initialized successfully
2026-01-13 11:57:11.090 INFO  tests.BaseTest - Providing data for 'resultPageCheck'
2026-01-13 11:57:11.091 INFO  tests.BaseTest - Data provided: 1 row(s)
2026-01-13 11:57:11.094 INFO  listeners.Listener1 - onTestStart -> resultPageCheck
2026-01-13 11:57:11.095 INFO  listeners.Listener1 - Parameters for resultPageCheck: [20, 67, 120/80]
2026-01-13 11:57:11.095 INFO  tests.BaseTest - === Starting 'resultPageCheck' test ===
2026-01-13 11:57:11.095 INFO  tests.BaseTest - Input data -> Age: 20, Pulse: 67, BP: 120/80
2026-01-13 11:57:11.096 INFO  tests.BaseTest - Entering age
2026-01-13 11:57:11.096 INFO  pages.CalculatorForm - Entering Age: 20
2026-01-13 11:57:11.146 INFO  tests.BaseTest - Clicking Calculate
2026-01-13 11:57:11.146 INFO  pages.CalculatorForm - Clicking Calculate button...
2026-01-13 11:57:11.581 INFO  tests.BaseTest - Entering pulse
2026-01-13 11:57:11.581 INFO  pages.CalculatorForm - Entering Pulse: 67
2026-01-13 11:57:12.498 INFO  pages.CalculatorForm - Calculate button clicked.
2026-01-13 11:57:12.514 INFO  tests.BaseTest - Locating feedback text area
2026-01-13 11:57:12.598 INFO  tests.BaseTest - Computing scroll metrics: scrollHeight vs clientHeight
2026-01-13 11:57:12.599 INFO  tests.BaseTest - Entering blood pressure
2026-01-13 11:57:12.599 INFO  pages.CalculatorForm - Entering Blood Pressure: 120/80
2026-01-13 11:57:12.683 INFO  tests.BaseTest - scrollHeight: 120
2026-01-13 11:57:12.683 INFO  tests.BaseTest - clientHeight: 76
2026-01-13 11:57:12.683 INFO  tests.BaseTest - Is feedback textarea scrollable? true
2026-01-13 11:57:12.699 INFO  tests.BaseTest - PASS: The result text box is scrollable
2026-01-13 11:57:12.699 INFO  tests.BaseTest - Checking CSS 'resize' property
2026-01-13 11:57:12.736 INFO  tests.BaseTest - resize CSS value: vertical
2026-01-13 11:57:12.736 INFO  tests.BaseTest - Is feedback textarea resizable? true
2026-01-13 11:57:12.736 INFO  tests.BaseTest - PASS: The result textbox is resizable
2026-01-13 11:57:12.736 INFO  tests.BaseTest - Asserting all soft assertions
2026-01-13 11:57:12.736 INFO  tests.BaseTest - === Completed 'resultPageCheck' test ===
2026-01-13 11:57:12.736 INFO  listeners.Listener1 - onTestSuccess -> resultPageCheck
2026-01-13 11:57:12.748 INFO  listeners.Listener1 - onTestStart -> isLeftImagePresent
2026-01-13 11:57:12.748 INFO  tests.BaseTest - === Starting 'isLeftImagePresent' test ===
2026-01-13 11:57:12.748 INFO  pages.HomePage - Waiting for left image to be visible...
2026-01-13 11:57:12.997 INFO  tests.BaseTest - Clicking Calculate
2026-01-13 11:57:12.997 INFO  pages.CalculatorForm - Clicking Calculate button...
2026-01-13 11:57:13.244 INFO  pages.CalculatorForm - Calculate button clicked.
2026-01-13 11:57:13.245 INFO  tests.BaseTest - Locating feedback text area
2026-01-13 11:57:13.292 INFO  tests.BaseTest - Computing scroll metrics: scrollHeight vs clientHeight
2026-01-13 11:57:13.316 INFO  tests.BaseTest - scrollHeight: 120
2026-01-13 11:57:13.316 INFO  tests.BaseTest - clientHeight: 76
2026-01-13 11:57:13.316 INFO  tests.BaseTest - Is feedback textarea scrollable? true
2026-01-13 11:57:13.316 INFO  tests.BaseTest - PASS: The result text box is scrollable
2026-01-13 11:57:13.316 INFO  tests.BaseTest - Checking CSS 'resize' property
2026-01-13 11:57:13.334 INFO  tests.BaseTest - resize CSS value: vertical
2026-01-13 11:57:13.337 INFO  tests.BaseTest - Is feedback textarea resizable? true
2026-01-13 11:57:13.337 INFO  tests.BaseTest - PASS: The result textbox is resizable
2026-01-13 11:57:13.337 INFO  tests.BaseTest - Asserting all soft assertions
2026-01-13 11:57:13.337 INFO  tests.BaseTest - === Completed 'resultPageCheck' test ===
2026-01-13 11:57:13.337 INFO  listeners.Listener1 - onTestSuccess -> resultPageCheck
2026-01-13 11:57:13.337 INFO  listeners.Listener1 - onTestStart -> isLeftImagePresent
2026-01-13 11:57:13.337 INFO  tests.BaseTest - === Starting 'isLeftImagePresent' test ===
2026-01-13 11:57:13.337 INFO  pages.HomePage - Waiting for left image to be visible...
2026-01-13 11:57:13.937 INFO  pages.HomePage - Left image present: true
2026-01-13 11:57:13.937 INFO  tests.BaseTest - PASS: Left image is present
2026-01-13 11:57:13.937 INFO  tests.BaseTest - === Completed 'isLeftImagePresent' test ===
2026-01-13 11:57:13.937 INFO  listeners.Listener1 - onTestSuccess -> isLeftImagePresent
2026-01-13 11:57:13.937 INFO  listeners.Listener1 - onTestStart -> gotoBloodPressure
2026-01-13 11:57:13.949 INFO  tests.HeartPulsePageValidationTest - Navigating to Blood Pressure from Heart Pulse page
2026-01-13 11:57:13.949 INFO  pages.HeartPulsePage - Navigating to Blood Pressure from Heart Pulse page...
2026-01-13 11:57:13.965 INFO  pages.HomePage - Left image present: true
2026-01-13 11:57:13.965 INFO  tests.BaseTest - PASS: Left image is present
2026-01-13 11:57:13.965 INFO  tests.BaseTest - === Completed 'isLeftImagePresent' test ===
2026-01-13 11:57:13.965 INFO  listeners.Listener1 - onTestSuccess -> isLeftImagePresent
2026-01-13 11:57:13.965 INFO  listeners.Listener1 - onTestStart -> gotoBloodPressure
2026-01-13 11:57:13.965 INFO  tests.HeartPulsePageValidationTest - Navigating to Blood Pressure from Heart Pulse page
2026-01-13 11:57:13.965 INFO  pages.HeartPulsePage - Navigating to Blood Pressure from Heart Pulse page...
2026-01-13 11:57:14.138 INFO  pages.TopNavigation - Navigated to BloodPressure page
2026-01-13 11:57:14.138 INFO  pages.HeartPulsePage - Navigation to Blood Pressure complete.
2026-01-13 11:57:14.147 INFO  tests.HeartPulsePageValidationTest - URL after goToBloodPressure(): https://hackvyatharth.github.io/Vitalguard_Team_Vanguardians/#bloodPressure
2026-01-13 11:57:14.148 INFO  tests.HeartPulsePageValidationTest - 'gotoBloodPressure' assertion passed
2026-01-13 11:57:14.149 INFO  listeners.Listener1 - onTestSuccess -> gotoBloodPressure
2026-01-13 11:57:14.149 INFO  listeners.Listener1 - onTestStart -> isHeadingPresent
2026-01-13 11:57:14.149 INFO  t.BloodPressurePageValidationTest - === Starting 'isHeadingPresent' test ===
2026-01-13 11:57:14.149 INFO  pages.BloodPressurePage - Waiting for Blood Pressure heading to be visible...
2026-01-13 11:57:14.165 INFO  pages.TopNavigation - Navigated to BloodPressure page
2026-01-13 11:57:14.165 INFO  pages.HeartPulsePage - Navigation to Blood Pressure complete.
2026-01-13 11:57:14.182 INFO  tests.HeartPulsePageValidationTest - URL after goToBloodPressure(): https://hackvyatharth.github.io/Vitalguard_Team_Vanguardians/#bloodPressure
2026-01-13 11:57:14.182 INFO  tests.HeartPulsePageValidationTest - 'gotoBloodPressure' assertion passed
2026-01-13 11:57:14.182 INFO  listeners.Listener1 - onTestSuccess -> gotoBloodPressure
2026-01-13 11:57:14.182 INFO  listeners.Listener1 - onTestStart -> isHeadingPresent
2026-01-13 11:57:14.182 INFO  t.BloodPressurePageValidationTest - === Starting 'isHeadingPresent' test ===
2026-01-13 11:57:14.182 INFO  pages.BloodPressurePage - Waiting for Blood Pressure heading to be visible...
2026-01-13 11:57:14.338 INFO  pages.BloodPressurePage - Heading present: true
2026-01-13 11:57:14.338 INFO  t.BloodPressurePageValidationTest - PASS: Heading presence assertion passed.
2026-01-13 11:57:14.338 INFO  t.BloodPressurePageValidationTest - === Completed 'isHeadingPresent' test ===
2026-01-13 11:57:14.338 INFO  listeners.Listener1 - onTestSuccess -> isHeadingPresent
2026-01-13 11:57:14.346 INFO  listeners.Listener1 - onTestStart -> isHeadingPresent
2026-01-13 11:57:14.346 INFO  tests.AgeFactorPageValidationTest - Checking Age Factor page heading presence (and style if applicable)
2026-01-13 11:57:14.400 INFO  pages.BloodPressurePage - Heading present: true
2026-01-13 11:57:14.400 INFO  t.BloodPressurePageValidationTest - PASS: Heading presence assertion passed.
2026-01-13 11:57:14.400 INFO  t.BloodPressurePageValidationTest - === Completed 'isHeadingPresent' test ===
2026-01-13 11:57:14.400 INFO  listeners.Listener1 - onTestSuccess -> isHeadingPresent
2026-01-13 11:57:14.415 INFO  listeners.Listener1 - onTestStart -> isHeadingPresent
2026-01-13 11:57:14.415 INFO  tests.AgeFactorPageValidationTest - Checking Age Factor page heading presence (and style if applicable)
2026-01-13 11:57:14.465 INFO  pages.AgeFactorPage - Heading present: true
2026-01-13 11:57:14.465 INFO  tests.AgeFactorPageValidationTest - PASS: Heading presence assertion passed
2026-01-13 11:57:14.465 INFO  listeners.Listener1 - onTestSuccess -> isHeadingPresent
2026-01-13 11:57:14.465 INFO  listeners.Listener1 - onTestStart -> isHeadingPresent
2026-01-13 11:57:14.465 INFO  tests.BaseTest - === Starting 'isHeadingPresent' test ===
2026-01-13 11:57:14.465 INFO  pages.TeamDetails - Waiting for Team Details heading to be visible...
2026-01-13 11:57:14.538 INFO  pages.AgeFactorPage - Heading present: true
2026-01-13 11:57:14.538 INFO  tests.AgeFactorPageValidationTest - PASS: Heading presence assertion passed
2026-01-13 11:57:14.538 INFO  listeners.Listener1 - onTestSuccess -> isHeadingPresent
2026-01-13 11:57:14.548 INFO  listeners.Listener1 - onTestStart -> isHeadingPresent
2026-01-13 11:57:14.548 INFO  tests.BaseTest - === Starting 'isHeadingPresent' test ===
2026-01-13 11:57:14.548 INFO  pages.TeamDetails - Waiting for Team Details heading to be visible...
2026-01-13 11:57:14.598 INFO  pages.TeamDetails - Team Details heading present: true
2026-01-13 11:57:14.598 INFO  tests.BaseTest - Heading present? true
2026-01-13 11:57:14.598 INFO  tests.BaseTest - PASS: Heading is present
2026-01-13 11:57:14.598 INFO  tests.BaseTest - === Completed 'isHeadingPresent' test ===
2026-01-13 11:57:14.598 INFO  listeners.Listener1 - onTestSuccess -> isHeadingPresent
2026-01-13 11:57:14.598 INFO  listeners.Listener1 - onTestStart -> isAgeFieldPresent
2026-01-13 11:57:14.598 INFO  tests.BaseTest - Verifying age field presence
2026-01-13 11:57:14.598 INFO  pages.CalculatorForm - Waiting for Age field to be visible...
2026-01-13 11:57:14.615 INFO  pages.TeamDetails - Team Details heading present: true
2026-01-13 11:57:14.615 INFO  tests.BaseTest - Heading present? true
2026-01-13 11:57:14.615 INFO  tests.BaseTest - PASS: Heading is present
2026-01-13 11:57:14.615 INFO  tests.BaseTest - === Completed 'isHeadingPresent' test ===
2026-01-13 11:57:14.615 INFO  listeners.Listener1 - onTestSuccess -> isHeadingPresent
2026-01-13 11:57:14.615 INFO  listeners.Listener1 - onTestStart -> isAgeFieldPresent
2026-01-13 11:57:14.615 INFO  tests.BaseTest - Verifying age field presence
2026-01-13 11:57:14.615 INFO  pages.CalculatorForm - Waiting for Age field to be visible...
2026-01-13 11:57:14.649 INFO  pages.CalculatorForm - Age field present: true
2026-01-13 11:57:14.649 INFO  tests.BaseTest - Age field presence assertion passed
2026-01-13 11:57:14.649 INFO  listeners.Listener1 - onTestSuccess -> isAgeFieldPresent
2026-01-13 11:57:14.665 INFO  listeners.Listener1 - onTestStart -> isLogoPresent
2026-01-13 11:57:14.665 INFO  tests.BaseTest - === Starting 'isLogoPresent' test ===
2026-01-13 11:57:14.699 INFO  pages.TopNavigation - Logo present:true
2026-01-13 11:57:14.699 INFO  pages.ResultPage - Logo Present:true
2026-01-13 11:57:14.699 INFO  pages.CalculatorForm - Age field present: true
2026-01-13 11:57:14.699 INFO  tests.BaseTest - Age field presence assertion passed
2026-01-13 11:57:14.699 INFO  listeners.Listener1 - onTestSuccess -> isAgeFieldPresent
2026-01-13 11:57:14.716 INFO  listeners.Listener1 - onTestStart -> isLogoPresent
2026-01-13 11:57:14.716 INFO  tests.BaseTest - === Starting 'isLogoPresent' test ===
2026-01-13 11:57:14.732 INFO  pages.TopNavigation - Logo present:true
2026-01-13 11:57:14.732 INFO  tests.BaseTest - Logo present? true
2026-01-13 11:57:14.732 INFO  tests.BaseTest - PASS: Logo is visible
2026-01-13 11:57:14.732 INFO  tests.BaseTest - === Completed 'isLogoPresent' test ===
2026-01-13 11:57:14.732 INFO  listeners.Listener1 - onTestSuccess -> isLogoPresent
2026-01-13 11:57:14.739 INFO  listeners.Listener1 - onTestStart -> isCalculatorPresent
2026-01-13 11:57:14.739 INFO  tests.BaseTest - === Starting 'isCalculatorPresent' test ===
2026-01-13 11:57:14.739 INFO  pages.HomePage - Waiting for calculator form to be visible...
2026-01-13 11:57:14.750 INFO  pages.TopNavigation - Logo present:true
2026-01-13 11:57:14.750 INFO  pages.ResultPage - Logo Present:true
2026-01-13 11:57:14.765 INFO  pages.TopNavigation - Logo present:true
2026-01-13 11:57:14.765 INFO  tests.BaseTest - Logo present? true
2026-01-13 11:57:14.765 INFO  tests.BaseTest - PASS: Logo is visible
2026-01-13 11:57:14.765 INFO  tests.BaseTest - === Completed 'isLogoPresent' test ===
2026-01-13 11:57:14.765 INFO  listeners.Listener1 - onTestSuccess -> isLogoPresent
2026-01-13 11:57:14.765 INFO  listeners.Listener1 - onTestStart -> isCalculatorPresent
2026-01-13 11:57:14.765 INFO  tests.BaseTest - === Starting 'isCalculatorPresent' test ===
2026-01-13 11:57:14.765 INFO  pages.HomePage - Waiting for calculator form to be visible...
2026-01-13 11:57:14.866 INFO  pages.HomePage - Calculator form present: true
2026-01-13 11:57:14.866 INFO  pages.HomePage - Calculator form present: true
2026-01-13 11:57:14.866 INFO  tests.BaseTest - PASS: Calculator is present
2026-01-13 11:57:14.866 INFO  tests.BaseTest - === Completed 'isCalculatorPresent' test ===
2026-01-13 11:57:14.866 INFO  tests.BaseTest - PASS: Calculator is present
2026-01-13 11:57:14.866 INFO  tests.BaseTest - === Completed 'isCalculatorPresent' test ===
2026-01-13 11:57:14.866 INFO  listeners.Listener1 - onTestSuccess -> isCalculatorPresent
2026-01-13 11:57:14.866 INFO  listeners.Listener1 - onTestSuccess -> isCalculatorPresent
2026-01-13 11:57:14.866 INFO  listeners.Listener1 - onTestStart -> gotoAgeFactor
2026-01-13 11:57:14.866 INFO  listeners.Listener1 - onTestStart -> gotoAgeFactor
2026-01-13 11:57:14.883 INFO  tests.HeartPulsePageValidationTest - Navigating to Age Factor from Heart Pulse page
2026-01-13 11:57:14.883 INFO  tests.HeartPulsePageValidationTest - Navigating to Age Factor from Heart Pulse page
2026-01-13 11:57:14.883 INFO  pages.HeartPulsePage - Navigating to Age Factor from Heart Pulse page...
2026-01-13 11:57:14.883 INFO  pages.HeartPulsePage - Navigating to Age Factor from Heart Pulse page...
2026-01-13 11:57:15.239 INFO  pages.TopNavigation - Navigated to AgeFactor page
2026-01-13 11:57:15.239 INFO  pages.HeartPulsePage - Navigation to Age Factor complete.
2026-01-13 11:57:15.245 INFO  pages.TopNavigation - Navigated to AgeFactor page
2026-01-13 11:57:15.245 INFO  pages.HeartPulsePage - Navigation to Age Factor complete.
2026-01-13 11:57:15.249 INFO  tests.HeartPulsePageValidationTest - URL after goToAgeFactor(): https://hackvyatharth.github.io/Vitalguard_Team_Vanguardians/#ageFactor
2026-01-13 11:57:15.249 INFO  tests.HeartPulsePageValidationTest - 'gotoAgeFactor' assertion passed
2026-01-13 11:57:15.249 INFO  listeners.Listener1 - onTestSuccess -> gotoAgeFactor
2026-01-13 11:57:15.249 INFO  tests.HeartPulsePageValidationTest - URL after goToAgeFactor(): https://hackvyatharth.github.io/Vitalguard_Team_Vanguardians/#ageFactor
2026-01-13 11:57:15.249 INFO  tests.HeartPulsePageValidationTest - 'gotoAgeFactor' assertion passed
2026-01-13 11:57:15.249 INFO  listeners.Listener1 - onTestStart -> isInfoPresent
2026-01-13 11:57:15.249 INFO  listeners.Listener1 - onTestSuccess -> gotoAgeFactor
2026-01-13 11:57:15.249 INFO  t.BloodPressurePageValidationTest - === Starting 'isInfoPresent' test ===
2026-01-13 11:57:15.249 INFO  pages.BloodPressurePage - Waiting for Blood Pressure informational block to be visible...
2026-01-13 11:57:15.265 INFO  listeners.Listener1 - onTestStart -> isInfoPresent
2026-01-13 11:57:15.265 INFO  t.BloodPressurePageValidationTest - === Starting 'isInfoPresent' test ===
2026-01-13 11:57:15.265 INFO  pages.BloodPressurePage - Waiting for Blood Pressure informational block to be visible...
2026-01-13 11:57:15.340 INFO  pages.BloodPressurePage - Info block present: true
2026-01-13 11:57:15.347 INFO  t.BloodPressurePageValidationTest - PASS: Information block presence assertion passed.
2026-01-13 11:57:15.347 INFO  t.BloodPressurePageValidationTest - === Completed 'isInfoPresent' test ===
2026-01-13 11:57:15.347 INFO  listeners.Listener1 - onTestSuccess -> isInfoPresent
2026-01-13 11:57:15.349 INFO  listeners.Listener1 - onTestStart -> isInfoPresent
2026-01-13 11:57:15.349 INFO  tests.AgeFactorPageValidationTest - Validating informational block (white text per spec) on Age Factor page
2026-01-13 11:57:15.649 INFO  pages.BloodPressurePage - Info block present: true
2026-01-13 11:57:15.649 INFO  t.BloodPressurePageValidationTest - PASS: Information block presence assertion passed.
2026-01-13 11:57:15.649 INFO  t.BloodPressurePageValidationTest - === Completed 'isInfoPresent' test ===
2026-01-13 11:57:15.649 INFO  listeners.Listener1 - onTestSuccess -> isInfoPresent
2026-01-13 11:57:15.649 INFO  listeners.Listener1 - onTestStart -> isInfoPresent
2026-01-13 11:57:15.649 INFO  tests.AgeFactorPageValidationTest - Validating informational block (white text per spec) on Age Factor page
2026-01-13 11:57:15.716 INFO  pages.AgeFactorPage - Info block present: true
2026-01-13 11:57:15.716 INFO  tests.AgeFactorPageValidationTest - PASS: Info block presence assertion passed
2026-01-13 11:57:15.716 INFO  listeners.Listener1 - onTestSuccess -> isInfoPresent
2026-01-13 11:57:15.716 INFO  listeners.Listener1 - onTestStart -> isTeamDetailsPresent
2026-01-13 11:57:15.716 INFO  tests.BaseTest - === Starting 'isTeamDetailsPresent' test ===
2026-01-13 11:57:15.716 INFO  pages.TeamDetails - Waiting for Team members list to be visible...
2026-01-13 11:57:15.740 INFO  pages.AgeFactorPage - Info block present: true
2026-01-13 11:57:15.740 INFO  tests.AgeFactorPageValidationTest - PASS: Info block presence assertion passed
2026-01-13 11:57:15.740 INFO  listeners.Listener1 - onTestSuccess -> isInfoPresent
2026-01-13 11:57:15.740 INFO  listeners.Listener1 - onTestStart -> isTeamDetailsPresent
2026-01-13 11:57:15.740 INFO  tests.BaseTest - === Starting 'isTeamDetailsPresent' test ===
2026-01-13 11:57:15.740 INFO  pages.TeamDetails - Waiting for Team members list to be visible...
2026-01-13 11:57:15.802 INFO  pages.TeamDetails - Team members list present: true
2026-01-13 11:57:15.802 INFO  tests.BaseTest - Team details present? true
2026-01-13 11:57:15.802 INFO  tests.BaseTest - PASS: Team details are displayed
2026-01-13 11:57:15.802 INFO  tests.BaseTest - === Completed 'isTeamDetailsPresent' test ===
2026-01-13 11:57:15.802 INFO  listeners.Listener1 - onTestSuccess -> isTeamDetailsPresent
2026-01-13 11:57:15.807 INFO  listeners.Listener1 - onTestStart -> isPulseRateFieldPresent
2026-01-13 11:57:15.807 INFO  tests.BaseTest - Verifying pulse field presence
2026-01-13 11:57:15.807 INFO  pages.CalculatorForm - Waiting for Pulse field to be visible...
2026-01-13 11:57:15.830 INFO  pages.TeamDetails - Team members list present: true
2026-01-13 11:57:15.830 INFO  tests.BaseTest - Team details present? true
2026-01-13 11:57:15.830 INFO  tests.BaseTest - PASS: Team details are displayed
2026-01-13 11:57:15.830 INFO  tests.BaseTest - === Completed 'isTeamDetailsPresent' test ===
2026-01-13 11:57:15.832 INFO  listeners.Listener1 - onTestSuccess -> isTeamDetailsPresent
2026-01-13 11:57:15.832 INFO  listeners.Listener1 - onTestStart -> isPulseRateFieldPresent
2026-01-13 11:57:15.832 INFO  tests.BaseTest - Verifying pulse field presence
2026-01-13 11:57:15.832 INFO  pages.CalculatorForm - Waiting for Pulse field to be visible...
2026-01-13 11:57:15.916 INFO  pages.CalculatorForm - Pulse field present: true
2026-01-13 11:57:15.916 INFO  tests.BaseTest - Pulse field presence assertion passed
2026-01-13 11:57:15.916 INFO  listeners.Listener1 - onTestSuccess -> isPulseRateFieldPresent
2026-01-13 11:57:15.932 INFO  listeners.Listener1 - onTestStart -> isLogoTextPresent
2026-01-13 11:57:15.932 INFO  tests.BaseTest - === Starting 'isLogoTextPresent' test ===
2026-01-13 11:57:15.949 INFO  pages.TopNavigation - Logo Text present:true
2026-01-13 11:57:15.949 INFO  pages.ResultPage - Logo Text Present:true
2026-01-13 11:57:15.984 INFO  pages.TopNavigation - Logo Text present:true
2026-01-13 11:57:15.984 INFO  tests.BaseTest - Logo text present? true
2026-01-13 11:57:15.995 INFO  tests.BaseTest - PASS: Logo text is visible
2026-01-13 11:57:15.995 INFO  tests.BaseTest - === Completed 'isLogoTextPresent' test ===
2026-01-13 11:57:15.995 INFO  listeners.Listener1 - onTestSuccess -> isLogoTextPresent
2026-01-13 11:57:16.009 INFO  listeners.Listener1 - onTestStart -> gotoHeartPulse
2026-01-13 11:57:16.009 INFO  tests.BaseTest - Navigating to HeartPulse from Home page
2026-01-13 11:57:16.009 INFO  pages.HomePage - Navigating to Heart Pulse from Home page...
2026-01-13 11:57:16.400 INFO  pages.CalculatorForm - Pulse field present: true
2026-01-13 11:57:16.400 INFO  tests.BaseTest - Pulse field presence assertion passed
2026-01-13 11:57:16.400 INFO  listeners.Listener1 - onTestSuccess -> isPulseRateFieldPresent
2026-01-13 11:57:16.416 INFO  listeners.Listener1 - onTestStart -> isLogoTextPresent
2026-01-13 11:57:16.416 INFO  tests.BaseTest - === Starting 'isLogoTextPresent' test ===
2026-01-13 11:57:16.441 INFO  pages.TopNavigation - Logo Text present:true
2026-01-13 11:57:16.441 INFO  pages.ResultPage - Logo Text Present:true
2026-01-13 11:57:16.466 INFO  pages.TopNavigation - Logo Text present:true
2026-01-13 11:57:16.466 INFO  tests.BaseTest - Logo text present? true
2026-01-13 11:57:16.466 INFO  tests.BaseTest - PASS: Logo text is visible
2026-01-13 11:57:16.466 INFO  tests.BaseTest - === Completed 'isLogoTextPresent' test ===
2026-01-13 11:57:16.466 INFO  listeners.Listener1 - onTestSuccess -> isLogoTextPresent
2026-01-13 11:57:16.466 INFO  listeners.Listener1 - onTestStart -> gotoHeartPulse
2026-01-13 11:57:16.466 INFO  tests.BaseTest - Navigating to HeartPulse from Home page
2026-01-13 11:57:16.466 INFO  pages.HomePage - Navigating to Heart Pulse from Home page...
2026-01-13 11:57:16.583 INFO  pages.TopNavigation - Navigated to HeartPulse page
2026-01-13 11:57:16.583 INFO  pages.HomePage - Navigation to Heart Pulse complete.
2026-01-13 11:57:16.590 INFO  tests.BaseTest - URL after goToHeartPulse(): https://hackvyatharth.github.io/Vitalguard_Team_Vanguardians/#pulseRate
2026-01-13 11:57:16.590 ERROR listeners.Listener1 - onTestFailure -> gotoHeartPulse
java.lang.AssertionError: null
	at tests.HomePageValidationTest.gotoHeartPulse(HomePageValidationTest.java:78)
	at java.base/jdk.internal.reflect.DirectMethodHandleAccessor.invoke(DirectMethodHandleAccessor.java:103)
	at java.base/java.lang.reflect.Method.invoke(Method.java:580)
	at org.testng.internal.invokers.MethodInvocationHelper.invokeMethod(MethodInvocationHelper.java:141)
	at org.testng.internal.invokers.TestInvoker.invokeMethod(TestInvoker.java:687)
	at org.testng.internal.invokers.TestInvoker.invokeTestMethod(TestInvoker.java:230)
	at org.testng.internal.invokers.MethodRunner.runInSequence(MethodRunner.java:63)
	at org.testng.internal.invokers.TestInvoker$MethodInvocationAgent.invoke(TestInvoker.java:995)
	at org.testng.internal.invokers.TestInvoker.invokeTestMethods(TestInvoker.java:203)
	at org.testng.internal.invokers.TestMethodWorker.invokeTestMethods(TestMethodWorker.java:154)
	at org.testng.internal.invokers.TestMethodWorker.run(TestMethodWorker.java:134)
	at java.base/java.util.ArrayList.forEach(ArrayList.java:1596)
	at org.testng.TestRunner.privateRun(TestRunner.java:741)
	at org.testng.TestRunner.run(TestRunner.java:616)
	at org.testng.SuiteRunner.runTest(SuiteRunner.java:421)
	at org.testng.SuiteRunner$SuiteWorker.run(SuiteRunner.java:463)
	at org.testng.internal.thread.ThreadUtil.lambda$execute$0(ThreadUtil.java:64)
	at java.base/java.util.concurrent.FutureTask.run$$$capture(FutureTask.java:317)
	at java.base/java.util.concurrent.FutureTask.run(FutureTask.java)
	at java.base/java.util.concurrent.ThreadPoolExecutor.runWorker(ThreadPoolExecutor.java:1144)
	at java.base/java.util.concurrent.ThreadPoolExecutor$Worker.run(ThreadPoolExecutor.java:642)
	at java.base/java.lang.Thread.run(Thread.java:1583)
2026-01-13 11:57:16.599 INFO  listeners.Listener1 - No pre-submit screenshot path provided by the test.
2026-01-13 11:57:16.599 INFO  listeners.Listener1 - No failure screenshot path provided by the test.
2026-01-13 11:57:16.616 INFO  listeners.Listener1 - onTestStart -> gotoTeamDetails
2026-01-13 11:57:16.616 INFO  tests.HeartPulsePageValidationTest - Navigating to Team Details from Heart Pulse page
2026-01-13 11:57:16.616 INFO  pages.HeartPulsePage - Navigating to Team Details from Heart Pulse page...
2026-01-13 11:57:16.816 INFO  pages.TopNavigation - Navigated to HeartPulse page
2026-01-13 11:57:16.816 INFO  pages.HomePage - Navigation to Heart Pulse complete.
2026-01-13 11:57:16.816 INFO  tests.BaseTest - URL after goToHeartPulse(): https://hackvyatharth.github.io/Vitalguard_Team_Vanguardians/#pulseRate
2026-01-13 11:57:16.816 ERROR listeners.Listener1 - onTestFailure -> gotoHeartPulse
java.lang.AssertionError: null
	at tests.HomePageValidationTest.gotoHeartPulse(HomePageValidationTest.java:78)
	at java.base/jdk.internal.reflect.DirectMethodHandleAccessor.invoke(DirectMethodHandleAccessor.java:103)
	at java.base/java.lang.reflect.Method.invoke(Method.java:580)
	at org.testng.internal.invokers.MethodInvocationHelper.invokeMethod(MethodInvocationHelper.java:141)
	at org.testng.internal.invokers.TestInvoker.invokeMethod(TestInvoker.java:687)
	at org.testng.internal.invokers.TestInvoker.invokeTestMethod(TestInvoker.java:230)
	at org.testng.internal.invokers.MethodRunner.runInSequence(MethodRunner.java:63)
	at org.testng.internal.invokers.TestInvoker$MethodInvocationAgent.invoke(TestInvoker.java:995)
	at org.testng.internal.invokers.TestInvoker.invokeTestMethods(TestInvoker.java:203)
	at org.testng.internal.invokers.TestMethodWorker.invokeTestMethods(TestMethodWorker.java:154)
	at org.testng.internal.invokers.TestMethodWorker.run(TestMethodWorker.java:134)
	at java.base/java.util.ArrayList.forEach(ArrayList.java:1596)
	at org.testng.TestRunner.privateRun(TestRunner.java:741)
	at org.testng.TestRunner.run(TestRunner.java:616)
	at org.testng.SuiteRunner.runTest(SuiteRunner.java:421)
	at org.testng.SuiteRunner$SuiteWorker.run(SuiteRunner.java:463)
	at org.testng.internal.thread.ThreadUtil.lambda$execute$0(ThreadUtil.java:64)
	at java.base/java.util.concurrent.FutureTask.run$$$capture(FutureTask.java:317)
	at java.base/java.util.concurrent.FutureTask.run(FutureTask.java)
	at java.base/java.util.concurrent.ThreadPoolExecutor.runWorker(ThreadPoolExecutor.java:1144)
	at java.base/java.util.concurrent.ThreadPoolExecutor$Worker.run(ThreadPoolExecutor.java:642)
	at java.base/java.lang.Thread.run(Thread.java:1583)
2026-01-13 11:57:16.832 INFO  listeners.Listener1 - No pre-submit screenshot path provided by the test.
2026-01-13 11:57:16.832 INFO  listeners.Listener1 - No failure screenshot path provided by the test.
2026-01-13 11:57:16.832 INFO  listeners.Listener1 - onTestStart -> gotoTeamDetails
2026-01-13 11:57:16.832 INFO  tests.HeartPulsePageValidationTest - Navigating to Team Details from Heart Pulse page
2026-01-13 11:57:16.832 INFO  pages.HeartPulsePage - Navigating to Team Details from Heart Pulse page...
2026-01-13 11:57:16.982 INFO  pages.TopNavigation - Navigated to TeamDetails page
2026-01-13 11:57:16.982 INFO  pages.HeartPulsePage - Navigation to Team Details complete.
2026-01-13 11:57:16.982 INFO  pages.TopNavigation - Navigated to TeamDetails page
2026-01-13 11:57:16.982 INFO  pages.HeartPulsePage - Navigation to Team Details complete.
2026-01-13 11:57:16.982 INFO  tests.HeartPulsePageValidationTest - URL after goToTeamDetails(): https://hackvyatharth.github.io/Vitalguard_Team_Vanguardians/#foot
2026-01-13 11:57:16.982 INFO  tests.HeartPulsePageValidationTest - 'gotoTeamDetails' assertion passed
2026-01-13 11:57:16.982 INFO  listeners.Listener1 - onTestSuccess -> gotoTeamDetails
2026-01-13 11:57:16.982 INFO  tests.BaseTest - Tearing down webdriver
2026-01-13 11:57:16.998 INFO  tests.HeartPulsePageValidationTest - URL after goToTeamDetails(): https://hackvyatharth.github.io/Vitalguard_Team_Vanguardians/#foot
2026-01-13 11:57:16.998 INFO  tests.HeartPulsePageValidationTest - 'gotoTeamDetails' assertion passed
2026-01-13 11:57:16.998 INFO  listeners.Listener1 - onTestSuccess -> gotoTeamDetails
2026-01-13 11:57:17.000 INFO  tests.BaseTest - Tearing down webdriver
2026-01-13 11:57:29.032 INFO  tests.BaseTest - WebDriver quit successfully
2026-01-13 11:57:29.032 INFO  listeners.Listener1 - onTestStart -> gotoHome
2026-01-13 11:57:29.032 INFO  t.BloodPressurePageValidationTest - Navigating to Home via BloodPressurePage.goToHome()...
2026-01-13 11:57:29.032 INFO  pages.BloodPressurePage - Navigating to Home from Blood Pressure page...
2026-01-13 11:57:29.054 INFO  tests.BaseTest - WebDriver quit successfully
2026-01-13 11:57:29.065 INFO  listeners.Listener1 - onTestStart -> gotoHome
2026-01-13 11:57:29.065 INFO  t.BloodPressurePageValidationTest - Navigating to Home via BloodPressurePage.goToHome()...
2026-01-13 11:57:29.065 INFO  pages.BloodPressurePage - Navigating to Home from Blood Pressure page...
2026-01-13 11:57:29.248 INFO  pages.TopNavigation - Navigated to Home page 
2026-01-13 11:57:29.248 INFO  pages.BloodPressurePage - Navigation to Home complete.
2026-01-13 11:57:29.248 INFO  pages.TopNavigation - Navigated to Home page 
2026-01-13 11:57:29.248 INFO  pages.BloodPressurePage - Navigation to Home complete.
2026-01-13 11:57:29.255 INFO  t.BloodPressurePageValidationTest - URL after goToHome(): https://hackvyatharth.github.io/Vitalguard_Team_Vanguardians/#container
2026-01-13 11:57:29.255 INFO  t.BloodPressurePageValidationTest - PASS: Home navigation assertion passed.
2026-01-13 11:57:29.255 INFO  listeners.Listener1 - onTestSuccess -> gotoHome
2026-01-13 11:57:29.262 INFO  listeners.Listener1 - onTestStart -> gotoHome
2026-01-13 11:57:29.264 INFO  tests.AgeFactorPageValidationTest - Navigating to Home via AgeFactorPage.goToHome()
2026-01-13 11:57:29.265 INFO  pages.AgeFactorPage - Navigating to Home from Age Factor page...
2026-01-13 11:57:29.265 INFO  t.BloodPressurePageValidationTest - URL after goToHome(): https://hackvyatharth.github.io/Vitalguard_Team_Vanguardians/#container
2026-01-13 11:57:29.265 INFO  t.BloodPressurePageValidationTest - PASS: Home navigation assertion passed.
2026-01-13 11:57:29.266 INFO  listeners.Listener1 - onTestSuccess -> gotoHome
2026-01-13 11:57:29.269 INFO  listeners.Listener1 - onTestStart -> gotoHome
2026-01-13 11:57:29.269 INFO  tests.AgeFactorPageValidationTest - Navigating to Home via AgeFactorPage.goToHome()
2026-01-13 11:57:29.269 INFO  pages.AgeFactorPage - Navigating to Home from Age Factor page...
2026-01-13 11:57:29.457 INFO  pages.TopNavigation - Navigated to Home page 
2026-01-13 11:57:29.457 INFO  pages.AgeFactorPage - Navigation to Home complete. 
2026-01-13 11:57:29.474 INFO  pages.TopNavigation - Navigated to Home page 
2026-01-13 11:57:29.474 INFO  pages.AgeFactorPage - Navigation to Home complete. 
2026-01-13 11:57:29.505 INFO  tests.AgeFactorPageValidationTest - PASS: Home navigation assertion passed
2026-01-13 11:57:29.505 INFO  listeners.Listener1 - onTestSuccess -> gotoHome
2026-01-13 11:57:29.511 INFO  listeners.Listener1 - onTestStart -> gotoHome
2026-01-13 11:57:29.511 INFO  tests.BaseTest - === Starting 'gotoHome' test ===
2026-01-13 11:57:29.511 INFO  pages.TeamDetails - Navigating to Home from Team Details page...
2026-01-13 11:57:29.865 INFO  tests.AgeFactorPageValidationTest - PASS: Home navigation assertion passed
2026-01-13 11:57:29.865 INFO  listeners.Listener1 - onTestSuccess -> gotoHome
2026-01-13 11:57:29.865 INFO  listeners.Listener1 - onTestStart -> gotoHome
2026-01-13 11:57:29.865 INFO  tests.BaseTest - === Starting 'gotoHome' test ===
2026-01-13 11:57:29.865 INFO  pages.TeamDetails - Navigating to Home from Team Details page...
2026-01-13 11:57:30.069 INFO  pages.TopNavigation - Navigated to Home page 
2026-01-13 11:57:30.069 INFO  pages.TeamDetails - Navigation to Home complete.
2026-01-13 11:57:30.071 INFO  pages.TopNavigation - Navigated to Home page 
2026-01-13 11:57:30.071 INFO  pages.TeamDetails - Navigation to Home complete.
2026-01-13 11:57:30.082 INFO  tests.BaseTest - Current URL after gotoHome(): https://hackvyatharth.github.io/Vitalguard_Team_Vanguardians/#container
2026-01-13 11:57:30.082 INFO  tests.BaseTest - PASS: 'gotoHome' assertion passed (URL contains '#container')
2026-01-13 11:57:30.082 INFO  tests.BaseTest - === Completed 'gotoHome' test ===
2026-01-13 11:57:30.082 INFO  listeners.Listener1 - onTestSuccess -> gotoHome
2026-01-13 11:57:30.082 INFO  listeners.Listener1 - onTestStart -> isBloodPressureFieldPresent
2026-01-13 11:57:30.082 INFO  tests.BaseTest - Verifying BP field presence
2026-01-13 11:57:30.082 INFO  pages.CalculatorForm - Waiting for Blood Pressure field to be visible...
2026-01-13 11:57:30.082 INFO  tests.BaseTest - Current URL after gotoHome(): https://hackvyatharth.github.io/Vitalguard_Team_Vanguardians/#container
2026-01-13 11:57:30.082 INFO  tests.BaseTest - PASS: 'gotoHome' assertion passed (URL contains '#container')
2026-01-13 11:57:30.082 INFO  tests.BaseTest - === Completed 'gotoHome' test ===
2026-01-13 11:57:30.082 INFO  listeners.Listener1 - onTestSuccess -> gotoHome
2026-01-13 11:57:30.082 INFO  listeners.Listener1 - onTestStart -> isBloodPressureFieldPresent
2026-01-13 11:57:30.082 INFO  tests.BaseTest - Verifying BP field presence
2026-01-13 11:57:30.082 INFO  pages.CalculatorForm - Waiting for Blood Pressure field to be visible...
2026-01-13 11:57:30.147 INFO  pages.CalculatorForm - Blood Pressure field present: true
2026-01-13 11:57:30.147 INFO  tests.BaseTest - BP field presence assertion passed
2026-01-13 11:57:30.147 INFO  listeners.Listener1 - onTestSuccess -> isBloodPressureFieldPresent
2026-01-13 11:57:30.149 INFO  listeners.Listener1 - onTestStart -> isResultBoxPresent
2026-01-13 11:57:30.151 INFO  tests.BaseTest - === Starting 'isResultBoxPresent' test ===
2026-01-13 11:57:30.186 INFO  pages.ResultPage - Result Bor present:true
2026-01-13 11:57:30.200 INFO  pages.CalculatorForm - Blood Pressure field present: true
2026-01-13 11:57:30.200 INFO  tests.BaseTest - BP field presence assertion passed
2026-01-13 11:57:30.200 INFO  listeners.Listener1 - onTestSuccess -> isBloodPressureFieldPresent
2026-01-13 11:57:30.207 INFO  listeners.Listener1 - onTestStart -> isResultBoxPresent
2026-01-13 11:57:30.207 INFO  tests.BaseTest - === Starting 'isResultBoxPresent' test ===
2026-01-13 11:57:30.213 INFO  tests.BaseTest - Result box present? true
2026-01-13 11:57:30.215 INFO  tests.BaseTest - PASS: Result box is visible
2026-01-13 11:57:30.215 INFO  tests.BaseTest - === Completed 'isResultBoxPresent' test ===
2026-01-13 11:57:30.216 INFO  listeners.Listener1 - onTestSuccess -> isResultBoxPresent
2026-01-13 11:57:30.221 INFO  listeners.Listener1 - onTestStart -> gotoBloodPressure
2026-01-13 11:57:30.221 INFO  tests.BaseTest - Navigating to Blood Pressure from Home page
2026-01-13 11:57:30.221 INFO  pages.HomePage - Navigating to Blood Pressure from Home page...
2026-01-13 11:57:30.232 INFO  pages.ResultPage - Result Bor present:true
2026-01-13 11:57:30.277 INFO  tests.BaseTest - Result box present? true
2026-01-13 11:57:30.277 INFO  tests.BaseTest - PASS: Result box is visible
2026-01-13 11:57:30.277 INFO  tests.BaseTest - === Completed 'isResultBoxPresent' test ===
2026-01-13 11:57:30.277 INFO  listeners.Listener1 - onTestSuccess -> isResultBoxPresent
2026-01-13 11:57:30.281 INFO  listeners.Listener1 - onTestStart -> gotoBloodPressure
2026-01-13 11:57:30.282 INFO  tests.BaseTest - Navigating to Blood Pressure from Home page
2026-01-13 11:57:30.282 INFO  pages.HomePage - Navigating to Blood Pressure from Home page...
2026-01-13 11:57:30.468 INFO  pages.TopNavigation - Navigated to BloodPressure page
2026-01-13 11:57:30.468 INFO  pages.HomePage - Navigation to Blood Pressure complete.
2026-01-13 11:57:30.482 INFO  tests.BaseTest - URL after goToBloodPressure(): https://hackvyatharth.github.io/Vitalguard_Team_Vanguardians/#bloodPressure
2026-01-13 11:57:30.482 INFO  tests.BaseTest - PASS: 'gotoBloodPressure' assertion passed
2026-01-13 11:57:30.482 INFO  listeners.Listener1 - onTestSuccess -> gotoBloodPressure
2026-01-13 11:57:30.482 INFO  listeners.Listener1 - onTestStart -> gotoHeartPulse
2026-01-13 11:57:30.482 INFO  t.BloodPressurePageValidationTest - Navigating to Heart Pulse via BloodPressurePage.goToHeartPulse()...
2026-01-13 11:57:30.490 INFO  pages.BloodPressurePage - Navigating to Heart Pulse from Blood Pressure page...
2026-01-13 11:57:30.519 INFO  pages.TopNavigation - Navigated to BloodPressure page
2026-01-13 11:57:30.519 INFO  pages.HomePage - Navigation to Blood Pressure complete.
2026-01-13 11:57:30.539 INFO  tests.BaseTest - URL after goToBloodPressure(): https://hackvyatharth.github.io/Vitalguard_Team_Vanguardians/#bloodPressure
2026-01-13 11:57:30.539 INFO  tests.BaseTest - PASS: 'gotoBloodPressure' assertion passed
2026-01-13 11:57:30.539 INFO  listeners.Listener1 - onTestSuccess -> gotoBloodPressure
2026-01-13 11:57:30.543 INFO  listeners.Listener1 - onTestStart -> gotoHeartPulse
2026-01-13 11:57:30.543 INFO  t.BloodPressurePageValidationTest - Navigating to Heart Pulse via BloodPressurePage.goToHeartPulse()...
2026-01-13 11:57:30.543 INFO  pages.BloodPressurePage - Navigating to Heart Pulse from Blood Pressure page...
2026-01-13 11:57:31.143 INFO  pages.TopNavigation - Navigated to HeartPulse page
2026-01-13 11:57:31.145 INFO  pages.BloodPressurePage - Navigation to Heart Pulse complete.
2026-01-13 11:57:31.157 INFO  t.BloodPressurePageValidationTest - URL after goToHeartPulse(): https://hackvyatharth.github.io/Vitalguard_Team_Vanguardians/#pulseRate
2026-01-13 11:57:31.157 INFO  t.BloodPressurePageValidationTest - PASS: Heart Pulse navigation assertion passed.
2026-01-13 11:57:31.157 INFO  listeners.Listener1 - onTestSuccess -> gotoHeartPulse
2026-01-13 11:57:31.157 INFO  listeners.Listener1 - onTestStart -> gotoHeartPulse
2026-01-13 11:57:31.164 INFO  tests.AgeFactorPageValidationTest - Navigating to Heart Pulse via AgeFactorPage.goToHeartPulse()
2026-01-13 11:57:31.164 INFO  pages.AgeFactorPage - Navigating to Heart Pulse from Age Factor page...
2026-01-13 11:57:31.166 INFO  pages.TopNavigation - Navigated to HeartPulse page
2026-01-13 11:57:31.166 INFO  pages.BloodPressurePage - Navigation to Heart Pulse complete.
2026-01-13 11:57:31.182 INFO  t.BloodPressurePageValidationTest - URL after goToHeartPulse(): https://hackvyatharth.github.io/Vitalguard_Team_Vanguardians/#pulseRate
2026-01-13 11:57:31.182 INFO  t.BloodPressurePageValidationTest - PASS: Heart Pulse navigation assertion passed.
2026-01-13 11:57:31.182 INFO  listeners.Listener1 - onTestSuccess -> gotoHeartPulse
2026-01-13 11:57:31.193 INFO  listeners.Listener1 - onTestStart -> gotoHeartPulse
2026-01-13 11:57:31.195 INFO  tests.AgeFactorPageValidationTest - Navigating to Heart Pulse via AgeFactorPage.goToHeartPulse()
2026-01-13 11:57:31.195 INFO  pages.AgeFactorPage - Navigating to Heart Pulse from Age Factor page...
2026-01-13 11:57:31.336 INFO  pages.TopNavigation - Navigated to HeartPulse page
2026-01-13 11:57:31.336 INFO  pages.AgeFactorPage - Navigation to Heart Pulse complete.
2026-01-13 11:57:31.345 INFO  tests.AgeFactorPageValidationTest - PASS: Heart Pulse navigation assertion passed
2026-01-13 11:57:31.345 INFO  listeners.Listener1 - onTestSuccess -> gotoHeartPulse
2026-01-13 11:57:31.350 INFO  listeners.Listener1 - onTestStart -> gotoBloodPressure
2026-01-13 11:57:31.350 INFO  tests.BaseTest - === Starting 'gotoBloodPressure' test ===
2026-01-13 11:57:31.352 INFO  pages.TeamDetails - Navigating to Blood Pressure from Team Details page...
2026-01-13 11:57:31.366 INFO  pages.TopNavigation - Navigated to HeartPulse page
2026-01-13 11:57:31.366 INFO  pages.AgeFactorPage - Navigation to Heart Pulse complete.
2026-01-13 11:57:31.385 INFO  tests.AgeFactorPageValidationTest - PASS: Heart Pulse navigation assertion passed
2026-01-13 11:57:31.385 INFO  listeners.Listener1 - onTestSuccess -> gotoHeartPulse
2026-01-13 11:57:31.389 INFO  listeners.Listener1 - onTestStart -> gotoBloodPressure
2026-01-13 11:57:31.389 INFO  tests.BaseTest - === Starting 'gotoBloodPressure' test ===
2026-01-13 11:57:31.389 INFO  pages.TeamDetails - Navigating to Blood Pressure from Team Details page...
2026-01-13 11:57:31.631 INFO  pages.TopNavigation - Navigated to BloodPressure page
2026-01-13 11:57:31.631 INFO  pages.TeamDetails - Navigation to Blood Pressure complete.
2026-01-13 11:57:31.666 INFO  tests.BaseTest - Current URL after gotoBloodPressure(): https://hackvyatharth.github.io/Vitalguard_Team_Vanguardians/#bloodPressure
2026-01-13 11:57:31.666 INFO  tests.BaseTest - PASS: 'gotoBloodPressure' assertion passed (URL contains '#bloodPressure')
2026-01-13 11:57:31.666 INFO  tests.BaseTest - === Completed 'gotoBloodPressure' test ===
2026-01-13 11:57:31.666 INFO  listeners.Listener1 - onTestSuccess -> gotoBloodPressure
2026-01-13 11:57:31.683 INFO  listeners.Listener1 - onTestStart -> isCalculateButtonPresentAndClickable
2026-01-13 11:57:31.683 INFO  tests.BaseTest - Verifying Calculate Button presence and Clickability
2026-01-13 11:57:31.683 INFO  pages.CalculatorForm - Waiting for Calculate button to be clickable...
2026-01-13 11:57:31.765 INFO  pages.TopNavigation - Navigated to BloodPressure page
2026-01-13 11:57:31.765 INFO  pages.TeamDetails - Navigation to Blood Pressure complete.
2026-01-13 11:57:31.765 INFO  tests.BaseTest - Current URL after gotoBloodPressure(): https://hackvyatharth.github.io/Vitalguard_Team_Vanguardians/#bloodPressure
2026-01-13 11:57:31.765 INFO  tests.BaseTest - PASS: 'gotoBloodPressure' assertion passed (URL contains '#bloodPressure')
2026-01-13 11:57:31.765 INFO  tests.BaseTest - === Completed 'gotoBloodPressure' test ===
2026-01-13 11:57:31.765 INFO  listeners.Listener1 - onTestSuccess -> gotoBloodPressure
2026-01-13 11:57:31.781 INFO  listeners.Listener1 - onTestStart -> isCalculateButtonPresentAndClickable
2026-01-13 11:57:31.781 INFO  tests.BaseTest - Verifying Calculate Button presence and Clickability
2026-01-13 11:57:31.781 INFO  pages.CalculatorForm - Waiting for Calculate button to be clickable...
2026-01-13 11:57:31.848 INFO  pages.CalculatorForm - Calculate button present and clickable: true
2026-01-13 11:57:31.848 INFO  tests.BaseTest - Calculate button presence & clickability assertion passed
2026-01-13 11:57:31.848 INFO  listeners.Listener1 - onTestSuccess -> isCalculateButtonPresentAndClickable
2026-01-13 11:57:31.854 INFO  listeners.Listener1 - onTestStart -> isHeadingPresent
2026-01-13 11:57:31.854 INFO  tests.BaseTest - === Starting 'isHeadingPresent' test ===
2026-01-13 11:57:31.882 INFO  pages.ResultPage - Heading present:true
2026-01-13 11:57:31.898 INFO  tests.BaseTest - Heading present? true
2026-01-13 11:57:31.898 INFO  tests.BaseTest - PASS: Heading is visible
2026-01-13 11:57:31.898 INFO  tests.BaseTest - === Completed 'isHeadingPresent' test ===
2026-01-13 11:57:31.898 INFO  listeners.Listener1 - onTestSuccess -> isHeadingPresent
2026-01-13 11:57:31.898 INFO  listeners.Listener1 - onTestStart -> gotoAgeFactor
2026-01-13 11:57:31.898 INFO  tests.BaseTest - Navigating to Age Factor from Home page
2026-01-13 11:57:31.898 INFO  pages.HomePage - Navigating to Age Factor from Home page...
2026-01-13 11:57:32.265 INFO  pages.CalculatorForm - Calculate button present and clickable: true
2026-01-13 11:57:32.265 INFO  tests.BaseTest - Calculate button presence & clickability assertion passed
2026-01-13 11:57:32.265 INFO  listeners.Listener1 - onTestSuccess -> isCalculateButtonPresentAndClickable
2026-01-13 11:57:32.283 INFO  listeners.Listener1 - onTestStart -> isHeadingPresent
2026-01-13 11:57:32.283 INFO  tests.BaseTest - === Starting 'isHeadingPresent' test ===
2026-01-13 11:57:32.314 INFO  pages.ResultPage - Heading present:true
2026-01-13 11:57:32.332 INFO  tests.BaseTest - Heading present? true
2026-01-13 11:57:32.332 INFO  tests.BaseTest - PASS: Heading is visible
2026-01-13 11:57:32.332 INFO  tests.BaseTest - === Completed 'isHeadingPresent' test ===
2026-01-13 11:57:32.332 INFO  listeners.Listener1 - onTestSuccess -> isHeadingPresent
2026-01-13 11:57:32.354 INFO  listeners.Listener1 - onTestStart -> gotoAgeFactor
2026-01-13 11:57:32.354 INFO  tests.BaseTest - Navigating to Age Factor from Home page
2026-01-13 11:57:32.354 INFO  pages.HomePage - Navigating to Age Factor from Home page...
2026-01-13 11:57:32.682 INFO  pages.TopNavigation - Navigated to AgeFactor page
2026-01-13 11:57:32.682 INFO  pages.HomePage - Navigation to Age Factor complete.
2026-01-13 11:57:32.693 INFO  tests.BaseTest - URL after goToAgeFactor(): https://hackvyatharth.github.io/Vitalguard_Team_Vanguardians/#ageFactor
2026-01-13 11:57:32.693 INFO  tests.BaseTest - PASS: 'gotoAgeFactor' assertion passed
2026-01-13 11:57:32.693 INFO  listeners.Listener1 - onTestSuccess -> gotoAgeFactor
2026-01-13 11:57:32.693 INFO  listeners.Listener1 - onTestStart -> gotoAgeFactorPage
2026-01-13 11:57:32.693 INFO  t.BloodPressurePageValidationTest - Navigating to Age Factor via BloodPressurePage.goToAgeFactor()...
2026-01-13 11:57:32.693 INFO  pages.BloodPressurePage - Navigating to Age Factor from Blood Pressure page...
2026-01-13 11:57:32.753 INFO  pages.TopNavigation - Navigated to AgeFactor page
2026-01-13 11:57:32.753 INFO  pages.HomePage - Navigation to Age Factor complete.
2026-01-13 11:57:32.759 INFO  tests.BaseTest - URL after goToAgeFactor(): https://hackvyatharth.github.io/Vitalguard_Team_Vanguardians/#ageFactor
2026-01-13 11:57:32.763 INFO  tests.BaseTest - PASS: 'gotoAgeFactor' assertion passed
2026-01-13 11:57:32.763 INFO  listeners.Listener1 - onTestSuccess -> gotoAgeFactor
2026-01-13 11:57:32.765 INFO  listeners.Listener1 - onTestStart -> gotoAgeFactorPage
2026-01-13 11:57:32.765 INFO  t.BloodPressurePageValidationTest - Navigating to Age Factor via BloodPressurePage.goToAgeFactor()...
2026-01-13 11:57:32.765 INFO  pages.BloodPressurePage - Navigating to Age Factor from Blood Pressure page...
2026-01-13 11:57:32.899 INFO  pages.TopNavigation - Navigated to AgeFactor page
2026-01-13 11:57:32.899 INFO  pages.BloodPressurePage - Navigation to Age Factor complete.
2026-01-13 11:57:32.914 INFO  t.BloodPressurePageValidationTest - URL after goToAgeFactor(): https://hackvyatharth.github.io/Vitalguard_Team_Vanguardians/#ageFactor
2026-01-13 11:57:32.914 INFO  t.BloodPressurePageValidationTest - PASS: Age Factor navigation assertion passed.
2026-01-13 11:57:32.914 INFO  listeners.Listener1 - onTestSuccess -> gotoAgeFactorPage
2026-01-13 11:57:32.915 INFO  listeners.Listener1 - onTestStart -> gotoBloodPressure
2026-01-13 11:57:32.915 INFO  tests.AgeFactorPageValidationTest - Navigating to Blood Pressure via AgeFactorPage.goToBloodPressure()
2026-01-13 11:57:32.919 INFO  pages.AgeFactorPage - Navigating to Blood Pressure from Age Factor page...
2026-01-13 11:57:32.982 INFO  pages.TopNavigation - Navigated to AgeFactor page
2026-01-13 11:57:32.982 INFO  pages.BloodPressurePage - Navigation to Age Factor complete.
2026-01-13 11:57:32.982 INFO  t.BloodPressurePageValidationTest - URL after goToAgeFactor(): https://hackvyatharth.github.io/Vitalguard_Team_Vanguardians/#ageFactor
2026-01-13 11:57:32.982 INFO  t.BloodPressurePageValidationTest - PASS: Age Factor navigation assertion passed.
2026-01-13 11:57:32.982 INFO  listeners.Listener1 - onTestSuccess -> gotoAgeFactorPage
2026-01-13 11:57:32.998 INFO  listeners.Listener1 - onTestStart -> gotoBloodPressure
2026-01-13 11:57:32.998 INFO  tests.AgeFactorPageValidationTest - Navigating to Blood Pressure via AgeFactorPage.goToBloodPressure()
2026-01-13 11:57:32.998 INFO  pages.AgeFactorPage - Navigating to Blood Pressure from Age Factor page...
2026-01-13 11:57:33.115 INFO  pages.TopNavigation - Navigated to BloodPressure page
2026-01-13 11:57:33.115 INFO  pages.AgeFactorPage - Navigation to Blood Pressure complete.
2026-01-13 11:57:33.116 INFO  tests.AgeFactorPageValidationTest - PASS: Blood Pressure navigation assertion passed
2026-01-13 11:57:33.116 INFO  listeners.Listener1 - onTestSuccess -> gotoBloodPressure
2026-01-13 11:57:33.116 INFO  listeners.Listener1 - onTestStart -> gotoHeartPulse
2026-01-13 11:57:33.116 INFO  tests.BaseTest - === Starting 'gotoHeartPulse' test ===
2026-01-13 11:57:33.116 INFO  pages.TeamDetails - Navigating to Heart Pulse from Team Details page...
2026-01-13 11:57:33.215 INFO  pages.TopNavigation - Navigated to BloodPressure page
2026-01-13 11:57:33.215 INFO  pages.AgeFactorPage - Navigation to Blood Pressure complete.
2026-01-13 11:57:33.232 INFO  tests.AgeFactorPageValidationTest - PASS: Blood Pressure navigation assertion passed
2026-01-13 11:57:33.232 INFO  listeners.Listener1 - onTestSuccess -> gotoBloodPressure
2026-01-13 11:57:33.237 INFO  listeners.Listener1 - onTestStart -> gotoHeartPulse
2026-01-13 11:57:33.237 INFO  tests.BaseTest - === Starting 'gotoHeartPulse' test ===
2026-01-13 11:57:33.237 INFO  pages.TeamDetails - Navigating to Heart Pulse from Team Details page...
2026-01-13 11:57:33.286 INFO  pages.TopNavigation - Navigated to HeartPulse page
2026-01-13 11:57:33.286 INFO  pages.TeamDetails - Navigation to Heart Pulse complete.
2026-01-13 11:57:33.286 INFO  tests.BaseTest - Current URL after gotoHeartPulse(): https://hackvyatharth.github.io/Vitalguard_Team_Vanguardians/#pulseRate
2026-01-13 11:57:33.286 INFO  tests.BaseTest - PASS: 'gotoHeartPulse' assertion passed (URL contains '#pulseRate')
2026-01-13 11:57:33.286 INFO  tests.BaseTest - === Completed 'gotoHeartPulse' test ===
2026-01-13 11:57:33.286 INFO  listeners.Listener1 - onTestSuccess -> gotoHeartPulse
2026-01-13 11:57:33.399 INFO  pages.TopNavigation - Navigated to HeartPulse page
2026-01-13 11:57:33.399 INFO  pages.TeamDetails - Navigation to Heart Pulse complete.
2026-01-13 11:57:33.415 INFO  tests.BaseTest - Current URL after gotoHeartPulse(): https://hackvyatharth.github.io/Vitalguard_Team_Vanguardians/#pulseRate
2026-01-13 11:57:33.415 INFO  tests.BaseTest - PASS: 'gotoHeartPulse' assertion passed (URL contains '#pulseRate')
2026-01-13 11:57:33.415 INFO  tests.BaseTest - === Completed 'gotoHeartPulse' test ===
2026-01-13 11:57:33.415 INFO  listeners.Listener1 - onTestSuccess -> gotoHeartPulse
2026-01-13 11:57:34.475 INFO  tests.BaseTest - Loaded {} data rows from Excel
2026-01-13 11:57:34.475 INFO  tests.BaseTest - Loaded {} data rows from Excel
2026-01-13 11:57:34.479 INFO  listeners.Listener1 - onTestStart -> sendData
2026-01-13 11:57:34.479 INFO  listeners.Listener1 - onTestStart -> sendData
2026-01-13 11:57:34.479 INFO  listeners.Listener1 - Parameters for sendData: ["", "", "", negative]
2026-01-13 11:57:34.479 INFO  listeners.Listener1 - Parameters for sendData: ["", "", "", negative]
2026-01-13 11:57:34.483 INFO  tests.BaseTest - Executing data row: age='""', pulse='""', bp='""', testType='negative'
2026-01-13 11:57:34.483 INFO  tests.BaseTest - Executing data row: age='""', pulse='""', bp='""', testType='negative'
2026-01-13 11:57:34.483 INFO  pages.CalculatorForm - Entering Age: ""
2026-01-13 11:57:34.483 INFO  pages.CalculatorForm - Entering Age: ""
2026-01-13 11:57:34.815 INFO  pages.CalculatorForm - Entering Pulse: ""
2026-01-13 11:57:34.848 INFO  pages.CalculatorForm - Entering Pulse: ""
2026-01-13 11:57:35.182 INFO  pages.CalculatorForm - Entering Blood Pressure: ""
2026-01-13 11:57:35.206 INFO  pages.CalculatorForm - Entering Blood Pressure: ""
2026-01-13 11:57:35.856 INFO  tests.BaseTest - Clicking Calculate
2026-01-13 11:57:35.856 INFO  pages.CalculatorForm - Clicking Calculate button...
2026-01-13 11:57:35.883 INFO  tests.BaseTest - Clicking Calculate
2026-01-13 11:57:35.883 INFO  pages.CalculatorForm - Clicking Calculate button...
2026-01-13 11:57:35.982 INFO  pages.CalculatorForm - Calculate button clicked.
2026-01-13 11:57:35.999 INFO  tests.BaseTest - Alert detected after submit
2026-01-13 11:57:36.034 INFO  tests.BaseTest - Negative case: navigatedToResult=false
2026-01-13 11:57:36.035 INFO  listeners.Listener1 - onTestSuccess -> sendData
2026-01-13 11:57:36.035 INFO  listeners.Listener1 - Deleting pre-submit screenshot for passed test: C:\Users\2457157\IdeaProjects\HealthIndexCalculator\reports\screenshots\age_____pulse_____bp_____type_negative_before_20260113_115735_852.png
2026-01-13 11:57:36.044 INFO  listeners.Listener1 - onTestStart -> sendData
2026-01-13 11:57:36.044 INFO  listeners.Listener1 - Parameters for sendData: [0, 60, 70/31, negative]
2026-01-13 11:57:36.045 INFO  tests.BaseTest - Executing data row: age='0', pulse='60', bp='70/31', testType='negative'
2026-01-13 11:57:36.045 INFO  pages.CalculatorForm - Entering Age: 0
2026-01-13 11:57:36.072 INFO  pages.CalculatorForm - Calculate button clicked.
2026-01-13 11:57:36.075 INFO  tests.BaseTest - Alert detected after submit
2026-01-13 11:57:36.133 INFO  tests.BaseTest - Negative case: navigatedToResult=false
2026-01-13 11:57:36.134 INFO  listeners.Listener1 - onTestSuccess -> sendData
2026-01-13 11:57:36.135 INFO  listeners.Listener1 - Deleting pre-submit screenshot for passed test: C:\Users\2457157\IdeaProjects\HealthIndexCalculator\reports\screenshots\age_____pulse_____bp_____type_negative_before_20260113_115735_883.png
2026-01-13 11:57:36.135 INFO  listeners.Listener1 - onTestStart -> sendData
2026-01-13 11:57:36.135 INFO  listeners.Listener1 - Parameters for sendData: [0, 60, 70/31, negative]
2026-01-13 11:57:36.135 INFO  tests.BaseTest - Executing data row: age='0', pulse='60', bp='70/31', testType='negative'
2026-01-13 11:57:36.135 INFO  pages.CalculatorForm - Entering Age: 0
2026-01-13 11:57:36.350 INFO  pages.CalculatorForm - Entering Pulse: 60
2026-01-13 11:57:36.384 INFO  pages.CalculatorForm - Entering Pulse: 60
2026-01-13 11:57:36.548 INFO  pages.CalculatorForm - Entering Blood Pressure: 70/31
2026-01-13 11:57:36.598 INFO  pages.CalculatorForm - Entering Blood Pressure: 70/31
2026-01-13 11:57:37.050 INFO  tests.BaseTest - Clicking Calculate
2026-01-13 11:57:37.051 INFO  pages.CalculatorForm - Clicking Calculate button...
2026-01-13 11:57:37.167 INFO  tests.BaseTest - Clicking Calculate
2026-01-13 11:57:37.167 INFO  pages.CalculatorForm - Clicking Calculate button...
2026-01-13 11:57:37.269 INFO  pages.CalculatorForm - Calculate button clicked.
2026-01-13 11:57:37.272 INFO  tests.BaseTest - Alert detected after submit
2026-01-13 11:57:37.302 INFO  tests.BaseTest - Negative case: navigatedToResult=false
2026-01-13 11:57:37.302 INFO  listeners.Listener1 - onTestSuccess -> sendData
2026-01-13 11:57:37.302 INFO  listeners.Listener1 - Deleting pre-submit screenshot for passed test: C:\Users\2457157\IdeaProjects\HealthIndexCalculator\reports\screenshots\age_0__pulse_60__bp_70_31__type_negative_before_20260113_115737_036.png
2026-01-13 11:57:37.318 INFO  listeners.Listener1 - onTestStart -> sendData
2026-01-13 11:57:37.318 INFO  listeners.Listener1 - Parameters for sendData: [1, 72, 120/81, positive]
2026-01-13 11:57:37.318 INFO  tests.BaseTest - Executing data row: age='1', pulse='72', bp='120/81', testType='positive'
2026-01-13 11:57:37.318 INFO  pages.CalculatorForm - Entering Age: 1
2026-01-13 11:57:37.369 INFO  pages.CalculatorForm - Calculate button clicked.
2026-01-13 11:57:37.372 INFO  tests.BaseTest - Alert detected after submit
2026-01-13 11:57:37.418 INFO  tests.BaseTest - Negative case: navigatedToResult=false
2026-01-13 11:57:37.418 INFO  listeners.Listener1 - onTestSuccess -> sendData
2026-01-13 11:57:37.418 INFO  listeners.Listener1 - Deleting pre-submit screenshot for passed test: C:\Users\2457157\IdeaProjects\HealthIndexCalculator\reports\screenshots\age_0__pulse_60__bp_70_31__type_negative_before_20260113_115737_153.png
2026-01-13 11:57:37.434 INFO  listeners.Listener1 - onTestStart -> sendData
2026-01-13 11:57:37.434 INFO  listeners.Listener1 - Parameters for sendData: [1, 72, 120/81, positive]
2026-01-13 11:57:37.434 INFO  tests.BaseTest - Executing data row: age='1', pulse='72', bp='120/81', testType='positive'
2026-01-13 11:57:37.434 INFO  pages.CalculatorForm - Entering Age: 1
2026-01-13 11:57:37.700 INFO  pages.CalculatorForm - Entering Pulse: 72
2026-01-13 11:57:37.763 INFO  pages.CalculatorForm - Entering Pulse: 72
2026-01-13 11:57:37.934 INFO  pages.CalculatorForm - Entering Blood Pressure: 120/81
2026-01-13 11:57:37.965 INFO  pages.CalculatorForm - Entering Blood Pressure: 120/81
2026-01-13 11:57:38.466 INFO  tests.BaseTest - Clicking Calculate
2026-01-13 11:57:38.466 INFO  pages.CalculatorForm - Clicking Calculate button...
2026-01-13 11:57:38.557 INFO  tests.BaseTest - Clicking Calculate
2026-01-13 11:57:38.558 INFO  pages.CalculatorForm - Clicking Calculate button...
2026-01-13 11:57:38.869 INFO  pages.CalculatorForm - Calculate button clicked.
2026-01-13 11:57:38.872 INFO  pages.CalculatorForm - Calculate button clicked.
2026-01-13 11:57:42.011 INFO  tests.BaseTest - No alert branch: navigatedToResult=true
2026-01-13 11:57:42.011 INFO  tests.BaseTest - Positive case passed: navigated; returning Home via logo text
2026-01-13 11:57:42.012 INFO  tests.BaseTest - No alert branch: navigatedToResult=true
2026-01-13 11:57:42.012 INFO  tests.BaseTest - Positive case passed: navigated; returning Home via logo text
2026-01-13 11:57:42.559 INFO  pages.TopNavigation - Navigated to Home Page through LogoText
2026-01-13 11:57:42.560 INFO  tests.BaseTest - Clicked 'VitalGuard' logo text to return Home
2026-01-13 11:57:42.560 INFO  listeners.Listener1 - onTestSuccess -> sendData
2026-01-13 11:57:42.560 INFO  listeners.Listener1 - Deleting pre-submit screenshot for passed test: C:\Users\2457157\IdeaProjects\HealthIndexCalculator\reports\screenshots\age_1__pulse_72__bp_120_81__type_positive_before_20260113_115738_553.png
2026-01-13 11:57:42.565 INFO  listeners.Listener1 - onTestStart -> sendData
2026-01-13 11:57:42.565 INFO  listeners.Listener1 - Parameters for sendData: [69.5, -25, 160/91, negative]
2026-01-13 11:57:42.565 INFO  tests.BaseTest - Executing data row: age='69.5', pulse='-25', bp='160/91', testType='negative'
2026-01-13 11:57:42.565 INFO  pages.CalculatorForm - Entering Age: 69.5
2026-01-13 11:57:42.581 INFO  pages.TopNavigation - Navigated to Home Page through LogoText
2026-01-13 11:57:42.582 INFO  tests.BaseTest - Clicked 'VitalGuard' logo text to return Home
2026-01-13 11:57:42.582 INFO  listeners.Listener1 - onTestSuccess -> sendData
2026-01-13 11:57:42.582 INFO  listeners.Listener1 - Deleting pre-submit screenshot for passed test: C:\Users\2457157\IdeaProjects\HealthIndexCalculator\reports\screenshots\age_1__pulse_72__bp_120_81__type_positive_before_20260113_115738_466.png
2026-01-13 11:57:42.587 INFO  listeners.Listener1 - onTestStart -> sendData
2026-01-13 11:57:42.587 INFO  listeners.Listener1 - Parameters for sendData: [69.5, -25, 160/91, negative]
2026-01-13 11:57:42.587 INFO  tests.BaseTest - Executing data row: age='69.5', pulse='-25', bp='160/91', testType='negative'
2026-01-13 11:57:42.587 INFO  pages.CalculatorForm - Entering Age: 69.5
2026-01-13 11:57:42.885 INFO  pages.CalculatorForm - Entering Pulse: -25
2026-01-13 11:57:42.885 INFO  pages.CalculatorForm - Entering Pulse: -25
2026-01-13 11:57:43.165 INFO  pages.CalculatorForm - Entering Blood Pressure: 160/91
2026-01-13 11:57:43.171 INFO  pages.CalculatorForm - Entering Blood Pressure: 160/91
2026-01-13 11:57:43.739 INFO  tests.BaseTest - Clicking Calculate
2026-01-13 11:57:43.739 INFO  pages.CalculatorForm - Clicking Calculate button...
2026-01-13 11:57:43.742 INFO  tests.BaseTest - Clicking Calculate
2026-01-13 11:57:43.742 INFO  pages.CalculatorForm - Clicking Calculate button...
2026-01-13 11:57:43.929 INFO  pages.CalculatorForm - Calculate button clicked.
2026-01-13 11:57:43.940 INFO  pages.CalculatorForm - Calculate button clicked.
2026-01-13 11:57:47.077 INFO  tests.BaseTest - No alert branch: navigatedToResult=true
2026-01-13 11:57:47.077 INFO  tests.BaseTest - No alert branch: navigatedToResult=true
2026-01-13 11:57:47.477 ERROR tests.BaseTest - Negative case failed: navigated without alert
2026-01-13 11:57:47.624 INFO  pages.TopNavigation - Navigated to Home Page through LogoText
2026-01-13 11:57:47.624 ERROR listeners.Listener1 - onTestFailure -> sendData
java.lang.AssertionError: The following asserts failed:
	NEGATIVE input incorrectly navigated to Result page without showing any alert.
	at org.testng.asserts.SoftAssert.assertAll(SoftAssert.java:46)
	at org.testng.asserts.SoftAssert.assertAll(SoftAssert.java:30)
	at tests.CalculatorFunctionalityTest.sendData(CalculatorFunctionalityTest.java:200)
	at java.base/jdk.internal.reflect.DirectMethodHandleAccessor.invoke(DirectMethodHandleAccessor.java:103)
	at java.base/java.lang.reflect.Method.invoke(Method.java:580)
	at org.testng.internal.invokers.MethodInvocationHelper.invokeMethod(MethodInvocationHelper.java:141)
	at org.testng.internal.invokers.TestInvoker.invokeMethod(TestInvoker.java:687)
	at org.testng.internal.invokers.TestInvoker.invokeTestMethod(TestInvoker.java:230)
	at org.testng.internal.invokers.MethodRunner.runInSequence(MethodRunner.java:63)
	at org.testng.internal.invokers.TestInvoker$MethodInvocationAgent.invoke(TestInvoker.java:995)
	at org.testng.internal.invokers.TestInvoker.invokeTestMethods(TestInvoker.java:203)
	at org.testng.internal.invokers.TestMethodWorker.invokeTestMethods(TestMethodWorker.java:154)
	at org.testng.internal.invokers.TestMethodWorker.run(TestMethodWorker.java:134)
	at java.base/java.util.ArrayList.forEach(ArrayList.java:1596)
	at org.testng.TestRunner.privateRun(TestRunner.java:741)
	at org.testng.TestRunner.run(TestRunner.java:616)
	at org.testng.SuiteRunner.runTest(SuiteRunner.java:421)
	at org.testng.SuiteRunner$SuiteWorker.run(SuiteRunner.java:463)
	at org.testng.internal.thread.ThreadUtil.lambda$execute$0(ThreadUtil.java:64)
	at java.base/java.util.concurrent.FutureTask.run$$$capture(FutureTask.java:317)
	at java.base/java.util.concurrent.FutureTask.run(FutureTask.java)
	at java.base/java.util.concurrent.ThreadPoolExecutor.runWorker(ThreadPoolExecutor.java:1144)
	at java.base/java.util.concurrent.ThreadPoolExecutor$Worker.run(ThreadPoolExecutor.java:642)
	at java.base/java.lang.Thread.run(Thread.java:1583)
2026-01-13 11:57:47.624 INFO  listeners.Listener1 - Attaching pre-submit screenshot: C:\Users\2457157\IdeaProjects\HealthIndexCalculator\reports\screenshots\age_69.5__pulse_-25__bp_160_91__type_negative_before_20260113_115743_739.png
2026-01-13 11:57:47.633 INFO  listeners.Listener1 - Attaching failure screenshot: C:\Users\2457157\IdeaProjects\HealthIndexCalculator\reports\screenshots\age_69.5__pulse_-25__bp_160_91__type_negative_failed_no_alert_20260113_115747_077.png
2026-01-13 11:57:47.641 ERROR tests.BaseTest - Negative case failed: navigated without alert
2026-01-13 11:57:47.643 INFO  listeners.Listener1 - onTestStart -> sendData
2026-01-13 11:57:47.643 INFO  listeners.Listener1 - Parameters for sendData: [120, Seventy Two, 0/0, negative]
2026-01-13 11:57:47.643 INFO  tests.BaseTest - Executing data row: age='120', pulse='Seventy Two', bp='0/0', testType='negative'
2026-01-13 11:57:47.643 INFO  pages.CalculatorForm - Entering Age: 120
2026-01-13 11:57:47.825 INFO  pages.TopNavigation - Navigated to Home Page through LogoText
2026-01-13 11:57:47.825 INFO  pages.CalculatorForm - Entering Pulse: Seventy Two
2026-01-13 11:57:47.826 ERROR listeners.Listener1 - onTestFailure -> sendData
java.lang.AssertionError: The following asserts failed:
	NEGATIVE input incorrectly navigated to Result page without showing any alert.
	at org.testng.asserts.SoftAssert.assertAll(SoftAssert.java:46)
	at org.testng.asserts.SoftAssert.assertAll(SoftAssert.java:30)
	at tests.CalculatorFunctionalityTest.sendData(CalculatorFunctionalityTest.java:200)
	at java.base/jdk.internal.reflect.DirectMethodHandleAccessor.invoke(DirectMethodHandleAccessor.java:103)
	at java.base/java.lang.reflect.Method.invoke(Method.java:580)
	at org.testng.internal.invokers.MethodInvocationHelper.invokeMethod(MethodInvocationHelper.java:141)
	at org.testng.internal.invokers.TestInvoker.invokeMethod(TestInvoker.java:687)
	at org.testng.internal.invokers.TestInvoker.invokeTestMethod(TestInvoker.java:230)
	at org.testng.internal.invokers.MethodRunner.runInSequence(MethodRunner.java:63)
	at org.testng.internal.invokers.TestInvoker$MethodInvocationAgent.invoke(TestInvoker.java:995)
	at org.testng.internal.invokers.TestInvoker.invokeTestMethods(TestInvoker.java:203)
	at org.testng.internal.invokers.TestMethodWorker.invokeTestMethods(TestMethodWorker.java:154)
	at org.testng.internal.invokers.TestMethodWorker.run(TestMethodWorker.java:134)
	at java.base/java.util.ArrayList.forEach(ArrayList.java:1596)
	at org.testng.TestRunner.privateRun(TestRunner.java:741)
	at org.testng.TestRunner.run(TestRunner.java:616)
	at org.testng.SuiteRunner.runTest(SuiteRunner.java:421)
	at org.testng.SuiteRunner$SuiteWorker.run(SuiteRunner.java:463)
	at org.testng.internal.thread.ThreadUtil.lambda$execute$0(ThreadUtil.java:64)
	at java.base/java.util.concurrent.FutureTask.run$$$capture(FutureTask.java:317)
	at java.base/java.util.concurrent.FutureTask.run(FutureTask.java)
	at java.base/java.util.concurrent.ThreadPoolExecutor.runWorker(ThreadPoolExecutor.java:1144)
	at java.base/java.util.concurrent.ThreadPoolExecutor$Worker.run(ThreadPoolExecutor.java:642)
	at java.base/java.lang.Thread.run(Thread.java:1583)
2026-01-13 11:57:47.827 INFO  listeners.Listener1 - Attaching pre-submit screenshot: C:\Users\2457157\IdeaProjects\HealthIndexCalculator\reports\screenshots\age_69.5__pulse_-25__bp_160_91__type_negative_before_20260113_115743_736.png
2026-01-13 11:57:47.827 INFO  listeners.Listener1 - Attaching failure screenshot: C:\Users\2457157\IdeaProjects\HealthIndexCalculator\Screenshot save failed: C:\Users\2457157\IdeaProjects\HealthIndexCalculator\reports\screenshots\age_69.5__pulse_-25__bp_160_91__type_negative_failed_no_alert_20260113_115747_077.png
2026-01-13 11:57:47.837 INFO  listeners.Listener1 - onTestStart -> sendData
2026-01-13 11:57:47.838 INFO  listeners.Listener1 - Parameters for sendData: [120, Seventy Two, 0/0, negative]
2026-01-13 11:57:47.838 INFO  tests.BaseTest - Executing data row: age='120', pulse='Seventy Two', bp='0/0', testType='negative'
2026-01-13 11:57:47.838 INFO  pages.CalculatorForm - Entering Age: 120
2026-01-13 11:57:48.001 INFO  pages.CalculatorForm - Entering Blood Pressure: 0/0
2026-01-13 11:57:48.022 INFO  pages.CalculatorForm - Entering Pulse: Seventy Two
2026-01-13 11:57:48.275 INFO  pages.CalculatorForm - Entering Blood Pressure: 0/0
2026-01-13 11:57:48.372 INFO  tests.BaseTest - Clicking Calculate
2026-01-13 11:57:48.372 INFO  pages.CalculatorForm - Clicking Calculate button...
2026-01-13 11:57:48.717 INFO  pages.CalculatorForm - Calculate button clicked.
2026-01-13 11:57:48.719 INFO  tests.BaseTest - Alert detected after submit
2026-01-13 11:57:48.749 INFO  tests.BaseTest - Negative case: navigatedToResult=false
2026-01-13 11:57:48.749 INFO  listeners.Listener1 - onTestSuccess -> sendData
2026-01-13 11:57:48.749 INFO  listeners.Listener1 - Deleting pre-submit screenshot for passed test: C:\Users\2457157\IdeaProjects\HealthIndexCalculator\reports\screenshots\age_120__pulse_Seventy_Two__bp_0_0__type_negative_before_20260113_115748_367.png
2026-01-13 11:57:48.767 INFO  listeners.Listener1 - onTestStart -> sendData
2026-01-13 11:57:48.767 INFO  listeners.Listener1 - Parameters for sendData: [121, @$%, 0/0, negative]
2026-01-13 11:57:48.768 INFO  tests.BaseTest - Executing data row: age='121', pulse='@$%', bp='0/0', testType='negative'
2026-01-13 11:57:48.768 INFO  pages.CalculatorForm - Entering Age: 121
2026-01-13 11:57:48.933 INFO  tests.BaseTest - Clicking Calculate
2026-01-13 11:57:48.933 INFO  pages.CalculatorForm - Clicking Calculate button...
2026-01-13 11:57:48.967 INFO  pages.CalculatorForm - Entering Pulse: @$%
2026-01-13 11:57:49.066 INFO  pages.CalculatorForm - Calculate button clicked.
2026-01-13 11:57:49.066 INFO  tests.BaseTest - Alert detected after submit
2026-01-13 11:57:49.084 INFO  tests.BaseTest - Negative case: navigatedToResult=false
2026-01-13 11:57:49.099 INFO  listeners.Listener1 - onTestSuccess -> sendData
2026-01-13 11:57:49.099 INFO  listeners.Listener1 - Deleting pre-submit screenshot for passed test: C:\Users\2457157\IdeaProjects\HealthIndexCalculator\reports\screenshots\age_120__pulse_Seventy_Two__bp_0_0__type_negative_before_20260113_115748_918.png
2026-01-13 11:57:49.100 INFO  listeners.Listener1 - onTestStart -> sendData
2026-01-13 11:57:49.100 INFO  listeners.Listener1 - Parameters for sendData: [121, @$%, 0/0, negative]
2026-01-13 11:57:49.100 INFO  tests.BaseTest - Executing data row: age='121', pulse='@$%', bp='0/0', testType='negative'
2026-01-13 11:57:49.100 INFO  pages.CalculatorForm - Entering Age: 121
2026-01-13 11:57:49.133 INFO  pages.CalculatorForm - Entering Blood Pressure: 0/0
2026-01-13 11:57:49.334 INFO  pages.CalculatorForm - Entering Pulse: @$%
2026-01-13 11:57:49.537 INFO  pages.CalculatorForm - Entering Blood Pressure: 0/0
2026-01-13 11:57:49.629 INFO  tests.BaseTest - Clicking Calculate
2026-01-13 11:57:49.629 INFO  pages.CalculatorForm - Clicking Calculate button...
2026-01-13 11:57:49.810 INFO  pages.CalculatorForm - Calculate button clicked.
2026-01-13 11:57:49.813 INFO  tests.BaseTest - Alert detected after submit
2026-01-13 11:57:49.867 INFO  tests.BaseTest - Negative case: navigatedToResult=false
2026-01-13 11:57:49.867 INFO  listeners.Listener1 - onTestSuccess -> sendData
2026-01-13 11:57:49.867 INFO  listeners.Listener1 - Deleting pre-submit screenshot for passed test: C:\Users\2457157\IdeaProjects\HealthIndexCalculator\reports\screenshots\age_121__pulse______bp_0_0__type_negative_before_20260113_115749_626.png
2026-01-13 11:57:49.870 INFO  listeners.Listener1 - onTestStart -> sendData
2026-01-13 11:57:49.870 INFO  listeners.Listener1 - Parameters for sendData: [120.5, 80yrs, 1000/1000, negative]
2026-01-13 11:57:49.870 INFO  tests.BaseTest - Executing data row: age='120.5', pulse='80yrs', bp='1000/1000', testType='negative'
2026-01-13 11:57:49.870 INFO  pages.CalculatorForm - Entering Age: 120.5
2026-01-13 11:57:50.000 INFO  tests.BaseTest - Clicking Calculate
2026-01-13 11:57:50.000 INFO  pages.CalculatorForm - Clicking Calculate button...
2026-01-13 11:57:50.168 INFO  pages.CalculatorForm - Entering Pulse: 80yrs
2026-01-13 11:57:50.222 INFO  pages.CalculatorForm - Calculate button clicked.
2026-01-13 11:57:50.224 INFO  tests.BaseTest - Alert detected after submit
2026-01-13 11:57:50.256 INFO  tests.BaseTest - Negative case: navigatedToResult=false
2026-01-13 11:57:50.256 INFO  listeners.Listener1 - onTestSuccess -> sendData
2026-01-13 11:57:50.256 INFO  listeners.Listener1 - Deleting pre-submit screenshot for passed test: C:\Users\2457157\IdeaProjects\HealthIndexCalculator\reports\screenshots\age_121__pulse______bp_0_0__type_negative_before_20260113_115750_000.png
2026-01-13 11:57:50.268 INFO  listeners.Listener1 - onTestStart -> sendData
2026-01-13 11:57:50.268 INFO  listeners.Listener1 - Parameters for sendData: [120.5, 80yrs, 1000/1000, negative]
2026-01-13 11:57:50.269 INFO  tests.BaseTest - Executing data row: age='120.5', pulse='80yrs', bp='1000/1000', testType='negative'
2026-01-13 11:57:50.269 INFO  pages.CalculatorForm - Entering Age: 120.5
2026-01-13 11:57:50.552 INFO  pages.CalculatorForm - Entering Blood Pressure: 1000/1000
2026-01-13 11:57:50.552 INFO  pages.CalculatorForm - Entering Pulse: 80yrs
2026-01-13 11:57:50.750 INFO  pages.CalculatorForm - Entering Blood Pressure: 1000/1000
2026-01-13 11:57:51.028 INFO  tests.BaseTest - Clicking Calculate
2026-01-13 11:57:51.028 INFO  pages.CalculatorForm - Clicking Calculate button...
2026-01-13 11:57:51.200 INFO  tests.BaseTest - Clicking Calculate
2026-01-13 11:57:51.200 INFO  pages.CalculatorForm - Clicking Calculate button...
2026-01-13 11:57:51.369 INFO  pages.CalculatorForm - Calculate button clicked.
2026-01-13 11:57:51.375 INFO  tests.BaseTest - Alert detected after submit
2026-01-13 11:57:51.450 INFO  tests.BaseTest - Negative case: navigatedToResult=false
2026-01-13 11:57:51.450 INFO  listeners.Listener1 - onTestSuccess -> sendData
2026-01-13 11:57:51.450 INFO  listeners.Listener1 - Deleting pre-submit screenshot for passed test: C:\Users\2457157\IdeaProjects\HealthIndexCalculator\reports\screenshots\age_120.5__pulse_80yrs__bp_1000_1000__type_negative_before_20260113_115751_024.png
2026-01-13 11:57:51.450 INFO  listeners.Listener1 - onTestStart -> sendData
2026-01-13 11:57:51.450 INFO  listeners.Listener1 - Parameters for sendData: [abc, 1000, abc, negative]
2026-01-13 11:57:51.450 INFO  tests.BaseTest - Executing data row: age='abc', pulse='1000', bp='abc', testType='negative'
2026-01-13 11:57:51.450 INFO  pages.CalculatorForm - Entering Age: abc
2026-01-13 11:57:51.585 INFO  pages.CalculatorForm - Calculate button clicked.
2026-01-13 11:57:51.587 INFO  tests.BaseTest - Alert detected after submit
2026-01-13 11:57:51.636 INFO  tests.BaseTest - Negative case: navigatedToResult=false
2026-01-13 11:57:51.636 INFO  listeners.Listener1 - onTestSuccess -> sendData
2026-01-13 11:57:51.636 INFO  listeners.Listener1 - Deleting pre-submit screenshot for passed test: C:\Users\2457157\IdeaProjects\HealthIndexCalculator\reports\screenshots\age_120.5__pulse_80yrs__bp_1000_1000__type_negative_before_20260113_115751_200.png
2026-01-13 11:57:51.653 INFO  listeners.Listener1 - onTestStart -> sendData
2026-01-13 11:57:51.653 INFO  listeners.Listener1 - Parameters for sendData: [abc, 1000, abc, negative]
2026-01-13 11:57:51.653 INFO  tests.BaseTest - Executing data row: age='abc', pulse='1000', bp='abc', testType='negative'
2026-01-13 11:57:51.653 INFO  pages.CalculatorForm - Entering Age: abc
2026-01-13 11:57:51.935 INFO  pages.CalculatorForm - Entering Pulse: 1000
2026-01-13 11:57:52.151 INFO  pages.CalculatorForm - Entering Pulse: 1000
2026-01-13 11:57:52.832 INFO  pages.CalculatorForm - Entering Blood Pressure: abc
2026-01-13 11:57:53.185 INFO  pages.CalculatorForm - Entering Blood Pressure: abc
2026-01-13 11:57:53.740 INFO  tests.BaseTest - Clicking Calculate
2026-01-13 11:57:53.740 INFO  pages.CalculatorForm - Clicking Calculate button...
2026-01-13 11:57:53.895 INFO  tests.BaseTest - Clicking Calculate
2026-01-13 11:57:53.896 INFO  pages.CalculatorForm - Clicking Calculate button...
2026-01-13 11:57:53.990 INFO  pages.CalculatorForm - Calculate button clicked.
2026-01-13 11:57:53.992 INFO  tests.BaseTest - Alert detected after submit
2026-01-13 11:57:54.071 INFO  tests.BaseTest - Negative case: navigatedToResult=false
2026-01-13 11:57:54.071 INFO  listeners.Listener1 - onTestSuccess -> sendData
2026-01-13 11:57:54.071 INFO  listeners.Listener1 - Deleting pre-submit screenshot for passed test: C:\Users\2457157\IdeaProjects\HealthIndexCalculator\reports\screenshots\age_abc__pulse_1000__bp_abc__type_negative_before_20260113_115753_740.png
2026-01-13 11:57:54.086 INFO  listeners.Listener1 - onTestStart -> sendData
2026-01-13 11:57:54.086 INFO  listeners.Listener1 - Parameters for sendData: [@#, 65.5, abc/abc, negative]
2026-01-13 11:57:54.086 INFO  tests.BaseTest - Executing data row: age='@#', pulse='65.5', bp='abc/abc', testType='negative'
2026-01-13 11:57:54.086 INFO  pages.CalculatorForm - Entering Age: @#
2026-01-13 11:57:54.195 INFO  pages.CalculatorForm - Calculate button clicked.
2026-01-13 11:57:54.197 INFO  tests.BaseTest - Alert detected after submit
2026-01-13 11:57:54.257 INFO  tests.BaseTest - Negative case: navigatedToResult=false
2026-01-13 11:57:54.257 INFO  listeners.Listener1 - onTestSuccess -> sendData
2026-01-13 11:57:54.257 INFO  listeners.Listener1 - Deleting pre-submit screenshot for passed test: C:\Users\2457157\IdeaProjects\HealthIndexCalculator\reports\screenshots\age_abc__pulse_1000__bp_abc__type_negative_before_20260113_115753_892.png
2026-01-13 11:57:54.267 INFO  listeners.Listener1 - onTestStart -> sendData
2026-01-13 11:57:54.267 INFO  listeners.Listener1 - Parameters for sendData: [@#, 65.5, abc/abc, negative]
2026-01-13 11:57:54.267 INFO  tests.BaseTest - Executing data row: age='@#', pulse='65.5', bp='abc/abc', testType='negative'
2026-01-13 11:57:54.267 INFO  pages.CalculatorForm - Entering Age: @#
2026-01-13 11:57:54.422 INFO  pages.CalculatorForm - Entering Pulse: 65.5
2026-01-13 11:57:54.535 INFO  pages.CalculatorForm - Entering Pulse: 65.5
2026-01-13 11:57:54.634 INFO  pages.CalculatorForm - Entering Blood Pressure: abc/abc
2026-01-13 11:57:54.749 INFO  pages.CalculatorForm - Entering Blood Pressure: abc/abc
2026-01-13 11:57:55.171 INFO  tests.BaseTest - Clicking Calculate
2026-01-13 11:57:55.171 INFO  pages.CalculatorForm - Clicking Calculate button...
2026-01-13 11:57:55.176 INFO  tests.BaseTest - Clicking Calculate
2026-01-13 11:57:55.176 INFO  pages.CalculatorForm - Clicking Calculate button...
2026-01-13 11:57:55.353 INFO  pages.CalculatorForm - Calculate button clicked.
2026-01-13 11:57:55.355 INFO  tests.BaseTest - Alert detected after submit
2026-01-13 11:57:55.357 INFO  pages.CalculatorForm - Calculate button clicked.
2026-01-13 11:57:55.360 INFO  tests.BaseTest - Alert detected after submit
2026-01-13 11:57:55.390 INFO  tests.BaseTest - Negative case: navigatedToResult=false
2026-01-13 11:57:55.390 INFO  listeners.Listener1 - onTestSuccess -> sendData
2026-01-13 11:57:55.390 INFO  listeners.Listener1 - Deleting pre-submit screenshot for passed test: C:\Users\2457157\IdeaProjects\HealthIndexCalculator\reports\screenshots\age_____pulse_65.5__bp_abc_abc__type_negative_before_20260113_115755_167.png
2026-01-13 11:57:55.403 INFO  listeners.Listener1 - onTestStart -> sendData
2026-01-13 11:57:55.403 INFO  listeners.Listener1 - Parameters for sendData: [e, "", *(@), negative]
2026-01-13 11:57:55.403 INFO  tests.BaseTest - Executing data row: age='e', pulse='""', bp='*(@)', testType='negative'
2026-01-13 11:57:55.403 INFO  pages.CalculatorForm - Entering Age: e
2026-01-13 11:57:55.418 INFO  tests.BaseTest - Negative case: navigatedToResult=false
2026-01-13 11:57:55.418 INFO  listeners.Listener1 - onTestSuccess -> sendData
2026-01-13 11:57:55.418 INFO  listeners.Listener1 - Deleting pre-submit screenshot for passed test: C:\Users\2457157\IdeaProjects\HealthIndexCalculator\reports\screenshots\age_____pulse_65.5__bp_abc_abc__type_negative_before_20260113_115755_174.png
2026-01-13 11:57:55.434 INFO  listeners.Listener1 - onTestStart -> sendData
2026-01-13 11:57:55.434 INFO  listeners.Listener1 - Parameters for sendData: [e, "", *(@), negative]
2026-01-13 11:57:55.434 INFO  tests.BaseTest - Executing data row: age='e', pulse='""', bp='*(@)', testType='negative'
2026-01-13 11:57:55.434 INFO  pages.CalculatorForm - Entering Age: e
2026-01-13 11:57:56.199 INFO  pages.CalculatorForm - Entering Pulse: ""
2026-01-13 11:57:56.227 INFO  pages.CalculatorForm - Entering Pulse: ""
2026-01-13 11:57:56.466 INFO  pages.CalculatorForm - Entering Blood Pressure: *(@)
2026-01-13 11:57:56.482 INFO  pages.CalculatorForm - Entering Blood Pressure: *(@)
2026-01-13 11:57:56.896 INFO  tests.BaseTest - Clicking Calculate
2026-01-13 11:57:56.896 INFO  pages.CalculatorForm - Clicking Calculate button...
2026-01-13 11:57:56.898 INFO  tests.BaseTest - Clicking Calculate
2026-01-13 11:57:56.898 INFO  pages.CalculatorForm - Clicking Calculate button...
2026-01-13 11:57:57.032 INFO  pages.CalculatorForm - Calculate button clicked.
2026-01-13 11:57:57.047 INFO  pages.CalculatorForm - Calculate button clicked.
2026-01-13 11:57:57.047 INFO  tests.BaseTest - Alert detected after submit
2026-01-13 11:57:57.049 INFO  tests.BaseTest - Alert detected after submit
2026-01-13 11:57:57.064 INFO  tests.BaseTest - Negative case: navigatedToResult=false
2026-01-13 11:57:57.066 INFO  listeners.Listener1 - onTestSuccess -> sendData
2026-01-13 11:57:57.067 INFO  listeners.Listener1 - Deleting pre-submit screenshot for passed test: C:\Users\2457157\IdeaProjects\HealthIndexCalculator\reports\screenshots\age_e__pulse_____bp_______type_negative_before_20260113_115756_888.png
2026-01-13 11:57:57.072 INFO  listeners.Listener1 - onTestStart -> sendData
2026-01-13 11:57:57.072 INFO  listeners.Listener1 - Parameters for sendData: [-1, 55, -1, negative]
2026-01-13 11:57:57.072 INFO  tests.BaseTest - Executing data row: age='-1', pulse='55', bp='-1', testType='negative'
2026-01-13 11:57:57.072 INFO  pages.CalculatorForm - Entering Age: -1
2026-01-13 11:57:57.076 INFO  tests.BaseTest - Negative case: navigatedToResult=false
2026-01-13 11:57:57.076 INFO  listeners.Listener1 - onTestSuccess -> sendData
2026-01-13 11:57:57.076 INFO  listeners.Listener1 - Deleting pre-submit screenshot for passed test: C:\Users\2457157\IdeaProjects\HealthIndexCalculator\reports\screenshots\age_e__pulse_____bp_______type_negative_before_20260113_115756_888.png
2026-01-13 11:57:57.083 INFO  listeners.Listener1 - onTestStart -> sendData
2026-01-13 11:57:57.083 INFO  listeners.Listener1 - Parameters for sendData: [-1, 55, -1, negative]
2026-01-13 11:57:57.085 INFO  tests.BaseTest - Executing data row: age='-1', pulse='55', bp='-1', testType='negative'
2026-01-13 11:57:57.085 INFO  pages.CalculatorForm - Entering Age: -1
2026-01-13 11:57:57.300 INFO  pages.CalculatorForm - Entering Pulse: 55
2026-01-13 11:57:57.316 INFO  pages.CalculatorForm - Entering Pulse: 55
2026-01-13 11:57:57.534 INFO  pages.CalculatorForm - Entering Blood Pressure: -1
2026-01-13 11:57:57.565 INFO  pages.CalculatorForm - Entering Blood Pressure: -1
2026-01-13 11:57:57.955 INFO  tests.BaseTest - Clicking Calculate
2026-01-13 11:57:57.955 INFO  pages.CalculatorForm - Clicking Calculate button...
2026-01-13 11:57:57.989 INFO  tests.BaseTest - Clicking Calculate
2026-01-13 11:57:57.989 INFO  pages.CalculatorForm - Clicking Calculate button...
2026-01-13 11:57:58.116 INFO  pages.CalculatorForm - Calculate button clicked.
2026-01-13 11:57:58.116 INFO  tests.BaseTest - Alert detected after submit
2026-01-13 11:57:58.137 INFO  pages.CalculatorForm - Calculate button clicked.
2026-01-13 11:57:58.138 INFO  tests.BaseTest - Alert detected after submit
2026-01-13 11:57:58.187 INFO  tests.BaseTest - Negative case: navigatedToResult=false
2026-01-13 11:57:58.187 INFO  listeners.Listener1 - onTestSuccess -> sendData
2026-01-13 11:57:58.187 INFO  listeners.Listener1 - Deleting pre-submit screenshot for passed test: C:\Users\2457157\IdeaProjects\HealthIndexCalculator\reports\screenshots\age_-1__pulse_55__bp_-1__type_negative_before_20260113_115757_952.png
2026-01-13 11:57:58.191 INFO  tests.BaseTest - Negative case: navigatedToResult=false
2026-01-13 11:57:58.191 INFO  listeners.Listener1 - onTestSuccess -> sendData
2026-01-13 11:57:58.191 INFO  listeners.Listener1 - Deleting pre-submit screenshot for passed test: C:\Users\2457157\IdeaProjects\HealthIndexCalculator\reports\screenshots\age_-1__pulse_55__bp_-1__type_negative_before_20260113_115757_967.png
2026-01-13 11:57:58.193 INFO  listeners.Listener1 - onTestStart -> sendData
2026-01-13 11:57:58.193 INFO  listeners.Listener1 - Parameters for sendData: [35, 80, 80/120, negative]
2026-01-13 11:57:58.195 INFO  tests.BaseTest - Executing data row: age='35', pulse='80', bp='80/120', testType='negative'
2026-01-13 11:57:58.195 INFO  pages.CalculatorForm - Entering Age: 35
2026-01-13 11:57:58.204 INFO  listeners.Listener1 - onTestStart -> sendData
2026-01-13 11:57:58.204 INFO  listeners.Listener1 - Parameters for sendData: [35, 80, 80/120, negative]
2026-01-13 11:57:58.204 INFO  tests.BaseTest - Executing data row: age='35', pulse='80', bp='80/120', testType='negative'
2026-01-13 11:57:58.204 INFO  pages.CalculatorForm - Entering Age: 35
2026-01-13 11:57:58.419 INFO  pages.CalculatorForm - Entering Pulse: 80
2026-01-13 11:57:58.434 INFO  pages.CalculatorForm - Entering Pulse: 80
2026-01-13 11:57:58.598 INFO  pages.CalculatorForm - Entering Blood Pressure: 80/120
2026-01-13 11:57:58.632 INFO  pages.CalculatorForm - Entering Blood Pressure: 80/120
2026-01-13 11:57:58.979 INFO  tests.BaseTest - Clicking Calculate
2026-01-13 11:57:58.979 INFO  pages.CalculatorForm - Clicking Calculate button...
2026-01-13 11:57:59.099 INFO  tests.BaseTest - Clicking Calculate
2026-01-13 11:57:59.099 INFO  pages.CalculatorForm - Clicking Calculate button...
2026-01-13 11:57:59.183 INFO  pages.CalculatorForm - Calculate button clicked.
2026-01-13 11:57:59.480 INFO  pages.CalculatorForm - Calculate button clicked.
2026-01-13 11:58:02.301 INFO  tests.BaseTest - No alert branch: navigatedToResult=true
2026-01-13 11:58:02.591 INFO  tests.BaseTest - No alert branch: navigatedToResult=true
2026-01-13 11:58:02.742 ERROR tests.BaseTest - Negative case failed: navigated without alert
2026-01-13 11:58:02.979 INFO  pages.TopNavigation - Navigated to Home Page through LogoText
2026-01-13 11:58:02.980 ERROR listeners.Listener1 - onTestFailure -> sendData
java.lang.AssertionError: The following asserts failed:
	NEGATIVE input incorrectly navigated to Result page without showing any alert.
	at org.testng.asserts.SoftAssert.assertAll(SoftAssert.java:46)
	at org.testng.asserts.SoftAssert.assertAll(SoftAssert.java:30)
	at tests.CalculatorFunctionalityTest.sendData(CalculatorFunctionalityTest.java:200)
	at java.base/jdk.internal.reflect.DirectMethodHandleAccessor.invoke(DirectMethodHandleAccessor.java:103)
	at java.base/java.lang.reflect.Method.invoke(Method.java:580)
	at org.testng.internal.invokers.MethodInvocationHelper.invokeMethod(MethodInvocationHelper.java:141)
	at org.testng.internal.invokers.TestInvoker.invokeMethod(TestInvoker.java:687)
	at org.testng.internal.invokers.TestInvoker.invokeTestMethod(TestInvoker.java:230)
	at org.testng.internal.invokers.MethodRunner.runInSequence(MethodRunner.java:63)
	at org.testng.internal.invokers.TestInvoker$MethodInvocationAgent.invoke(TestInvoker.java:995)
	at org.testng.internal.invokers.TestInvoker.invokeTestMethods(TestInvoker.java:203)
	at org.testng.internal.invokers.TestMethodWorker.invokeTestMethods(TestMethodWorker.java:154)
	at org.testng.internal.invokers.TestMethodWorker.run(TestMethodWorker.java:134)
	at java.base/java.util.ArrayList.forEach(ArrayList.java:1596)
	at org.testng.TestRunner.privateRun(TestRunner.java:741)
	at org.testng.TestRunner.run(TestRunner.java:616)
	at org.testng.SuiteRunner.runTest(SuiteRunner.java:421)
	at org.testng.SuiteRunner$SuiteWorker.run(SuiteRunner.java:463)
	at org.testng.internal.thread.ThreadUtil.lambda$execute$0(ThreadUtil.java:64)
	at java.base/java.util.concurrent.FutureTask.run$$$capture(FutureTask.java:317)
	at java.base/java.util.concurrent.FutureTask.run(FutureTask.java)
	at java.base/java.util.concurrent.ThreadPoolExecutor.runWorker(ThreadPoolExecutor.java:1144)
	at java.base/java.util.concurrent.ThreadPoolExecutor$Worker.run(ThreadPoolExecutor.java:642)
	at java.base/java.lang.Thread.run(Thread.java:1583)
2026-01-13 11:58:02.980 INFO  listeners.Listener1 - Attaching pre-submit screenshot: C:\Users\2457157\IdeaProjects\HealthIndexCalculator\reports\screenshots\age_35__pulse_80__bp_80_120__type_negative_before_20260113_115758_976.png
2026-01-13 11:58:02.980 INFO  listeners.Listener1 - Attaching failure screenshot: C:\Users\2457157\IdeaProjects\HealthIndexCalculator\reports\screenshots\age_35__pulse_80__bp_80_120__type_negative_failed_no_alert_20260113_115802_301.png
2026-01-13 11:58:02.989 INFO  listeners.Listener1 - onTestStart -> sendData
2026-01-13 11:58:02.989 INFO  listeners.Listener1 - Parameters for sendData: [42, 70, 0/100, negative]
2026-01-13 11:58:02.990 INFO  tests.BaseTest - Executing data row: age='42', pulse='70', bp='0/100', testType='negative'
2026-01-13 11:58:02.990 INFO  pages.CalculatorForm - Entering Age: 42
2026-01-13 11:58:03.099 ERROR tests.BaseTest - Negative case failed: navigated without alert
2026-01-13 11:58:03.233 INFO  pages.CalculatorForm - Entering Pulse: 70
2026-01-13 11:58:03.312 INFO  pages.TopNavigation - Navigated to Home Page through LogoText
2026-01-13 11:58:03.312 ERROR listeners.Listener1 - onTestFailure -> sendData
java.lang.AssertionError: The following asserts failed:
	NEGATIVE input incorrectly navigated to Result page without showing any alert.
	at org.testng.asserts.SoftAssert.assertAll(SoftAssert.java:46)
	at org.testng.asserts.SoftAssert.assertAll(SoftAssert.java:30)
	at tests.CalculatorFunctionalityTest.sendData(CalculatorFunctionalityTest.java:200)
	at java.base/jdk.internal.reflect.DirectMethodHandleAccessor.invoke(DirectMethodHandleAccessor.java:103)
	at java.base/java.lang.reflect.Method.invoke(Method.java:580)
	at org.testng.internal.invokers.MethodInvocationHelper.invokeMethod(MethodInvocationHelper.java:141)
	at org.testng.internal.invokers.TestInvoker.invokeMethod(TestInvoker.java:687)
	at org.testng.internal.invokers.TestInvoker.invokeTestMethod(TestInvoker.java:230)
	at org.testng.internal.invokers.MethodRunner.runInSequence(MethodRunner.java:63)
	at org.testng.internal.invokers.TestInvoker$MethodInvocationAgent.invoke(TestInvoker.java:995)
	at org.testng.internal.invokers.TestInvoker.invokeTestMethods(TestInvoker.java:203)
	at org.testng.internal.invokers.TestMethodWorker.invokeTestMethods(TestMethodWorker.java:154)
	at org.testng.internal.invokers.TestMethodWorker.run(TestMethodWorker.java:134)
	at java.base/java.util.ArrayList.forEach(ArrayList.java:1596)
	at org.testng.TestRunner.privateRun(TestRunner.java:741)
	at org.testng.TestRunner.run(TestRunner.java:616)
	at org.testng.SuiteRunner.runTest(SuiteRunner.java:421)
	at org.testng.SuiteRunner$SuiteWorker.run(SuiteRunner.java:463)
	at org.testng.internal.thread.ThreadUtil.lambda$execute$0(ThreadUtil.java:64)
	at java.base/java.util.concurrent.FutureTask.run$$$capture(FutureTask.java:317)
	at java.base/java.util.concurrent.FutureTask.run(FutureTask.java)
	at java.base/java.util.concurrent.ThreadPoolExecutor.runWorker(ThreadPoolExecutor.java:1144)
	at java.base/java.util.concurrent.ThreadPoolExecutor$Worker.run(ThreadPoolExecutor.java:642)
	at java.base/java.lang.Thread.run(Thread.java:1583)
2026-01-13 11:58:03.312 INFO  listeners.Listener1 - Attaching pre-submit screenshot: C:\Users\2457157\IdeaProjects\HealthIndexCalculator\reports\screenshots\age_35__pulse_80__bp_80_120__type_negative_before_20260113_115759_099.png
2026-01-13 11:58:03.318 INFO  listeners.Listener1 - Attaching failure screenshot: C:\Users\2457157\IdeaProjects\HealthIndexCalculator\reports\screenshots\age_35__pulse_80__bp_80_120__type_negative_failed_no_alert_20260113_115802_592.png
2026-01-13 11:58:03.318 INFO  listeners.Listener1 - onTestStart -> sendData
2026-01-13 11:58:03.318 INFO  listeners.Listener1 - Parameters for sendData: [42, 70, 0/100, negative]
2026-01-13 11:58:03.318 INFO  tests.BaseTest - Executing data row: age='42', pulse='70', bp='0/100', testType='negative'
2026-01-13 11:58:03.318 INFO  pages.CalculatorForm - Entering Age: 42
2026-01-13 11:58:03.516 INFO  pages.CalculatorForm - Entering Blood Pressure: 0/100
2026-01-13 11:58:03.568 INFO  pages.CalculatorForm - Entering Pulse: 70
2026-01-13 11:58:03.900 INFO  pages.CalculatorForm - Entering Blood Pressure: 0/100
2026-01-13 11:58:04.050 INFO  tests.BaseTest - Clicking Calculate
2026-01-13 11:58:04.050 INFO  pages.CalculatorForm - Clicking Calculate button...
2026-01-13 11:58:04.209 INFO  tests.BaseTest - Clicking Calculate
2026-01-13 11:58:04.209 INFO  pages.CalculatorForm - Clicking Calculate button...
2026-01-13 11:58:04.282 INFO  pages.CalculatorForm - Calculate button clicked.
2026-01-13 11:58:04.377 INFO  pages.CalculatorForm - Calculate button clicked.
2026-01-13 11:58:07.417 INFO  tests.BaseTest - No alert branch: navigatedToResult=true
2026-01-13 11:58:07.511 INFO  tests.BaseTest - No alert branch: navigatedToResult=true
2026-01-13 11:58:07.899 ERROR tests.BaseTest - Negative case failed: navigated without alert
2026-01-13 11:58:08.029 INFO  pages.TopNavigation - Navigated to Home Page through LogoText
2026-01-13 11:58:08.033 ERROR listeners.Listener1 - onTestFailure -> sendData
java.lang.AssertionError: The following asserts failed:
	NEGATIVE input incorrectly navigated to Result page without showing any alert.
	at org.testng.asserts.SoftAssert.assertAll(SoftAssert.java:46)
	at org.testng.asserts.SoftAssert.assertAll(SoftAssert.java:30)
	at tests.CalculatorFunctionalityTest.sendData(CalculatorFunctionalityTest.java:200)
	at java.base/jdk.internal.reflect.DirectMethodHandleAccessor.invoke(DirectMethodHandleAccessor.java:103)
	at java.base/java.lang.reflect.Method.invoke(Method.java:580)
	at org.testng.internal.invokers.MethodInvocationHelper.invokeMethod(MethodInvocationHelper.java:141)
	at org.testng.internal.invokers.TestInvoker.invokeMethod(TestInvoker.java:687)
	at org.testng.internal.invokers.TestInvoker.invokeTestMethod(TestInvoker.java:230)
	at org.testng.internal.invokers.MethodRunner.runInSequence(MethodRunner.java:63)
	at org.testng.internal.invokers.TestInvoker$MethodInvocationAgent.invoke(TestInvoker.java:995)
	at org.testng.internal.invokers.TestInvoker.invokeTestMethods(TestInvoker.java:203)
	at org.testng.internal.invokers.TestMethodWorker.invokeTestMethods(TestMethodWorker.java:154)
	at org.testng.internal.invokers.TestMethodWorker.run(TestMethodWorker.java:134)
	at java.base/java.util.ArrayList.forEach(ArrayList.java:1596)
	at org.testng.TestRunner.privateRun(TestRunner.java:741)
	at org.testng.TestRunner.run(TestRunner.java:616)
	at org.testng.SuiteRunner.runTest(SuiteRunner.java:421)
	at org.testng.SuiteRunner$SuiteWorker.run(SuiteRunner.java:463)
	at org.testng.internal.thread.ThreadUtil.lambda$execute$0(ThreadUtil.java:64)
	at java.base/java.util.concurrent.FutureTask.run$$$capture(FutureTask.java:317)
	at java.base/java.util.concurrent.FutureTask.run(FutureTask.java)
	at java.base/java.util.concurrent.ThreadPoolExecutor.runWorker(ThreadPoolExecutor.java:1144)
	at java.base/java.util.concurrent.ThreadPoolExecutor$Worker.run(ThreadPoolExecutor.java:642)
	at java.base/java.lang.Thread.run(Thread.java:1583)
2026-01-13 11:58:08.034 INFO  listeners.Listener1 - Attaching pre-submit screenshot: C:\Users\2457157\IdeaProjects\HealthIndexCalculator\reports\screenshots\age_42__pulse_70__bp_0_100__type_negative_before_20260113_115804_050.png
2026-01-13 11:58:08.034 INFO  listeners.Listener1 - Attaching failure screenshot: C:\Users\2457157\IdeaProjects\HealthIndexCalculator\reports\screenshots\age_42__pulse_70__bp_0_100__type_negative_failed_no_alert_20260113_115807_417.png
2026-01-13 11:58:08.043 INFO  listeners.Listener1 - onTestStart -> sendData
2026-01-13 11:58:08.043 INFO  listeners.Listener1 - Parameters for sendData: [55, 100, 122/0, negative]
2026-01-13 11:58:08.043 INFO  tests.BaseTest - Executing data row: age='55', pulse='100', bp='122/0', testType='negative'
2026-01-13 11:58:08.044 INFO  pages.CalculatorForm - Entering Age: 55
2026-01-13 11:58:08.108 ERROR tests.BaseTest - Negative case failed: navigated without alert
2026-01-13 11:58:08.217 INFO  pages.CalculatorForm - Entering Pulse: 100
2026-01-13 11:58:08.270 INFO  pages.TopNavigation - Navigated to Home Page through LogoText
2026-01-13 11:58:08.271 ERROR listeners.Listener1 - onTestFailure -> sendData
java.lang.AssertionError: The following asserts failed:
	NEGATIVE input incorrectly navigated to Result page without showing any alert.
	at org.testng.asserts.SoftAssert.assertAll(SoftAssert.java:46)
	at org.testng.asserts.SoftAssert.assertAll(SoftAssert.java:30)
	at tests.CalculatorFunctionalityTest.sendData(CalculatorFunctionalityTest.java:200)
	at java.base/jdk.internal.reflect.DirectMethodHandleAccessor.invoke(DirectMethodHandleAccessor.java:103)
	at java.base/java.lang.reflect.Method.invoke(Method.java:580)
	at org.testng.internal.invokers.MethodInvocationHelper.invokeMethod(MethodInvocationHelper.java:141)
	at org.testng.internal.invokers.TestInvoker.invokeMethod(TestInvoker.java:687)
	at org.testng.internal.invokers.TestInvoker.invokeTestMethod(TestInvoker.java:230)
	at org.testng.internal.invokers.MethodRunner.runInSequence(MethodRunner.java:63)
	at org.testng.internal.invokers.TestInvoker$MethodInvocationAgent.invoke(TestInvoker.java:995)
	at org.testng.internal.invokers.TestInvoker.invokeTestMethods(TestInvoker.java:203)
	at org.testng.internal.invokers.TestMethodWorker.invokeTestMethods(TestMethodWorker.java:154)
	at org.testng.internal.invokers.TestMethodWorker.run(TestMethodWorker.java:134)
	at java.base/java.util.ArrayList.forEach(ArrayList.java:1596)
	at org.testng.TestRunner.privateRun(TestRunner.java:741)
	at org.testng.TestRunner.run(TestRunner.java:616)
	at org.testng.SuiteRunner.runTest(SuiteRunner.java:421)
	at org.testng.SuiteRunner$SuiteWorker.run(SuiteRunner.java:463)
	at org.testng.internal.thread.ThreadUtil.lambda$execute$0(ThreadUtil.java:64)
	at java.base/java.util.concurrent.FutureTask.run$$$capture(FutureTask.java:317)
	at java.base/java.util.concurrent.FutureTask.run(FutureTask.java)
	at java.base/java.util.concurrent.ThreadPoolExecutor.runWorker(ThreadPoolExecutor.java:1144)
	at java.base/java.util.concurrent.ThreadPoolExecutor$Worker.run(ThreadPoolExecutor.java:642)
	at java.base/java.lang.Thread.run(Thread.java:1583)
2026-01-13 11:58:08.271 INFO  listeners.Listener1 - Attaching pre-submit screenshot: C:\Users\2457157\IdeaProjects\HealthIndexCalculator\reports\screenshots\age_42__pulse_70__bp_0_100__type_negative_before_20260113_115804_205.png
2026-01-13 11:58:08.272 INFO  listeners.Listener1 - Attaching failure screenshot: C:\Users\2457157\IdeaProjects\HealthIndexCalculator\reports\screenshots\age_42__pulse_70__bp_0_100__type_negative_failed_no_alert_20260113_115807_512.png
2026-01-13 11:58:08.272 INFO  listeners.Listener1 - onTestStart -> sendData
2026-01-13 11:58:08.272 INFO  listeners.Listener1 - Parameters for sendData: [55, 100, 122/0, negative]
2026-01-13 11:58:08.272 INFO  tests.BaseTest - Executing data row: age='55', pulse='100', bp='122/0', testType='negative'
2026-01-13 11:58:08.272 INFO  pages.CalculatorForm - Entering Age: 55
2026-01-13 11:58:08.366 INFO  pages.CalculatorForm - Entering Blood Pressure: 122/0
2026-01-13 11:58:08.482 INFO  pages.CalculatorForm - Entering Pulse: 100
2026-01-13 11:58:08.722 INFO  pages.CalculatorForm - Entering Blood Pressure: 122/0
2026-01-13 11:58:08.773 INFO  tests.BaseTest - Clicking Calculate
2026-01-13 11:58:08.773 INFO  pages.CalculatorForm - Clicking Calculate button...
2026-01-13 11:58:09.022 INFO  pages.CalculatorForm - Calculate button clicked.
2026-01-13 11:58:09.232 INFO  tests.BaseTest - Clicking Calculate
2026-01-13 11:58:09.232 INFO  pages.CalculatorForm - Clicking Calculate button...
2026-01-13 11:58:09.633 INFO  pages.CalculatorForm - Calculate button clicked.
2026-01-13 11:58:12.134 INFO  tests.BaseTest - No alert branch: navigatedToResult=true
2026-01-13 11:58:12.766 INFO  tests.BaseTest - No alert branch: navigatedToResult=true
2026-01-13 11:58:12.824 ERROR tests.BaseTest - Negative case failed: navigated without alert
2026-01-13 11:58:13.088 INFO  pages.TopNavigation - Navigated to Home Page through LogoText
2026-01-13 11:58:13.089 ERROR listeners.Listener1 - onTestFailure -> sendData
java.lang.AssertionError: The following asserts failed:
	NEGATIVE input incorrectly navigated to Result page without showing any alert.
	at org.testng.asserts.SoftAssert.assertAll(SoftAssert.java:46)
	at org.testng.asserts.SoftAssert.assertAll(SoftAssert.java:30)
	at tests.CalculatorFunctionalityTest.sendData(CalculatorFunctionalityTest.java:200)
	at java.base/jdk.internal.reflect.DirectMethodHandleAccessor.invoke(DirectMethodHandleAccessor.java:103)
	at java.base/java.lang.reflect.Method.invoke(Method.java:580)
	at org.testng.internal.invokers.MethodInvocationHelper.invokeMethod(MethodInvocationHelper.java:141)
	at org.testng.internal.invokers.TestInvoker.invokeMethod(TestInvoker.java:687)
	at org.testng.internal.invokers.TestInvoker.invokeTestMethod(TestInvoker.java:230)
	at org.testng.internal.invokers.MethodRunner.runInSequence(MethodRunner.java:63)
	at org.testng.internal.invokers.TestInvoker$MethodInvocationAgent.invoke(TestInvoker.java:995)
	at org.testng.internal.invokers.TestInvoker.invokeTestMethods(TestInvoker.java:203)
	at org.testng.internal.invokers.TestMethodWorker.invokeTestMethods(TestMethodWorker.java:154)
	at org.testng.internal.invokers.TestMethodWorker.run(TestMethodWorker.java:134)
	at java.base/java.util.ArrayList.forEach(ArrayList.java:1596)
	at org.testng.TestRunner.privateRun(TestRunner.java:741)
	at org.testng.TestRunner.run(TestRunner.java:616)
	at org.testng.SuiteRunner.runTest(SuiteRunner.java:421)
	at org.testng.SuiteRunner$SuiteWorker.run(SuiteRunner.java:463)
	at org.testng.internal.thread.ThreadUtil.lambda$execute$0(ThreadUtil.java:64)
	at java.base/java.util.concurrent.FutureTask.run$$$capture(FutureTask.java:317)
	at java.base/java.util.concurrent.FutureTask.run(FutureTask.java)
	at java.base/java.util.concurrent.ThreadPoolExecutor.runWorker(ThreadPoolExecutor.java:1144)
	at java.base/java.util.concurrent.ThreadPoolExecutor$Worker.run(ThreadPoolExecutor.java:642)
	at java.base/java.lang.Thread.run(Thread.java:1583)
2026-01-13 11:58:13.092 INFO  listeners.Listener1 - Attaching pre-submit screenshot: C:\Users\2457157\IdeaProjects\HealthIndexCalculator\reports\screenshots\age_55__pulse_100__bp_122_0__type_negative_before_20260113_115808_768.png
2026-01-13 11:58:13.092 INFO  listeners.Listener1 - Attaching failure screenshot: C:\Users\2457157\IdeaProjects\HealthIndexCalculator\reports\screenshots\age_55__pulse_100__bp_122_0__type_negative_failed_no_alert_20260113_115812_134.png
2026-01-13 11:58:13.109 INFO  listeners.Listener1 - onTestStart -> sendData
2026-01-13 11:58:13.109 INFO  listeners.Listener1 - Parameters for sendData: [63, 65, 120/120, negative]
2026-01-13 11:58:13.110 INFO  tests.BaseTest - Executing data row: age='63', pulse='65', bp='120/120', testType='negative'
2026-01-13 11:58:13.110 INFO  pages.CalculatorForm - Entering Age: 63
2026-01-13 11:58:13.349 INFO  pages.CalculatorForm - Entering Pulse: 65
2026-01-13 11:58:13.448 ERROR tests.BaseTest - Negative case failed: navigated without alert
2026-01-13 11:58:13.723 INFO  pages.CalculatorForm - Entering Blood Pressure: 120/120
2026-01-13 11:58:13.767 INFO  pages.TopNavigation - Navigated to Home Page through LogoText
2026-01-13 11:58:13.767 ERROR listeners.Listener1 - onTestFailure -> sendData
java.lang.AssertionError: The following asserts failed:
	NEGATIVE input incorrectly navigated to Result page without showing any alert.
	at org.testng.asserts.SoftAssert.assertAll(SoftAssert.java:46)
	at org.testng.asserts.SoftAssert.assertAll(SoftAssert.java:30)
	at tests.CalculatorFunctionalityTest.sendData(CalculatorFunctionalityTest.java:200)
	at java.base/jdk.internal.reflect.DirectMethodHandleAccessor.invoke(DirectMethodHandleAccessor.java:103)
	at java.base/java.lang.reflect.Method.invoke(Method.java:580)
	at org.testng.internal.invokers.MethodInvocationHelper.invokeMethod(MethodInvocationHelper.java:141)
	at org.testng.internal.invokers.TestInvoker.invokeMethod(TestInvoker.java:687)
	at org.testng.internal.invokers.TestInvoker.invokeTestMethod(TestInvoker.java:230)
	at org.testng.internal.invokers.MethodRunner.runInSequence(MethodRunner.java:63)
	at org.testng.internal.invokers.TestInvoker$MethodInvocationAgent.invoke(TestInvoker.java:995)
	at org.testng.internal.invokers.TestInvoker.invokeTestMethods(TestInvoker.java:203)
	at org.testng.internal.invokers.TestMethodWorker.invokeTestMethods(TestMethodWorker.java:154)
	at org.testng.internal.invokers.TestMethodWorker.run(TestMethodWorker.java:134)
	at java.base/java.util.ArrayList.forEach(ArrayList.java:1596)
	at org.testng.TestRunner.privateRun(TestRunner.java:741)
	at org.testng.TestRunner.run(TestRunner.java:616)
	at org.testng.SuiteRunner.runTest(SuiteRunner.java:421)
	at org.testng.SuiteRunner$SuiteWorker.run(SuiteRunner.java:463)
	at org.testng.internal.thread.ThreadUtil.lambda$execute$0(ThreadUtil.java:64)
	at java.base/java.util.concurrent.FutureTask.run$$$capture(FutureTask.java:317)
	at java.base/java.util.concurrent.FutureTask.run(FutureTask.java)
	at java.base/java.util.concurrent.ThreadPoolExecutor.runWorker(ThreadPoolExecutor.java:1144)
	at java.base/java.util.concurrent.ThreadPoolExecutor$Worker.run(ThreadPoolExecutor.java:642)
	at java.base/java.lang.Thread.run(Thread.java:1583)
2026-01-13 11:58:13.767 INFO  listeners.Listener1 - Attaching pre-submit screenshot: C:\Users\2457157\IdeaProjects\HealthIndexCalculator\reports\screenshots\age_55__pulse_100__bp_122_0__type_negative_before_20260113_115809_232.png
2026-01-13 11:58:13.767 INFO  listeners.Listener1 - Attaching failure screenshot: C:\Users\2457157\IdeaProjects\HealthIndexCalculator\reports\screenshots\age_55__pulse_100__bp_122_0__type_negative_failed_no_alert_20260113_115812_766.png
2026-01-13 11:58:13.767 INFO  listeners.Listener1 - onTestStart -> sendData
2026-01-13 11:58:13.782 INFO  listeners.Listener1 - Parameters for sendData: [63, 65, 120/120, negative]
2026-01-13 11:58:13.782 INFO  tests.BaseTest - Executing data row: age='63', pulse='65', bp='120/120', testType='negative'
2026-01-13 11:58:13.782 INFO  pages.CalculatorForm - Entering Age: 63
2026-01-13 11:58:14.115 INFO  pages.CalculatorForm - Entering Pulse: 65
2026-01-13 11:58:14.450 INFO  tests.BaseTest - Clicking Calculate
2026-01-13 11:58:14.451 INFO  pages.CalculatorForm - Clicking Calculate button...
2026-01-13 11:58:14.551 INFO  pages.CalculatorForm - Entering Blood Pressure: 120/120
2026-01-13 11:58:14.883 INFO  pages.CalculatorForm - Calculate button clicked.
2026-01-13 11:58:15.301 INFO  tests.BaseTest - Clicking Calculate
2026-01-13 11:58:15.301 INFO  pages.CalculatorForm - Clicking Calculate button...
2026-01-13 11:58:15.574 INFO  pages.CalculatorForm - Calculate button clicked.
2026-01-13 11:58:18.049 INFO  tests.BaseTest - No alert branch: navigatedToResult=true
2026-01-13 11:58:18.698 INFO  tests.BaseTest - No alert branch: navigatedToResult=true
2026-01-13 11:58:18.698 ERROR tests.BaseTest - Negative case failed: navigated without alert
2026-01-13 11:58:18.906 INFO  pages.TopNavigation - Navigated to Home Page through LogoText
2026-01-13 11:58:18.906 ERROR listeners.Listener1 - onTestFailure -> sendData
java.lang.AssertionError: The following asserts failed:
	NEGATIVE input incorrectly navigated to Result page without showing any alert.
	at org.testng.asserts.SoftAssert.assertAll(SoftAssert.java:46)
	at org.testng.asserts.SoftAssert.assertAll(SoftAssert.java:30)
	at tests.CalculatorFunctionalityTest.sendData(CalculatorFunctionalityTest.java:200)
	at java.base/jdk.internal.reflect.DirectMethodHandleAccessor.invoke(DirectMethodHandleAccessor.java:103)
	at java.base/java.lang.reflect.Method.invoke(Method.java:580)
	at org.testng.internal.invokers.MethodInvocationHelper.invokeMethod(MethodInvocationHelper.java:141)
	at org.testng.internal.invokers.TestInvoker.invokeMethod(TestInvoker.java:687)
	at org.testng.internal.invokers.TestInvoker.invokeTestMethod(TestInvoker.java:230)
	at org.testng.internal.invokers.MethodRunner.runInSequence(MethodRunner.java:63)
	at org.testng.internal.invokers.TestInvoker$MethodInvocationAgent.invoke(TestInvoker.java:995)
	at org.testng.internal.invokers.TestInvoker.invokeTestMethods(TestInvoker.java:203)
	at org.testng.internal.invokers.TestMethodWorker.invokeTestMethods(TestMethodWorker.java:154)
	at org.testng.internal.invokers.TestMethodWorker.run(TestMethodWorker.java:134)
	at java.base/java.util.ArrayList.forEach(ArrayList.java:1596)
	at org.testng.TestRunner.privateRun(TestRunner.java:741)
	at org.testng.TestRunner.run(TestRunner.java:616)
	at org.testng.SuiteRunner.runTest(SuiteRunner.java:421)
	at org.testng.SuiteRunner$SuiteWorker.run(SuiteRunner.java:463)
	at org.testng.internal.thread.ThreadUtil.lambda$execute$0(ThreadUtil.java:64)
	at java.base/java.util.concurrent.FutureTask.run$$$capture(FutureTask.java:317)
	at java.base/java.util.concurrent.FutureTask.run(FutureTask.java)
	at java.base/java.util.concurrent.ThreadPoolExecutor.runWorker(ThreadPoolExecutor.java:1144)
	at java.base/java.util.concurrent.ThreadPoolExecutor$Worker.run(ThreadPoolExecutor.java:642)
	at java.base/java.lang.Thread.run(Thread.java:1583)
2026-01-13 11:58:18.906 INFO  listeners.Listener1 - Attaching pre-submit screenshot: C:\Users\2457157\IdeaProjects\HealthIndexCalculator\reports\screenshots\age_63__pulse_65__bp_120_120__type_negative_before_20260113_115814_443.png
2026-01-13 11:58:18.906 INFO  listeners.Listener1 - Attaching failure screenshot: C:\Users\2457157\IdeaProjects\HealthIndexCalculator\reports\screenshots\age_63__pulse_65__bp_120_120__type_negative_failed_no_alert_20260113_115818_049.png
2026-01-13 11:58:18.926 INFO  listeners.Listener1 - onTestStart -> sendData
2026-01-13 11:58:18.926 INFO  listeners.Listener1 - Parameters for sendData: [29, 75, 120/, negative]
2026-01-13 11:58:18.926 INFO  tests.BaseTest - Executing data row: age='29', pulse='75', bp='120/', testType='negative'
2026-01-13 11:58:18.926 INFO  pages.CalculatorForm - Entering Age: 29
2026-01-13 11:58:19.115 INFO  pages.CalculatorForm - Entering Pulse: 75
2026-01-13 11:58:19.215 ERROR tests.BaseTest - Negative case failed: navigated without alert
2026-01-13 11:58:19.281 INFO  pages.CalculatorForm - Entering Blood Pressure: 120/
2026-01-13 11:58:19.335 INFO  pages.TopNavigation - Navigated to Home Page through LogoText
2026-01-13 11:58:19.336 ERROR listeners.Listener1 - onTestFailure -> sendData
java.lang.AssertionError: The following asserts failed:
	NEGATIVE input incorrectly navigated to Result page without showing any alert.
	at org.testng.asserts.SoftAssert.assertAll(SoftAssert.java:46)
	at org.testng.asserts.SoftAssert.assertAll(SoftAssert.java:30)
	at tests.CalculatorFunctionalityTest.sendData(CalculatorFunctionalityTest.java:200)
	at java.base/jdk.internal.reflect.DirectMethodHandleAccessor.invoke(DirectMethodHandleAccessor.java:103)
	at java.base/java.lang.reflect.Method.invoke(Method.java:580)
	at org.testng.internal.invokers.MethodInvocationHelper.invokeMethod(MethodInvocationHelper.java:141)
	at org.testng.internal.invokers.TestInvoker.invokeMethod(TestInvoker.java:687)
	at org.testng.internal.invokers.TestInvoker.invokeTestMethod(TestInvoker.java:230)
	at org.testng.internal.invokers.MethodRunner.runInSequence(MethodRunner.java:63)
	at org.testng.internal.invokers.TestInvoker$MethodInvocationAgent.invoke(TestInvoker.java:995)
	at org.testng.internal.invokers.TestInvoker.invokeTestMethods(TestInvoker.java:203)
	at org.testng.internal.invokers.TestMethodWorker.invokeTestMethods(TestMethodWorker.java:154)
	at org.testng.internal.invokers.TestMethodWorker.run(TestMethodWorker.java:134)
	at java.base/java.util.ArrayList.forEach(ArrayList.java:1596)
	at org.testng.TestRunner.privateRun(TestRunner.java:741)
	at org.testng.TestRunner.run(TestRunner.java:616)
	at org.testng.SuiteRunner.runTest(SuiteRunner.java:421)
	at org.testng.SuiteRunner$SuiteWorker.run(SuiteRunner.java:463)
	at org.testng.internal.thread.ThreadUtil.lambda$execute$0(ThreadUtil.java:64)
	at java.base/java.util.concurrent.FutureTask.run$$$capture(FutureTask.java:317)
	at java.base/java.util.concurrent.FutureTask.run(FutureTask.java)
	at java.base/java.util.concurrent.ThreadPoolExecutor.runWorker(ThreadPoolExecutor.java:1144)
	at java.base/java.util.concurrent.ThreadPoolExecutor$Worker.run(ThreadPoolExecutor.java:642)
	at java.base/java.lang.Thread.run(Thread.java:1583)
2026-01-13 11:58:19.336 INFO  listeners.Listener1 - Attaching pre-submit screenshot: C:\Users\2457157\IdeaProjects\HealthIndexCalculator\reports\screenshots\age_63__pulse_65__bp_120_120__type_negative_before_20260113_115815_292.png
2026-01-13 11:58:19.337 INFO  listeners.Listener1 - Attaching failure screenshot: C:\Users\2457157\IdeaProjects\HealthIndexCalculator\reports\screenshots\age_63__pulse_65__bp_120_120__type_negative_failed_no_alert_20260113_115818_698.png
2026-01-13 11:58:19.342 INFO  listeners.Listener1 - onTestStart -> sendData
2026-01-13 11:58:19.342 INFO  listeners.Listener1 - Parameters for sendData: [29, 75, 120/, negative]
2026-01-13 11:58:19.343 INFO  tests.BaseTest - Executing data row: age='29', pulse='75', bp='120/', testType='negative'
2026-01-13 11:58:19.343 INFO  pages.CalculatorForm - Entering Age: 29
2026-01-13 11:58:19.550 INFO  pages.CalculatorForm - Entering Pulse: 75
2026-01-13 11:58:19.750 INFO  tests.BaseTest - Clicking Calculate
2026-01-13 11:58:19.750 INFO  pages.CalculatorForm - Clicking Calculate button...
2026-01-13 11:58:19.883 INFO  pages.CalculatorForm - Entering Blood Pressure: 120/
2026-01-13 11:58:19.953 INFO  pages.CalculatorForm - Calculate button clicked.
2026-01-13 11:58:19.956 INFO  tests.BaseTest - Alert detected after submit
2026-01-13 11:58:19.983 INFO  tests.BaseTest - Negative case: navigatedToResult=false
2026-01-13 11:58:19.983 INFO  listeners.Listener1 - onTestSuccess -> sendData
2026-01-13 11:58:19.983 INFO  listeners.Listener1 - Deleting pre-submit screenshot for passed test: C:\Users\2457157\IdeaProjects\HealthIndexCalculator\reports\screenshots\age_29__pulse_75__bp_120___type_negative_before_20260113_115819_744.png
2026-01-13 11:58:20.001 INFO  listeners.Listener1 - onTestStart -> sendData
2026-01-13 11:58:20.001 INFO  listeners.Listener1 - Parameters for sendData: [31, 68, /80, negative]
2026-01-13 11:58:20.001 INFO  tests.BaseTest - Executing data row: age='31', pulse='68', bp='/80', testType='negative'
2026-01-13 11:58:20.017 INFO  pages.CalculatorForm - Entering Age: 31
2026-01-13 11:58:20.258 INFO  pages.CalculatorForm - Entering Pulse: 68
2026-01-13 11:58:20.353 INFO  tests.BaseTest - Clicking Calculate
2026-01-13 11:58:20.353 INFO  pages.CalculatorForm - Clicking Calculate button...
2026-01-13 11:58:20.435 INFO  pages.CalculatorForm - Entering Blood Pressure: /80
2026-01-13 11:58:20.466 INFO  pages.CalculatorForm - Calculate button clicked.
2026-01-13 11:58:20.466 INFO  tests.BaseTest - Alert detected after submit
2026-01-13 11:58:20.498 INFO  tests.BaseTest - Negative case: navigatedToResult=false
2026-01-13 11:58:20.499 INFO  listeners.Listener1 - onTestSuccess -> sendData
2026-01-13 11:58:20.499 INFO  listeners.Listener1 - Deleting pre-submit screenshot for passed test: C:\Users\2457157\IdeaProjects\HealthIndexCalculator\reports\screenshots\age_29__pulse_75__bp_120___type_negative_before_20260113_115820_353.png
2026-01-13 11:58:20.501 INFO  listeners.Listener1 - onTestStart -> sendData
2026-01-13 11:58:20.501 INFO  listeners.Listener1 - Parameters for sendData: [31, 68, /80, negative]
2026-01-13 11:58:20.501 INFO  tests.BaseTest - Executing data row: age='31', pulse='68', bp='/80', testType='negative'
2026-01-13 11:58:20.501 INFO  pages.CalculatorForm - Entering Age: 31
2026-01-13 11:58:20.753 INFO  pages.CalculatorForm - Entering Pulse: 68
2026-01-13 11:58:20.928 INFO  tests.BaseTest - Clicking Calculate
2026-01-13 11:58:20.928 INFO  pages.CalculatorForm - Clicking Calculate button...
2026-01-13 11:58:21.049 INFO  pages.CalculatorForm - Entering Blood Pressure: /80
2026-01-13 11:58:21.082 INFO  pages.CalculatorForm - Calculate button clicked.
2026-01-13 11:58:21.085 INFO  tests.BaseTest - Alert detected after submit
2026-01-13 11:58:21.103 INFO  tests.BaseTest - Negative case: navigatedToResult=false
2026-01-13 11:58:21.103 INFO  listeners.Listener1 - onTestSuccess -> sendData
2026-01-13 11:58:21.106 INFO  listeners.Listener1 - Deleting pre-submit screenshot for passed test: C:\Users\2457157\IdeaProjects\HealthIndexCalculator\reports\screenshots\age_31__pulse_68__bp__80__type_negative_before_20260113_115820_921.png
2026-01-13 11:58:21.108 INFO  listeners.Listener1 - onTestStart -> sendData
2026-01-13 11:58:21.108 INFO  listeners.Listener1 - Parameters for sendData: [25, 72, 118/76, positive]
2026-01-13 11:58:21.108 INFO  tests.BaseTest - Executing data row: age='25', pulse='72', bp='118/76', testType='positive'
2026-01-13 11:58:21.108 INFO  pages.CalculatorForm - Entering Age: 25
2026-01-13 11:58:21.307 INFO  pages.CalculatorForm - Entering Pulse: 72
2026-01-13 11:58:21.456 INFO  tests.BaseTest - Clicking Calculate
2026-01-13 11:58:21.457 INFO  pages.CalculatorForm - Clicking Calculate button...
2026-01-13 11:58:21.516 INFO  pages.CalculatorForm - Entering Blood Pressure: 118/76
2026-01-13 11:58:21.583 INFO  pages.CalculatorForm - Calculate button clicked.
2026-01-13 11:58:21.583 INFO  tests.BaseTest - Alert detected after submit
2026-01-13 11:58:21.619 INFO  tests.BaseTest - Negative case: navigatedToResult=false
2026-01-13 11:58:21.619 INFO  listeners.Listener1 - onTestSuccess -> sendData
2026-01-13 11:58:21.619 INFO  listeners.Listener1 - Deleting pre-submit screenshot for passed test: C:\Users\2457157\IdeaProjects\HealthIndexCalculator\reports\screenshots\age_31__pulse_68__bp__80__type_negative_before_20260113_115821_451.png
2026-01-13 11:58:21.619 INFO  listeners.Listener1 - onTestStart -> sendData
2026-01-13 11:58:21.619 INFO  listeners.Listener1 - Parameters for sendData: [25, 72, 118/76, positive]
2026-01-13 11:58:21.634 INFO  tests.BaseTest - Executing data row: age='25', pulse='72', bp='118/76', testType='positive'
2026-01-13 11:58:21.634 INFO  pages.CalculatorForm - Entering Age: 25
2026-01-13 11:58:21.899 INFO  pages.CalculatorForm - Entering Pulse: 72
2026-01-13 11:58:22.042 INFO  tests.BaseTest - Clicking Calculate
2026-01-13 11:58:22.042 INFO  pages.CalculatorForm - Clicking Calculate button...
2026-01-13 11:58:22.136 INFO  pages.CalculatorForm - Entering Blood Pressure: 118/76
2026-01-13 11:58:22.210 INFO  pages.CalculatorForm - Calculate button clicked.
2026-01-13 11:58:22.673 INFO  tests.BaseTest - Clicking Calculate
2026-01-13 11:58:22.673 INFO  pages.CalculatorForm - Clicking Calculate button...
2026-01-13 11:58:22.919 INFO  pages.CalculatorForm - Calculate button clicked.
2026-01-13 11:58:25.334 INFO  tests.BaseTest - No alert branch: navigatedToResult=true
2026-01-13 11:58:25.334 INFO  tests.BaseTest - Positive case passed: navigated; returning Home via logo text
2026-01-13 11:58:25.779 INFO  pages.TopNavigation - Navigated to Home Page through LogoText
2026-01-13 11:58:25.779 INFO  tests.BaseTest - Clicked 'VitalGuard' logo text to return Home
2026-01-13 11:58:25.781 INFO  listeners.Listener1 - onTestSuccess -> sendData
2026-01-13 11:58:25.783 INFO  listeners.Listener1 - Deleting pre-submit screenshot for passed test: C:\Users\2457157\IdeaProjects\HealthIndexCalculator\reports\screenshots\age_25__pulse_72__bp_118_76__type_positive_before_20260113_115822_039.png
2026-01-13 11:58:25.800 INFO  listeners.Listener1 - onTestStart -> sendData
2026-01-13 11:58:25.800 INFO  listeners.Listener1 - Parameters for sendData: [34, 64, 110/70, positive]
2026-01-13 11:58:25.800 INFO  tests.BaseTest - Executing data row: age='34', pulse='64', bp='110/70', testType='positive'
2026-01-13 11:58:25.800 INFO  pages.CalculatorForm - Entering Age: 34
2026-01-13 11:58:26.015 INFO  pages.CalculatorForm - Entering Pulse: 64
2026-01-13 11:58:26.015 INFO  tests.BaseTest - No alert branch: navigatedToResult=true
2026-01-13 11:58:26.015 INFO  tests.BaseTest - Positive case passed: navigated; returning Home via logo text
2026-01-13 11:58:26.174 INFO  pages.TopNavigation - Navigated to Home Page through LogoText
2026-01-13 11:58:26.174 INFO  tests.BaseTest - Clicked 'VitalGuard' logo text to return Home
2026-01-13 11:58:26.174 INFO  listeners.Listener1 - onTestSuccess -> sendData
2026-01-13 11:58:26.174 INFO  listeners.Listener1 - Deleting pre-submit screenshot for passed test: C:\Users\2457157\IdeaProjects\HealthIndexCalculator\reports\screenshots\age_25__pulse_72__bp_118_76__type_positive_before_20260113_115822_670.png
2026-01-13 11:58:26.186 INFO  listeners.Listener1 - onTestStart -> sendData
2026-01-13 11:58:26.186 INFO  listeners.Listener1 - Parameters for sendData: [34, 64, 110/70, positive]
2026-01-13 11:58:26.187 INFO  tests.BaseTest - Executing data row: age='34', pulse='64', bp='110/70', testType='positive'
2026-01-13 11:58:26.187 INFO  pages.CalculatorForm - Entering Age: 34
2026-01-13 11:58:26.202 INFO  pages.CalculatorForm - Entering Blood Pressure: 110/70
2026-01-13 11:58:26.383 INFO  pages.CalculatorForm - Entering Pulse: 64
2026-01-13 11:58:26.533 INFO  pages.CalculatorForm - Entering Blood Pressure: 110/70
2026-01-13 11:58:26.708 INFO  tests.BaseTest - Clicking Calculate
2026-01-13 11:58:26.708 INFO  pages.CalculatorForm - Clicking Calculate button...
2026-01-13 11:58:26.977 INFO  tests.BaseTest - Clicking Calculate
2026-01-13 11:58:26.977 INFO  pages.CalculatorForm - Clicking Calculate button...
2026-01-13 11:58:27.067 INFO  pages.CalculatorForm - Calculate button clicked.
2026-01-13 11:58:27.235 INFO  pages.CalculatorForm - Calculate button clicked.
2026-01-13 11:58:30.182 INFO  tests.BaseTest - No alert branch: navigatedToResult=true
2026-01-13 11:58:30.182 INFO  tests.BaseTest - Positive case passed: navigated; returning Home via logo text
2026-01-13 11:58:30.363 INFO  tests.BaseTest - No alert branch: navigatedToResult=true
2026-01-13 11:58:30.364 INFO  tests.BaseTest - Positive case passed: navigated; returning Home via logo text
2026-01-13 11:58:30.575 INFO  pages.TopNavigation - Navigated to Home Page through LogoText
2026-01-13 11:58:30.575 INFO  tests.BaseTest - Clicked 'VitalGuard' logo text to return Home
2026-01-13 11:58:30.576 INFO  listeners.Listener1 - onTestSuccess -> sendData
2026-01-13 11:58:30.576 INFO  listeners.Listener1 - Deleting pre-submit screenshot for passed test: C:\Users\2457157\IdeaProjects\HealthIndexCalculator\reports\screenshots\age_34__pulse_64__bp_110_70__type_positive_before_20260113_115826_704.png
2026-01-13 11:58:30.598 INFO  listeners.Listener1 - onTestStart -> sendData
2026-01-13 11:58:30.598 INFO  listeners.Listener1 - Parameters for sendData: [47, 82, 130/85, positive]
2026-01-13 11:58:30.598 INFO  tests.BaseTest - Executing data row: age='47', pulse='82', bp='130/85', testType='positive'
2026-01-13 11:58:30.598 INFO  pages.CalculatorForm - Entering Age: 47
2026-01-13 11:58:30.720 INFO  pages.TopNavigation - Navigated to Home Page through LogoText
2026-01-13 11:58:30.720 INFO  tests.BaseTest - Clicked 'VitalGuard' logo text to return Home
2026-01-13 11:58:30.720 INFO  listeners.Listener1 - onTestSuccess -> sendData
2026-01-13 11:58:30.721 INFO  listeners.Listener1 - Deleting pre-submit screenshot for passed test: C:\Users\2457157\IdeaProjects\HealthIndexCalculator\reports\screenshots\age_34__pulse_64__bp_110_70__type_positive_before_20260113_115826_963.png
2026-01-13 11:58:30.740 INFO  listeners.Listener1 - onTestStart -> sendData
2026-01-13 11:58:30.740 INFO  listeners.Listener1 - Parameters for sendData: [47, 82, 130/85, positive]
2026-01-13 11:58:30.743 INFO  tests.BaseTest - Executing data row: age='47', pulse='82', bp='130/85', testType='positive'
2026-01-13 11:58:30.744 INFO  pages.CalculatorForm - Entering Age: 47
2026-01-13 11:58:30.983 INFO  pages.CalculatorForm - Entering Pulse: 82
2026-01-13 11:58:31.066 INFO  pages.CalculatorForm - Entering Pulse: 82
2026-01-13 11:58:31.348 INFO  pages.CalculatorForm - Entering Blood Pressure: 130/85
2026-01-13 11:58:31.465 INFO  pages.CalculatorForm - Entering Blood Pressure: 130/85
2026-01-13 11:58:31.989 INFO  tests.BaseTest - Clicking Calculate
2026-01-13 11:58:31.990 INFO  pages.CalculatorForm - Clicking Calculate button...
2026-01-13 11:58:32.115 INFO  tests.BaseTest - Clicking Calculate
2026-01-13 11:58:32.115 INFO  pages.CalculatorForm - Clicking Calculate button...
2026-01-13 11:58:32.309 INFO  pages.CalculatorForm - Calculate button clicked.
2026-01-13 11:58:32.382 INFO  pages.CalculatorForm - Calculate button clicked.
2026-01-13 11:58:35.434 INFO  tests.BaseTest - No alert branch: navigatedToResult=true
2026-01-13 11:58:35.434 INFO  tests.BaseTest - Positive case passed: navigated; returning Home via logo text
2026-01-13 11:58:35.517 INFO  tests.BaseTest - No alert branch: navigatedToResult=true
2026-01-13 11:58:35.517 INFO  tests.BaseTest - Positive case passed: navigated; returning Home via logo text
2026-01-13 11:58:35.858 INFO  pages.TopNavigation - Navigated to Home Page through LogoText
2026-01-13 11:58:35.859 INFO  tests.BaseTest - Clicked 'VitalGuard' logo text to return Home
2026-01-13 11:58:35.859 INFO  listeners.Listener1 - onTestSuccess -> sendData
2026-01-13 11:58:35.860 INFO  listeners.Listener1 - Deleting pre-submit screenshot for passed test: C:\Users\2457157\IdeaProjects\HealthIndexCalculator\reports\screenshots\age_47__pulse_82__bp_130_85__type_positive_before_20260113_115832_110.png
2026-01-13 11:58:35.891 INFO  listeners.Listener1 - onTestStart -> sendData
2026-01-13 11:58:35.892 INFO  listeners.Listener1 - Parameters for sendData: [58, 96, 140/95, positive]
2026-01-13 11:58:35.894 INFO  tests.BaseTest - Executing data row: age='58', pulse='96', bp='140/95', testType='positive'
2026-01-13 11:58:35.894 INFO  pages.TopNavigation - Navigated to Home Page through LogoText
2026-01-13 11:58:35.895 INFO  tests.BaseTest - Clicked 'VitalGuard' logo text to return Home
2026-01-13 11:58:35.895 INFO  pages.CalculatorForm - Entering Age: 58
2026-01-13 11:58:35.896 INFO  listeners.Listener1 - onTestSuccess -> sendData
2026-01-13 11:58:35.896 INFO  listeners.Listener1 - Deleting pre-submit screenshot for passed test: C:\Users\2457157\IdeaProjects\HealthIndexCalculator\reports\screenshots\age_47__pulse_82__bp_130_85__type_positive_before_20260113_115831_980.png
2026-01-13 11:58:35.937 INFO  listeners.Listener1 - onTestStart -> sendData
2026-01-13 11:58:35.937 INFO  listeners.Listener1 - Parameters for sendData: [58, 96, 140/95, positive]
2026-01-13 11:58:35.939 INFO  tests.BaseTest - Executing data row: age='58', pulse='96', bp='140/95', testType='positive'
2026-01-13 11:58:35.939 INFO  pages.CalculatorForm - Entering Age: 58
2026-01-13 11:58:36.367 INFO  pages.CalculatorForm - Entering Pulse: 96
2026-01-13 11:58:36.380 INFO  pages.CalculatorForm - Entering Pulse: 96
2026-01-13 11:58:36.783 INFO  pages.CalculatorForm - Entering Blood Pressure: 140/95
2026-01-13 11:58:36.833 INFO  pages.CalculatorForm - Entering Blood Pressure: 140/95
2026-01-13 11:58:37.623 INFO  tests.BaseTest - Clicking Calculate
2026-01-13 11:58:37.623 INFO  pages.CalculatorForm - Clicking Calculate button...
2026-01-13 11:58:37.711 INFO  tests.BaseTest - Clicking Calculate
2026-01-13 11:58:37.712 INFO  pages.CalculatorForm - Clicking Calculate button...
2026-01-13 11:58:38.122 INFO  pages.CalculatorForm - Calculate button clicked.
2026-01-13 11:58:38.155 INFO  pages.CalculatorForm - Calculate button clicked.
2026-01-13 11:58:41.215 INFO  tests.BaseTest - No alert branch: navigatedToResult=true
2026-01-13 11:58:41.232 INFO  tests.BaseTest - Positive case passed: navigated; returning Home via logo text
2026-01-13 11:58:41.265 INFO  tests.BaseTest - No alert branch: navigatedToResult=true
2026-01-13 11:58:41.265 INFO  tests.BaseTest - Positive case passed: navigated; returning Home via logo text
2026-01-13 11:58:41.569 INFO  pages.TopNavigation - Navigated to Home Page through LogoText
2026-01-13 11:58:41.569 INFO  tests.BaseTest - Clicked 'VitalGuard' logo text to return Home
2026-01-13 11:58:41.570 INFO  listeners.Listener1 - onTestSuccess -> sendData
2026-01-13 11:58:41.570 INFO  listeners.Listener1 - Deleting pre-submit screenshot for passed test: C:\Users\2457157\IdeaProjects\HealthIndexCalculator\reports\screenshots\age_58__pulse_96__bp_140_95__type_positive_before_20260113_115837_705.png
2026-01-13 11:58:41.600 INFO  pages.TopNavigation - Navigated to Home Page through LogoText
2026-01-13 11:58:41.600 INFO  tests.BaseTest - Clicked 'VitalGuard' logo text to return Home
2026-01-13 11:58:41.601 INFO  listeners.Listener1 - onTestSuccess -> sendData
2026-01-13 11:58:41.601 INFO  listeners.Listener1 - Deleting pre-submit screenshot for passed test: C:\Users\2457157\IdeaProjects\HealthIndexCalculator\reports\screenshots\age_58__pulse_96__bp_140_95__type_positive_before_20260113_115837_617.png
2026-01-13 11:58:41.604 INFO  listeners.Listener1 - onTestStart -> sendData
2026-01-13 11:58:41.605 INFO  listeners.Listener1 - Parameters for sendData: [72, 60, 150/100, positive]
2026-01-13 11:58:41.605 INFO  tests.BaseTest - Executing data row: age='72', pulse='60', bp='150/100', testType='positive'
2026-01-13 11:58:41.605 INFO  pages.CalculatorForm - Entering Age: 72
2026-01-13 11:58:41.608 INFO  listeners.Listener1 - onTestStart -> sendData
2026-01-13 11:58:41.608 INFO  listeners.Listener1 - Parameters for sendData: [72, 60, 150/100, positive]
2026-01-13 11:58:41.608 INFO  tests.BaseTest - Executing data row: age='72', pulse='60', bp='150/100', testType='positive'
2026-01-13 11:58:41.608 INFO  pages.CalculatorForm - Entering Age: 72
2026-01-13 11:58:41.761 INFO  pages.CalculatorForm - Entering Pulse: 60
2026-01-13 11:58:41.765 INFO  pages.CalculatorForm - Entering Pulse: 60
2026-01-13 11:58:41.882 INFO  pages.CalculatorForm - Entering Blood Pressure: 150/100
2026-01-13 11:58:41.916 INFO  pages.CalculatorForm - Entering Blood Pressure: 150/100
2026-01-13 11:58:42.303 INFO  tests.BaseTest - Clicking Calculate
2026-01-13 11:58:42.303 INFO  pages.CalculatorForm - Clicking Calculate button...
2026-01-13 11:58:42.445 INFO  tests.BaseTest - Clicking Calculate
2026-01-13 11:58:42.445 INFO  pages.CalculatorForm - Clicking Calculate button...
2026-01-13 11:58:42.768 INFO  pages.CalculatorForm - Calculate button clicked.
2026-01-13 11:58:42.907 INFO  pages.CalculatorForm - Calculate button clicked.
2026-01-13 11:58:45.889 INFO  tests.BaseTest - No alert branch: navigatedToResult=true
2026-01-13 11:58:45.889 INFO  tests.BaseTest - Positive case passed: navigated; returning Home via logo text
2026-01-13 11:58:46.047 INFO  tests.BaseTest - No alert branch: navigatedToResult=true
2026-01-13 11:58:46.049 INFO  tests.BaseTest - Positive case passed: navigated; returning Home via logo text
2026-01-13 11:58:46.300 INFO  pages.TopNavigation - Navigated to Home Page through LogoText
2026-01-13 11:58:46.301 INFO  tests.BaseTest - Clicked 'VitalGuard' logo text to return Home
2026-01-13 11:58:46.301 INFO  listeners.Listener1 - onTestSuccess -> sendData
2026-01-13 11:58:46.302 INFO  listeners.Listener1 - Deleting pre-submit screenshot for passed test: C:\Users\2457157\IdeaProjects\HealthIndexCalculator\reports\screenshots\age_72__pulse_60__bp_150_100__type_positive_before_20260113_115842_293.png
2026-01-13 11:58:46.321 INFO  listeners.Listener1 - onTestStart -> sendData
2026-01-13 11:58:46.322 INFO  listeners.Listener1 - Parameters for sendData: [5, 100, 95/60, positive]
2026-01-13 11:58:46.324 INFO  tests.BaseTest - Executing data row: age='5', pulse='100', bp='95/60', testType='positive'
2026-01-13 11:58:46.324 INFO  pages.CalculatorForm - Entering Age: 5
2026-01-13 11:58:46.406 INFO  pages.TopNavigation - Navigated to Home Page through LogoText
2026-01-13 11:58:46.406 INFO  tests.BaseTest - Clicked 'VitalGuard' logo text to return Home
2026-01-13 11:58:46.406 INFO  listeners.Listener1 - onTestSuccess -> sendData
2026-01-13 11:58:46.407 INFO  listeners.Listener1 - Deleting pre-submit screenshot for passed test: C:\Users\2457157\IdeaProjects\HealthIndexCalculator\reports\screenshots\age_72__pulse_60__bp_150_100__type_positive_before_20260113_115842_438.png
2026-01-13 11:58:46.436 INFO  listeners.Listener1 - onTestStart -> sendData
2026-01-13 11:58:46.436 INFO  listeners.Listener1 - Parameters for sendData: [5, 100, 95/60, positive]
2026-01-13 11:58:46.436 INFO  tests.BaseTest - Executing data row: age='5', pulse='100', bp='95/60', testType='positive'
2026-01-13 11:58:46.436 INFO  pages.CalculatorForm - Entering Age: 5
2026-01-13 11:58:46.721 INFO  pages.CalculatorForm - Entering Pulse: 100
2026-01-13 11:58:46.764 INFO  pages.CalculatorForm - Entering Pulse: 100
2026-01-13 11:58:46.950 INFO  pages.CalculatorForm - Entering Blood Pressure: 95/60
2026-01-13 11:58:46.983 INFO  pages.CalculatorForm - Entering Blood Pressure: 95/60
2026-01-13 11:58:47.638 INFO  tests.BaseTest - Clicking Calculate
2026-01-13 11:58:47.638 INFO  pages.CalculatorForm - Clicking Calculate button...
2026-01-13 11:58:47.777 INFO  tests.BaseTest - Clicking Calculate
2026-01-13 11:58:47.777 INFO  pages.CalculatorForm - Clicking Calculate button...
2026-01-13 11:58:47.843 INFO  pages.CalculatorForm - Calculate button clicked.
2026-01-13 11:58:48.007 INFO  pages.CalculatorForm - Calculate button clicked.
2026-01-13 11:58:50.965 INFO  tests.BaseTest - No alert branch: navigatedToResult=true
2026-01-13 11:58:50.965 INFO  tests.BaseTest - Positive case passed: navigated; returning Home via logo text
2026-01-13 11:58:51.116 INFO  tests.BaseTest - No alert branch: navigatedToResult=true
2026-01-13 11:58:51.116 INFO  tests.BaseTest - Positive case passed: navigated; returning Home via logo text
2026-01-13 11:58:51.331 INFO  pages.TopNavigation - Navigated to Home Page through LogoText
2026-01-13 11:58:51.331 INFO  tests.BaseTest - Clicked 'VitalGuard' logo text to return Home
2026-01-13 11:58:51.331 INFO  listeners.Listener1 - onTestSuccess -> sendData
2026-01-13 11:58:51.331 INFO  listeners.Listener1 - Deleting pre-submit screenshot for passed test: C:\Users\2457157\IdeaProjects\HealthIndexCalculator\reports\screenshots\age_5__pulse_100__bp_95_60__type_positive_before_20260113_115847_635.png
2026-01-13 11:58:51.358 INFO  listeners.Listener1 - onTestStart -> sendData
2026-01-13 11:58:51.358 INFO  listeners.Listener1 - Parameters for sendData: [88, 58, 160/70, positive]
2026-01-13 11:58:51.359 INFO  tests.BaseTest - Executing data row: age='88', pulse='58', bp='160/70', testType='positive'
2026-01-13 11:58:51.359 INFO  pages.CalculatorForm - Entering Age: 88
2026-01-13 11:58:51.425 INFO  pages.TopNavigation - Navigated to Home Page through LogoText
2026-01-13 11:58:51.425 INFO  tests.BaseTest - Clicked 'VitalGuard' logo text to return Home
2026-01-13 11:58:51.426 INFO  listeners.Listener1 - onTestSuccess -> sendData
2026-01-13 11:58:51.427 INFO  listeners.Listener1 - Deleting pre-submit screenshot for passed test: C:\Users\2457157\IdeaProjects\HealthIndexCalculator\reports\screenshots\age_5__pulse_100__bp_95_60__type_positive_before_20260113_115847_774.png
2026-01-13 11:58:51.449 INFO  listeners.Listener1 - onTestStart -> sendData
2026-01-13 11:58:51.451 INFO  listeners.Listener1 - Parameters for sendData: [88, 58, 160/70, positive]
2026-01-13 11:58:51.453 INFO  tests.BaseTest - Executing data row: age='88', pulse='58', bp='160/70', testType='positive'
2026-01-13 11:58:51.453 INFO  pages.CalculatorForm - Entering Age: 88
2026-01-13 11:58:51.636 INFO  pages.CalculatorForm - Entering Pulse: 58
2026-01-13 11:58:51.661 INFO  pages.CalculatorForm - Entering Pulse: 58
2026-01-13 11:58:51.966 INFO  pages.CalculatorForm - Entering Blood Pressure: 160/70
2026-01-13 11:58:52.001 INFO  pages.CalculatorForm - Entering Blood Pressure: 160/70
2026-01-13 11:58:52.710 INFO  tests.BaseTest - Clicking Calculate
2026-01-13 11:58:52.710 INFO  pages.CalculatorForm - Clicking Calculate button...
2026-01-13 11:58:52.753 INFO  tests.BaseTest - Clicking Calculate
2026-01-13 11:58:52.753 INFO  pages.CalculatorForm - Clicking Calculate button...
2026-01-13 11:58:53.016 INFO  pages.CalculatorForm - Calculate button clicked.
2026-01-13 11:58:53.021 INFO  pages.CalculatorForm - Calculate button clicked.
2026-01-13 11:58:56.132 INFO  tests.BaseTest - No alert branch: navigatedToResult=true
2026-01-13 11:58:56.132 INFO  tests.BaseTest - Positive case passed: navigated; returning Home via logo text
2026-01-13 11:58:56.132 INFO  tests.BaseTest - No alert branch: navigatedToResult=true
2026-01-13 11:58:56.132 INFO  tests.BaseTest - Positive case passed: navigated; returning Home via logo text
2026-01-13 11:58:56.537 INFO  pages.TopNavigation - Navigated to Home Page through LogoText
2026-01-13 11:58:56.537 INFO  tests.BaseTest - Clicked 'VitalGuard' logo text to return Home
2026-01-13 11:58:56.538 INFO  listeners.Listener1 - onTestSuccess -> sendData
2026-01-13 11:58:56.538 INFO  listeners.Listener1 - Deleting pre-submit screenshot for passed test: C:\Users\2457157\IdeaProjects\HealthIndexCalculator\reports\screenshots\age_88__pulse_58__bp_160_70__type_positive_before_20260113_115852_749.png
2026-01-13 11:58:56.559 INFO  listeners.Listener1 - onTestStart -> sendData
2026-01-13 11:58:56.561 INFO  listeners.Listener1 - Parameters for sendData: [40, 40, 90/50, positive]
2026-01-13 11:58:56.562 INFO  tests.BaseTest - Executing data row: age='40', pulse='40', bp='90/50', testType='positive'
2026-01-13 11:58:56.562 INFO  pages.CalculatorForm - Entering Age: 40
2026-01-13 11:58:56.565 INFO  pages.TopNavigation - Navigated to Home Page through LogoText
2026-01-13 11:58:56.565 INFO  tests.BaseTest - Clicked 'VitalGuard' logo text to return Home
2026-01-13 11:58:56.565 INFO  listeners.Listener1 - onTestSuccess -> sendData
2026-01-13 11:58:56.567 INFO  listeners.Listener1 - Deleting pre-submit screenshot for passed test: C:\Users\2457157\IdeaProjects\HealthIndexCalculator\reports\screenshots\age_88__pulse_58__bp_160_70__type_positive_before_20260113_115852_708.png
2026-01-13 11:58:56.581 INFO  listeners.Listener1 - onTestStart -> sendData
2026-01-13 11:58:56.581 INFO  listeners.Listener1 - Parameters for sendData: [40, 40, 90/50, positive]
2026-01-13 11:58:56.581 INFO  tests.BaseTest - Executing data row: age='40', pulse='40', bp='90/50', testType='positive'
2026-01-13 11:58:56.581 INFO  pages.CalculatorForm - Entering Age: 40
2026-01-13 11:58:56.764 INFO  pages.CalculatorForm - Entering Pulse: 40
2026-01-13 11:58:56.851 INFO  pages.CalculatorForm - Entering Pulse: 40
2026-01-13 11:58:57.112 INFO  pages.CalculatorForm - Entering Blood Pressure: 90/50
2026-01-13 11:58:57.181 INFO  pages.CalculatorForm - Entering Blood Pressure: 90/50
2026-01-13 11:58:57.790 INFO  tests.BaseTest - Clicking Calculate
2026-01-13 11:58:57.790 INFO  pages.CalculatorForm - Clicking Calculate button...
2026-01-13 11:58:57.860 INFO  tests.BaseTest - Clicking Calculate
2026-01-13 11:58:57.861 INFO  pages.CalculatorForm - Clicking Calculate button...
2026-01-13 11:58:58.225 INFO  pages.CalculatorForm - Calculate button clicked.
2026-01-13 11:58:58.258 INFO  pages.CalculatorForm - Calculate button clicked.
2026-01-13 11:59:01.348 INFO  tests.BaseTest - No alert branch: navigatedToResult=true
2026-01-13 11:59:01.348 INFO  tests.BaseTest - Positive case passed: navigated; returning Home via logo text
2026-01-13 11:59:01.381 INFO  tests.BaseTest - No alert branch: navigatedToResult=true
2026-01-13 11:59:01.381 INFO  tests.BaseTest - Positive case passed: navigated; returning Home via logo text
2026-01-13 11:59:01.811 INFO  pages.TopNavigation - Navigated to Home Page through LogoText
2026-01-13 11:59:01.812 INFO  tests.BaseTest - Clicked 'VitalGuard' logo text to return Home
2026-01-13 11:59:01.812 INFO  listeners.Listener1 - onTestSuccess -> sendData
2026-01-13 11:59:01.813 INFO  listeners.Listener1 - Deleting pre-submit screenshot for passed test: C:\Users\2457157\IdeaProjects\HealthIndexCalculator\reports\screenshots\age_40__pulse_40__bp_90_50__type_positive_before_20260113_115857_856.png
2026-01-13 11:59:01.834 INFO  listeners.Listener1 - onTestStart -> sendData
2026-01-13 11:59:01.834 INFO  listeners.Listener1 - Parameters for sendData: [40, 140, 170/110, negative]
2026-01-13 11:59:01.835 INFO  tests.BaseTest - Executing data row: age='40', pulse='140', bp='170/110', testType='negative'
2026-01-13 11:59:01.835 INFO  pages.CalculatorForm - Entering Age: 40
2026-01-13 11:59:01.873 INFO  pages.TopNavigation - Navigated to Home Page through LogoText
2026-01-13 11:59:01.874 INFO  tests.BaseTest - Clicked 'VitalGuard' logo text to return Home
2026-01-13 11:59:01.874 INFO  listeners.Listener1 - onTestSuccess -> sendData
2026-01-13 11:59:01.874 INFO  listeners.Listener1 - Deleting pre-submit screenshot for passed test: C:\Users\2457157\IdeaProjects\HealthIndexCalculator\reports\screenshots\age_40__pulse_40__bp_90_50__type_positive_before_20260113_115857_786.png
2026-01-13 11:59:01.884 INFO  listeners.Listener1 - onTestStart -> sendData
2026-01-13 11:59:01.884 INFO  listeners.Listener1 - Parameters for sendData: [40, 140, 170/110, negative]
2026-01-13 11:59:01.885 INFO  tests.BaseTest - Executing data row: age='40', pulse='140', bp='170/110', testType='negative'
2026-01-13 11:59:01.885 INFO  pages.CalculatorForm - Entering Age: 40
2026-01-13 11:59:02.019 INFO  pages.CalculatorForm - Entering Pulse: 140
2026-01-13 11:59:02.065 INFO  pages.CalculatorForm - Entering Pulse: 140
2026-01-13 11:59:02.181 INFO  pages.CalculatorForm - Entering Blood Pressure: 170/110
2026-01-13 11:59:02.219 INFO  pages.CalculatorForm - Entering Blood Pressure: 170/110
2026-01-13 11:59:02.558 INFO  tests.BaseTest - Clicking Calculate
2026-01-13 11:59:02.558 INFO  pages.CalculatorForm - Clicking Calculate button...
2026-01-13 11:59:02.651 INFO  tests.BaseTest - Clicking Calculate
2026-01-13 11:59:02.651 INFO  pages.CalculatorForm - Clicking Calculate button...
2026-01-13 11:59:02.800 INFO  pages.CalculatorForm - Calculate button clicked.
2026-01-13 11:59:02.866 INFO  pages.CalculatorForm - Calculate button clicked.
2026-01-13 11:59:05.916 INFO  tests.BaseTest - No alert branch: navigatedToResult=true
2026-01-13 11:59:06.035 INFO  tests.BaseTest - No alert branch: navigatedToResult=true
2026-01-13 11:59:06.515 ERROR tests.BaseTest - Negative case failed: navigated without alert
2026-01-13 11:59:06.786 ERROR tests.BaseTest - Negative case failed: navigated without alert
2026-01-13 11:59:06.916 INFO  pages.TopNavigation - Navigated to Home Page through LogoText
2026-01-13 11:59:06.916 ERROR listeners.Listener1 - onTestFailure -> sendData
java.lang.AssertionError: The following asserts failed:
	NEGATIVE input incorrectly navigated to Result page without showing any alert.
	at org.testng.asserts.SoftAssert.assertAll(SoftAssert.java:46)
	at org.testng.asserts.SoftAssert.assertAll(SoftAssert.java:30)
	at tests.CalculatorFunctionalityTest.sendData(CalculatorFunctionalityTest.java:200)
	at java.base/jdk.internal.reflect.DirectMethodHandleAccessor.invoke(DirectMethodHandleAccessor.java:103)
	at java.base/java.lang.reflect.Method.invoke(Method.java:580)
	at org.testng.internal.invokers.MethodInvocationHelper.invokeMethod(MethodInvocationHelper.java:141)
	at org.testng.internal.invokers.TestInvoker.invokeMethod(TestInvoker.java:687)
	at org.testng.internal.invokers.TestInvoker.invokeTestMethod(TestInvoker.java:230)
	at org.testng.internal.invokers.MethodRunner.runInSequence(MethodRunner.java:63)
	at org.testng.internal.invokers.TestInvoker$MethodInvocationAgent.invoke(TestInvoker.java:995)
	at org.testng.internal.invokers.TestInvoker.invokeTestMethods(TestInvoker.java:203)
	at org.testng.internal.invokers.TestMethodWorker.invokeTestMethods(TestMethodWorker.java:154)
	at org.testng.internal.invokers.TestMethodWorker.run(TestMethodWorker.java:134)
	at java.base/java.util.ArrayList.forEach(ArrayList.java:1596)
	at org.testng.TestRunner.privateRun(TestRunner.java:741)
	at org.testng.TestRunner.run(TestRunner.java:616)
	at org.testng.SuiteRunner.runTest(SuiteRunner.java:421)
	at org.testng.SuiteRunner$SuiteWorker.run(SuiteRunner.java:463)
	at org.testng.internal.thread.ThreadUtil.lambda$execute$0(ThreadUtil.java:64)
	at java.base/java.util.concurrent.FutureTask.run$$$capture(FutureTask.java:317)
	at java.base/java.util.concurrent.FutureTask.run(FutureTask.java)
	at java.base/java.util.concurrent.ThreadPoolExecutor.runWorker(ThreadPoolExecutor.java:1144)
	at java.base/java.util.concurrent.ThreadPoolExecutor$Worker.run(ThreadPoolExecutor.java:642)
	at java.base/java.lang.Thread.run(Thread.java:1583)
2026-01-13 11:59:06.916 INFO  listeners.Listener1 - Attaching pre-submit screenshot: C:\Users\2457157\IdeaProjects\HealthIndexCalculator\reports\screenshots\age_40__pulse_140__bp_170_110__type_negative_before_20260113_115902_651.png
2026-01-13 11:59:06.916 INFO  listeners.Listener1 - Attaching failure screenshot: C:\Users\2457157\IdeaProjects\HealthIndexCalculator\reports\screenshots\age_40__pulse_140__bp_170_110__type_negative_failed_no_alert_20260113_115906_035.png
2026-01-13 11:59:07.174 INFO  pages.TopNavigation - Navigated to Home Page through LogoText
2026-01-13 11:59:07.174 ERROR listeners.Listener1 - onTestFailure -> sendData
java.lang.AssertionError: The following asserts failed:
	NEGATIVE input incorrectly navigated to Result page without showing any alert.
	at org.testng.asserts.SoftAssert.assertAll(SoftAssert.java:46)
	at org.testng.asserts.SoftAssert.assertAll(SoftAssert.java:30)
	at tests.CalculatorFunctionalityTest.sendData(CalculatorFunctionalityTest.java:200)
	at java.base/jdk.internal.reflect.DirectMethodHandleAccessor.invoke(DirectMethodHandleAccessor.java:103)
	at java.base/java.lang.reflect.Method.invoke(Method.java:580)
	at org.testng.internal.invokers.MethodInvocationHelper.invokeMethod(MethodInvocationHelper.java:141)
	at org.testng.internal.invokers.TestInvoker.invokeMethod(TestInvoker.java:687)
	at org.testng.internal.invokers.TestInvoker.invokeTestMethod(TestInvoker.java:230)
	at org.testng.internal.invokers.MethodRunner.runInSequence(MethodRunner.java:63)
	at org.testng.internal.invokers.TestInvoker$MethodInvocationAgent.invoke(TestInvoker.java:995)
	at org.testng.internal.invokers.TestInvoker.invokeTestMethods(TestInvoker.java:203)
	at org.testng.internal.invokers.TestMethodWorker.invokeTestMethods(TestMethodWorker.java:154)
	at org.testng.internal.invokers.TestMethodWorker.run(TestMethodWorker.java:134)
	at java.base/java.util.ArrayList.forEach(ArrayList.java:1596)
	at org.testng.TestRunner.privateRun(TestRunner.java:741)
	at org.testng.TestRunner.run(TestRunner.java:616)
	at org.testng.SuiteRunner.runTest(SuiteRunner.java:421)
	at org.testng.SuiteRunner$SuiteWorker.run(SuiteRunner.java:463)
	at org.testng.internal.thread.ThreadUtil.lambda$execute$0(ThreadUtil.java:64)
	at java.base/java.util.concurrent.FutureTask.run$$$capture(FutureTask.java:317)
	at java.base/java.util.concurrent.FutureTask.run(FutureTask.java)
	at java.base/java.util.concurrent.ThreadPoolExecutor.runWorker(ThreadPoolExecutor.java:1144)
	at java.base/java.util.concurrent.ThreadPoolExecutor$Worker.run(ThreadPoolExecutor.java:642)
	at java.base/java.lang.Thread.run(Thread.java:1583)
2026-01-13 11:59:07.175 INFO  listeners.Listener1 - Attaching pre-submit screenshot: C:\Users\2457157\IdeaProjects\HealthIndexCalculator\reports\screenshots\age_40__pulse_140__bp_170_110__type_negative_before_20260113_115902_556.png
2026-01-13 11:59:07.175 INFO  listeners.Listener1 - Attaching failure screenshot: C:\Users\2457157\IdeaProjects\HealthIndexCalculator\reports\screenshots\age_40__pulse_140__bp_170_110__type_negative_failed_no_alert_20260113_115905_916.png
2026-01-13 11:59:11.967 INFO  tests.BaseTest - Tearing down webdriver
2026-01-13 11:59:11.967 INFO  tests.BaseTest - WebDriver quit successfully
2026-01-13 11:59:11.972 INFO  listeners.Listener1 - onTestStart -> isResultDisplayed
2026-01-13 11:59:11.973 INFO  tests.BaseTest - === Starting 'isResultDisplayed' test ===
2026-01-13 11:59:12.024 INFO  pages.ResultPage - Result Displayed:true
2026-01-13 11:59:12.036 INFO  tests.BaseTest - Tearing down webdriver
2026-01-13 11:59:12.037 INFO  tests.BaseTest - WebDriver quit successfully
2026-01-13 11:59:12.038 INFO  listeners.Listener1 - onTestStart -> isResultDisplayed
2026-01-13 11:59:12.038 INFO  tests.BaseTest - === Starting 'isResultDisplayed' test ===
2026-01-13 11:59:12.051 INFO  tests.BaseTest - Result displayed? true
2026-01-13 11:59:12.051 INFO  tests.BaseTest - PASS: Result is displayed
2026-01-13 11:59:12.051 INFO  tests.BaseTest - === Completed 'isResultDisplayed' test ===
2026-01-13 11:59:12.051 INFO  listeners.Listener1 - onTestSuccess -> isResultDisplayed
2026-01-13 11:59:12.053 INFO  listeners.Listener1 - onTestStart -> gotoTeamDetails
2026-01-13 11:59:12.054 INFO  tests.BaseTest - Navigating to Team Details from Home page
2026-01-13 11:59:12.054 INFO  pages.HomePage - Navigating to Team Details from Home page...
2026-01-13 11:59:12.072 INFO  pages.ResultPage - Result Displayed:true
2026-01-13 11:59:12.094 INFO  tests.BaseTest - Result displayed? true
2026-01-13 11:59:12.094 INFO  tests.BaseTest - PASS: Result is displayed
2026-01-13 11:59:12.094 INFO  tests.BaseTest - === Completed 'isResultDisplayed' test ===
2026-01-13 11:59:12.094 INFO  listeners.Listener1 - onTestSuccess -> isResultDisplayed
2026-01-13 11:59:12.098 INFO  listeners.Listener1 - onTestStart -> gotoTeamDetails
2026-01-13 11:59:12.099 INFO  tests.BaseTest - Navigating to Team Details from Home page
2026-01-13 11:59:12.099 INFO  pages.HomePage - Navigating to Team Details from Home page...
2026-01-13 11:59:12.193 INFO  pages.TopNavigation - Navigated to TeamDetails page
2026-01-13 11:59:12.193 INFO  pages.HomePage - Navigation to Team Details complete.
2026-01-13 11:59:12.204 INFO  tests.BaseTest - URL after goToTeamDetails(): https://hackvyatharth.github.io/Vitalguard_Team_Vanguardians/#foot
2026-01-13 11:59:12.204 INFO  tests.BaseTest - PASS: 'gotoTeamDetails' assertion passed
2026-01-13 11:59:12.204 INFO  listeners.Listener1 - onTestSuccess -> gotoTeamDetails
2026-01-13 11:59:12.206 INFO  tests.BaseTest - Tearing down webdriver
2026-01-13 11:59:12.340 INFO  pages.TopNavigation - Navigated to TeamDetails page
2026-01-13 11:59:12.340 INFO  pages.HomePage - Navigation to Team Details complete.
2026-01-13 11:59:12.356 INFO  tests.BaseTest - URL after goToTeamDetails(): https://hackvyatharth.github.io/Vitalguard_Team_Vanguardians/#foot
2026-01-13 11:59:12.356 INFO  tests.BaseTest - PASS: 'gotoTeamDetails' assertion passed
2026-01-13 11:59:12.356 INFO  listeners.Listener1 - onTestSuccess -> gotoTeamDetails
2026-01-13 11:59:12.359 INFO  tests.BaseTest - Tearing down webdriver
2026-01-13 11:59:17.273 INFO  tests.BaseTest - WebDriver quit successfully
2026-01-13 11:59:17.280 INFO  listeners.Listener1 - onTestStart -> gotoTeamDetails
2026-01-13 11:59:17.280 INFO  t.BloodPressurePageValidationTest - Navigating to Team Details via BloodPressurePage.goToTeamDetails()...
2026-01-13 11:59:17.280 INFO  pages.BloodPressurePage - Navigating to Team Details from Blood Pressure page...
2026-01-13 11:59:17.298 INFO  tests.BaseTest - WebDriver quit successfully
2026-01-13 11:59:17.298 INFO  listeners.Listener1 - onTestStart -> gotoTeamDetails
2026-01-13 11:59:17.298 INFO  t.BloodPressurePageValidationTest - Navigating to Team Details via BloodPressurePage.goToTeamDetails()...
2026-01-13 11:59:17.298 INFO  pages.BloodPressurePage - Navigating to Team Details from Blood Pressure page...
2026-01-13 11:59:17.498 INFO  pages.TopNavigation - Navigated to TeamDetails page
2026-01-13 11:59:17.498 INFO  pages.BloodPressurePage - Navigation to Team Details complete.
2026-01-13 11:59:17.529 INFO  t.BloodPressurePageValidationTest - URL after goToTeamDetails(): https://hackvyatharth.github.io/Vitalguard_Team_Vanguardians/#foot
2026-01-13 11:59:17.529 INFO  t.BloodPressurePageValidationTest - PASS: Team Details navigation assertion passed.
2026-01-13 11:59:17.530 INFO  listeners.Listener1 - onTestSuccess -> gotoTeamDetails
2026-01-13 11:59:17.531 INFO  tests.BaseTest - Tearing down webdriver
2026-01-13 11:59:17.565 INFO  pages.TopNavigation - Navigated to TeamDetails page
2026-01-13 11:59:17.580 INFO  pages.BloodPressurePage - Navigation to Team Details complete.
2026-01-13 11:59:17.607 INFO  t.BloodPressurePageValidationTest - URL after goToTeamDetails(): https://hackvyatharth.github.io/Vitalguard_Team_Vanguardians/#foot
2026-01-13 11:59:17.607 INFO  t.BloodPressurePageValidationTest - PASS: Team Details navigation assertion passed.
2026-01-13 11:59:17.607 INFO  listeners.Listener1 - onTestSuccess -> gotoTeamDetails
2026-01-13 11:59:17.612 INFO  tests.BaseTest - Tearing down webdriver
2026-01-13 11:59:22.431 INFO  tests.BaseTest - WebDriver quit successfully
2026-01-13 11:59:22.431 INFO  listeners.Listener1 - onTestStart -> gotoTeamDetails
2026-01-13 11:59:22.431 INFO  tests.AgeFactorPageValidationTest - Navigating to Team Details via AgeFactorPage.goToTeamDetails()
2026-01-13 11:59:22.431 INFO  pages.AgeFactorPage - Navigating to Team Details from Age Factor page...
2026-01-13 11:59:22.531 INFO  tests.BaseTest - WebDriver quit successfully
2026-01-13 11:59:22.548 INFO  listeners.Listener1 - onTestStart -> gotoTeamDetails
2026-01-13 11:59:22.548 INFO  tests.AgeFactorPageValidationTest - Navigating to Team Details via AgeFactorPage.goToTeamDetails()
2026-01-13 11:59:22.548 INFO  pages.AgeFactorPage - Navigating to Team Details from Age Factor page...
2026-01-13 11:59:22.698 INFO  pages.TopNavigation - Navigated to TeamDetails page
2026-01-13 11:59:22.698 INFO  pages.AgeFactorPage - Navigation to Team Details complete.
2026-01-13 11:59:22.714 INFO  tests.AgeFactorPageValidationTest - PASS: Team Details navigation assertion passed
2026-01-13 11:59:22.714 INFO  listeners.Listener1 - onTestSuccess -> gotoTeamDetails
2026-01-13 11:59:22.714 INFO  tests.BaseTest - Tearing down webdriver
2026-01-13 11:59:22.904 INFO  pages.TopNavigation - Navigated to TeamDetails page
2026-01-13 11:59:22.904 INFO  pages.AgeFactorPage - Navigation to Team Details complete.
2026-01-13 11:59:22.912 INFO  tests.AgeFactorPageValidationTest - PASS: Team Details navigation assertion passed
2026-01-13 11:59:22.913 INFO  listeners.Listener1 - onTestSuccess -> gotoTeamDetails
2026-01-13 11:59:22.916 INFO  tests.BaseTest - Tearing down webdriver
2026-01-13 11:59:27.662 INFO  tests.BaseTest - WebDriver quit successfully
2026-01-13 11:59:27.668 INFO  listeners.Listener1 - onTestStart -> gotoAgeFactor
2026-01-13 11:59:27.668 INFO  tests.BaseTest - === Starting 'gotoAgeFactor' test ===
2026-01-13 11:59:27.668 INFO  pages.TeamDetails - Navigating to Age Factor from Team Details page...
2026-01-13 11:59:28.002 INFO  pages.TopNavigation - Navigated to AgeFactor page
2026-01-13 11:59:28.002 INFO  pages.TeamDetails - Navigation to Age Factor complete.
2026-01-13 11:59:28.029 INFO  tests.BaseTest - Current URL after gotoAgeFactor(): https://hackvyatharth.github.io/Vitalguard_Team_Vanguardians/#ageFactor
2026-01-13 11:59:28.029 INFO  tests.BaseTest - PASS: 'gotoAgeFactor' assertion passed (URL contains '#ageFactor')
2026-01-13 11:59:28.029 INFO  tests.BaseTest - === Completed 'gotoAgeFactor' test ===
2026-01-13 11:59:28.030 INFO  listeners.Listener1 - onTestSuccess -> gotoAgeFactor
2026-01-13 11:59:28.031 INFO  tests.BaseTest - Tearing down webdriver
2026-01-13 11:59:28.073 INFO  tests.BaseTest - WebDriver quit successfully
2026-01-13 11:59:28.092 INFO  listeners.Listener1 - onTestStart -> gotoAgeFactor
2026-01-13 11:59:28.092 INFO  tests.BaseTest - === Starting 'gotoAgeFactor' test ===
2026-01-13 11:59:28.092 INFO  pages.TeamDetails - Navigating to Age Factor from Team Details page...
2026-01-13 11:59:28.375 INFO  pages.TopNavigation - Navigated to AgeFactor page
2026-01-13 11:59:28.375 INFO  pages.TeamDetails - Navigation to Age Factor complete.
2026-01-13 11:59:28.401 INFO  tests.BaseTest - Current URL after gotoAgeFactor(): https://hackvyatharth.github.io/Vitalguard_Team_Vanguardians/#ageFactor
2026-01-13 11:59:28.403 INFO  tests.BaseTest - PASS: 'gotoAgeFactor' assertion passed (URL contains '#ageFactor')
2026-01-13 11:59:28.403 INFO  tests.BaseTest - === Completed 'gotoAgeFactor' test ===
2026-01-13 11:59:28.403 INFO  listeners.Listener1 - onTestSuccess -> gotoAgeFactor
2026-01-13 11:59:28.412 INFO  tests.BaseTest - Tearing down webdriver
2026-01-13 11:59:31.214 INFO  tests.BaseTest - WebDriver quit successfully
2026-01-13 11:59:31.223 INFO  listeners.Listener1 - onTestStart -> isFeedbackBoxdisplayed
2026-01-13 11:59:31.225 INFO  tests.BaseTest - === Starting 'isFeedbackBoxdisplayed' test ===
2026-01-13 11:59:31.273 INFO  pages.ResultPage - Feedback Box present:true
2026-01-13 11:59:31.315 INFO  tests.BaseTest - Feedback box present? true
2026-01-13 11:59:31.315 INFO  tests.BaseTest - PASS: Feedback box is present
2026-01-13 11:59:31.315 INFO  tests.BaseTest - === Completed 'isFeedbackBoxdisplayed' test ===
2026-01-13 11:59:31.315 INFO  listeners.Listener1 - onTestSuccess -> isFeedbackBoxdisplayed
2026-01-13 11:59:31.329 INFO  tests.BaseTest - Tearing down webdriver
2026-01-13 11:59:32.998 INFO  tests.BaseTest - WebDriver quit successfully
2026-01-13 11:59:32.998 INFO  listeners.Listener1 - onTestStart -> isFeedbackBoxdisplayed
2026-01-13 11:59:32.998 INFO  tests.BaseTest - === Starting 'isFeedbackBoxdisplayed' test ===
2026-01-13 11:59:33.031 INFO  pages.ResultPage - Feedback Box present:true
2026-01-13 11:59:33.065 INFO  tests.BaseTest - Feedback box present? true
2026-01-13 11:59:33.065 INFO  tests.BaseTest - PASS: Feedback box is present
2026-01-13 11:59:33.065 INFO  tests.BaseTest - === Completed 'isFeedbackBoxdisplayed' test ===
2026-01-13 11:59:33.067 INFO  listeners.Listener1 - onTestSuccess -> isFeedbackBoxdisplayed
2026-01-13 11:59:33.069 INFO  tests.BaseTest - Tearing down webdriver
2026-01-13 11:59:35.389 INFO  tests.BaseTest - WebDriver quit successfully
2026-01-13 11:59:35.389 INFO  listeners.Listener1 - Flushing ExtentReports...
2026-01-13 11:59:35.964 INFO  listeners.Listener1 - ExtentReports flushed successfully
2026-01-13 11:59:35.964 INFO  listeners.Listener1 - Cleared testMap. Listener finished.
2026-01-13 11:59:36.956 INFO  tests.BaseTest - WebDriver quit successfully
2026-01-13 11:59:36.962 INFO  listeners.Listener1 - Flushing ExtentReports...
2026-01-13 11:59:37.103 INFO  listeners.Listener1 - ExtentReports flushed successfully
2026-01-13 11:59:37.103 INFO  listeners.Listener1 - Cleared testMap. Listener finished.
2026-01-13 12:04:53.321 INFO  org.testng.internal.Utils - [TestNG] Running:
  C:\Users\2457157\IdeaProjects\HealthIndexCalculator\project.xml

2026-01-13 12:04:53.360 INFO  listeners.Listener1 - Initializing ExtentReports. Report path: C:\Users\2457157\IdeaProjects\HealthIndexCalculator/reports/report5.html
2026-01-13 12:04:53.360 INFO  listeners.Listener1 - Initializing ExtentReports. Report path: C:\Users\2457157\IdeaProjects\HealthIndexCalculator/reports/report5.html
2026-01-13 12:04:53.523 INFO  listeners.Listener1 - System info set: Browser=chrome
2026-01-13 12:04:53.523 INFO  listeners.Listener1 - System info set: Browser=edge
2026-01-13 12:04:53.523 INFO  listeners.Listener1 - ExtentReports initialization complete
2026-01-13 12:04:53.523 INFO  listeners.Listener1 - ExtentReports initialization complete
2026-01-13 12:04:53.626 INFO  tests.BaseTest - Starting WebDriver and navigating to Home: https://hackvyatharth.github.io/Vitalguard_Team_Vanguardians/
2026-01-13 12:04:53.626 INFO  tests.BaseTest - Starting WebDriver and navigating to Home: https://hackvyatharth.github.io/Vitalguard_Team_Vanguardians/
2026-01-13 12:04:56.590 INFO  tests.BaseTest - chrome Browser started
2026-01-13 12:04:56.808 INFO  tests.BaseTest - edge Browser started
2026-01-13 12:04:57.352 INFO  tests.BaseTest - Initializing page objects: TopNavigation, HomePage
2026-01-13 12:04:57.397 INFO  tests.BaseTest - Setup completed for UrlValidationTest
2026-01-13 12:04:57.453 INFO  tests.BaseTest - Initializing page objects: TopNavigation, HomePage
2026-01-13 12:04:57.455 INFO  tests.BaseTest - Setup completed for UrlValidationTest
2026-01-13 12:04:57.496 INFO  listeners.Listener1 - onTestStart -> isURLWorking
2026-01-13 12:04:57.496 INFO  listeners.Listener1 - onTestStart -> isURLWorking
2026-01-13 12:04:57.510 INFO  tests.BaseTest - === Starting 'isURLWorking' test ===
2026-01-13 12:04:57.514 INFO  tests.BaseTest - === Starting 'isURLWorking' test ===
2026-01-13 12:04:57.570 INFO  pages.TopNavigation - Logo present:true
2026-01-13 12:04:57.570 INFO  pages.TopNavigation - Logo present:true
2026-01-13 12:04:57.597 INFO  pages.TopNavigation - Logo Text present:true
2026-01-13 12:04:57.597 INFO  pages.TopNavigation - Logo Text present:true
2026-01-13 12:04:57.620 INFO  pages.TopNavigation - Home field present:true
2026-01-13 12:04:57.626 INFO  pages.TopNavigation - Home field present:true
2026-01-13 12:04:57.650 INFO  pages.TopNavigation - HeartPulse field present:true
2026-01-13 12:04:57.657 INFO  pages.TopNavigation - HeartPulse field present:true
2026-01-13 12:04:57.689 INFO  pages.TopNavigation - BloodPressure field present:true
2026-01-13 12:04:57.703 INFO  pages.TopNavigation - BloodPressure field present:true
2026-01-13 12:04:57.729 INFO  pages.TopNavigation - AgeFactor field present:true
2026-01-13 12:04:57.734 INFO  pages.TopNavigation - AgeFactor field present:true
2026-01-13 12:04:57.797 INFO  pages.TopNavigation - TeamDetails field present:true
2026-01-13 12:04:57.802 INFO  pages.TopNavigation - TeamDetails field present:true
2026-01-13 12:04:57.829 INFO  pages.TopNavigation - TopNavigation bar present:true
2026-01-13 12:04:57.829 INFO  pages.HomePage - Waiting for left image to be visible...
2026-01-13 12:04:57.849 INFO  pages.TopNavigation - TopNavigation bar present:true
2026-01-13 12:04:57.849 INFO  pages.HomePage - Waiting for left image to be visible...
2026-01-13 12:04:57.895 INFO  pages.HomePage - Left image present: true
2026-01-13 12:04:57.902 INFO  pages.HomePage - Waiting for calculator form to be visible...
2026-01-13 12:04:57.913 INFO  pages.HomePage - Left image present: true
2026-01-13 12:04:57.913 INFO  pages.HomePage - Waiting for calculator form to be visible...
2026-01-13 12:04:57.958 INFO  pages.HomePage - Calculator form present: true
2026-01-13 12:04:57.959 INFO  tests.BaseTest - NavBar present? true
2026-01-13 12:04:57.959 INFO  tests.BaseTest - Left image present? true
2026-01-13 12:04:57.961 INFO  tests.BaseTest - Calculator present? true
2026-01-13 12:04:57.963 INFO  tests.BaseTest - PASS: Home page loaded successfully with all required elements
2026-01-13 12:04:57.963 INFO  tests.BaseTest - === Completed 'isURLWorking' test ===
2026-01-13 12:04:57.967 INFO  listeners.Listener1 - onTestSuccess -> isURLWorking
2026-01-13 12:04:57.971 INFO  pages.HomePage - Calculator form present: true
2026-01-13 12:04:57.971 INFO  tests.BaseTest - NavBar present? true
2026-01-13 12:04:57.972 INFO  tests.BaseTest - Left image present? true
2026-01-13 12:04:57.972 INFO  tests.BaseTest - Calculator present? true
2026-01-13 12:04:57.972 INFO  tests.BaseTest - PASS: Home page loaded successfully with all required elements
2026-01-13 12:04:57.972 INFO  tests.BaseTest - === Completed 'isURLWorking' test ===
2026-01-13 12:04:57.972 INFO  listeners.Listener1 - onTestSuccess -> isURLWorking
2026-01-13 12:04:58.057 INFO  tests.BaseTest - Tearing down webdriver
2026-01-13 12:04:58.057 INFO  tests.BaseTest - Tearing down webdriver
2026-01-13 12:05:01.856 INFO  tests.BaseTest - WebDriver quit successfully
2026-01-13 12:05:01.869 INFO  tests.BaseTest - Starting WebDriver and navigating to Home: https://hackvyatharth.github.io/Vitalguard_Team_Vanguardians/
2026-01-13 12:05:02.126 INFO  tests.BaseTest - WebDriver quit successfully
2026-01-13 12:05:02.129 INFO  tests.BaseTest - Starting WebDriver and navigating to Home: https://hackvyatharth.github.io/Vitalguard_Team_Vanguardians/
2026-01-13 12:05:04.018 INFO  tests.BaseTest - chrome Browser started
2026-01-13 12:05:04.333 INFO  tests.HeartPulsePageValidationTest - Initializing HeartPulsePage and TopNavigation with driver ChromeDriver: chrome on windows (83fd7886ccf1f03ac5aee9b57c2e406d)
2026-01-13 12:05:04.360 INFO  tests.HeartPulsePageValidationTest - Navigating to 'Heart Pulse' via top navigation
2026-01-13 12:05:05.205 INFO  tests.BaseTest - edge Browser started
2026-01-13 12:05:05.384 INFO  pages.TopNavigation - Navigated to HeartPulse page
2026-01-13 12:05:05.391 INFO  tests.HeartPulsePageValidationTest - Arrived at Heart Pulse page. Current URL: https://hackvyatharth.github.io/Vitalguard_Team_Vanguardians/#pulseRate
2026-01-13 12:05:05.404 INFO  listeners.Listener1 - onTestStart -> isHeadingPresent
2026-01-13 12:05:05.405 INFO  tests.HeartPulsePageValidationTest - Checking Heart Pulse page heading presence
2026-01-13 12:05:05.405 INFO  pages.HeartPulsePage - Waiting for Heart Pulse heading to be visible...
2026-01-13 12:05:05.459 INFO  pages.HeartPulsePage - Heading present: true
2026-01-13 12:05:05.461 INFO  tests.HeartPulsePageValidationTest - 'isHeadingPresent' assertion passed
2026-01-13 12:05:05.462 INFO  listeners.Listener1 - onTestSuccess -> isHeadingPresent
2026-01-13 12:05:05.472 INFO  listeners.Listener1 - onTestStart -> isTopNavPresent
2026-01-13 12:05:05.473 INFO  tests.HeartPulsePageValidationTest - Verifying top navigation presence on Heart Pulse page
2026-01-13 12:05:05.508 INFO  pages.TopNavigation - Logo present:true
2026-01-13 12:05:05.538 INFO  pages.TopNavigation - Logo Text present:true
2026-01-13 12:05:05.575 INFO  pages.TopNavigation - Home field present:true
2026-01-13 12:05:05.611 INFO  pages.TopNavigation - HeartPulse field present:true
2026-01-13 12:05:05.644 INFO  pages.TopNavigation - BloodPressure field present:true
2026-01-13 12:05:05.681 INFO  pages.TopNavigation - AgeFactor field present:true
2026-01-13 12:05:05.734 INFO  pages.TopNavigation - TeamDetails field present:true
2026-01-13 12:05:05.766 INFO  tests.HeartPulsePageValidationTest - Initializing HeartPulsePage and TopNavigation with driver EdgeDriver: MicrosoftEdge on windows (680a62acfbd7e83b293e365afd214359)
2026-01-13 12:05:05.768 INFO  tests.HeartPulsePageValidationTest - Navigating to 'Heart Pulse' via top navigation
2026-01-13 12:05:05.777 INFO  pages.TopNavigation - TopNavigation bar present:true
2026-01-13 12:05:05.778 INFO  pages.HeartPulsePage - Top navigation present: true
2026-01-13 12:05:05.778 INFO  tests.HeartPulsePageValidationTest - 'isTopNavPresent' assertion passed
2026-01-13 12:05:05.780 INFO  listeners.Listener1 - onTestSuccess -> isTopNavPresent
2026-01-13 12:05:05.786 INFO  tests.BaseTest - Starting WebDriver and navigating to Home: https://hackvyatharth.github.io/Vitalguard_Team_Vanguardians/
2026-01-13 12:05:05.903 INFO  pages.TopNavigation - Navigated to HeartPulse page
2026-01-13 12:05:05.910 INFO  tests.HeartPulsePageValidationTest - Arrived at Heart Pulse page. Current URL: https://hackvyatharth.github.io/Vitalguard_Team_Vanguardians/#pulseRate
2026-01-13 12:05:05.920 INFO  listeners.Listener1 - onTestStart -> isHeadingPresent
2026-01-13 12:05:05.921 INFO  tests.HeartPulsePageValidationTest - Checking Heart Pulse page heading presence
2026-01-13 12:05:05.921 INFO  pages.HeartPulsePage - Waiting for Heart Pulse heading to be visible...
2026-01-13 12:05:05.994 INFO  pages.HeartPulsePage - Heading present: true
2026-01-13 12:05:05.994 INFO  tests.HeartPulsePageValidationTest - 'isHeadingPresent' assertion passed
2026-01-13 12:05:05.996 INFO  listeners.Listener1 - onTestSuccess -> isHeadingPresent
2026-01-13 12:05:06.000 INFO  listeners.Listener1 - onTestStart -> isTopNavPresent
2026-01-13 12:05:06.000 INFO  tests.HeartPulsePageValidationTest - Verifying top navigation presence on Heart Pulse page
2026-01-13 12:05:06.029 INFO  pages.TopNavigation - Logo present:true
2026-01-13 12:05:06.056 INFO  pages.TopNavigation - Logo Text present:true
2026-01-13 12:05:06.089 INFO  pages.TopNavigation - Home field present:true
2026-01-13 12:05:06.109 INFO  pages.TopNavigation - HeartPulse field present:true
2026-01-13 12:05:06.151 INFO  pages.TopNavigation - BloodPressure field present:true
2026-01-13 12:05:06.178 INFO  pages.TopNavigation - AgeFactor field present:true
2026-01-13 12:05:06.254 INFO  pages.TopNavigation - TeamDetails field present:true
2026-01-13 12:05:06.285 INFO  pages.TopNavigation - TopNavigation bar present:true
2026-01-13 12:05:06.285 INFO  pages.HeartPulsePage - Top navigation present: true
2026-01-13 12:05:06.285 INFO  tests.HeartPulsePageValidationTest - 'isTopNavPresent' assertion passed
2026-01-13 12:05:06.285 INFO  listeners.Listener1 - onTestSuccess -> isTopNavPresent
2026-01-13 12:05:06.288 INFO  tests.BaseTest - Starting WebDriver and navigating to Home: https://hackvyatharth.github.io/Vitalguard_Team_Vanguardians/
2026-01-13 12:05:07.754 INFO  tests.BaseTest - chrome Browser started
2026-01-13 12:05:09.053 INFO  tests.BaseTest - Initializing HomePage and TopNavigation with driver
2026-01-13 12:05:09.054 INFO  tests.BaseTest - Navigating to Home page via TopNavigation.goToHome()
2026-01-13 12:05:09.206 INFO  tests.BaseTest - edge Browser started
2026-01-13 12:05:09.321 INFO  pages.TopNavigation - Navigated to Home page 
2026-01-13 12:05:09.352 INFO  tests.BaseTest - Arrived at Home page. Current URL: https://hackvyatharth.github.io/Vitalguard_Team_Vanguardians/#container
2026-01-13 12:05:09.388 INFO  listeners.Listener1 - onTestStart -> isTopNavPresent
2026-01-13 12:05:09.389 INFO  tests.BaseTest - === Starting 'isTopNavPresent' test ===
2026-01-13 12:05:09.451 INFO  pages.TopNavigation - Logo present:true
2026-01-13 12:05:09.480 INFO  pages.TopNavigation - Logo Text present:true
2026-01-13 12:05:09.504 INFO  pages.TopNavigation - Home field present:true
2026-01-13 12:05:09.535 INFO  pages.TopNavigation - HeartPulse field present:true
2026-01-13 12:05:09.583 INFO  pages.TopNavigation - BloodPressure field present:true
2026-01-13 12:05:09.612 INFO  pages.TopNavigation - AgeFactor field present:true
2026-01-13 12:05:09.614 INFO  tests.BaseTest - Initializing HomePage and TopNavigation with driver
2026-01-13 12:05:09.615 INFO  tests.BaseTest - Navigating to Home page via TopNavigation.goToHome()
2026-01-13 12:05:09.671 INFO  pages.TopNavigation - TeamDetails field present:true
2026-01-13 12:05:09.700 INFO  pages.TopNavigation - TopNavigation bar present:true
2026-01-13 12:05:09.700 INFO  pages.HomePage - Top navigation present: true
2026-01-13 12:05:09.700 INFO  tests.BaseTest - PASS: Top navigation is present
2026-01-13 12:05:09.700 INFO  tests.BaseTest - === Completed 'isTopNavPresent' test ===
2026-01-13 12:05:09.700 INFO  listeners.Listener1 - onTestSuccess -> isTopNavPresent
2026-01-13 12:05:09.706 INFO  listeners.Listener1 - onTestStart -> gotoHome
2026-01-13 12:05:09.706 INFO  tests.HeartPulsePageValidationTest - Navigating to Home from Heart Pulse page
2026-01-13 12:05:09.706 INFO  pages.HeartPulsePage - Navigating to Home from Heart Pulse page...
2026-01-13 12:05:09.812 INFO  pages.TopNavigation - Navigated to Home page 
2026-01-13 12:05:09.812 INFO  pages.HeartPulsePage - Navigation to Home complete.
2026-01-13 12:05:09.819 INFO  tests.HeartPulsePageValidationTest - URL after goToHome(): https://hackvyatharth.github.io/Vitalguard_Team_Vanguardians/#container
2026-01-13 12:05:09.819 INFO  tests.HeartPulsePageValidationTest - 'gotoHome' assertion passed
2026-01-13 12:05:09.820 INFO  listeners.Listener1 - onTestSuccess -> gotoHome
2026-01-13 12:05:09.828 INFO  tests.BaseTest - Starting WebDriver and navigating to Home: https://hackvyatharth.github.io/Vitalguard_Team_Vanguardians/
2026-01-13 12:05:10.203 INFO  pages.TopNavigation - Navigated to Home page 
2026-01-13 12:05:10.215 INFO  tests.BaseTest - Arrived at Home page. Current URL: https://hackvyatharth.github.io/Vitalguard_Team_Vanguardians/#container
2026-01-13 12:05:10.234 INFO  listeners.Listener1 - onTestStart -> isTopNavPresent
2026-01-13 12:05:10.236 INFO  tests.BaseTest - === Starting 'isTopNavPresent' test ===
2026-01-13 12:05:10.269 INFO  pages.TopNavigation - Logo present:true
2026-01-13 12:05:10.301 INFO  pages.TopNavigation - Logo Text present:true
2026-01-13 12:05:10.345 INFO  pages.TopNavigation - Home field present:true
2026-01-13 12:05:10.373 INFO  pages.TopNavigation - HeartPulse field present:true
2026-01-13 12:05:10.408 INFO  pages.TopNavigation - BloodPressure field present:true
2026-01-13 12:05:10.439 INFO  pages.TopNavigation - AgeFactor field present:true
2026-01-13 12:05:10.488 INFO  pages.TopNavigation - TeamDetails field present:true
2026-01-13 12:05:10.513 INFO  pages.TopNavigation - TopNavigation bar present:true
2026-01-13 12:05:10.513 INFO  pages.HomePage - Top navigation present: true
2026-01-13 12:05:10.513 INFO  tests.BaseTest - PASS: Top navigation is present
2026-01-13 12:05:10.513 INFO  tests.BaseTest - === Completed 'isTopNavPresent' test ===
2026-01-13 12:05:10.513 INFO  listeners.Listener1 - onTestSuccess -> isTopNavPresent
2026-01-13 12:05:10.519 INFO  listeners.Listener1 - onTestStart -> gotoHome
2026-01-13 12:05:10.520 INFO  tests.HeartPulsePageValidationTest - Navigating to Home from Heart Pulse page
2026-01-13 12:05:10.520 INFO  pages.HeartPulsePage - Navigating to Home from Heart Pulse page...
2026-01-13 12:05:10.621 INFO  pages.TopNavigation - Navigated to Home page 
2026-01-13 12:05:10.621 INFO  pages.HeartPulsePage - Navigation to Home complete.
2026-01-13 12:05:10.634 INFO  tests.HeartPulsePageValidationTest - URL after goToHome(): https://hackvyatharth.github.io/Vitalguard_Team_Vanguardians/#container
2026-01-13 12:05:10.635 INFO  tests.HeartPulsePageValidationTest - 'gotoHome' assertion passed
2026-01-13 12:05:10.635 INFO  listeners.Listener1 - onTestSuccess -> gotoHome
2026-01-13 12:05:10.638 INFO  tests.BaseTest - Starting WebDriver and navigating to Home: https://hackvyatharth.github.io/Vitalguard_Team_Vanguardians/
2026-01-13 12:05:11.902 INFO  tests.BaseTest - chrome Browser started
2026-01-13 12:05:12.452 INFO  t.BloodPressurePageValidationTest - Initializing BloodPressurePage and TopNavigation...
2026-01-13 12:05:12.461 INFO  t.BloodPressurePageValidationTest - Navigating to 'Blood Pressure' via top navigation...
2026-01-13 12:05:12.679 INFO  pages.TopNavigation - Navigated to BloodPressure page
2026-01-13 12:05:12.707 INFO  t.BloodPressurePageValidationTest - Arrived at Blood Pressure page. Current URL: https://hackvyatharth.github.io/Vitalguard_Team_Vanguardians/#bloodPressure
2026-01-13 12:05:12.758 INFO  listeners.Listener1 - onTestStart -> isTopNavPresent
2026-01-13 12:05:12.758 INFO  t.BloodPressurePageValidationTest - === Starting 'isTopNavPresent' test ===
2026-01-13 12:05:13.007 INFO  pages.TopNavigation - Logo present:true
2026-01-13 12:05:13.501 INFO  pages.TopNavigation - Logo Text present:true
2026-01-13 12:05:13.619 INFO  tests.BaseTest - edge Browser started
2026-01-13 12:05:13.671 INFO  pages.TopNavigation - Home field present:true
2026-01-13 12:05:13.756 INFO  pages.TopNavigation - HeartPulse field present:true
2026-01-13 12:05:13.804 INFO  pages.TopNavigation - BloodPressure field present:true
2026-01-13 12:05:13.840 INFO  pages.TopNavigation - AgeFactor field present:true
2026-01-13 12:05:13.914 INFO  pages.TopNavigation - TeamDetails field present:true
2026-01-13 12:05:13.940 INFO  pages.TopNavigation - TopNavigation bar present:true
2026-01-13 12:05:13.940 INFO  pages.BloodPressurePage - Top navigation present: true
2026-01-13 12:05:13.945 INFO  t.BloodPressurePageValidationTest - PASS: Top navigation presence assertion passed.
2026-01-13 12:05:13.946 INFO  t.BloodPressurePageValidationTest - === Completed 'isTopNavPresent' test ===
2026-01-13 12:05:13.946 INFO  listeners.Listener1 - onTestSuccess -> isTopNavPresent
2026-01-13 12:05:13.951 INFO  tests.BaseTest - Starting WebDriver and navigating to Home: https://hackvyatharth.github.io/Vitalguard_Team_Vanguardians/
2026-01-13 12:05:14.471 INFO  t.BloodPressurePageValidationTest - Initializing BloodPressurePage and TopNavigation...
2026-01-13 12:05:14.475 INFO  t.BloodPressurePageValidationTest - Navigating to 'Blood Pressure' via top navigation...
2026-01-13 12:05:14.614 INFO  pages.TopNavigation - Navigated to BloodPressure page
2026-01-13 12:05:14.623 INFO  t.BloodPressurePageValidationTest - Arrived at Blood Pressure page. Current URL: https://hackvyatharth.github.io/Vitalguard_Team_Vanguardians/#bloodPressure
2026-01-13 12:05:14.641 INFO  listeners.Listener1 - onTestStart -> isTopNavPresent
2026-01-13 12:05:14.641 INFO  t.BloodPressurePageValidationTest - === Starting 'isTopNavPresent' test ===
2026-01-13 12:05:14.703 INFO  pages.TopNavigation - Logo present:true
2026-01-13 12:05:14.741 INFO  pages.TopNavigation - Logo Text present:true
2026-01-13 12:05:14.780 INFO  pages.TopNavigation - Home field present:true
2026-01-13 12:05:14.804 INFO  pages.TopNavigation - HeartPulse field present:true
2026-01-13 12:05:14.832 INFO  pages.TopNavigation - BloodPressure field present:true
2026-01-13 12:05:14.857 INFO  pages.TopNavigation - AgeFactor field present:true
2026-01-13 12:05:14.908 INFO  pages.TopNavigation - TeamDetails field present:true
2026-01-13 12:05:14.953 INFO  pages.TopNavigation - TopNavigation bar present:true
2026-01-13 12:05:14.953 INFO  pages.BloodPressurePage - Top navigation present: true
2026-01-13 12:05:14.953 INFO  t.BloodPressurePageValidationTest - PASS: Top navigation presence assertion passed.
2026-01-13 12:05:14.953 INFO  t.BloodPressurePageValidationTest - === Completed 'isTopNavPresent' test ===
2026-01-13 12:05:14.953 INFO  listeners.Listener1 - onTestSuccess -> isTopNavPresent
2026-01-13 12:05:14.957 INFO  tests.BaseTest - Starting WebDriver and navigating to Home: https://hackvyatharth.github.io/Vitalguard_Team_Vanguardians/
2026-01-13 12:05:16.199 INFO  tests.BaseTest - chrome Browser started
2026-01-13 12:05:16.682 INFO  tests.AgeFactorPageValidationTest - Initializing AgeFactorPage and TopNavigation for driver: ChromeDriver: chrome on windows (02b7063f3c6dfc08bd31c6af62635dd0)
2026-01-13 12:05:16.686 INFO  tests.AgeFactorPageValidationTest - Navigating to 'Age Factor' via top navigation
2026-01-13 12:05:16.816 INFO  pages.TopNavigation - Navigated to AgeFactor page
2026-01-13 12:05:16.816 INFO  tests.AgeFactorPageValidationTest - Arrived at Age factor page
2026-01-13 12:05:16.830 INFO  listeners.Listener1 - onTestStart -> isTopNavPresent
2026-01-13 12:05:16.831 INFO  tests.AgeFactorPageValidationTest - Verifying top navigation presence on Age Factor page
2026-01-13 12:05:16.865 INFO  pages.TopNavigation - Logo present:true
2026-01-13 12:05:16.931 INFO  pages.TopNavigation - Logo Text present:true
2026-01-13 12:05:16.971 INFO  pages.TopNavigation - Home field present:true
2026-01-13 12:05:17.006 INFO  pages.TopNavigation - HeartPulse field present:true
2026-01-13 12:05:17.038 INFO  pages.TopNavigation - BloodPressure field present:true
2026-01-13 12:05:17.074 INFO  pages.TopNavigation - AgeFactor field present:true
2026-01-13 12:05:17.124 INFO  pages.TopNavigation - TeamDetails field present:true
2026-01-13 12:05:17.150 INFO  pages.TopNavigation - TopNavigation bar present:true
2026-01-13 12:05:17.150 INFO  pages.AgeFactorPage - Top navigation present: true
2026-01-13 12:05:17.150 INFO  tests.AgeFactorPageValidationTest - PASS: Top navigation presence assertion passed
2026-01-13 12:05:17.150 INFO  listeners.Listener1 - onTestSuccess -> isTopNavPresent
2026-01-13 12:05:17.158 INFO  tests.BaseTest - Starting WebDriver and navigating to Home: https://hackvyatharth.github.io/Vitalguard_Team_Vanguardians/
2026-01-13 12:05:18.368 INFO  tests.BaseTest - edge Browser started
2026-01-13 12:05:19.502 INFO  tests.AgeFactorPageValidationTest - Initializing AgeFactorPage and TopNavigation for driver: EdgeDriver: MicrosoftEdge on windows (a7a7c0cf050bb12b97d8be6db6968326)
2026-01-13 12:05:19.516 INFO  tests.AgeFactorPageValidationTest - Navigating to 'Age Factor' via top navigation
2026-01-13 12:05:20.404 INFO  tests.BaseTest - chrome Browser started
2026-01-13 12:05:20.586 INFO  pages.TopNavigation - Navigated to AgeFactor page
2026-01-13 12:05:20.586 INFO  tests.AgeFactorPageValidationTest - Arrived at Age factor page
2026-01-13 12:05:20.638 INFO  listeners.Listener1 - onTestStart -> isTopNavPresent
2026-01-13 12:05:20.640 INFO  tests.AgeFactorPageValidationTest - Verifying top navigation presence on Age Factor page
2026-01-13 12:05:20.766 INFO  pages.TopNavigation - Logo present:true
2026-01-13 12:05:20.816 INFO  pages.TopNavigation - Logo Text present:true
2026-01-13 12:05:20.839 INFO  tests.BaseTest - Initializing page objects: TeamDetails, TopNavigation
2026-01-13 12:05:20.853 INFO  tests.BaseTest - Navigating to Team Details page via TopNavigation
2026-01-13 12:05:20.883 INFO  pages.TopNavigation - Home field present:true
2026-01-13 12:05:20.924 INFO  pages.TopNavigation - HeartPulse field present:true
2026-01-13 12:05:20.971 INFO  pages.TopNavigation - BloodPressure field present:true
2026-01-13 12:05:21.024 INFO  pages.TopNavigation - AgeFactor field present:true
2026-01-13 12:05:21.158 INFO  pages.TopNavigation - TeamDetails field present:true
2026-01-13 12:05:21.235 INFO  pages.TopNavigation - TopNavigation bar present:true
2026-01-13 12:05:21.235 INFO  pages.AgeFactorPage - Top navigation present: true
2026-01-13 12:05:21.235 INFO  tests.AgeFactorPageValidationTest - PASS: Top navigation presence assertion passed
2026-01-13 12:05:21.235 INFO  listeners.Listener1 - onTestSuccess -> isTopNavPresent
2026-01-13 12:05:21.246 INFO  tests.BaseTest - Starting WebDriver and navigating to Home: https://hackvyatharth.github.io/Vitalguard_Team_Vanguardians/
2026-01-13 12:05:21.417 INFO  pages.TopNavigation - Navigated to TeamDetails page
2026-01-13 12:05:21.417 INFO  tests.BaseTest - Setup completed for TeamDetailsPageValidationTest
2026-01-13 12:05:21.422 INFO  listeners.Listener1 - onTestStart -> isTopNavPresent
2026-01-13 12:05:21.431 INFO  tests.BaseTest - === Starting 'isTopNavPresent' test ===
2026-01-13 12:05:21.513 INFO  pages.TopNavigation - Logo present:true
2026-01-13 12:05:21.549 INFO  pages.TopNavigation - Logo Text present:true
2026-01-13 12:05:21.586 INFO  pages.TopNavigation - Home field present:true
2026-01-13 12:05:21.615 INFO  pages.TopNavigation - HeartPulse field present:true
2026-01-13 12:05:21.646 INFO  pages.TopNavigation - BloodPressure field present:true
2026-01-13 12:05:21.675 INFO  pages.TopNavigation - AgeFactor field present:true
2026-01-13 12:05:21.720 INFO  pages.TopNavigation - TeamDetails field present:true
2026-01-13 12:05:21.742 INFO  pages.TopNavigation - TopNavigation bar present:true
2026-01-13 12:05:21.742 INFO  pages.TeamDetails - Top navigation present: true
2026-01-13 12:05:21.745 INFO  tests.BaseTest - Top navigation present? true
2026-01-13 12:05:21.745 INFO  tests.BaseTest - PASS: Top navigation is present
2026-01-13 12:05:21.747 INFO  tests.BaseTest - === Completed 'isTopNavPresent' test ===
2026-01-13 12:05:21.747 INFO  listeners.Listener1 - onTestSuccess -> isTopNavPresent
2026-01-13 12:05:21.751 INFO  tests.BaseTest - Starting WebDriver and navigating to Home: https://hackvyatharth.github.io/Vitalguard_Team_Vanguardians/
2026-01-13 12:05:24.682 INFO  tests.BaseTest - edge Browser started
2026-01-13 12:05:25.140 INFO  tests.BaseTest - chrome Browser started
2026-01-13 12:05:25.489 INFO  tests.BaseTest - Initializing CalculatorForm, ExcelDataManager, TopNavigation
2026-01-13 12:05:25.501 INFO  tests.BaseTest - Initializing page objects: TeamDetails, TopNavigation
2026-01-13 12:05:25.507 INFO  tests.BaseTest - Navigating to Team Details page via TopNavigation
2026-01-13 12:05:25.764 INFO  tests.BaseTest - Setup complete for CalculatorFunctionalityTest
2026-01-13 12:05:25.768 INFO  listeners.Listener1 - onTestStart -> isFormHeadingPresent
2026-01-13 12:05:25.768 INFO  tests.BaseTest - Verifying form heading presence
2026-01-13 12:05:25.770 INFO  pages.CalculatorForm - Waiting for form heading to be visible...
2026-01-13 12:05:25.890 INFO  pages.TopNavigation - Navigated to TeamDetails page
2026-01-13 12:05:25.890 INFO  tests.BaseTest - Setup completed for TeamDetailsPageValidationTest
2026-01-13 12:05:25.903 INFO  pages.CalculatorForm - Form heading present: true
2026-01-13 12:05:25.904 INFO  tests.BaseTest - Form Heading assertion passed
2026-01-13 12:05:25.904 INFO  listeners.Listener1 - onTestSuccess -> isFormHeadingPresent
2026-01-13 12:05:25.905 INFO  listeners.Listener1 - onTestStart -> isTopNavPresent
2026-01-13 12:05:25.907 INFO  tests.BaseTest - === Starting 'isTopNavPresent' test ===
2026-01-13 12:05:25.923 INFO  tests.BaseTest - Starting WebDriver and navigating to Home: https://hackvyatharth.github.io/Vitalguard_Team_Vanguardians/
2026-01-13 12:05:26.049 INFO  pages.TopNavigation - Logo present:true
2026-01-13 12:05:26.087 INFO  pages.TopNavigation - Logo Text present:true
2026-01-13 12:05:26.152 INFO  pages.TopNavigation - Home field present:true
2026-01-13 12:05:26.201 INFO  pages.TopNavigation - HeartPulse field present:true
2026-01-13 12:05:26.253 INFO  pages.TopNavigation - BloodPressure field present:true
2026-01-13 12:05:26.300 INFO  pages.TopNavigation - AgeFactor field present:true
2026-01-13 12:05:26.382 INFO  pages.TopNavigation - TeamDetails field present:true
2026-01-13 12:05:26.408 INFO  pages.TopNavigation - TopNavigation bar present:true
2026-01-13 12:05:26.408 INFO  pages.TeamDetails - Top navigation present: true
2026-01-13 12:05:26.408 INFO  tests.BaseTest - Top navigation present? true
2026-01-13 12:05:26.413 INFO  tests.BaseTest - PASS: Top navigation is present
2026-01-13 12:05:26.413 INFO  tests.BaseTest - === Completed 'isTopNavPresent' test ===
2026-01-13 12:05:26.413 INFO  listeners.Listener1 - onTestSuccess -> isTopNavPresent
2026-01-13 12:05:26.418 INFO  tests.BaseTest - Starting WebDriver and navigating to Home: https://hackvyatharth.github.io/Vitalguard_Team_Vanguardians/
2026-01-13 12:05:29.092 INFO  tests.BaseTest - chrome Browser started
2026-01-13 12:05:29.440 INFO  tests.BaseTest - Initializing page objects: TopNavigation, CalculatorForm, ResultPage
2026-01-13 12:05:29.473 INFO  tests.BaseTest - Page objects initialized successfully
2026-01-13 12:05:29.489 INFO  tests.BaseTest - Providing data for 'resultPageCheck'
2026-01-13 12:05:29.489 INFO  tests.BaseTest - Data provided: 1 row(s)
2026-01-13 12:05:29.540 INFO  listeners.Listener1 - onTestStart -> resultPageCheck
2026-01-13 12:05:29.558 INFO  listeners.Listener1 - Parameters for resultPageCheck: [20, 67, 120/80]
2026-01-13 12:05:29.659 INFO  tests.BaseTest - === Starting 'resultPageCheck' test ===
2026-01-13 12:05:29.659 INFO  tests.BaseTest - Input data -> Age: 20, Pulse: 67, BP: 120/80
2026-01-13 12:05:29.699 INFO  tests.BaseTest - Entering age
2026-01-13 12:05:29.699 INFO  pages.CalculatorForm - Entering Age: 20
2026-01-13 12:05:31.169 INFO  tests.BaseTest - edge Browser started
2026-01-13 12:05:31.538 INFO  tests.BaseTest - Initializing CalculatorForm, ExcelDataManager, TopNavigation
2026-01-13 12:05:31.539 INFO  tests.BaseTest - Setup complete for CalculatorFunctionalityTest
2026-01-13 12:05:31.550 INFO  listeners.Listener1 - onTestStart -> isFormHeadingPresent
2026-01-13 12:05:31.551 INFO  tests.BaseTest - Verifying form heading presence
2026-01-13 12:05:31.551 INFO  pages.CalculatorForm - Waiting for form heading to be visible...
2026-01-13 12:05:31.607 INFO  tests.BaseTest - Entering pulse
2026-01-13 12:05:31.608 INFO  pages.CalculatorForm - Entering Pulse: 67
2026-01-13 12:05:31.952 INFO  pages.CalculatorForm - Form heading present: true
2026-01-13 12:05:31.952 INFO  tests.BaseTest - Form Heading assertion passed
2026-01-13 12:05:31.953 INFO  listeners.Listener1 - onTestSuccess -> isFormHeadingPresent
2026-01-13 12:05:31.956 INFO  tests.BaseTest - Starting WebDriver and navigating to Home: https://hackvyatharth.github.io/Vitalguard_Team_Vanguardians/
2026-01-13 12:05:32.222 INFO  tests.BaseTest - Entering blood pressure
2026-01-13 12:05:32.222 INFO  pages.CalculatorForm - Entering Blood Pressure: 120/80
2026-01-13 12:05:32.669 INFO  tests.BaseTest - Clicking Calculate
2026-01-13 12:05:32.669 INFO  pages.CalculatorForm - Clicking Calculate button...
2026-01-13 12:05:33.104 INFO  pages.CalculatorForm - Calculate button clicked.
2026-01-13 12:05:33.104 INFO  tests.BaseTest - Locating feedback text area
2026-01-13 12:05:33.166 INFO  tests.BaseTest - Computing scroll metrics: scrollHeight vs clientHeight
2026-01-13 12:05:33.241 INFO  tests.BaseTest - scrollHeight: 120
2026-01-13 12:05:33.241 INFO  tests.BaseTest - clientHeight: 76
2026-01-13 12:05:33.241 INFO  tests.BaseTest - Is feedback textarea scrollable? true
2026-01-13 12:05:33.241 INFO  tests.BaseTest - PASS: The result text box is scrollable
2026-01-13 12:05:33.251 INFO  tests.BaseTest - Checking CSS 'resize' property
2026-01-13 12:05:33.287 INFO  tests.BaseTest - resize CSS value: vertical
2026-01-13 12:05:33.288 INFO  tests.BaseTest - Is feedback textarea resizable? true
2026-01-13 12:05:33.288 INFO  tests.BaseTest - PASS: The result textbox is resizable
2026-01-13 12:05:33.288 INFO  tests.BaseTest - Asserting all soft assertions
2026-01-13 12:05:33.288 INFO  tests.BaseTest - === Completed 'resultPageCheck' test ===
2026-01-13 12:05:33.288 INFO  listeners.Listener1 - onTestSuccess -> resultPageCheck
2026-01-13 12:05:33.299 INFO  listeners.Listener1 - onTestStart -> isLeftImagePresent
2026-01-13 12:05:33.301 INFO  tests.BaseTest - === Starting 'isLeftImagePresent' test ===
2026-01-13 12:05:33.301 INFO  pages.HomePage - Waiting for left image to be visible...
2026-01-13 12:05:33.386 INFO  pages.HomePage - Left image present: true
2026-01-13 12:05:33.386 INFO  tests.BaseTest - PASS: Left image is present
2026-01-13 12:05:33.386 INFO  tests.BaseTest - === Completed 'isLeftImagePresent' test ===
2026-01-13 12:05:33.386 INFO  listeners.Listener1 - onTestSuccess -> isLeftImagePresent
2026-01-13 12:05:33.391 INFO  listeners.Listener1 - onTestStart -> gotoBloodPressure
2026-01-13 12:05:33.403 INFO  tests.HeartPulsePageValidationTest - Navigating to Blood Pressure from Heart Pulse page
2026-01-13 12:05:33.406 INFO  pages.HeartPulsePage - Navigating to Blood Pressure from Heart Pulse page...
2026-01-13 12:05:33.817 INFO  pages.TopNavigation - Navigated to BloodPressure page
2026-01-13 12:05:33.818 INFO  pages.HeartPulsePage - Navigation to Blood Pressure complete.
2026-01-13 12:05:33.851 INFO  tests.HeartPulsePageValidationTest - URL after goToBloodPressure(): https://hackvyatharth.github.io/Vitalguard_Team_Vanguardians/#bloodPressure
2026-01-13 12:05:33.851 INFO  tests.HeartPulsePageValidationTest - 'gotoBloodPressure' assertion passed
2026-01-13 12:05:33.851 INFO  listeners.Listener1 - onTestSuccess -> gotoBloodPressure
2026-01-13 12:05:33.868 INFO  listeners.Listener1 - onTestStart -> isHeadingPresent
2026-01-13 12:05:33.868 INFO  t.BloodPressurePageValidationTest - === Starting 'isHeadingPresent' test ===
2026-01-13 12:05:33.870 INFO  pages.BloodPressurePage - Waiting for Blood Pressure heading to be visible...
2026-01-13 12:05:34.003 INFO  pages.BloodPressurePage - Heading present: true
2026-01-13 12:05:34.003 INFO  t.BloodPressurePageValidationTest - PASS: Heading presence assertion passed.
2026-01-13 12:05:34.003 INFO  t.BloodPressurePageValidationTest - === Completed 'isHeadingPresent' test ===
2026-01-13 12:05:34.003 INFO  listeners.Listener1 - onTestSuccess -> isHeadingPresent
2026-01-13 12:05:34.014 INFO  listeners.Listener1 - onTestStart -> isHeadingPresent
2026-01-13 12:05:34.018 INFO  tests.AgeFactorPageValidationTest - Checking Age Factor page heading presence (and style if applicable)
2026-01-13 12:05:34.272 INFO  pages.AgeFactorPage - Heading present: true
2026-01-13 12:05:34.274 INFO  tests.AgeFactorPageValidationTest - PASS: Heading presence assertion passed
2026-01-13 12:05:34.274 INFO  listeners.Listener1 - onTestSuccess -> isHeadingPresent
2026-01-13 12:05:34.283 INFO  listeners.Listener1 - onTestStart -> isHeadingPresent
2026-01-13 12:05:34.285 INFO  tests.BaseTest - === Starting 'isHeadingPresent' test ===
2026-01-13 12:05:34.285 INFO  pages.TeamDetails - Waiting for Team Details heading to be visible...
2026-01-13 12:05:34.488 INFO  pages.TeamDetails - Team Details heading present: true
2026-01-13 12:05:34.488 INFO  tests.BaseTest - Heading present? true
2026-01-13 12:05:34.488 INFO  tests.BaseTest - PASS: Heading is present
2026-01-13 12:05:34.488 INFO  tests.BaseTest - === Completed 'isHeadingPresent' test ===
2026-01-13 12:05:34.489 INFO  listeners.Listener1 - onTestSuccess -> isHeadingPresent
2026-01-13 12:05:34.507 INFO  listeners.Listener1 - onTestStart -> isAgeFieldPresent
2026-01-13 12:05:34.522 INFO  tests.BaseTest - Verifying age field presence
2026-01-13 12:05:34.522 INFO  pages.CalculatorForm - Waiting for Age field to be visible...
2026-01-13 12:05:34.954 INFO  pages.CalculatorForm - Age field present: true
2026-01-13 12:05:34.954 INFO  tests.BaseTest - Age field presence assertion passed
2026-01-13 12:05:34.955 INFO  listeners.Listener1 - onTestSuccess -> isAgeFieldPresent
2026-01-13 12:05:34.972 INFO  listeners.Listener1 - onTestStart -> isLogoPresent
2026-01-13 12:05:34.985 INFO  tests.BaseTest - === Starting 'isLogoPresent' test ===
2026-01-13 12:05:35.151 INFO  pages.TopNavigation - Logo present:true
2026-01-13 12:05:35.152 INFO  pages.ResultPage - Logo Present:true
2026-01-13 12:05:35.235 INFO  pages.TopNavigation - Logo present:true
2026-01-13 12:05:35.235 INFO  tests.BaseTest - Logo present? true
2026-01-13 12:05:35.235 INFO  tests.BaseTest - PASS: Logo is visible
2026-01-13 12:05:35.235 INFO  tests.BaseTest - === Completed 'isLogoPresent' test ===
2026-01-13 12:05:35.236 INFO  listeners.Listener1 - onTestSuccess -> isLogoPresent
2026-01-13 12:05:35.252 INFO  listeners.Listener1 - onTestStart -> isCalculatorPresent
2026-01-13 12:05:35.253 INFO  tests.BaseTest - === Starting 'isCalculatorPresent' test ===
2026-01-13 12:05:35.253 INFO  pages.HomePage - Waiting for calculator form to be visible...
2026-01-13 12:05:35.508 INFO  pages.HomePage - Calculator form present: true
2026-01-13 12:05:35.508 INFO  tests.BaseTest - PASS: Calculator is present
2026-01-13 12:05:35.508 INFO  tests.BaseTest - === Completed 'isCalculatorPresent' test ===
2026-01-13 12:05:35.508 INFO  listeners.Listener1 - onTestSuccess -> isCalculatorPresent
2026-01-13 12:05:35.520 INFO  listeners.Listener1 - onTestStart -> gotoAgeFactor
2026-01-13 12:05:35.521 INFO  tests.HeartPulsePageValidationTest - Navigating to Age Factor from Heart Pulse page
2026-01-13 12:05:35.521 INFO  pages.HeartPulsePage - Navigating to Age Factor from Heart Pulse page...
2026-01-13 12:05:36.237 INFO  tests.BaseTest - edge Browser started
2026-01-13 12:05:36.472 INFO  pages.TopNavigation - Navigated to AgeFactor page
2026-01-13 12:05:36.472 INFO  pages.HeartPulsePage - Navigation to Age Factor complete.
2026-01-13 12:05:36.509 INFO  tests.HeartPulsePageValidationTest - URL after goToAgeFactor(): https://hackvyatharth.github.io/Vitalguard_Team_Vanguardians/#ageFactor
2026-01-13 12:05:36.509 INFO  tests.HeartPulsePageValidationTest - 'gotoAgeFactor' assertion passed
2026-01-13 12:05:36.509 INFO  listeners.Listener1 - onTestSuccess -> gotoAgeFactor
2026-01-13 12:05:36.522 INFO  listeners.Listener1 - onTestStart -> isInfoPresent
2026-01-13 12:05:36.522 INFO  t.BloodPressurePageValidationTest - === Starting 'isInfoPresent' test ===
2026-01-13 12:05:36.523 INFO  pages.BloodPressurePage - Waiting for Blood Pressure informational block to be visible...
2026-01-13 12:05:36.635 INFO  pages.BloodPressurePage - Info block present: true
2026-01-13 12:05:36.636 INFO  t.BloodPressurePageValidationTest - PASS: Information block presence assertion passed.
2026-01-13 12:05:36.636 INFO  t.BloodPressurePageValidationTest - === Completed 'isInfoPresent' test ===
2026-01-13 12:05:36.636 INFO  listeners.Listener1 - onTestSuccess -> isInfoPresent
2026-01-13 12:05:36.637 INFO  tests.BaseTest - Initializing page objects: TopNavigation, CalculatorForm, ResultPage
2026-01-13 12:05:36.639 INFO  tests.BaseTest - Page objects initialized successfully
2026-01-13 12:05:36.667 INFO  tests.BaseTest - Providing data for 'resultPageCheck'
2026-01-13 12:05:36.667 INFO  tests.BaseTest - Data provided: 1 row(s)
2026-01-13 12:05:36.670 INFO  listeners.Listener1 - onTestStart -> isInfoPresent
2026-01-13 12:05:36.672 INFO  tests.AgeFactorPageValidationTest - Validating informational block (white text per spec) on Age Factor page
2026-01-13 12:05:36.675 INFO  listeners.Listener1 - onTestStart -> resultPageCheck
2026-01-13 12:05:36.683 INFO  listeners.Listener1 - Parameters for resultPageCheck: [20, 67, 120/80]
2026-01-13 12:05:36.684 INFO  tests.BaseTest - === Starting 'resultPageCheck' test ===
2026-01-13 12:05:36.684 INFO  tests.BaseTest - Input data -> Age: 20, Pulse: 67, BP: 120/80
2026-01-13 12:05:36.684 INFO  tests.BaseTest - Entering age
2026-01-13 12:05:36.684 INFO  pages.CalculatorForm - Entering Age: 20
2026-01-13 12:05:36.771 INFO  pages.AgeFactorPage - Info block present: true
2026-01-13 12:05:36.772 INFO  tests.AgeFactorPageValidationTest - PASS: Info block presence assertion passed
2026-01-13 12:05:36.772 INFO  listeners.Listener1 - onTestSuccess -> isInfoPresent
2026-01-13 12:05:36.781 INFO  listeners.Listener1 - onTestStart -> isTeamDetailsPresent
2026-01-13 12:05:36.783 INFO  tests.BaseTest - === Starting 'isTeamDetailsPresent' test ===
2026-01-13 12:05:36.783 INFO  pages.TeamDetails - Waiting for Team members list to be visible...
2026-01-13 12:05:36.865 INFO  pages.TeamDetails - Team members list present: true
2026-01-13 12:05:36.868 INFO  tests.BaseTest - Team details present? true
2026-01-13 12:05:36.869 INFO  tests.BaseTest - PASS: Team details are displayed
2026-01-13 12:05:36.869 INFO  tests.BaseTest - === Completed 'isTeamDetailsPresent' test ===
2026-01-13 12:05:36.869 INFO  listeners.Listener1 - onTestSuccess -> isTeamDetailsPresent
2026-01-13 12:05:36.882 INFO  listeners.Listener1 - onTestStart -> isPulseRateFieldPresent
2026-01-13 12:05:36.884 INFO  tests.BaseTest - Verifying pulse field presence
2026-01-13 12:05:36.884 INFO  pages.CalculatorForm - Waiting for Pulse field to be visible...
2026-01-13 12:05:37.252 INFO  pages.CalculatorForm - Pulse field present: true
2026-01-13 12:05:37.252 INFO  tests.BaseTest - Pulse field presence assertion passed
2026-01-13 12:05:37.252 INFO  listeners.Listener1 - onTestSuccess -> isPulseRateFieldPresent
2026-01-13 12:05:37.291 INFO  listeners.Listener1 - onTestStart -> isLogoTextPresent
2026-01-13 12:05:37.304 INFO  tests.BaseTest - === Starting 'isLogoTextPresent' test ===
2026-01-13 12:05:37.498 INFO  pages.TopNavigation - Logo Text present:true
2026-01-13 12:05:37.498 INFO  pages.ResultPage - Logo Text Present:true
2026-01-13 12:05:37.537 INFO  pages.TopNavigation - Logo Text present:true
2026-01-13 12:05:37.539 INFO  tests.BaseTest - Logo text present? true
2026-01-13 12:05:37.539 INFO  tests.BaseTest - PASS: Logo text is visible
2026-01-13 12:05:37.539 INFO  tests.BaseTest - === Completed 'isLogoTextPresent' test ===
2026-01-13 12:05:37.539 INFO  listeners.Listener1 - onTestSuccess -> isLogoTextPresent
2026-01-13 12:05:37.554 INFO  listeners.Listener1 - onTestStart -> gotoHeartPulse
2026-01-13 12:05:37.556 INFO  tests.BaseTest - Navigating to HeartPulse from Home page
2026-01-13 12:05:37.556 INFO  pages.HomePage - Navigating to Heart Pulse from Home page...
2026-01-13 12:05:37.683 INFO  tests.BaseTest - Entering pulse
2026-01-13 12:05:37.683 INFO  pages.CalculatorForm - Entering Pulse: 67
2026-01-13 12:05:37.723 INFO  pages.TopNavigation - Navigated to HeartPulse page
2026-01-13 12:05:37.723 INFO  pages.HomePage - Navigation to Heart Pulse complete.
2026-01-13 12:05:37.742 INFO  tests.BaseTest - URL after goToHeartPulse(): https://hackvyatharth.github.io/Vitalguard_Team_Vanguardians/#pulseRate
2026-01-13 12:05:37.748 INFO  tests.BaseTest - PASS: 'gotoHeartPulse' assertion passed
2026-01-13 12:05:37.748 INFO  listeners.Listener1 - onTestSuccess -> gotoHeartPulse
2026-01-13 12:05:37.755 INFO  listeners.Listener1 - onTestStart -> gotoTeamDetails
2026-01-13 12:05:37.756 INFO  tests.HeartPulsePageValidationTest - Navigating to Team Details from Heart Pulse page
2026-01-13 12:05:37.756 INFO  pages.HeartPulsePage - Navigating to Team Details from Heart Pulse page...
2026-01-13 12:05:37.935 INFO  pages.TopNavigation - Navigated to TeamDetails page
2026-01-13 12:05:37.936 INFO  pages.HeartPulsePage - Navigation to Team Details complete.
2026-01-13 12:05:37.955 INFO  tests.BaseTest - Entering blood pressure
2026-01-13 12:05:37.956 INFO  pages.CalculatorForm - Entering Blood Pressure: 120/80
2026-01-13 12:05:37.957 INFO  tests.HeartPulsePageValidationTest - URL after goToTeamDetails(): https://hackvyatharth.github.io/Vitalguard_Team_Vanguardians/#foot
2026-01-13 12:05:37.957 INFO  tests.HeartPulsePageValidationTest - 'gotoTeamDetails' assertion passed
2026-01-13 12:05:37.957 INFO  listeners.Listener1 - onTestSuccess -> gotoTeamDetails
2026-01-13 12:05:37.969 INFO  tests.BaseTest - Tearing down webdriver
2026-01-13 12:05:38.285 INFO  tests.BaseTest - Clicking Calculate
2026-01-13 12:05:38.285 INFO  pages.CalculatorForm - Clicking Calculate button...
2026-01-13 12:05:38.622 INFO  pages.CalculatorForm - Calculate button clicked.
2026-01-13 12:05:38.622 INFO  tests.BaseTest - Locating feedback text area
2026-01-13 12:05:38.651 INFO  tests.BaseTest - Computing scroll metrics: scrollHeight vs clientHeight
2026-01-13 12:05:38.689 INFO  tests.BaseTest - scrollHeight: 120
2026-01-13 12:05:38.689 INFO  tests.BaseTest - clientHeight: 76
2026-01-13 12:05:38.689 INFO  tests.BaseTest - Is feedback textarea scrollable? true
2026-01-13 12:05:38.689 INFO  tests.BaseTest - PASS: The result text box is scrollable
2026-01-13 12:05:38.689 INFO  tests.BaseTest - Checking CSS 'resize' property
2026-01-13 12:05:38.722 INFO  tests.BaseTest - resize CSS value: vertical
2026-01-13 12:05:38.723 INFO  tests.BaseTest - Is feedback textarea resizable? true
2026-01-13 12:05:38.723 INFO  tests.BaseTest - PASS: The result textbox is resizable
2026-01-13 12:05:38.723 INFO  tests.BaseTest - Asserting all soft assertions
2026-01-13 12:05:38.723 INFO  tests.BaseTest - === Completed 'resultPageCheck' test ===
2026-01-13 12:05:38.723 INFO  listeners.Listener1 - onTestSuccess -> resultPageCheck
2026-01-13 12:05:38.734 INFO  listeners.Listener1 - onTestStart -> isLeftImagePresent
2026-01-13 12:05:38.734 INFO  tests.BaseTest - === Starting 'isLeftImagePresent' test ===
2026-01-13 12:05:38.734 INFO  pages.HomePage - Waiting for left image to be visible...
2026-01-13 12:05:38.838 INFO  pages.HomePage - Left image present: true
2026-01-13 12:05:38.838 INFO  tests.BaseTest - PASS: Left image is present
2026-01-13 12:05:38.838 INFO  tests.BaseTest - === Completed 'isLeftImagePresent' test ===
2026-01-13 12:05:38.838 INFO  listeners.Listener1 - onTestSuccess -> isLeftImagePresent
2026-01-13 12:05:38.852 INFO  listeners.Listener1 - onTestStart -> gotoBloodPressure
2026-01-13 12:05:38.854 INFO  tests.HeartPulsePageValidationTest - Navigating to Blood Pressure from Heart Pulse page
2026-01-13 12:05:38.854 INFO  pages.HeartPulsePage - Navigating to Blood Pressure from Heart Pulse page...
2026-01-13 12:05:39.040 INFO  pages.TopNavigation - Navigated to BloodPressure page
2026-01-13 12:05:39.040 INFO  pages.HeartPulsePage - Navigation to Blood Pressure complete.
2026-01-13 12:05:39.074 INFO  tests.HeartPulsePageValidationTest - URL after goToBloodPressure(): https://hackvyatharth.github.io/Vitalguard_Team_Vanguardians/#bloodPressure
2026-01-13 12:05:39.074 INFO  tests.HeartPulsePageValidationTest - 'gotoBloodPressure' assertion passed
2026-01-13 12:05:39.074 INFO  listeners.Listener1 - onTestSuccess -> gotoBloodPressure
2026-01-13 12:05:39.087 INFO  listeners.Listener1 - onTestStart -> isHeadingPresent
2026-01-13 12:05:39.089 INFO  t.BloodPressurePageValidationTest - === Starting 'isHeadingPresent' test ===
2026-01-13 12:05:39.089 INFO  pages.BloodPressurePage - Waiting for Blood Pressure heading to be visible...
2026-01-13 12:05:39.272 INFO  pages.BloodPressurePage - Heading present: true
2026-01-13 12:05:39.272 INFO  t.BloodPressurePageValidationTest - PASS: Heading presence assertion passed.
2026-01-13 12:05:39.272 INFO  t.BloodPressurePageValidationTest - === Completed 'isHeadingPresent' test ===
2026-01-13 12:05:39.272 INFO  listeners.Listener1 - onTestSuccess -> isHeadingPresent
2026-01-13 12:05:39.291 INFO  listeners.Listener1 - onTestStart -> isHeadingPresent
2026-01-13 12:05:39.297 INFO  tests.AgeFactorPageValidationTest - Checking Age Factor page heading presence (and style if applicable)
2026-01-13 12:05:39.549 INFO  pages.AgeFactorPage - Heading present: true
2026-01-13 12:05:39.549 INFO  tests.AgeFactorPageValidationTest - PASS: Heading presence assertion passed
2026-01-13 12:05:39.549 INFO  listeners.Listener1 - onTestSuccess -> isHeadingPresent
2026-01-13 12:05:43.455 INFO  listeners.Listener1 - onTestStart -> isHeadingPresent
2026-01-13 12:05:43.464 INFO  tests.BaseTest - === Starting 'isHeadingPresent' test ===
2026-01-13 12:05:43.464 INFO  pages.TeamDetails - Waiting for Team Details heading to be visible...
2026-01-13 12:05:43.581 INFO  pages.TeamDetails - Team Details heading present: true
2026-01-13 12:05:43.581 INFO  tests.BaseTest - Heading present? true
2026-01-13 12:05:43.581 INFO  tests.BaseTest - PASS: Heading is present
2026-01-13 12:05:43.581 INFO  tests.BaseTest - === Completed 'isHeadingPresent' test ===
2026-01-13 12:05:43.583 INFO  listeners.Listener1 - onTestSuccess -> isHeadingPresent
2026-01-13 12:05:43.587 INFO  listeners.Listener1 - onTestStart -> isAgeFieldPresent
2026-01-13 12:05:43.587 INFO  tests.BaseTest - Verifying age field presence
2026-01-13 12:05:43.587 INFO  pages.CalculatorForm - Waiting for Age field to be visible...
2026-01-13 12:05:43.657 INFO  pages.CalculatorForm - Age field present: true
2026-01-13 12:05:43.657 INFO  tests.BaseTest - Age field presence assertion passed
2026-01-13 12:05:43.657 INFO  listeners.Listener1 - onTestSuccess -> isAgeFieldPresent
2026-01-13 12:05:43.671 INFO  listeners.Listener1 - onTestStart -> isLogoPresent
2026-01-13 12:05:43.673 INFO  tests.BaseTest - === Starting 'isLogoPresent' test ===
2026-01-13 12:05:43.715 INFO  pages.TopNavigation - Logo present:true
2026-01-13 12:05:43.715 INFO  pages.ResultPage - Logo Present:true
2026-01-13 12:05:43.739 INFO  pages.TopNavigation - Logo present:true
2026-01-13 12:05:43.739 INFO  tests.BaseTest - Logo present? true
2026-01-13 12:05:43.739 INFO  tests.BaseTest - PASS: Logo is visible
2026-01-13 12:05:43.739 INFO  tests.BaseTest - === Completed 'isLogoPresent' test ===
2026-01-13 12:05:43.739 INFO  listeners.Listener1 - onTestSuccess -> isLogoPresent
2026-01-13 12:05:43.750 INFO  listeners.Listener1 - onTestStart -> isCalculatorPresent
2026-01-13 12:05:43.750 INFO  tests.BaseTest - === Starting 'isCalculatorPresent' test ===
2026-01-13 12:05:43.750 INFO  pages.HomePage - Waiting for calculator form to be visible...
2026-01-13 12:05:43.815 INFO  pages.HomePage - Calculator form present: true
2026-01-13 12:05:43.816 INFO  tests.BaseTest - PASS: Calculator is present
2026-01-13 12:05:43.816 INFO  tests.BaseTest - === Completed 'isCalculatorPresent' test ===
2026-01-13 12:05:43.816 INFO  listeners.Listener1 - onTestSuccess -> isCalculatorPresent
2026-01-13 12:05:43.820 INFO  listeners.Listener1 - onTestStart -> gotoAgeFactor
2026-01-13 12:05:43.822 INFO  tests.HeartPulsePageValidationTest - Navigating to Age Factor from Heart Pulse page
2026-01-13 12:05:43.822 INFO  pages.HeartPulsePage - Navigating to Age Factor from Heart Pulse page...
2026-01-13 12:05:43.980 INFO  pages.TopNavigation - Navigated to AgeFactor page
2026-01-13 12:05:43.980 INFO  pages.HeartPulsePage - Navigation to Age Factor complete.
2026-01-13 12:05:43.999 INFO  tests.HeartPulsePageValidationTest - URL after goToAgeFactor(): https://hackvyatharth.github.io/Vitalguard_Team_Vanguardians/#ageFactor
2026-01-13 12:05:43.999 INFO  tests.HeartPulsePageValidationTest - 'gotoAgeFactor' assertion passed
2026-01-13 12:05:44.000 INFO  listeners.Listener1 - onTestSuccess -> gotoAgeFactor
2026-01-13 12:05:44.018 INFO  listeners.Listener1 - onTestStart -> isInfoPresent
2026-01-13 12:05:44.018 INFO  t.BloodPressurePageValidationTest - === Starting 'isInfoPresent' test ===
2026-01-13 12:05:44.018 INFO  pages.BloodPressurePage - Waiting for Blood Pressure informational block to be visible...
2026-01-13 12:05:44.087 INFO  pages.BloodPressurePage - Info block present: true
2026-01-13 12:05:44.087 INFO  t.BloodPressurePageValidationTest - PASS: Information block presence assertion passed.
2026-01-13 12:05:44.087 INFO  t.BloodPressurePageValidationTest - === Completed 'isInfoPresent' test ===
2026-01-13 12:05:44.087 INFO  listeners.Listener1 - onTestSuccess -> isInfoPresent
2026-01-13 12:05:44.101 INFO  listeners.Listener1 - onTestStart -> isInfoPresent
2026-01-13 12:05:44.101 INFO  tests.AgeFactorPageValidationTest - Validating informational block (white text per spec) on Age Factor page
2026-01-13 12:05:44.189 INFO  pages.AgeFactorPage - Info block present: true
2026-01-13 12:05:44.189 INFO  tests.AgeFactorPageValidationTest - PASS: Info block presence assertion passed
2026-01-13 12:05:44.189 INFO  listeners.Listener1 - onTestSuccess -> isInfoPresent
2026-01-13 12:05:44.201 INFO  listeners.Listener1 - onTestStart -> isTeamDetailsPresent
2026-01-13 12:05:44.201 INFO  tests.BaseTest - === Starting 'isTeamDetailsPresent' test ===
2026-01-13 12:05:44.201 INFO  pages.TeamDetails - Waiting for Team members list to be visible...
2026-01-13 12:05:44.267 INFO  pages.TeamDetails - Team members list present: true
2026-01-13 12:05:44.267 INFO  tests.BaseTest - Team details present? true
2026-01-13 12:05:44.267 INFO  tests.BaseTest - PASS: Team details are displayed
2026-01-13 12:05:44.267 INFO  tests.BaseTest - === Completed 'isTeamDetailsPresent' test ===
2026-01-13 12:05:44.267 INFO  listeners.Listener1 - onTestSuccess -> isTeamDetailsPresent
2026-01-13 12:05:44.271 INFO  listeners.Listener1 - onTestStart -> isPulseRateFieldPresent
2026-01-13 12:05:44.271 INFO  tests.BaseTest - Verifying pulse field presence
2026-01-13 12:05:44.273 INFO  pages.CalculatorForm - Waiting for Pulse field to be visible...
2026-01-13 12:05:44.372 INFO  pages.CalculatorForm - Pulse field present: true
2026-01-13 12:05:44.372 INFO  tests.BaseTest - Pulse field presence assertion passed
2026-01-13 12:05:44.372 INFO  listeners.Listener1 - onTestSuccess -> isPulseRateFieldPresent
2026-01-13 12:05:44.386 INFO  listeners.Listener1 - onTestStart -> isLogoTextPresent
2026-01-13 12:05:44.386 INFO  tests.BaseTest - === Starting 'isLogoTextPresent' test ===
2026-01-13 12:05:44.418 INFO  pages.TopNavigation - Logo Text present:true
2026-01-13 12:05:44.418 INFO  pages.ResultPage - Logo Text Present:true
2026-01-13 12:05:44.448 INFO  pages.TopNavigation - Logo Text present:true
2026-01-13 12:05:44.448 INFO  tests.BaseTest - Logo text present? true
2026-01-13 12:05:44.448 INFO  tests.BaseTest - PASS: Logo text is visible
2026-01-13 12:05:44.448 INFO  tests.BaseTest - === Completed 'isLogoTextPresent' test ===
2026-01-13 12:05:44.448 INFO  listeners.Listener1 - onTestSuccess -> isLogoTextPresent
2026-01-13 12:05:44.456 INFO  listeners.Listener1 - onTestStart -> gotoHeartPulse
2026-01-13 12:05:44.458 INFO  tests.BaseTest - Navigating to HeartPulse from Home page
2026-01-13 12:05:44.458 INFO  pages.HomePage - Navigating to Heart Pulse from Home page...
2026-01-13 12:05:44.675 INFO  pages.TopNavigation - Navigated to HeartPulse page
2026-01-13 12:05:44.675 INFO  pages.HomePage - Navigation to Heart Pulse complete.
2026-01-13 12:05:44.704 INFO  tests.BaseTest - URL after goToHeartPulse(): https://hackvyatharth.github.io/Vitalguard_Team_Vanguardians/#pulseRate
2026-01-13 12:05:44.704 INFO  tests.BaseTest - PASS: 'gotoHeartPulse' assertion passed
2026-01-13 12:05:44.704 INFO  listeners.Listener1 - onTestSuccess -> gotoHeartPulse
2026-01-13 12:05:44.773 INFO  listeners.Listener1 - onTestStart -> gotoTeamDetails
2026-01-13 12:05:44.775 INFO  tests.HeartPulsePageValidationTest - Navigating to Team Details from Heart Pulse page
2026-01-13 12:05:44.775 INFO  pages.HeartPulsePage - Navigating to Team Details from Heart Pulse page...
2026-01-13 12:05:45.016 INFO  pages.TopNavigation - Navigated to TeamDetails page
2026-01-13 12:05:45.016 INFO  pages.HeartPulsePage - Navigation to Team Details complete.
2026-01-13 12:05:45.037 INFO  tests.HeartPulsePageValidationTest - URL after goToTeamDetails(): https://hackvyatharth.github.io/Vitalguard_Team_Vanguardians/#foot
2026-01-13 12:05:45.037 INFO  tests.HeartPulsePageValidationTest - 'gotoTeamDetails' assertion passed
2026-01-13 12:05:45.037 INFO  listeners.Listener1 - onTestSuccess -> gotoTeamDetails
2026-01-13 12:05:45.040 INFO  tests.BaseTest - Tearing down webdriver
2026-01-13 12:05:55.963 INFO  tests.BaseTest - WebDriver quit successfully
2026-01-13 12:05:55.967 INFO  listeners.Listener1 - onTestStart -> gotoHome
2026-01-13 12:05:55.967 INFO  t.BloodPressurePageValidationTest - Navigating to Home via BloodPressurePage.goToHome()...
2026-01-13 12:05:55.967 INFO  pages.BloodPressurePage - Navigating to Home from Blood Pressure page...
2026-01-13 12:05:56.103 INFO  pages.TopNavigation - Navigated to Home page 
2026-01-13 12:05:56.103 INFO  pages.BloodPressurePage - Navigation to Home complete.
2026-01-13 12:05:56.121 INFO  t.BloodPressurePageValidationTest - URL after goToHome(): https://hackvyatharth.github.io/Vitalguard_Team_Vanguardians/#container
2026-01-13 12:05:56.121 INFO  t.BloodPressurePageValidationTest - PASS: Home navigation assertion passed.
2026-01-13 12:05:56.121 INFO  listeners.Listener1 - onTestSuccess -> gotoHome
2026-01-13 12:05:56.134 INFO  listeners.Listener1 - onTestStart -> gotoHome
2026-01-13 12:05:56.134 INFO  tests.AgeFactorPageValidationTest - Navigating to Home via AgeFactorPage.goToHome()
2026-01-13 12:05:56.134 INFO  pages.AgeFactorPage - Navigating to Home from Age Factor page...
2026-01-13 12:05:56.286 INFO  pages.TopNavigation - Navigated to Home page 
2026-01-13 12:05:56.286 INFO  pages.AgeFactorPage - Navigation to Home complete. 
2026-01-13 12:05:56.302 INFO  tests.AgeFactorPageValidationTest - PASS: Home navigation assertion passed
2026-01-13 12:05:56.303 INFO  listeners.Listener1 - onTestSuccess -> gotoHome
2026-01-13 12:05:56.306 INFO  listeners.Listener1 - onTestStart -> gotoHome
2026-01-13 12:05:56.307 INFO  tests.BaseTest - === Starting 'gotoHome' test ===
2026-01-13 12:05:56.307 INFO  pages.TeamDetails - Navigating to Home from Team Details page...
2026-01-13 12:05:56.492 INFO  pages.TopNavigation - Navigated to Home page 
2026-01-13 12:05:56.496 INFO  pages.TeamDetails - Navigation to Home complete.
2026-01-13 12:05:56.522 INFO  tests.BaseTest - Current URL after gotoHome(): https://hackvyatharth.github.io/Vitalguard_Team_Vanguardians/#container
2026-01-13 12:05:56.522 INFO  tests.BaseTest - PASS: 'gotoHome' assertion passed (URL contains '#container')
2026-01-13 12:05:56.523 INFO  tests.BaseTest - === Completed 'gotoHome' test ===
2026-01-13 12:05:56.523 INFO  listeners.Listener1 - onTestSuccess -> gotoHome
2026-01-13 12:05:56.532 INFO  listeners.Listener1 - onTestStart -> isBloodPressureFieldPresent
2026-01-13 12:05:56.533 INFO  tests.BaseTest - Verifying BP field presence
2026-01-13 12:05:56.533 INFO  pages.CalculatorForm - Waiting for Blood Pressure field to be visible...
2026-01-13 12:05:56.598 INFO  pages.CalculatorForm - Blood Pressure field present: true
2026-01-13 12:05:56.598 INFO  tests.BaseTest - BP field presence assertion passed
2026-01-13 12:05:56.598 INFO  listeners.Listener1 - onTestSuccess -> isBloodPressureFieldPresent
2026-01-13 12:05:56.602 INFO  listeners.Listener1 - onTestStart -> isResultBoxPresent
2026-01-13 12:05:56.603 INFO  tests.BaseTest - === Starting 'isResultBoxPresent' test ===
2026-01-13 12:05:56.653 INFO  pages.ResultPage - Result Bor present:true
2026-01-13 12:05:56.699 INFO  tests.BaseTest - Result box present? true
2026-01-13 12:05:56.700 INFO  tests.BaseTest - PASS: Result box is visible
2026-01-13 12:05:56.700 INFO  tests.BaseTest - === Completed 'isResultBoxPresent' test ===
2026-01-13 12:05:56.700 INFO  listeners.Listener1 - onTestSuccess -> isResultBoxPresent
2026-01-13 12:05:56.704 INFO  listeners.Listener1 - onTestStart -> gotoBloodPressure
2026-01-13 12:05:56.705 INFO  tests.BaseTest - Navigating to Blood Pressure from Home page
2026-01-13 12:05:56.705 INFO  pages.HomePage - Navigating to Blood Pressure from Home page...
2026-01-13 12:05:56.849 INFO  pages.TopNavigation - Navigated to BloodPressure page
2026-01-13 12:05:56.849 INFO  pages.HomePage - Navigation to Blood Pressure complete.
2026-01-13 12:05:56.856 INFO  tests.BaseTest - URL after goToBloodPressure(): https://hackvyatharth.github.io/Vitalguard_Team_Vanguardians/#bloodPressure
2026-01-13 12:05:56.856 INFO  tests.BaseTest - PASS: 'gotoBloodPressure' assertion passed
2026-01-13 12:05:56.857 INFO  listeners.Listener1 - onTestSuccess -> gotoBloodPressure
2026-01-13 12:05:56.868 INFO  listeners.Listener1 - onTestStart -> gotoHeartPulse
2026-01-13 12:05:56.869 INFO  t.BloodPressurePageValidationTest - Navigating to Heart Pulse via BloodPressurePage.goToHeartPulse()...
2026-01-13 12:05:56.869 INFO  pages.BloodPressurePage - Navigating to Heart Pulse from Blood Pressure page...
2026-01-13 12:05:56.999 INFO  pages.TopNavigation - Navigated to HeartPulse page
2026-01-13 12:05:57.000 INFO  pages.BloodPressurePage - Navigation to Heart Pulse complete.
2026-01-13 12:05:57.006 INFO  t.BloodPressurePageValidationTest - URL after goToHeartPulse(): https://hackvyatharth.github.io/Vitalguard_Team_Vanguardians/#pulseRate
2026-01-13 12:05:57.006 INFO  t.BloodPressurePageValidationTest - PASS: Heart Pulse navigation assertion passed.
2026-01-13 12:05:57.006 INFO  listeners.Listener1 - onTestSuccess -> gotoHeartPulse
2026-01-13 12:05:57.017 INFO  listeners.Listener1 - onTestStart -> gotoHeartPulse
2026-01-13 12:05:57.018 INFO  tests.AgeFactorPageValidationTest - Navigating to Heart Pulse via AgeFactorPage.goToHeartPulse()
2026-01-13 12:05:57.018 INFO  pages.AgeFactorPage - Navigating to Heart Pulse from Age Factor page...
2026-01-13 12:05:57.148 INFO  pages.TopNavigation - Navigated to HeartPulse page
2026-01-13 12:05:57.148 INFO  pages.AgeFactorPage - Navigation to Heart Pulse complete.
2026-01-13 12:05:57.158 INFO  tests.AgeFactorPageValidationTest - PASS: Heart Pulse navigation assertion passed
2026-01-13 12:05:57.158 INFO  listeners.Listener1 - onTestSuccess -> gotoHeartPulse
2026-01-13 12:05:57.173 INFO  listeners.Listener1 - onTestStart -> gotoBloodPressure
2026-01-13 12:05:57.175 INFO  tests.BaseTest - === Starting 'gotoBloodPressure' test ===
2026-01-13 12:05:57.182 INFO  pages.TeamDetails - Navigating to Blood Pressure from Team Details page...
2026-01-13 12:05:57.316 INFO  pages.TopNavigation - Navigated to BloodPressure page
2026-01-13 12:05:57.316 INFO  pages.TeamDetails - Navigation to Blood Pressure complete.
2026-01-13 12:05:57.333 INFO  tests.BaseTest - Current URL after gotoBloodPressure(): https://hackvyatharth.github.io/Vitalguard_Team_Vanguardians/#bloodPressure
2026-01-13 12:05:57.334 INFO  tests.BaseTest - PASS: 'gotoBloodPressure' assertion passed (URL contains '#bloodPressure')
2026-01-13 12:05:57.334 INFO  tests.BaseTest - === Completed 'gotoBloodPressure' test ===
2026-01-13 12:05:57.334 INFO  listeners.Listener1 - onTestSuccess -> gotoBloodPressure
2026-01-13 12:05:57.347 INFO  listeners.Listener1 - onTestStart -> isCalculateButtonPresentAndClickable
2026-01-13 12:05:57.347 INFO  tests.BaseTest - Verifying Calculate Button presence and Clickability
2026-01-13 12:05:57.347 INFO  pages.CalculatorForm - Waiting for Calculate button to be clickable...
2026-01-13 12:05:57.468 INFO  pages.CalculatorForm - Calculate button present and clickable: true
2026-01-13 12:05:57.468 INFO  tests.BaseTest - Calculate button presence & clickability assertion passed
2026-01-13 12:05:57.468 INFO  listeners.Listener1 - onTestSuccess -> isCalculateButtonPresentAndClickable
2026-01-13 12:05:57.472 INFO  listeners.Listener1 - onTestStart -> isHeadingPresent
2026-01-13 12:05:57.472 INFO  tests.BaseTest - === Starting 'isHeadingPresent' test ===
2026-01-13 12:05:57.508 INFO  pages.ResultPage - Heading present:true
2026-01-13 12:05:57.538 INFO  tests.BaseTest - Heading present? true
2026-01-13 12:05:57.538 INFO  tests.BaseTest - PASS: Heading is visible
2026-01-13 12:05:57.538 INFO  tests.BaseTest - === Completed 'isHeadingPresent' test ===
2026-01-13 12:05:57.538 INFO  listeners.Listener1 - onTestSuccess -> isHeadingPresent
2026-01-13 12:05:57.547 INFO  listeners.Listener1 - onTestStart -> gotoAgeFactor
2026-01-13 12:05:57.549 INFO  tests.BaseTest - Navigating to Age Factor from Home page
2026-01-13 12:05:57.549 INFO  pages.HomePage - Navigating to Age Factor from Home page...
2026-01-13 12:05:57.686 INFO  pages.TopNavigation - Navigated to AgeFactor page
2026-01-13 12:05:57.686 INFO  pages.HomePage - Navigation to Age Factor complete.
2026-01-13 12:05:57.700 INFO  tests.BaseTest - URL after goToAgeFactor(): https://hackvyatharth.github.io/Vitalguard_Team_Vanguardians/#ageFactor
2026-01-13 12:05:57.700 INFO  tests.BaseTest - PASS: 'gotoAgeFactor' assertion passed
2026-01-13 12:05:57.701 INFO  listeners.Listener1 - onTestSuccess -> gotoAgeFactor
2026-01-13 12:05:57.705 INFO  listeners.Listener1 - onTestStart -> gotoAgeFactorPage
2026-01-13 12:05:57.706 INFO  t.BloodPressurePageValidationTest - Navigating to Age Factor via BloodPressurePage.goToAgeFactor()...
2026-01-13 12:05:57.706 INFO  pages.BloodPressurePage - Navigating to Age Factor from Blood Pressure page...
2026-01-13 12:05:57.848 INFO  pages.TopNavigation - Navigated to AgeFactor page
2026-01-13 12:05:57.848 INFO  pages.BloodPressurePage - Navigation to Age Factor complete.
2026-01-13 12:05:57.855 INFO  t.BloodPressurePageValidationTest - URL after goToAgeFactor(): https://hackvyatharth.github.io/Vitalguard_Team_Vanguardians/#ageFactor
2026-01-13 12:05:57.856 INFO  t.BloodPressurePageValidationTest - PASS: Age Factor navigation assertion passed.
2026-01-13 12:05:57.856 INFO  listeners.Listener1 - onTestSuccess -> gotoAgeFactorPage
2026-01-13 12:05:57.860 INFO  listeners.Listener1 - onTestStart -> gotoBloodPressure
2026-01-13 12:05:57.866 INFO  tests.AgeFactorPageValidationTest - Navigating to Blood Pressure via AgeFactorPage.goToBloodPressure()
2026-01-13 12:05:57.866 INFO  pages.AgeFactorPage - Navigating to Blood Pressure from Age Factor page...
2026-01-13 12:05:57.998 INFO  pages.TopNavigation - Navigated to BloodPressure page
2026-01-13 12:05:57.998 INFO  pages.AgeFactorPage - Navigation to Blood Pressure complete.
2026-01-13 12:05:58.005 INFO  tests.AgeFactorPageValidationTest - PASS: Blood Pressure navigation assertion passed
2026-01-13 12:05:58.005 INFO  listeners.Listener1 - onTestSuccess -> gotoBloodPressure
2026-01-13 12:05:58.014 INFO  listeners.Listener1 - onTestStart -> gotoHeartPulse
2026-01-13 12:05:58.017 INFO  tests.BaseTest - === Starting 'gotoHeartPulse' test ===
2026-01-13 12:05:58.017 INFO  pages.TeamDetails - Navigating to Heart Pulse from Team Details page...
2026-01-13 12:05:58.135 INFO  pages.TopNavigation - Navigated to HeartPulse page
2026-01-13 12:05:58.135 INFO  pages.TeamDetails - Navigation to Heart Pulse complete.
2026-01-13 12:05:58.141 INFO  tests.BaseTest - Current URL after gotoHeartPulse(): https://hackvyatharth.github.io/Vitalguard_Team_Vanguardians/#pulseRate
2026-01-13 12:05:58.141 INFO  tests.BaseTest - PASS: 'gotoHeartPulse' assertion passed (URL contains '#pulseRate')
2026-01-13 12:05:58.141 INFO  tests.BaseTest - === Completed 'gotoHeartPulse' test ===
2026-01-13 12:05:58.141 INFO  listeners.Listener1 - onTestSuccess -> gotoHeartPulse
2026-01-13 12:05:59.318 INFO  tests.BaseTest - Loaded {} data rows from Excel
2026-01-13 12:05:59.320 INFO  listeners.Listener1 - onTestStart -> sendData
2026-01-13 12:05:59.322 INFO  listeners.Listener1 - Parameters for sendData: ["", "", "", negative]
2026-01-13 12:05:59.331 INFO  tests.BaseTest - Executing data row: age='""', pulse='""', bp='""', testType='negative'
2026-01-13 12:05:59.331 INFO  pages.CalculatorForm - Entering Age: ""
2026-01-13 12:05:59.590 INFO  pages.CalculatorForm - Entering Pulse: ""
2026-01-13 12:05:59.789 INFO  pages.CalculatorForm - Entering Blood Pressure: ""
2026-01-13 12:06:00.204 INFO  tests.BaseTest - WebDriver quit successfully
2026-01-13 12:06:00.207 INFO  listeners.Listener1 - onTestStart -> gotoHome
2026-01-13 12:06:00.207 INFO  t.BloodPressurePageValidationTest - Navigating to Home via BloodPressurePage.goToHome()...
2026-01-13 12:06:00.208 INFO  pages.BloodPressurePage - Navigating to Home from Blood Pressure page...
2026-01-13 12:06:00.430 INFO  pages.TopNavigation - Navigated to Home page 
2026-01-13 12:06:00.430 INFO  pages.BloodPressurePage - Navigation to Home complete.
2026-01-13 12:06:00.439 INFO  tests.BaseTest - Clicking Calculate
2026-01-13 12:06:00.439 INFO  pages.CalculatorForm - Clicking Calculate button...
2026-01-13 12:06:00.453 INFO  t.BloodPressurePageValidationTest - URL after goToHome(): https://hackvyatharth.github.io/Vitalguard_Team_Vanguardians/#container
2026-01-13 12:06:00.453 INFO  t.BloodPressurePageValidationTest - PASS: Home navigation assertion passed.
2026-01-13 12:06:00.453 INFO  listeners.Listener1 - onTestSuccess -> gotoHome
2026-01-13 12:06:00.467 INFO  listeners.Listener1 - onTestStart -> gotoHome
2026-01-13 12:06:00.467 INFO  tests.AgeFactorPageValidationTest - Navigating to Home via AgeFactorPage.goToHome()
2026-01-13 12:06:00.467 INFO  pages.AgeFactorPage - Navigating to Home from Age Factor page...
2026-01-13 12:06:00.614 INFO  pages.TopNavigation - Navigated to Home page 
2026-01-13 12:06:00.614 INFO  pages.AgeFactorPage - Navigation to Home complete. 
2026-01-13 12:06:00.636 INFO  tests.AgeFactorPageValidationTest - PASS: Home navigation assertion passed
2026-01-13 12:06:00.636 INFO  listeners.Listener1 - onTestSuccess -> gotoHome
2026-01-13 12:06:00.636 INFO  pages.CalculatorForm - Calculate button clicked.
2026-01-13 12:06:00.641 INFO  tests.BaseTest - Alert detected after submit
2026-01-13 12:06:00.647 INFO  listeners.Listener1 - onTestStart -> gotoHome
2026-01-13 12:06:00.647 INFO  tests.BaseTest - === Starting 'gotoHome' test ===
2026-01-13 12:06:00.647 INFO  pages.TeamDetails - Navigating to Home from Team Details page...
2026-01-13 12:06:00.691 INFO  tests.BaseTest - Negative case: navigatedToResult=false
2026-01-13 12:06:00.691 INFO  listeners.Listener1 - onTestSuccess -> sendData
2026-01-13 12:06:00.691 INFO  listeners.Listener1 - Deleting pre-submit screenshot for passed test: C:\Users\2457157\IdeaProjects\HealthIndexCalculator\reports\screenshots\age_____pulse_____bp_____type_negative_before_20260113_120600_424.png
2026-01-13 12:06:00.701 INFO  listeners.Listener1 - onTestStart -> sendData
2026-01-13 12:06:00.703 INFO  listeners.Listener1 - Parameters for sendData: [0, 60, 70/31, negative]
2026-01-13 12:06:00.703 INFO  tests.BaseTest - Executing data row: age='0', pulse='60', bp='70/31', testType='negative'
2026-01-13 12:06:00.703 INFO  pages.CalculatorForm - Entering Age: 0
2026-01-13 12:06:00.831 INFO  pages.TopNavigation - Navigated to Home page 
2026-01-13 12:06:00.831 INFO  pages.TeamDetails - Navigation to Home complete.
2026-01-13 12:06:00.850 INFO  tests.BaseTest - Current URL after gotoHome(): https://hackvyatharth.github.io/Vitalguard_Team_Vanguardians/#container
2026-01-13 12:06:00.850 INFO  tests.BaseTest - PASS: 'gotoHome' assertion passed (URL contains '#container')
2026-01-13 12:06:00.850 INFO  tests.BaseTest - === Completed 'gotoHome' test ===
2026-01-13 12:06:00.850 INFO  listeners.Listener1 - onTestSuccess -> gotoHome
2026-01-13 12:06:00.856 INFO  listeners.Listener1 - onTestStart -> isBloodPressureFieldPresent
2026-01-13 12:06:00.858 INFO  tests.BaseTest - Verifying BP field presence
2026-01-13 12:06:00.858 INFO  pages.CalculatorForm - Waiting for Blood Pressure field to be visible...
2026-01-13 12:06:00.920 INFO  pages.CalculatorForm - Entering Pulse: 60
2026-01-13 12:06:00.966 INFO  pages.CalculatorForm - Blood Pressure field present: true
2026-01-13 12:06:00.966 INFO  tests.BaseTest - BP field presence assertion passed
2026-01-13 12:06:00.967 INFO  listeners.Listener1 - onTestSuccess -> isBloodPressureFieldPresent
2026-01-13 12:06:00.972 INFO  listeners.Listener1 - onTestStart -> isResultBoxPresent
2026-01-13 12:06:00.972 INFO  tests.BaseTest - === Starting 'isResultBoxPresent' test ===
2026-01-13 12:06:01.022 INFO  pages.ResultPage - Result Bor present:true
2026-01-13 12:06:01.068 INFO  tests.BaseTest - Result box present? true
2026-01-13 12:06:01.069 INFO  tests.BaseTest - PASS: Result box is visible
2026-01-13 12:06:01.069 INFO  tests.BaseTest - === Completed 'isResultBoxPresent' test ===
2026-01-13 12:06:01.069 INFO  listeners.Listener1 - onTestSuccess -> isResultBoxPresent
2026-01-13 12:06:01.073 INFO  listeners.Listener1 - onTestStart -> gotoBloodPressure
2026-01-13 12:06:01.073 INFO  tests.BaseTest - Navigating to Blood Pressure from Home page
2026-01-13 12:06:01.073 INFO  pages.HomePage - Navigating to Blood Pressure from Home page...
2026-01-13 12:06:01.158 INFO  pages.CalculatorForm - Entering Blood Pressure: 70/31
2026-01-13 12:06:01.221 INFO  pages.TopNavigation - Navigated to BloodPressure page
2026-01-13 12:06:01.221 INFO  pages.HomePage - Navigation to Blood Pressure complete.
2026-01-13 12:06:01.237 INFO  tests.BaseTest - URL after goToBloodPressure(): https://hackvyatharth.github.io/Vitalguard_Team_Vanguardians/#bloodPressure
2026-01-13 12:06:01.237 INFO  tests.BaseTest - PASS: 'gotoBloodPressure' assertion passed
2026-01-13 12:06:01.237 INFO  listeners.Listener1 - onTestSuccess -> gotoBloodPressure
2026-01-13 12:06:01.249 INFO  listeners.Listener1 - onTestStart -> gotoHeartPulse
2026-01-13 12:06:01.249 INFO  t.BloodPressurePageValidationTest - Navigating to Heart Pulse via BloodPressurePage.goToHeartPulse()...
2026-01-13 12:06:01.249 INFO  pages.BloodPressurePage - Navigating to Heart Pulse from Blood Pressure page...
2026-01-13 12:06:01.405 INFO  pages.TopNavigation - Navigated to HeartPulse page
2026-01-13 12:06:01.405 INFO  pages.BloodPressurePage - Navigation to Heart Pulse complete.
2026-01-13 12:06:01.432 INFO  t.BloodPressurePageValidationTest - URL after goToHeartPulse(): https://hackvyatharth.github.io/Vitalguard_Team_Vanguardians/#pulseRate
2026-01-13 12:06:01.432 INFO  t.BloodPressurePageValidationTest - PASS: Heart Pulse navigation assertion passed.
2026-01-13 12:06:01.433 INFO  listeners.Listener1 - onTestSuccess -> gotoHeartPulse
2026-01-13 12:06:01.437 INFO  listeners.Listener1 - onTestStart -> gotoHeartPulse
2026-01-13 12:06:01.437 INFO  tests.AgeFactorPageValidationTest - Navigating to Heart Pulse via AgeFactorPage.goToHeartPulse()
2026-01-13 12:06:01.437 INFO  pages.AgeFactorPage - Navigating to Heart Pulse from Age Factor page...
2026-01-13 12:06:01.598 INFO  tests.BaseTest - Clicking Calculate
2026-01-13 12:06:01.598 INFO  pages.CalculatorForm - Clicking Calculate button...
2026-01-13 12:06:01.620 INFO  pages.TopNavigation - Navigated to HeartPulse page
2026-01-13 12:06:01.620 INFO  pages.AgeFactorPage - Navigation to Heart Pulse complete.
2026-01-13 12:06:01.639 INFO  tests.AgeFactorPageValidationTest - PASS: Heart Pulse navigation assertion passed
2026-01-13 12:06:01.642 INFO  listeners.Listener1 - onTestSuccess -> gotoHeartPulse
2026-01-13 12:06:01.656 INFO  listeners.Listener1 - onTestStart -> gotoBloodPressure
2026-01-13 12:06:01.656 INFO  tests.BaseTest - === Starting 'gotoBloodPressure' test ===
2026-01-13 12:06:01.656 INFO  pages.TeamDetails - Navigating to Blood Pressure from Team Details page...
2026-01-13 12:06:01.772 INFO  pages.CalculatorForm - Calculate button clicked.
2026-01-13 12:06:01.774 INFO  tests.BaseTest - Alert detected after submit
2026-01-13 12:06:01.804 INFO  tests.BaseTest - Negative case: navigatedToResult=false
2026-01-13 12:06:01.804 INFO  listeners.Listener1 - onTestSuccess -> sendData
2026-01-13 12:06:01.804 INFO  listeners.Listener1 - Deleting pre-submit screenshot for passed test: C:\Users\2457157\IdeaProjects\HealthIndexCalculator\reports\screenshots\age_0__pulse_60__bp_70_31__type_negative_before_20260113_120601_590.png
2026-01-13 12:06:01.816 INFO  listeners.Listener1 - onTestStart -> sendData
2026-01-13 12:06:01.817 INFO  listeners.Listener1 - Parameters for sendData: [1, 72, 120/81, positive]
2026-01-13 12:06:01.818 INFO  tests.BaseTest - Executing data row: age='1', pulse='72', bp='120/81', testType='positive'
2026-01-13 12:06:01.818 INFO  pages.CalculatorForm - Entering Age: 1
2026-01-13 12:06:01.831 INFO  pages.TopNavigation - Navigated to BloodPressure page
2026-01-13 12:06:01.831 INFO  pages.TeamDetails - Navigation to Blood Pressure complete.
2026-01-13 12:06:01.855 INFO  tests.BaseTest - Current URL after gotoBloodPressure(): https://hackvyatharth.github.io/Vitalguard_Team_Vanguardians/#bloodPressure
2026-01-13 12:06:01.855 INFO  tests.BaseTest - PASS: 'gotoBloodPressure' assertion passed (URL contains '#bloodPressure')
2026-01-13 12:06:01.855 INFO  tests.BaseTest - === Completed 'gotoBloodPressure' test ===
2026-01-13 12:06:01.855 INFO  listeners.Listener1 - onTestSuccess -> gotoBloodPressure
2026-01-13 12:06:01.868 INFO  listeners.Listener1 - onTestStart -> isCalculateButtonPresentAndClickable
2026-01-13 12:06:01.869 INFO  tests.BaseTest - Verifying Calculate Button presence and Clickability
2026-01-13 12:06:01.869 INFO  pages.CalculatorForm - Waiting for Calculate button to be clickable...
2026-01-13 12:06:02.033 INFO  pages.CalculatorForm - Calculate button present and clickable: true
2026-01-13 12:06:02.033 INFO  tests.BaseTest - Calculate button presence & clickability assertion passed
2026-01-13 12:06:02.034 INFO  listeners.Listener1 - onTestSuccess -> isCalculateButtonPresentAndClickable
2026-01-13 12:06:02.039 INFO  listeners.Listener1 - onTestStart -> isHeadingPresent
2026-01-13 12:06:02.040 INFO  tests.BaseTest - === Starting 'isHeadingPresent' test ===
2026-01-13 12:06:02.083 INFO  pages.CalculatorForm - Entering Pulse: 72
2026-01-13 12:06:02.105 INFO  pages.ResultPage - Heading present:true
2026-01-13 12:06:02.139 INFO  tests.BaseTest - Heading present? true
2026-01-13 12:06:02.140 INFO  tests.BaseTest - PASS: Heading is visible
2026-01-13 12:06:02.140 INFO  tests.BaseTest - === Completed 'isHeadingPresent' test ===
2026-01-13 12:06:02.140 INFO  listeners.Listener1 - onTestSuccess -> isHeadingPresent
2026-01-13 12:06:02.150 INFO  listeners.Listener1 - onTestStart -> gotoAgeFactor
2026-01-13 12:06:02.152 INFO  tests.BaseTest - Navigating to Age Factor from Home page
2026-01-13 12:06:02.152 INFO  pages.HomePage - Navigating to Age Factor from Home page...
2026-01-13 12:06:02.288 INFO  pages.CalculatorForm - Entering Blood Pressure: 120/81
2026-01-13 12:06:02.318 INFO  pages.TopNavigation - Navigated to AgeFactor page
2026-01-13 12:06:02.318 INFO  pages.HomePage - Navigation to Age Factor complete.
2026-01-13 12:06:02.338 INFO  tests.BaseTest - URL after goToAgeFactor(): https://hackvyatharth.github.io/Vitalguard_Team_Vanguardians/#ageFactor
2026-01-13 12:06:02.338 INFO  tests.BaseTest - PASS: 'gotoAgeFactor' assertion passed
2026-01-13 12:06:02.340 INFO  listeners.Listener1 - onTestSuccess -> gotoAgeFactor
2026-01-13 12:06:02.352 INFO  listeners.Listener1 - onTestStart -> gotoAgeFactorPage
2026-01-13 12:06:02.353 INFO  t.BloodPressurePageValidationTest - Navigating to Age Factor via BloodPressurePage.goToAgeFactor()...
2026-01-13 12:06:02.353 INFO  pages.BloodPressurePage - Navigating to Age Factor from Blood Pressure page...
2026-01-13 12:06:02.555 INFO  pages.TopNavigation - Navigated to AgeFactor page
2026-01-13 12:06:02.555 INFO  pages.BloodPressurePage - Navigation to Age Factor complete.
2026-01-13 12:06:02.574 INFO  t.BloodPressurePageValidationTest - URL after goToAgeFactor(): https://hackvyatharth.github.io/Vitalguard_Team_Vanguardians/#ageFactor
2026-01-13 12:06:02.574 INFO  t.BloodPressurePageValidationTest - PASS: Age Factor navigation assertion passed.
2026-01-13 12:06:02.574 INFO  listeners.Listener1 - onTestSuccess -> gotoAgeFactorPage
2026-01-13 12:06:02.587 INFO  listeners.Listener1 - onTestStart -> gotoBloodPressure
2026-01-13 12:06:02.587 INFO  tests.AgeFactorPageValidationTest - Navigating to Blood Pressure via AgeFactorPage.goToBloodPressure()
2026-01-13 12:06:02.587 INFO  pages.AgeFactorPage - Navigating to Blood Pressure from Age Factor page...
2026-01-13 12:06:02.764 INFO  tests.BaseTest - Clicking Calculate
2026-01-13 12:06:02.764 INFO  pages.CalculatorForm - Clicking Calculate button...
2026-01-13 12:06:02.772 INFO  pages.TopNavigation - Navigated to BloodPressure page
2026-01-13 12:06:02.772 INFO  pages.AgeFactorPage - Navigation to Blood Pressure complete.
2026-01-13 12:06:02.791 INFO  tests.AgeFactorPageValidationTest - PASS: Blood Pressure navigation assertion passed
2026-01-13 12:06:02.791 INFO  listeners.Listener1 - onTestSuccess -> gotoBloodPressure
2026-01-13 12:06:02.802 INFO  listeners.Listener1 - onTestStart -> gotoHeartPulse
2026-01-13 12:06:02.803 INFO  tests.BaseTest - === Starting 'gotoHeartPulse' test ===
2026-01-13 12:06:02.803 INFO  pages.TeamDetails - Navigating to Heart Pulse from Team Details page...
2026-01-13 12:06:02.955 INFO  pages.TopNavigation - Navigated to HeartPulse page
2026-01-13 12:06:02.955 INFO  pages.TeamDetails - Navigation to Heart Pulse complete.
2026-01-13 12:06:02.986 INFO  tests.BaseTest - Current URL after gotoHeartPulse(): https://hackvyatharth.github.io/Vitalguard_Team_Vanguardians/#pulseRate
2026-01-13 12:06:02.986 INFO  tests.BaseTest - PASS: 'gotoHeartPulse' assertion passed (URL contains '#pulseRate')
2026-01-13 12:06:02.986 INFO  tests.BaseTest - === Completed 'gotoHeartPulse' test ===
2026-01-13 12:06:02.986 INFO  listeners.Listener1 - onTestSuccess -> gotoHeartPulse
2026-01-13 12:06:03.086 INFO  pages.CalculatorForm - Calculate button clicked.
2026-01-13 12:06:03.142 INFO  tests.BaseTest - Loaded {} data rows from Excel
2026-01-13 12:06:03.154 INFO  listeners.Listener1 - onTestStart -> sendData
2026-01-13 12:06:03.154 INFO  listeners.Listener1 - Parameters for sendData: ["", "", "", negative]
2026-01-13 12:06:03.155 INFO  tests.BaseTest - Executing data row: age='""', pulse='""', bp='""', testType='negative'
2026-01-13 12:06:03.155 INFO  pages.CalculatorForm - Entering Age: ""
2026-01-13 12:06:03.455 INFO  pages.CalculatorForm - Entering Pulse: ""
2026-01-13 12:06:03.703 INFO  pages.CalculatorForm - Entering Blood Pressure: ""
2026-01-13 12:06:04.341 INFO  tests.BaseTest - Clicking Calculate
2026-01-13 12:06:04.341 INFO  pages.CalculatorForm - Clicking Calculate button...
2026-01-13 12:06:04.540 INFO  pages.CalculatorForm - Calculate button clicked.
2026-01-13 12:06:04.547 INFO  tests.BaseTest - Alert detected after submit
2026-01-13 12:06:04.622 INFO  tests.BaseTest - Negative case: navigatedToResult=false
2026-01-13 12:06:04.623 INFO  listeners.Listener1 - onTestSuccess -> sendData
2026-01-13 12:06:04.623 INFO  listeners.Listener1 - Deleting pre-submit screenshot for passed test: C:\Users\2457157\IdeaProjects\HealthIndexCalculator\reports\screenshots\age_____pulse_____bp_____type_negative_before_20260113_120604_337.png
2026-01-13 12:06:04.633 INFO  listeners.Listener1 - onTestStart -> sendData
2026-01-13 12:06:04.634 INFO  listeners.Listener1 - Parameters for sendData: [0, 60, 70/31, negative]
2026-01-13 12:06:04.634 INFO  tests.BaseTest - Executing data row: age='0', pulse='60', bp='70/31', testType='negative'
2026-01-13 12:06:04.634 INFO  pages.CalculatorForm - Entering Age: 0
2026-01-13 12:06:04.858 INFO  pages.CalculatorForm - Entering Pulse: 60
2026-01-13 12:06:05.056 INFO  pages.CalculatorForm - Entering Blood Pressure: 70/31
2026-01-13 12:06:05.472 INFO  tests.BaseTest - Clicking Calculate
2026-01-13 12:06:05.472 INFO  pages.CalculatorForm - Clicking Calculate button...
2026-01-13 12:06:05.665 INFO  pages.CalculatorForm - Calculate button clicked.
2026-01-13 12:06:05.668 INFO  tests.BaseTest - Alert detected after submit
2026-01-13 12:06:05.702 INFO  tests.BaseTest - Negative case: navigatedToResult=false
2026-01-13 12:06:05.702 INFO  listeners.Listener1 - onTestSuccess -> sendData
2026-01-13 12:06:05.702 INFO  listeners.Listener1 - Deleting pre-submit screenshot for passed test: C:\Users\2457157\IdeaProjects\HealthIndexCalculator\reports\screenshots\age_0__pulse_60__bp_70_31__type_negative_before_20260113_120605_468.png
2026-01-13 12:06:05.709 INFO  listeners.Listener1 - onTestStart -> sendData
2026-01-13 12:06:05.709 INFO  listeners.Listener1 - Parameters for sendData: [1, 72, 120/81, positive]
2026-01-13 12:06:05.715 INFO  tests.BaseTest - Executing data row: age='1', pulse='72', bp='120/81', testType='positive'
2026-01-13 12:06:05.715 INFO  pages.CalculatorForm - Entering Age: 1
2026-01-13 12:06:05.984 INFO  pages.CalculatorForm - Entering Pulse: 72
2026-01-13 12:06:06.191 INFO  pages.CalculatorForm - Entering Blood Pressure: 120/81
2026-01-13 12:06:06.207 INFO  tests.BaseTest - No alert branch: navigatedToResult=true
2026-01-13 12:06:06.207 INFO  tests.BaseTest - Positive case passed: navigated; returning Home via logo text
2026-01-13 12:06:06.614 INFO  tests.BaseTest - Clicking Calculate
2026-01-13 12:06:06.614 INFO  pages.CalculatorForm - Clicking Calculate button...
2026-01-13 12:06:06.892 INFO  pages.TopNavigation - Navigated to Home Page through LogoText
2026-01-13 12:06:06.897 INFO  tests.BaseTest - Clicked 'VitalGuard' logo text to return Home
2026-01-13 12:06:06.897 INFO  listeners.Listener1 - onTestSuccess -> sendData
2026-01-13 12:06:06.897 INFO  listeners.Listener1 - Deleting pre-submit screenshot for passed test: C:\Users\2457157\IdeaProjects\HealthIndexCalculator\reports\screenshots\age_1__pulse_72__bp_120_81__type_positive_before_20260113_120602_756.png
2026-01-13 12:06:06.907 INFO  listeners.Listener1 - onTestStart -> sendData
2026-01-13 12:06:06.907 INFO  listeners.Listener1 - Parameters for sendData: [69.5, -25, 160/91, negative]
2026-01-13 12:06:06.907 INFO  tests.BaseTest - Executing data row: age='69.5', pulse='-25', bp='160/91', testType='negative'
2026-01-13 12:06:06.908 INFO  pages.CalculatorForm - Entering Age: 69.5
2026-01-13 12:06:07.208 INFO  pages.CalculatorForm - Entering Pulse: -25
2026-01-13 12:06:07.450 INFO  pages.CalculatorForm - Entering Blood Pressure: 160/91
2026-01-13 12:06:08.024 INFO  tests.BaseTest - Clicking Calculate
2026-01-13 12:06:08.024 INFO  pages.CalculatorForm - Clicking Calculate button...
2026-01-13 12:06:08.205 INFO  pages.CalculatorForm - Calculate button clicked.
2026-01-13 12:06:08.470 INFO  pages.CalculatorForm - Calculate button clicked.
2026-01-13 12:06:11.351 INFO  tests.BaseTest - No alert branch: navigatedToResult=true
2026-01-13 12:06:11.353 INFO  tests.BaseTest - Positive case passed: navigated; returning Home via logo text
2026-01-13 12:06:11.571 INFO  tests.BaseTest - No alert branch: navigatedToResult=true
2026-01-13 12:06:11.681 INFO  pages.TopNavigation - Navigated to Home Page through LogoText
2026-01-13 12:06:11.681 INFO  tests.BaseTest - Clicked 'VitalGuard' logo text to return Home
2026-01-13 12:06:11.681 INFO  listeners.Listener1 - onTestSuccess -> sendData
2026-01-13 12:06:11.681 INFO  listeners.Listener1 - Deleting pre-submit screenshot for passed test: C:\Users\2457157\IdeaProjects\HealthIndexCalculator\reports\screenshots\age_1__pulse_72__bp_120_81__type_positive_before_20260113_120606_606.png
2026-01-13 12:06:11.687 INFO  listeners.Listener1 - onTestStart -> sendData
2026-01-13 12:06:11.687 INFO  listeners.Listener1 - Parameters for sendData: [69.5, -25, 160/91, negative]
2026-01-13 12:06:11.689 INFO  tests.BaseTest - Executing data row: age='69.5', pulse='-25', bp='160/91', testType='negative'
2026-01-13 12:06:11.689 INFO  pages.CalculatorForm - Entering Age: 69.5
2026-01-13 12:06:11.954 INFO  pages.CalculatorForm - Entering Pulse: -25
2026-01-13 12:06:12.018 ERROR tests.BaseTest - Negative case failed: navigated without alert
2026-01-13 12:06:12.200 INFO  pages.TopNavigation - Navigated to Home Page through LogoText
2026-01-13 12:06:12.200 INFO  pages.CalculatorForm - Entering Blood Pressure: 160/91
2026-01-13 12:06:12.201 ERROR listeners.Listener1 - onTestFailure -> sendData
java.lang.AssertionError: The following asserts failed:
	NEGATIVE input incorrectly navigated to Result page without showing any alert.
	at org.testng.asserts.SoftAssert.assertAll(SoftAssert.java:46)
	at org.testng.asserts.SoftAssert.assertAll(SoftAssert.java:30)
	at tests.CalculatorFunctionalityTest.sendData(CalculatorFunctionalityTest.java:200)
	at java.base/jdk.internal.reflect.DirectMethodHandleAccessor.invoke(DirectMethodHandleAccessor.java:103)
	at java.base/java.lang.reflect.Method.invoke(Method.java:580)
	at org.testng.internal.invokers.MethodInvocationHelper.invokeMethod(MethodInvocationHelper.java:141)
	at org.testng.internal.invokers.TestInvoker.invokeMethod(TestInvoker.java:687)
	at org.testng.internal.invokers.TestInvoker.invokeTestMethod(TestInvoker.java:230)
	at org.testng.internal.invokers.MethodRunner.runInSequence(MethodRunner.java:63)
	at org.testng.internal.invokers.TestInvoker$MethodInvocationAgent.invoke(TestInvoker.java:995)
	at org.testng.internal.invokers.TestInvoker.invokeTestMethods(TestInvoker.java:203)
	at org.testng.internal.invokers.TestMethodWorker.invokeTestMethods(TestMethodWorker.java:154)
	at org.testng.internal.invokers.TestMethodWorker.run(TestMethodWorker.java:134)
	at java.base/java.util.ArrayList.forEach(ArrayList.java:1596)
	at org.testng.TestRunner.privateRun(TestRunner.java:741)
	at org.testng.TestRunner.run(TestRunner.java:616)
	at org.testng.SuiteRunner.runTest(SuiteRunner.java:421)
	at org.testng.SuiteRunner$SuiteWorker.run(SuiteRunner.java:463)
	at org.testng.internal.thread.ThreadUtil.lambda$execute$0(ThreadUtil.java:64)
	at java.base/java.util.concurrent.FutureTask.run$$$capture(FutureTask.java:317)
	at java.base/java.util.concurrent.FutureTask.run(FutureTask.java)
	at java.base/java.util.concurrent.ThreadPoolExecutor.runWorker(ThreadPoolExecutor.java:1144)
	at java.base/java.util.concurrent.ThreadPoolExecutor$Worker.run(ThreadPoolExecutor.java:642)
	at java.base/java.lang.Thread.run(Thread.java:1583)
2026-01-13 12:06:12.222 INFO  listeners.Listener1 - Attaching pre-submit screenshot: C:\Users\2457157\IdeaProjects\HealthIndexCalculator\reports\screenshots\age_69.5__pulse_-25__bp_160_91__type_negative_before_20260113_120608_019.png
2026-01-13 12:06:12.231 INFO  listeners.Listener1 - Attaching failure screenshot: C:\Users\2457157\IdeaProjects\HealthIndexCalculator\reports\screenshots\age_69.5__pulse_-25__bp_160_91__type_negative_failed_no_alert_20260113_120611_573.png
2026-01-13 12:06:12.248 INFO  listeners.Listener1 - onTestStart -> sendData
2026-01-13 12:06:12.248 INFO  listeners.Listener1 - Parameters for sendData: [120, Seventy Two, 0/0, negative]
2026-01-13 12:06:12.248 INFO  tests.BaseTest - Executing data row: age='120', pulse='Seventy Two', bp='0/0', testType='negative'
2026-01-13 12:06:12.248 INFO  pages.CalculatorForm - Entering Age: 120
2026-01-13 12:06:12.538 INFO  pages.CalculatorForm - Entering Pulse: Seventy Two
2026-01-13 12:06:12.706 INFO  tests.BaseTest - Clicking Calculate
2026-01-13 12:06:12.706 INFO  pages.CalculatorForm - Clicking Calculate button...
2026-01-13 12:06:12.783 INFO  pages.CalculatorForm - Entering Blood Pressure: 0/0
2026-01-13 12:06:12.951 INFO  pages.CalculatorForm - Calculate button clicked.
2026-01-13 12:06:13.367 INFO  tests.BaseTest - Clicking Calculate
2026-01-13 12:06:13.367 INFO  pages.CalculatorForm - Clicking Calculate button...
2026-01-13 12:06:13.532 INFO  pages.CalculatorForm - Calculate button clicked.
2026-01-13 12:06:13.534 INFO  tests.BaseTest - Alert detected after submit
2026-01-13 12:06:13.574 INFO  tests.BaseTest - Negative case: navigatedToResult=false
2026-01-13 12:06:13.574 INFO  listeners.Listener1 - onTestSuccess -> sendData
2026-01-13 12:06:13.574 INFO  listeners.Listener1 - Deleting pre-submit screenshot for passed test: C:\Users\2457157\IdeaProjects\HealthIndexCalculator\reports\screenshots\age_120__pulse_Seventy_Two__bp_0_0__type_negative_before_20260113_120613_357.png
2026-01-13 12:06:13.586 INFO  listeners.Listener1 - onTestStart -> sendData
2026-01-13 12:06:13.587 INFO  listeners.Listener1 - Parameters for sendData: [121, @$%, 0/0, negative]
2026-01-13 12:06:13.588 INFO  tests.BaseTest - Executing data row: age='121', pulse='@$%', bp='0/0', testType='negative'
2026-01-13 12:06:13.588 INFO  pages.CalculatorForm - Entering Age: 121
2026-01-13 12:06:13.856 INFO  pages.CalculatorForm - Entering Pulse: @$%
2026-01-13 12:06:14.116 INFO  pages.CalculatorForm - Entering Blood Pressure: 0/0
2026-01-13 12:06:14.573 INFO  tests.BaseTest - Clicking Calculate
2026-01-13 12:06:14.573 INFO  pages.CalculatorForm - Clicking Calculate button...
2026-01-13 12:06:14.739 INFO  pages.CalculatorForm - Calculate button clicked.
2026-01-13 12:06:14.741 INFO  tests.BaseTest - Alert detected after submit
2026-01-13 12:06:14.770 INFO  tests.BaseTest - Negative case: navigatedToResult=false
2026-01-13 12:06:14.771 INFO  listeners.Listener1 - onTestSuccess -> sendData
2026-01-13 12:06:14.771 INFO  listeners.Listener1 - Deleting pre-submit screenshot for passed test: C:\Users\2457157\IdeaProjects\HealthIndexCalculator\reports\screenshots\age_121__pulse______bp_0_0__type_negative_before_20260113_120614_571.png
2026-01-13 12:06:14.788 INFO  listeners.Listener1 - onTestStart -> sendData
2026-01-13 12:06:14.788 INFO  listeners.Listener1 - Parameters for sendData: [120.5, 80yrs, 1000/1000, negative]
2026-01-13 12:06:14.788 INFO  tests.BaseTest - Executing data row: age='120.5', pulse='80yrs', bp='1000/1000', testType='negative'
2026-01-13 12:06:14.788 INFO  pages.CalculatorForm - Entering Age: 120.5
2026-01-13 12:06:15.024 INFO  pages.CalculatorForm - Entering Pulse: 80yrs
2026-01-13 12:06:15.288 INFO  pages.CalculatorForm - Entering Blood Pressure: 1000/1000
2026-01-13 12:06:15.740 INFO  tests.BaseTest - Clicking Calculate
2026-01-13 12:06:15.741 INFO  pages.CalculatorForm - Clicking Calculate button...
2026-01-13 12:06:15.887 INFO  pages.CalculatorForm - Calculate button clicked.
2026-01-13 12:06:15.889 INFO  tests.BaseTest - Alert detected after submit
2026-01-13 12:06:15.922 INFO  tests.BaseTest - Negative case: navigatedToResult=false
2026-01-13 12:06:15.922 INFO  listeners.Listener1 - onTestSuccess -> sendData
2026-01-13 12:06:15.922 INFO  listeners.Listener1 - Deleting pre-submit screenshot for passed test: C:\Users\2457157\IdeaProjects\HealthIndexCalculator\reports\screenshots\age_120.5__pulse_80yrs__bp_1000_1000__type_negative_before_20260113_120615_739.png
2026-01-13 12:06:15.933 INFO  listeners.Listener1 - onTestStart -> sendData
2026-01-13 12:06:15.933 INFO  listeners.Listener1 - Parameters for sendData: [abc, 1000, abc, negative]
2026-01-13 12:06:15.933 INFO  tests.BaseTest - Executing data row: age='abc', pulse='1000', bp='abc', testType='negative'
2026-01-13 12:06:15.933 INFO  pages.CalculatorForm - Entering Age: abc
2026-01-13 12:06:16.081 INFO  tests.BaseTest - No alert branch: navigatedToResult=true
2026-01-13 12:06:16.158 INFO  pages.CalculatorForm - Entering Pulse: 1000
2026-01-13 12:06:16.422 INFO  pages.CalculatorForm - Entering Blood Pressure: abc
2026-01-13 12:06:16.587 ERROR tests.BaseTest - Negative case failed: navigated without alert
2026-01-13 12:06:16.824 INFO  pages.TopNavigation - Navigated to Home Page through LogoText
2026-01-13 12:06:16.830 ERROR listeners.Listener1 - onTestFailure -> sendData
java.lang.AssertionError: The following asserts failed:
	NEGATIVE input incorrectly navigated to Result page without showing any alert.
	at org.testng.asserts.SoftAssert.assertAll(SoftAssert.java:46)
	at org.testng.asserts.SoftAssert.assertAll(SoftAssert.java:30)
	at tests.CalculatorFunctionalityTest.sendData(CalculatorFunctionalityTest.java:200)
	at java.base/jdk.internal.reflect.DirectMethodHandleAccessor.invoke(DirectMethodHandleAccessor.java:103)
	at java.base/java.lang.reflect.Method.invoke(Method.java:580)
	at org.testng.internal.invokers.MethodInvocationHelper.invokeMethod(MethodInvocationHelper.java:141)
	at org.testng.internal.invokers.TestInvoker.invokeMethod(TestInvoker.java:687)
	at org.testng.internal.invokers.TestInvoker.invokeTestMethod(TestInvoker.java:230)
	at org.testng.internal.invokers.MethodRunner.runInSequence(MethodRunner.java:63)
	at org.testng.internal.invokers.TestInvoker$MethodInvocationAgent.invoke(TestInvoker.java:995)
	at org.testng.internal.invokers.TestInvoker.invokeTestMethods(TestInvoker.java:203)
	at org.testng.internal.invokers.TestMethodWorker.invokeTestMethods(TestMethodWorker.java:154)
	at org.testng.internal.invokers.TestMethodWorker.run(TestMethodWorker.java:134)
	at java.base/java.util.ArrayList.forEach(ArrayList.java:1596)
	at org.testng.TestRunner.privateRun(TestRunner.java:741)
	at org.testng.TestRunner.run(TestRunner.java:616)
	at org.testng.SuiteRunner.runTest(SuiteRunner.java:421)
	at org.testng.SuiteRunner$SuiteWorker.run(SuiteRunner.java:463)
	at org.testng.internal.thread.ThreadUtil.lambda$execute$0(ThreadUtil.java:64)
	at java.base/java.util.concurrent.FutureTask.run$$$capture(FutureTask.java:317)
	at java.base/java.util.concurrent.FutureTask.run(FutureTask.java)
	at java.base/java.util.concurrent.ThreadPoolExecutor.runWorker(ThreadPoolExecutor.java:1144)
	at java.base/java.util.concurrent.ThreadPoolExecutor$Worker.run(ThreadPoolExecutor.java:642)
	at java.base/java.lang.Thread.run(Thread.java:1583)
2026-01-13 12:06:16.836 INFO  listeners.Listener1 - Attaching pre-submit screenshot: C:\Users\2457157\IdeaProjects\HealthIndexCalculator\reports\screenshots\age_69.5__pulse_-25__bp_160_91__type_negative_before_20260113_120612_704.png
2026-01-13 12:06:16.836 INFO  listeners.Listener1 - Attaching failure screenshot: C:\Users\2457157\IdeaProjects\HealthIndexCalculator\reports\screenshots\age_69.5__pulse_-25__bp_160_91__type_negative_failed_no_alert_20260113_120616_081.png
2026-01-13 12:06:16.866 INFO  listeners.Listener1 - onTestStart -> sendData
2026-01-13 12:06:16.867 INFO  listeners.Listener1 - Parameters for sendData: [120, Seventy Two, 0/0, negative]
2026-01-13 12:06:16.869 INFO  tests.BaseTest - Executing data row: age='120', pulse='Seventy Two', bp='0/0', testType='negative'
2026-01-13 12:06:16.869 INFO  pages.CalculatorForm - Entering Age: 120
2026-01-13 12:06:17.038 INFO  tests.BaseTest - Clicking Calculate
2026-01-13 12:06:17.038 INFO  pages.CalculatorForm - Clicking Calculate button...
2026-01-13 12:06:17.167 INFO  pages.CalculatorForm - Entering Pulse: Seventy Two
2026-01-13 12:06:17.185 INFO  pages.CalculatorForm - Calculate button clicked.
2026-01-13 12:06:17.188 INFO  tests.BaseTest - Alert detected after submit
2026-01-13 12:06:17.222 INFO  tests.BaseTest - Negative case: navigatedToResult=false
2026-01-13 12:06:17.223 INFO  listeners.Listener1 - onTestSuccess -> sendData
2026-01-13 12:06:17.223 INFO  listeners.Listener1 - Deleting pre-submit screenshot for passed test: C:\Users\2457157\IdeaProjects\HealthIndexCalculator\reports\screenshots\age_abc__pulse_1000__bp_abc__type_negative_before_20260113_120617_036.png
2026-01-13 12:06:17.234 INFO  listeners.Listener1 - onTestStart -> sendData
2026-01-13 12:06:17.235 INFO  listeners.Listener1 - Parameters for sendData: [@#, 65.5, abc/abc, negative]
2026-01-13 12:06:17.235 INFO  tests.BaseTest - Executing data row: age='@#', pulse='65.5', bp='abc/abc', testType='negative'
2026-01-13 12:06:17.235 INFO  pages.CalculatorForm - Entering Age: @#
2026-01-13 12:06:17.474 INFO  pages.CalculatorForm - Entering Pulse: 65.5
2026-01-13 12:06:17.486 INFO  pages.CalculatorForm - Entering Blood Pressure: 0/0
2026-01-13 12:06:17.731 INFO  pages.CalculatorForm - Entering Blood Pressure: abc/abc
2026-01-13 12:06:18.266 INFO  tests.BaseTest - Clicking Calculate
2026-01-13 12:06:18.267 INFO  pages.CalculatorForm - Clicking Calculate button...
2026-01-13 12:06:18.373 INFO  tests.BaseTest - Clicking Calculate
2026-01-13 12:06:18.373 INFO  pages.CalculatorForm - Clicking Calculate button...
2026-01-13 12:06:18.548 INFO  pages.CalculatorForm - Calculate button clicked.
2026-01-13 12:06:18.549 INFO  tests.BaseTest - Alert detected after submit
2026-01-13 12:06:18.551 INFO  pages.CalculatorForm - Calculate button clicked.
2026-01-13 12:06:18.554 INFO  tests.BaseTest - Alert detected after submit
2026-01-13 12:06:18.622 INFO  tests.BaseTest - Negative case: navigatedToResult=false
2026-01-13 12:06:18.624 INFO  listeners.Listener1 - onTestSuccess -> sendData
2026-01-13 12:06:18.624 INFO  listeners.Listener1 - Deleting pre-submit screenshot for passed test: C:\Users\2457157\IdeaProjects\HealthIndexCalculator\reports\screenshots\age_____pulse_65.5__bp_abc_abc__type_negative_before_20260113_120618_370.png
2026-01-13 12:06:18.664 INFO  listeners.Listener1 - onTestStart -> sendData
2026-01-13 12:06:18.664 INFO  listeners.Listener1 - Parameters for sendData: [e, "", *(@), negative]
2026-01-13 12:06:18.666 INFO  tests.BaseTest - Executing data row: age='e', pulse='""', bp='*(@)', testType='negative'
2026-01-13 12:06:18.666 INFO  pages.CalculatorForm - Entering Age: e
2026-01-13 12:06:18.674 INFO  tests.BaseTest - Negative case: navigatedToResult=false
2026-01-13 12:06:18.675 INFO  listeners.Listener1 - onTestSuccess -> sendData
2026-01-13 12:06:18.675 INFO  listeners.Listener1 - Deleting pre-submit screenshot for passed test: C:\Users\2457157\IdeaProjects\HealthIndexCalculator\reports\screenshots\age_120__pulse_Seventy_Two__bp_0_0__type_negative_before_20260113_120618_257.png
2026-01-13 12:06:18.690 INFO  listeners.Listener1 - onTestStart -> sendData
2026-01-13 12:06:18.690 INFO  listeners.Listener1 - Parameters for sendData: [121, @$%, 0/0, negative]
2026-01-13 12:06:18.691 INFO  tests.BaseTest - Executing data row: age='121', pulse='@$%', bp='0/0', testType='negative'
2026-01-13 12:06:18.691 INFO  pages.CalculatorForm - Entering Age: 121
2026-01-13 12:06:19.214 INFO  pages.CalculatorForm - Entering Pulse: @$%
2026-01-13 12:06:19.302 INFO  pages.CalculatorForm - Entering Pulse: ""
2026-01-13 12:06:19.702 INFO  pages.CalculatorForm - Entering Blood Pressure: 0/0
2026-01-13 12:06:19.923 INFO  pages.CalculatorForm - Entering Blood Pressure: *(@)
2026-01-13 12:06:20.349 INFO  tests.BaseTest - Clicking Calculate
2026-01-13 12:06:20.349 INFO  pages.CalculatorForm - Clicking Calculate button...
2026-01-13 12:06:20.739 INFO  tests.BaseTest - Clicking Calculate
2026-01-13 12:06:20.740 INFO  pages.CalculatorForm - Clicking Calculate button...
2026-01-13 12:06:20.788 INFO  pages.CalculatorForm - Calculate button clicked.
2026-01-13 12:06:20.800 INFO  tests.BaseTest - Alert detected after submit
2026-01-13 12:06:20.857 INFO  tests.BaseTest - Negative case: navigatedToResult=false
2026-01-13 12:06:20.858 INFO  listeners.Listener1 - onTestSuccess -> sendData
2026-01-13 12:06:20.864 INFO  listeners.Listener1 - Deleting pre-submit screenshot for passed test: C:\Users\2457157\IdeaProjects\HealthIndexCalculator\reports\screenshots\age_121__pulse______bp_0_0__type_negative_before_20260113_120620_340.png
2026-01-13 12:06:20.871 INFO  listeners.Listener1 - onTestStart -> sendData
2026-01-13 12:06:20.871 INFO  listeners.Listener1 - Parameters for sendData: [120.5, 80yrs, 1000/1000, negative]
2026-01-13 12:06:20.871 INFO  tests.BaseTest - Executing data row: age='120.5', pulse='80yrs', bp='1000/1000', testType='negative'
2026-01-13 12:06:20.871 INFO  pages.CalculatorForm - Entering Age: 120.5
2026-01-13 12:06:21.071 INFO  pages.CalculatorForm - Calculate button clicked.
2026-01-13 12:06:21.074 INFO  tests.BaseTest - Alert detected after submit
2026-01-13 12:06:21.139 INFO  tests.BaseTest - Negative case: navigatedToResult=false
2026-01-13 12:06:21.140 INFO  listeners.Listener1 - onTestSuccess -> sendData
2026-01-13 12:06:21.140 INFO  listeners.Listener1 - Deleting pre-submit screenshot for passed test: C:\Users\2457157\IdeaProjects\HealthIndexCalculator\reports\screenshots\age_e__pulse_____bp_______type_negative_before_20260113_120620_735.png
2026-01-13 12:06:21.155 INFO  listeners.Listener1 - onTestStart -> sendData
2026-01-13 12:06:21.155 INFO  listeners.Listener1 - Parameters for sendData: [-1, 55, -1, negative]
2026-01-13 12:06:21.156 INFO  tests.BaseTest - Executing data row: age='-1', pulse='55', bp='-1', testType='negative'
2026-01-13 12:06:21.156 INFO  pages.CalculatorForm - Entering Age: -1
2026-01-13 12:06:21.319 INFO  pages.CalculatorForm - Entering Pulse: 80yrs
2026-01-13 12:06:21.455 INFO  pages.CalculatorForm - Entering Pulse: 55
2026-01-13 12:06:21.656 INFO  pages.CalculatorForm - Entering Blood Pressure: 1000/1000
2026-01-13 12:06:21.684 INFO  pages.CalculatorForm - Entering Blood Pressure: -1
2026-01-13 12:06:22.197 INFO  tests.BaseTest - Clicking Calculate
2026-01-13 12:06:22.198 INFO  pages.CalculatorForm - Clicking Calculate button...
2026-01-13 12:06:22.267 INFO  tests.BaseTest - Clicking Calculate
2026-01-13 12:06:22.268 INFO  pages.CalculatorForm - Clicking Calculate button...
2026-01-13 12:06:22.456 INFO  pages.CalculatorForm - Calculate button clicked.
2026-01-13 12:06:22.467 INFO  tests.BaseTest - Alert detected after submit
2026-01-13 12:06:22.552 INFO  tests.BaseTest - Negative case: navigatedToResult=false
2026-01-13 12:06:22.552 INFO  listeners.Listener1 - onTestSuccess -> sendData
2026-01-13 12:06:22.552 INFO  listeners.Listener1 - Deleting pre-submit screenshot for passed test: C:\Users\2457157\IdeaProjects\HealthIndexCalculator\reports\screenshots\age_-1__pulse_55__bp_-1__type_negative_before_20260113_120622_189.png
2026-01-13 12:06:22.567 INFO  listeners.Listener1 - onTestStart -> sendData
2026-01-13 12:06:22.568 INFO  listeners.Listener1 - Parameters for sendData: [35, 80, 80/120, negative]
2026-01-13 12:06:22.568 INFO  tests.BaseTest - Executing data row: age='35', pulse='80', bp='80/120', testType='negative'
2026-01-13 12:06:22.568 INFO  pages.CalculatorForm - Entering Age: 35
2026-01-13 12:06:22.585 INFO  pages.CalculatorForm - Calculate button clicked.
2026-01-13 12:06:22.589 INFO  tests.BaseTest - Alert detected after submit
2026-01-13 12:06:22.684 INFO  tests.BaseTest - Negative case: navigatedToResult=false
2026-01-13 12:06:22.684 INFO  listeners.Listener1 - onTestSuccess -> sendData
2026-01-13 12:06:22.684 INFO  listeners.Listener1 - Deleting pre-submit screenshot for passed test: C:\Users\2457157\IdeaProjects\HealthIndexCalculator\reports\screenshots\age_120.5__pulse_80yrs__bp_1000_1000__type_negative_before_20260113_120622_257.png
2026-01-13 12:06:22.691 INFO  listeners.Listener1 - onTestStart -> sendData
2026-01-13 12:06:22.692 INFO  listeners.Listener1 - Parameters for sendData: [abc, 1000, abc, negative]
2026-01-13 12:06:22.701 INFO  tests.BaseTest - Executing data row: age='abc', pulse='1000', bp='abc', testType='negative'
2026-01-13 12:06:22.701 INFO  pages.CalculatorForm - Entering Age: abc
2026-01-13 12:06:23.023 INFO  pages.CalculatorForm - Entering Pulse: 80
2026-01-13 12:06:23.083 INFO  pages.CalculatorForm - Entering Pulse: 1000
2026-01-13 12:06:23.476 INFO  pages.CalculatorForm - Entering Blood Pressure: abc
2026-01-13 12:06:23.503 INFO  pages.CalculatorForm - Entering Blood Pressure: 80/120
2026-01-13 12:06:24.256 INFO  tests.BaseTest - Clicking Calculate
2026-01-13 12:06:24.256 INFO  pages.CalculatorForm - Clicking Calculate button...
2026-01-13 12:06:24.490 INFO  tests.BaseTest - Clicking Calculate
2026-01-13 12:06:24.491 INFO  pages.CalculatorForm - Clicking Calculate button...
2026-01-13 12:06:24.536 INFO  pages.CalculatorForm - Calculate button clicked.
2026-01-13 12:06:24.539 INFO  tests.BaseTest - Alert detected after submit
2026-01-13 12:06:24.607 INFO  tests.BaseTest - Negative case: navigatedToResult=false
2026-01-13 12:06:24.608 INFO  listeners.Listener1 - onTestSuccess -> sendData
2026-01-13 12:06:24.608 INFO  listeners.Listener1 - Deleting pre-submit screenshot for passed test: C:\Users\2457157\IdeaProjects\HealthIndexCalculator\reports\screenshots\age_abc__pulse_1000__bp_abc__type_negative_before_20260113_120624_251.png
2026-01-13 12:06:24.631 INFO  listeners.Listener1 - onTestStart -> sendData
2026-01-13 12:06:24.631 INFO  listeners.Listener1 - Parameters for sendData: [@#, 65.5, abc/abc, negative]
2026-01-13 12:06:24.633 INFO  tests.BaseTest - Executing data row: age='@#', pulse='65.5', bp='abc/abc', testType='negative'
2026-01-13 12:06:24.634 INFO  pages.CalculatorForm - Entering Age: @#
2026-01-13 12:06:24.973 INFO  pages.CalculatorForm - Entering Pulse: 65.5
2026-01-13 12:06:24.988 INFO  pages.CalculatorForm - Calculate button clicked.
2026-01-13 12:06:25.231 INFO  pages.CalculatorForm - Entering Blood Pressure: abc/abc
2026-01-13 12:06:25.650 INFO  tests.BaseTest - Clicking Calculate
2026-01-13 12:06:25.650 INFO  pages.CalculatorForm - Clicking Calculate button...
2026-01-13 12:06:25.848 INFO  pages.CalculatorForm - Calculate button clicked.
2026-01-13 12:06:25.849 INFO  tests.BaseTest - Alert detected after submit
2026-01-13 12:06:25.885 INFO  tests.BaseTest - Negative case: navigatedToResult=false
2026-01-13 12:06:25.885 INFO  listeners.Listener1 - onTestSuccess -> sendData
2026-01-13 12:06:25.886 INFO  listeners.Listener1 - Deleting pre-submit screenshot for passed test: C:\Users\2457157\IdeaProjects\HealthIndexCalculator\reports\screenshots\age_____pulse_65.5__bp_abc_abc__type_negative_before_20260113_120625_640.png
2026-01-13 12:06:25.914 INFO  listeners.Listener1 - onTestStart -> sendData
2026-01-13 12:06:25.914 INFO  listeners.Listener1 - Parameters for sendData: [e, "", *(@), negative]
2026-01-13 12:06:25.917 INFO  tests.BaseTest - Executing data row: age='e', pulse='""', bp='*(@)', testType='negative'
2026-01-13 12:06:25.917 INFO  pages.CalculatorForm - Entering Age: e
2026-01-13 12:06:26.265 INFO  pages.CalculatorForm - Entering Pulse: ""
2026-01-13 12:06:26.535 INFO  pages.CalculatorForm - Entering Blood Pressure: *(@)
2026-01-13 12:06:26.931 INFO  tests.BaseTest - Clicking Calculate
2026-01-13 12:06:26.931 INFO  pages.CalculatorForm - Clicking Calculate button...
2026-01-13 12:06:27.063 INFO  pages.CalculatorForm - Calculate button clicked.
2026-01-13 12:06:27.066 INFO  tests.BaseTest - Alert detected after submit
2026-01-13 12:06:27.101 INFO  tests.BaseTest - Negative case: navigatedToResult=false
2026-01-13 12:06:27.101 INFO  listeners.Listener1 - onTestSuccess -> sendData
2026-01-13 12:06:27.101 INFO  listeners.Listener1 - Deleting pre-submit screenshot for passed test: C:\Users\2457157\IdeaProjects\HealthIndexCalculator\reports\screenshots\age_e__pulse_____bp_______type_negative_before_20260113_120626_923.png
2026-01-13 12:06:27.105 INFO  listeners.Listener1 - onTestStart -> sendData
2026-01-13 12:06:27.105 INFO  listeners.Listener1 - Parameters for sendData: [-1, 55, -1, negative]
2026-01-13 12:06:27.105 INFO  tests.BaseTest - Executing data row: age='-1', pulse='55', bp='-1', testType='negative'
2026-01-13 12:06:27.107 INFO  pages.CalculatorForm - Entering Age: -1
2026-01-13 12:06:27.314 INFO  pages.CalculatorForm - Entering Pulse: 55
2026-01-13 12:06:27.514 INFO  pages.CalculatorForm - Entering Blood Pressure: -1
2026-01-13 12:06:27.916 INFO  tests.BaseTest - Clicking Calculate
2026-01-13 12:06:27.916 INFO  pages.CalculatorForm - Clicking Calculate button...
2026-01-13 12:06:28.064 INFO  pages.CalculatorForm - Calculate button clicked.
2026-01-13 12:06:28.066 INFO  tests.BaseTest - Alert detected after submit
2026-01-13 12:06:28.100 INFO  tests.BaseTest - Negative case: navigatedToResult=false
2026-01-13 12:06:28.101 INFO  listeners.Listener1 - onTestSuccess -> sendData
2026-01-13 12:06:28.101 INFO  listeners.Listener1 - Deleting pre-submit screenshot for passed test: C:\Users\2457157\IdeaProjects\HealthIndexCalculator\reports\screenshots\age_-1__pulse_55__bp_-1__type_negative_before_20260113_120627_907.png
2026-01-13 12:06:28.104 INFO  listeners.Listener1 - onTestStart -> sendData
2026-01-13 12:06:28.104 INFO  listeners.Listener1 - Parameters for sendData: [35, 80, 80/120, negative]
2026-01-13 12:06:28.106 INFO  tests.BaseTest - Executing data row: age='35', pulse='80', bp='80/120', testType='negative'
2026-01-13 12:06:28.106 INFO  pages.CalculatorForm - Entering Age: 35
2026-01-13 12:06:28.138 INFO  tests.BaseTest - No alert branch: navigatedToResult=true
2026-01-13 12:06:28.466 INFO  pages.CalculatorForm - Entering Pulse: 80
2026-01-13 12:06:28.574 ERROR tests.BaseTest - Negative case failed: navigated without alert
2026-01-13 12:06:28.799 INFO  pages.CalculatorForm - Entering Blood Pressure: 80/120
2026-01-13 12:06:28.803 INFO  pages.TopNavigation - Navigated to Home Page through LogoText
2026-01-13 12:06:28.803 ERROR listeners.Listener1 - onTestFailure -> sendData
java.lang.AssertionError: The following asserts failed:
	NEGATIVE input incorrectly navigated to Result page without showing any alert.
	at org.testng.asserts.SoftAssert.assertAll(SoftAssert.java:46)
	at org.testng.asserts.SoftAssert.assertAll(SoftAssert.java:30)
	at tests.CalculatorFunctionalityTest.sendData(CalculatorFunctionalityTest.java:200)
	at java.base/jdk.internal.reflect.DirectMethodHandleAccessor.invoke(DirectMethodHandleAccessor.java:103)
	at java.base/java.lang.reflect.Method.invoke(Method.java:580)
	at org.testng.internal.invokers.MethodInvocationHelper.invokeMethod(MethodInvocationHelper.java:141)
	at org.testng.internal.invokers.TestInvoker.invokeMethod(TestInvoker.java:687)
	at org.testng.internal.invokers.TestInvoker.invokeTestMethod(TestInvoker.java:230)
	at org.testng.internal.invokers.MethodRunner.runInSequence(MethodRunner.java:63)
	at org.testng.internal.invokers.TestInvoker$MethodInvocationAgent.invoke(TestInvoker.java:995)
	at org.testng.internal.invokers.TestInvoker.invokeTestMethods(TestInvoker.java:203)
	at org.testng.internal.invokers.TestMethodWorker.invokeTestMethods(TestMethodWorker.java:154)
	at org.testng.internal.invokers.TestMethodWorker.run(TestMethodWorker.java:134)
	at java.base/java.util.ArrayList.forEach(ArrayList.java:1596)
	at org.testng.TestRunner.privateRun(TestRunner.java:741)
	at org.testng.TestRunner.run(TestRunner.java:616)
	at org.testng.SuiteRunner.runTest(SuiteRunner.java:421)
	at org.testng.SuiteRunner$SuiteWorker.run(SuiteRunner.java:463)
	at org.testng.internal.thread.ThreadUtil.lambda$execute$0(ThreadUtil.java:64)
	at java.base/java.util.concurrent.FutureTask.run$$$capture(FutureTask.java:317)
	at java.base/java.util.concurrent.FutureTask.run(FutureTask.java)
	at java.base/java.util.concurrent.ThreadPoolExecutor.runWorker(ThreadPoolExecutor.java:1144)
	at java.base/java.util.concurrent.ThreadPoolExecutor$Worker.run(ThreadPoolExecutor.java:642)
	at java.base/java.lang.Thread.run(Thread.java:1583)
2026-01-13 12:06:28.804 INFO  listeners.Listener1 - Attaching pre-submit screenshot: C:\Users\2457157\IdeaProjects\HealthIndexCalculator\reports\screenshots\age_35__pulse_80__bp_80_120__type_negative_before_20260113_120624_487.png
2026-01-13 12:06:28.804 INFO  listeners.Listener1 - Attaching failure screenshot: C:\Users\2457157\IdeaProjects\HealthIndexCalculator\reports\screenshots\age_35__pulse_80__bp_80_120__type_negative_failed_no_alert_20260113_120628_138.png
2026-01-13 12:06:28.821 INFO  listeners.Listener1 - onTestStart -> sendData
2026-01-13 12:06:28.821 INFO  listeners.Listener1 - Parameters for sendData: [42, 70, 0/100, negative]
2026-01-13 12:06:28.822 INFO  tests.BaseTest - Executing data row: age='42', pulse='70', bp='0/100', testType='negative'
2026-01-13 12:06:28.823 INFO  pages.CalculatorForm - Entering Age: 42
2026-01-13 12:06:29.220 INFO  pages.CalculatorForm - Entering Pulse: 70
2026-01-13 12:06:29.621 INFO  tests.BaseTest - Clicking Calculate
2026-01-13 12:06:29.621 INFO  pages.CalculatorForm - Clicking Calculate button...
2026-01-13 12:06:29.634 INFO  pages.CalculatorForm - Entering Blood Pressure: 0/100
2026-01-13 12:06:29.985 INFO  pages.CalculatorForm - Calculate button clicked.
2026-01-13 12:06:30.349 INFO  tests.BaseTest - Clicking Calculate
2026-01-13 12:06:30.349 INFO  pages.CalculatorForm - Clicking Calculate button...
2026-01-13 12:06:31.240 INFO  pages.CalculatorForm - Calculate button clicked.
2026-01-13 12:06:33.237 INFO  tests.BaseTest - No alert branch: navigatedToResult=true
2026-01-13 12:06:33.785 ERROR tests.BaseTest - Negative case failed: navigated without alert
2026-01-13 12:06:34.413 INFO  tests.BaseTest - No alert branch: navigatedToResult=true
2026-01-13 12:06:34.934 ERROR tests.BaseTest - Negative case failed: navigated without alert
2026-01-13 12:06:35.652 INFO  pages.TopNavigation - Navigated to Home Page through LogoText
2026-01-13 12:06:35.652 ERROR listeners.Listener1 - onTestFailure -> sendData
java.lang.AssertionError: The following asserts failed:
	NEGATIVE input incorrectly navigated to Result page without showing any alert.
	at org.testng.asserts.SoftAssert.assertAll(SoftAssert.java:46)
	at org.testng.asserts.SoftAssert.assertAll(SoftAssert.java:30)
	at tests.CalculatorFunctionalityTest.sendData(CalculatorFunctionalityTest.java:200)
	at java.base/jdk.internal.reflect.DirectMethodHandleAccessor.invoke(DirectMethodHandleAccessor.java:103)
	at java.base/java.lang.reflect.Method.invoke(Method.java:580)
	at org.testng.internal.invokers.MethodInvocationHelper.invokeMethod(MethodInvocationHelper.java:141)
	at org.testng.internal.invokers.TestInvoker.invokeMethod(TestInvoker.java:687)
	at org.testng.internal.invokers.TestInvoker.invokeTestMethod(TestInvoker.java:230)
	at org.testng.internal.invokers.MethodRunner.runInSequence(MethodRunner.java:63)
	at org.testng.internal.invokers.TestInvoker$MethodInvocationAgent.invoke(TestInvoker.java:995)
	at org.testng.internal.invokers.TestInvoker.invokeTestMethods(TestInvoker.java:203)
	at org.testng.internal.invokers.TestMethodWorker.invokeTestMethods(TestMethodWorker.java:154)
	at org.testng.internal.invokers.TestMethodWorker.run(TestMethodWorker.java:134)
	at java.base/java.util.ArrayList.forEach(ArrayList.java:1596)
	at org.testng.TestRunner.privateRun(TestRunner.java:741)
	at org.testng.TestRunner.run(TestRunner.java:616)
	at org.testng.SuiteRunner.runTest(SuiteRunner.java:421)
	at org.testng.SuiteRunner$SuiteWorker.run(SuiteRunner.java:463)
	at org.testng.internal.thread.ThreadUtil.lambda$execute$0(ThreadUtil.java:64)
	at java.base/java.util.concurrent.FutureTask.run$$$capture(FutureTask.java:317)
	at java.base/java.util.concurrent.FutureTask.run(FutureTask.java)
	at java.base/java.util.concurrent.ThreadPoolExecutor.runWorker(ThreadPoolExecutor.java:1144)
	at java.base/java.util.concurrent.ThreadPoolExecutor$Worker.run(ThreadPoolExecutor.java:642)
	at java.base/java.lang.Thread.run(Thread.java:1583)
2026-01-13 12:06:35.653 INFO  listeners.Listener1 - Attaching pre-submit screenshot: C:\Users\2457157\IdeaProjects\HealthIndexCalculator\reports\screenshots\age_42__pulse_70__bp_0_100__type_negative_before_20260113_120630_340.png
2026-01-13 12:06:35.653 INFO  listeners.Listener1 - Attaching failure screenshot: C:\Users\2457157\IdeaProjects\HealthIndexCalculator\reports\screenshots\age_42__pulse_70__bp_0_100__type_negative_failed_no_alert_20260113_120634_414.png
2026-01-13 12:06:35.688 INFO  pages.TopNavigation - Navigated to Home Page through LogoText
2026-01-13 12:06:35.689 ERROR listeners.Listener1 - onTestFailure -> sendData
java.lang.AssertionError: The following asserts failed:
	NEGATIVE input incorrectly navigated to Result page without showing any alert.
	at org.testng.asserts.SoftAssert.assertAll(SoftAssert.java:46)
	at org.testng.asserts.SoftAssert.assertAll(SoftAssert.java:30)
	at tests.CalculatorFunctionalityTest.sendData(CalculatorFunctionalityTest.java:200)
	at java.base/jdk.internal.reflect.DirectMethodHandleAccessor.invoke(DirectMethodHandleAccessor.java:103)
	at java.base/java.lang.reflect.Method.invoke(Method.java:580)
	at org.testng.internal.invokers.MethodInvocationHelper.invokeMethod(MethodInvocationHelper.java:141)
	at org.testng.internal.invokers.TestInvoker.invokeMethod(TestInvoker.java:687)
	at org.testng.internal.invokers.TestInvoker.invokeTestMethod(TestInvoker.java:230)
	at org.testng.internal.invokers.MethodRunner.runInSequence(MethodRunner.java:63)
	at org.testng.internal.invokers.TestInvoker$MethodInvocationAgent.invoke(TestInvoker.java:995)
	at org.testng.internal.invokers.TestInvoker.invokeTestMethods(TestInvoker.java:203)
	at org.testng.internal.invokers.TestMethodWorker.invokeTestMethods(TestMethodWorker.java:154)
	at org.testng.internal.invokers.TestMethodWorker.run(TestMethodWorker.java:134)
	at java.base/java.util.ArrayList.forEach(ArrayList.java:1596)
	at org.testng.TestRunner.privateRun(TestRunner.java:741)
	at org.testng.TestRunner.run(TestRunner.java:616)
	at org.testng.SuiteRunner.runTest(SuiteRunner.java:421)
	at org.testng.SuiteRunner$SuiteWorker.run(SuiteRunner.java:463)
	at org.testng.internal.thread.ThreadUtil.lambda$execute$0(ThreadUtil.java:64)
	at java.base/java.util.concurrent.FutureTask.run$$$capture(FutureTask.java:317)
	at java.base/java.util.concurrent.FutureTask.run(FutureTask.java)
	at java.base/java.util.concurrent.ThreadPoolExecutor.runWorker(ThreadPoolExecutor.java:1144)
	at java.base/java.util.concurrent.ThreadPoolExecutor$Worker.run(ThreadPoolExecutor.java:642)
	at java.base/java.lang.Thread.run(Thread.java:1583)
2026-01-13 12:06:35.689 INFO  listeners.Listener1 - Attaching pre-submit screenshot: C:\Users\2457157\IdeaProjects\HealthIndexCalculator\reports\screenshots\age_35__pulse_80__bp_80_120__type_negative_before_20260113_120629_618.png
2026-01-13 12:06:35.689 INFO  listeners.Listener1 - Attaching failure screenshot: C:\Users\2457157\IdeaProjects\HealthIndexCalculator\reports\screenshots\age_35__pulse_80__bp_80_120__type_negative_failed_no_alert_20260113_120633_237.png
2026-01-13 12:06:35.690 INFO  listeners.Listener1 - onTestStart -> sendData
2026-01-13 12:06:35.690 INFO  listeners.Listener1 - Parameters for sendData: [55, 100, 122/0, negative]
2026-01-13 12:06:35.691 INFO  tests.BaseTest - Executing data row: age='55', pulse='100', bp='122/0', testType='negative'
2026-01-13 12:06:35.691 INFO  pages.CalculatorForm - Entering Age: 55
2026-01-13 12:06:35.702 INFO  listeners.Listener1 - onTestStart -> sendData
2026-01-13 12:06:35.702 INFO  listeners.Listener1 - Parameters for sendData: [42, 70, 0/100, negative]
2026-01-13 12:06:35.706 INFO  tests.BaseTest - Executing data row: age='42', pulse='70', bp='0/100', testType='negative'
2026-01-13 12:06:35.707 INFO  pages.CalculatorForm - Entering Age: 42
2026-01-13 12:06:36.232 INFO  pages.CalculatorForm - Entering Pulse: 100
2026-01-13 12:06:36.535 INFO  pages.CalculatorForm - Entering Pulse: 70
2026-01-13 12:06:36.721 INFO  pages.CalculatorForm - Entering Blood Pressure: 122/0
2026-01-13 12:06:36.883 INFO  pages.CalculatorForm - Entering Blood Pressure: 0/100
2026-01-13 12:06:37.200 INFO  tests.BaseTest - Clicking Calculate
2026-01-13 12:06:37.200 INFO  pages.CalculatorForm - Clicking Calculate button...
2026-01-13 12:06:37.517 INFO  tests.BaseTest - Clicking Calculate
2026-01-13 12:06:37.517 INFO  pages.CalculatorForm - Clicking Calculate button...
2026-01-13 12:06:38.080 INFO  pages.CalculatorForm - Calculate button clicked.
2026-01-13 12:06:38.088 INFO  pages.CalculatorForm - Calculate button clicked.
2026-01-13 12:06:41.249 INFO  tests.BaseTest - No alert branch: navigatedToResult=true
2026-01-13 12:06:41.291 INFO  tests.BaseTest - No alert branch: navigatedToResult=true
2026-01-13 12:06:41.806 ERROR tests.BaseTest - Negative case failed: navigated without alert
2026-01-13 12:06:41.923 ERROR tests.BaseTest - Negative case failed: navigated without alert
2026-01-13 12:06:42.100 INFO  pages.TopNavigation - Navigated to Home Page through LogoText
2026-01-13 12:06:42.100 ERROR listeners.Listener1 - onTestFailure -> sendData
java.lang.AssertionError: The following asserts failed:
	NEGATIVE input incorrectly navigated to Result page without showing any alert.
	at org.testng.asserts.SoftAssert.assertAll(SoftAssert.java:46)
	at org.testng.asserts.SoftAssert.assertAll(SoftAssert.java:30)
	at tests.CalculatorFunctionalityTest.sendData(CalculatorFunctionalityTest.java:200)
	at java.base/jdk.internal.reflect.DirectMethodHandleAccessor.invoke(DirectMethodHandleAccessor.java:103)
	at java.base/java.lang.reflect.Method.invoke(Method.java:580)
	at org.testng.internal.invokers.MethodInvocationHelper.invokeMethod(MethodInvocationHelper.java:141)
	at org.testng.internal.invokers.TestInvoker.invokeMethod(TestInvoker.java:687)
	at org.testng.internal.invokers.TestInvoker.invokeTestMethod(TestInvoker.java:230)
	at org.testng.internal.invokers.MethodRunner.runInSequence(MethodRunner.java:63)
	at org.testng.internal.invokers.TestInvoker$MethodInvocationAgent.invoke(TestInvoker.java:995)
	at org.testng.internal.invokers.TestInvoker.invokeTestMethods(TestInvoker.java:203)
	at org.testng.internal.invokers.TestMethodWorker.invokeTestMethods(TestMethodWorker.java:154)
	at org.testng.internal.invokers.TestMethodWorker.run(TestMethodWorker.java:134)
	at java.base/java.util.ArrayList.forEach(ArrayList.java:1596)
	at org.testng.TestRunner.privateRun(TestRunner.java:741)
	at org.testng.TestRunner.run(TestRunner.java:616)
	at org.testng.SuiteRunner.runTest(SuiteRunner.java:421)
	at org.testng.SuiteRunner$SuiteWorker.run(SuiteRunner.java:463)
	at org.testng.internal.thread.ThreadUtil.lambda$execute$0(ThreadUtil.java:64)
	at java.base/java.util.concurrent.FutureTask.run$$$capture(FutureTask.java:317)
	at java.base/java.util.concurrent.FutureTask.run(FutureTask.java)
	at java.base/java.util.concurrent.ThreadPoolExecutor.runWorker(ThreadPoolExecutor.java:1144)
	at java.base/java.util.concurrent.ThreadPoolExecutor$Worker.run(ThreadPoolExecutor.java:642)
	at java.base/java.lang.Thread.run(Thread.java:1583)
2026-01-13 12:06:42.101 INFO  listeners.Listener1 - Attaching pre-submit screenshot: C:\Users\2457157\IdeaProjects\HealthIndexCalculator\reports\screenshots\age_55__pulse_100__bp_122_0__type_negative_before_20260113_120637_199.png
2026-01-13 12:06:42.101 INFO  listeners.Listener1 - Attaching failure screenshot: C:\Users\2457157\IdeaProjects\HealthIndexCalculator\reports\screenshots\age_55__pulse_100__bp_122_0__type_negative_failed_no_alert_20260113_120641_296.png
2026-01-13 12:06:42.119 INFO  listeners.Listener1 - onTestStart -> sendData
2026-01-13 12:06:42.120 INFO  listeners.Listener1 - Parameters for sendData: [63, 65, 120/120, negative]
2026-01-13 12:06:42.120 INFO  tests.BaseTest - Executing data row: age='63', pulse='65', bp='120/120', testType='negative'
2026-01-13 12:06:42.120 INFO  pages.CalculatorForm - Entering Age: 63
2026-01-13 12:06:42.320 INFO  pages.TopNavigation - Navigated to Home Page through LogoText
2026-01-13 12:06:42.320 ERROR listeners.Listener1 - onTestFailure -> sendData
java.lang.AssertionError: The following asserts failed:
	NEGATIVE input incorrectly navigated to Result page without showing any alert.
	at org.testng.asserts.SoftAssert.assertAll(SoftAssert.java:46)
	at org.testng.asserts.SoftAssert.assertAll(SoftAssert.java:30)
	at tests.CalculatorFunctionalityTest.sendData(CalculatorFunctionalityTest.java:200)
	at java.base/jdk.internal.reflect.DirectMethodHandleAccessor.invoke(DirectMethodHandleAccessor.java:103)
	at java.base/java.lang.reflect.Method.invoke(Method.java:580)
	at org.testng.internal.invokers.MethodInvocationHelper.invokeMethod(MethodInvocationHelper.java:141)
	at org.testng.internal.invokers.TestInvoker.invokeMethod(TestInvoker.java:687)
	at org.testng.internal.invokers.TestInvoker.invokeTestMethod(TestInvoker.java:230)
	at org.testng.internal.invokers.MethodRunner.runInSequence(MethodRunner.java:63)
	at org.testng.internal.invokers.TestInvoker$MethodInvocationAgent.invoke(TestInvoker.java:995)
	at org.testng.internal.invokers.TestInvoker.invokeTestMethods(TestInvoker.java:203)
	at org.testng.internal.invokers.TestMethodWorker.invokeTestMethods(TestMethodWorker.java:154)
	at org.testng.internal.invokers.TestMethodWorker.run(TestMethodWorker.java:134)
	at java.base/java.util.ArrayList.forEach(ArrayList.java:1596)
	at org.testng.TestRunner.privateRun(TestRunner.java:741)
	at org.testng.TestRunner.run(TestRunner.java:616)
	at org.testng.SuiteRunner.runTest(SuiteRunner.java:421)
	at org.testng.SuiteRunner$SuiteWorker.run(SuiteRunner.java:463)
	at org.testng.internal.thread.ThreadUtil.lambda$execute$0(ThreadUtil.java:64)
	at java.base/java.util.concurrent.FutureTask.run$$$capture(FutureTask.java:317)
	at java.base/java.util.concurrent.FutureTask.run(FutureTask.java)
	at java.base/java.util.concurrent.ThreadPoolExecutor.runWorker(ThreadPoolExecutor.java:1144)
	at java.base/java.util.concurrent.ThreadPoolExecutor$Worker.run(ThreadPoolExecutor.java:642)
	at java.base/java.lang.Thread.run(Thread.java:1583)
2026-01-13 12:06:42.321 INFO  listeners.Listener1 - Attaching pre-submit screenshot: C:\Users\2457157\IdeaProjects\HealthIndexCalculator\reports\screenshots\age_42__pulse_70__bp_0_100__type_negative_before_20260113_120637_507.png
2026-01-13 12:06:42.321 INFO  listeners.Listener1 - Attaching failure screenshot: C:\Users\2457157\IdeaProjects\HealthIndexCalculator\reports\screenshots\age_42__pulse_70__bp_0_100__type_negative_failed_no_alert_20260113_120641_249.png
2026-01-13 12:06:42.335 INFO  listeners.Listener1 - onTestStart -> sendData
2026-01-13 12:06:42.335 INFO  listeners.Listener1 - Parameters for sendData: [55, 100, 122/0, negative]
2026-01-13 12:06:42.336 INFO  tests.BaseTest - Executing data row: age='55', pulse='100', bp='122/0', testType='negative'
2026-01-13 12:06:42.336 INFO  pages.CalculatorForm - Entering Age: 55
2026-01-13 12:06:42.500 INFO  pages.CalculatorForm - Entering Pulse: 65
2026-01-13 12:06:42.816 INFO  pages.CalculatorForm - Entering Pulse: 100
2026-01-13 12:06:42.885 INFO  pages.CalculatorForm - Entering Blood Pressure: 120/120
2026-01-13 12:06:43.084 INFO  pages.CalculatorForm - Entering Blood Pressure: 122/0
2026-01-13 12:06:43.342 INFO  tests.BaseTest - Clicking Calculate
2026-01-13 12:06:43.342 INFO  pages.CalculatorForm - Clicking Calculate button...
2026-01-13 12:06:43.701 INFO  pages.CalculatorForm - Calculate button clicked.
2026-01-13 12:06:43.721 INFO  tests.BaseTest - Clicking Calculate
2026-01-13 12:06:43.721 INFO  pages.CalculatorForm - Clicking Calculate button...
2026-01-13 12:06:43.971 INFO  pages.CalculatorForm - Calculate button clicked.
2026-01-13 12:06:46.805 INFO  tests.BaseTest - No alert branch: navigatedToResult=true
2026-01-13 12:06:47.099 INFO  tests.BaseTest - No alert branch: navigatedToResult=true
2026-01-13 12:06:47.533 ERROR tests.BaseTest - Negative case failed: navigated without alert
2026-01-13 12:06:47.579 ERROR tests.BaseTest - Negative case failed: navigated without alert
2026-01-13 12:06:47.805 INFO  pages.TopNavigation - Navigated to Home Page through LogoText
2026-01-13 12:06:47.806 INFO  pages.TopNavigation - Navigated to Home Page through LogoText
2026-01-13 12:06:47.806 ERROR listeners.Listener1 - onTestFailure -> sendData
java.lang.AssertionError: The following asserts failed:
	NEGATIVE input incorrectly navigated to Result page without showing any alert.
	at org.testng.asserts.SoftAssert.assertAll(SoftAssert.java:46)
	at org.testng.asserts.SoftAssert.assertAll(SoftAssert.java:30)
	at tests.CalculatorFunctionalityTest.sendData(CalculatorFunctionalityTest.java:200)
	at java.base/jdk.internal.reflect.DirectMethodHandleAccessor.invoke(DirectMethodHandleAccessor.java:103)
	at java.base/java.lang.reflect.Method.invoke(Method.java:580)
	at org.testng.internal.invokers.MethodInvocationHelper.invokeMethod(MethodInvocationHelper.java:141)
	at org.testng.internal.invokers.TestInvoker.invokeMethod(TestInvoker.java:687)
	at org.testng.internal.invokers.TestInvoker.invokeTestMethod(TestInvoker.java:230)
	at org.testng.internal.invokers.MethodRunner.runInSequence(MethodRunner.java:63)
	at org.testng.internal.invokers.TestInvoker$MethodInvocationAgent.invoke(TestInvoker.java:995)
	at org.testng.internal.invokers.TestInvoker.invokeTestMethods(TestInvoker.java:203)
	at org.testng.internal.invokers.TestMethodWorker.invokeTestMethods(TestMethodWorker.java:154)
	at org.testng.internal.invokers.TestMethodWorker.run(TestMethodWorker.java:134)
	at java.base/java.util.ArrayList.forEach(ArrayList.java:1596)
	at org.testng.TestRunner.privateRun(TestRunner.java:741)
	at org.testng.TestRunner.run(TestRunner.java:616)
	at org.testng.SuiteRunner.runTest(SuiteRunner.java:421)
	at org.testng.SuiteRunner$SuiteWorker.run(SuiteRunner.java:463)
	at org.testng.internal.thread.ThreadUtil.lambda$execute$0(ThreadUtil.java:64)
	at java.base/java.util.concurrent.FutureTask.run$$$capture(FutureTask.java:317)
	at java.base/java.util.concurrent.FutureTask.run(FutureTask.java)
	at java.base/java.util.concurrent.ThreadPoolExecutor.runWorker(ThreadPoolExecutor.java:1144)
	at java.base/java.util.concurrent.ThreadPoolExecutor$Worker.run(ThreadPoolExecutor.java:642)
	at java.base/java.lang.Thread.run(Thread.java:1583)
2026-01-13 12:06:47.806 ERROR listeners.Listener1 - onTestFailure -> sendData
java.lang.AssertionError: The following asserts failed:
	NEGATIVE input incorrectly navigated to Result page without showing any alert.
	at org.testng.asserts.SoftAssert.assertAll(SoftAssert.java:46)
	at org.testng.asserts.SoftAssert.assertAll(SoftAssert.java:30)
	at tests.CalculatorFunctionalityTest.sendData(CalculatorFunctionalityTest.java:200)
	at java.base/jdk.internal.reflect.DirectMethodHandleAccessor.invoke(DirectMethodHandleAccessor.java:103)
	at java.base/java.lang.reflect.Method.invoke(Method.java:580)
	at org.testng.internal.invokers.MethodInvocationHelper.invokeMethod(MethodInvocationHelper.java:141)
	at org.testng.internal.invokers.TestInvoker.invokeMethod(TestInvoker.java:687)
	at org.testng.internal.invokers.TestInvoker.invokeTestMethod(TestInvoker.java:230)
	at org.testng.internal.invokers.MethodRunner.runInSequence(MethodRunner.java:63)
	at org.testng.internal.invokers.TestInvoker$MethodInvocationAgent.invoke(TestInvoker.java:995)
	at org.testng.internal.invokers.TestInvoker.invokeTestMethods(TestInvoker.java:203)
	at org.testng.internal.invokers.TestMethodWorker.invokeTestMethods(TestMethodWorker.java:154)
	at org.testng.internal.invokers.TestMethodWorker.run(TestMethodWorker.java:134)
	at java.base/java.util.ArrayList.forEach(ArrayList.java:1596)
	at org.testng.TestRunner.privateRun(TestRunner.java:741)
	at org.testng.TestRunner.run(TestRunner.java:616)
	at org.testng.SuiteRunner.runTest(SuiteRunner.java:421)
	at org.testng.SuiteRunner$SuiteWorker.run(SuiteRunner.java:463)
	at org.testng.internal.thread.ThreadUtil.lambda$execute$0(ThreadUtil.java:64)
	at java.base/java.util.concurrent.FutureTask.run$$$capture(FutureTask.java:317)
	at java.base/java.util.concurrent.FutureTask.run(FutureTask.java)
	at java.base/java.util.concurrent.ThreadPoolExecutor.runWorker(ThreadPoolExecutor.java:1144)
	at java.base/java.util.concurrent.ThreadPoolExecutor$Worker.run(ThreadPoolExecutor.java:642)
	at java.base/java.lang.Thread.run(Thread.java:1583)
2026-01-13 12:06:47.807 INFO  listeners.Listener1 - Attaching pre-submit screenshot: C:\Users\2457157\IdeaProjects\HealthIndexCalculator\reports\screenshots\age_55__pulse_100__bp_122_0__type_negative_before_20260113_120643_718.png
2026-01-13 12:06:47.807 INFO  listeners.Listener1 - Attaching pre-submit screenshot: C:\Users\2457157\IdeaProjects\HealthIndexCalculator\reports\screenshots\age_63__pulse_65__bp_120_120__type_negative_before_20260113_120643_339.png
2026-01-13 12:06:47.807 INFO  listeners.Listener1 - Attaching failure screenshot: C:\Users\2457157\IdeaProjects\HealthIndexCalculator\reports\screenshots\age_55__pulse_100__bp_122_0__type_negative_failed_no_alert_20260113_120647_099.png
2026-01-13 12:06:47.807 INFO  listeners.Listener1 - Attaching failure screenshot: C:\Users\2457157\IdeaProjects\HealthIndexCalculator\reports\screenshots\age_63__pulse_65__bp_120_120__type_negative_failed_no_alert_20260113_120646_805.png
2026-01-13 12:06:47.823 INFO  listeners.Listener1 - onTestStart -> sendData
2026-01-13 12:06:47.823 INFO  listeners.Listener1 - onTestStart -> sendData
2026-01-13 12:06:47.823 INFO  listeners.Listener1 - Parameters for sendData: [63, 65, 120/120, negative]
2026-01-13 12:06:47.823 INFO  listeners.Listener1 - Parameters for sendData: [29, 75, 120/, negative]
2026-01-13 12:06:47.836 INFO  tests.BaseTest - Executing data row: age='29', pulse='75', bp='120/', testType='negative'
2026-01-13 12:06:47.836 INFO  pages.CalculatorForm - Entering Age: 29
2026-01-13 12:06:47.836 INFO  tests.BaseTest - Executing data row: age='63', pulse='65', bp='120/120', testType='negative'
2026-01-13 12:06:47.836 INFO  pages.CalculatorForm - Entering Age: 63
2026-01-13 12:06:48.090 INFO  pages.CalculatorForm - Entering Pulse: 65
2026-01-13 12:06:48.114 INFO  pages.CalculatorForm - Entering Pulse: 75
2026-01-13 12:06:48.317 INFO  pages.CalculatorForm - Entering Blood Pressure: 120/120
2026-01-13 12:06:48.370 INFO  pages.CalculatorForm - Entering Blood Pressure: 120/
2026-01-13 12:06:48.749 INFO  tests.BaseTest - Clicking Calculate
2026-01-13 12:06:48.749 INFO  pages.CalculatorForm - Clicking Calculate button...
2026-01-13 12:06:49.053 INFO  pages.CalculatorForm - Calculate button clicked.
2026-01-13 12:06:49.099 INFO  tests.BaseTest - Clicking Calculate
2026-01-13 12:06:49.099 INFO  pages.CalculatorForm - Clicking Calculate button...
2026-01-13 12:06:49.256 INFO  pages.CalculatorForm - Calculate button clicked.
2026-01-13 12:06:49.264 INFO  tests.BaseTest - Alert detected after submit
2026-01-13 12:06:49.302 INFO  tests.BaseTest - Negative case: navigatedToResult=false
2026-01-13 12:06:49.303 INFO  listeners.Listener1 - onTestSuccess -> sendData
2026-01-13 12:06:49.303 INFO  listeners.Listener1 - Deleting pre-submit screenshot for passed test: C:\Users\2457157\IdeaProjects\HealthIndexCalculator\reports\screenshots\age_29__pulse_75__bp_120___type_negative_before_20260113_120649_090.png
2026-01-13 12:06:49.308 INFO  listeners.Listener1 - onTestStart -> sendData
2026-01-13 12:06:49.308 INFO  listeners.Listener1 - Parameters for sendData: [31, 68, /80, negative]
2026-01-13 12:06:49.315 INFO  tests.BaseTest - Executing data row: age='31', pulse='68', bp='/80', testType='negative'
2026-01-13 12:06:49.315 INFO  pages.CalculatorForm - Entering Age: 31
2026-01-13 12:06:49.570 INFO  pages.CalculatorForm - Entering Pulse: 68
2026-01-13 12:06:49.767 INFO  pages.CalculatorForm - Entering Blood Pressure: /80
2026-01-13 12:06:50.173 INFO  tests.BaseTest - Clicking Calculate
2026-01-13 12:06:50.173 INFO  pages.CalculatorForm - Clicking Calculate button...
2026-01-13 12:06:50.304 INFO  pages.CalculatorForm - Calculate button clicked.
2026-01-13 12:06:50.305 INFO  tests.BaseTest - Alert detected after submit
2026-01-13 12:06:50.331 INFO  tests.BaseTest - Negative case: navigatedToResult=false
2026-01-13 12:06:50.331 INFO  listeners.Listener1 - onTestSuccess -> sendData
2026-01-13 12:06:50.331 INFO  listeners.Listener1 - Deleting pre-submit screenshot for passed test: C:\Users\2457157\IdeaProjects\HealthIndexCalculator\reports\screenshots\age_31__pulse_68__bp__80__type_negative_before_20260113_120650_171.png
2026-01-13 12:06:50.337 INFO  listeners.Listener1 - onTestStart -> sendData
2026-01-13 12:06:50.337 INFO  listeners.Listener1 - Parameters for sendData: [25, 72, 118/76, positive]
2026-01-13 12:06:50.337 INFO  tests.BaseTest - Executing data row: age='25', pulse='72', bp='118/76', testType='positive'
2026-01-13 12:06:50.337 INFO  pages.CalculatorForm - Entering Age: 25
2026-01-13 12:06:50.538 INFO  pages.CalculatorForm - Entering Pulse: 72
2026-01-13 12:06:50.734 INFO  pages.CalculatorForm - Entering Blood Pressure: 118/76
2026-01-13 12:06:51.087 INFO  tests.BaseTest - Clicking Calculate
2026-01-13 12:06:51.088 INFO  pages.CalculatorForm - Clicking Calculate button...
2026-01-13 12:06:51.338 INFO  pages.CalculatorForm - Calculate button clicked.
2026-01-13 12:06:52.173 INFO  tests.BaseTest - No alert branch: navigatedToResult=true
2026-01-13 12:06:52.684 ERROR tests.BaseTest - Negative case failed: navigated without alert
2026-01-13 12:06:52.870 INFO  pages.TopNavigation - Navigated to Home Page through LogoText
2026-01-13 12:06:52.872 ERROR listeners.Listener1 - onTestFailure -> sendData
java.lang.AssertionError: The following asserts failed:
	NEGATIVE input incorrectly navigated to Result page without showing any alert.
	at org.testng.asserts.SoftAssert.assertAll(SoftAssert.java:46)
	at org.testng.asserts.SoftAssert.assertAll(SoftAssert.java:30)
	at tests.CalculatorFunctionalityTest.sendData(CalculatorFunctionalityTest.java:200)
	at java.base/jdk.internal.reflect.DirectMethodHandleAccessor.invoke(DirectMethodHandleAccessor.java:103)
	at java.base/java.lang.reflect.Method.invoke(Method.java:580)
	at org.testng.internal.invokers.MethodInvocationHelper.invokeMethod(MethodInvocationHelper.java:141)
	at org.testng.internal.invokers.TestInvoker.invokeMethod(TestInvoker.java:687)
	at org.testng.internal.invokers.TestInvoker.invokeTestMethod(TestInvoker.java:230)
	at org.testng.internal.invokers.MethodRunner.runInSequence(MethodRunner.java:63)
	at org.testng.internal.invokers.TestInvoker$MethodInvocationAgent.invoke(TestInvoker.java:995)
	at org.testng.internal.invokers.TestInvoker.invokeTestMethods(TestInvoker.java:203)
	at org.testng.internal.invokers.TestMethodWorker.invokeTestMethods(TestMethodWorker.java:154)
	at org.testng.internal.invokers.TestMethodWorker.run(TestMethodWorker.java:134)
	at java.base/java.util.ArrayList.forEach(ArrayList.java:1596)
	at org.testng.TestRunner.privateRun(TestRunner.java:741)
	at org.testng.TestRunner.run(TestRunner.java:616)
	at org.testng.SuiteRunner.runTest(SuiteRunner.java:421)
	at org.testng.SuiteRunner$SuiteWorker.run(SuiteRunner.java:463)
	at org.testng.internal.thread.ThreadUtil.lambda$execute$0(ThreadUtil.java:64)
	at java.base/java.util.concurrent.FutureTask.run$$$capture(FutureTask.java:317)
	at java.base/java.util.concurrent.FutureTask.run(FutureTask.java)
	at java.base/java.util.concurrent.ThreadPoolExecutor.runWorker(ThreadPoolExecutor.java:1144)
	at java.base/java.util.concurrent.ThreadPoolExecutor$Worker.run(ThreadPoolExecutor.java:642)
	at java.base/java.lang.Thread.run(Thread.java:1583)
2026-01-13 12:06:52.872 INFO  listeners.Listener1 - Attaching pre-submit screenshot: C:\Users\2457157\IdeaProjects\HealthIndexCalculator\reports\screenshots\age_63__pulse_65__bp_120_120__type_negative_before_20260113_120648_739.png
2026-01-13 12:06:52.872 INFO  listeners.Listener1 - Attaching failure screenshot: C:\Users\2457157\IdeaProjects\HealthIndexCalculator\reports\screenshots\age_63__pulse_65__bp_120_120__type_negative_failed_no_alert_20260113_120652_173.png
2026-01-13 12:06:52.885 INFO  listeners.Listener1 - onTestStart -> sendData
2026-01-13 12:06:52.885 INFO  listeners.Listener1 - Parameters for sendData: [29, 75, 120/, negative]
2026-01-13 12:06:52.886 INFO  tests.BaseTest - Executing data row: age='29', pulse='75', bp='120/', testType='negative'
2026-01-13 12:06:52.886 INFO  pages.CalculatorForm - Entering Age: 29
2026-01-13 12:06:53.089 INFO  pages.CalculatorForm - Entering Pulse: 75
2026-01-13 12:06:53.271 INFO  pages.CalculatorForm - Entering Blood Pressure: 120/
2026-01-13 12:06:53.657 INFO  tests.BaseTest - Clicking Calculate
2026-01-13 12:06:53.657 INFO  pages.CalculatorForm - Clicking Calculate button...
2026-01-13 12:06:53.797 INFO  pages.CalculatorForm - Calculate button clicked.
2026-01-13 12:06:53.798 INFO  tests.BaseTest - Alert detected after submit
2026-01-13 12:06:53.823 INFO  tests.BaseTest - Negative case: navigatedToResult=false
2026-01-13 12:06:53.824 INFO  listeners.Listener1 - onTestSuccess -> sendData
2026-01-13 12:06:53.824 INFO  listeners.Listener1 - Deleting pre-submit screenshot for passed test: C:\Users\2457157\IdeaProjects\HealthIndexCalculator\reports\screenshots\age_29__pulse_75__bp_120___type_negative_before_20260113_120653_655.png
2026-01-13 12:06:53.832 INFO  listeners.Listener1 - onTestStart -> sendData
2026-01-13 12:06:53.832 INFO  listeners.Listener1 - Parameters for sendData: [31, 68, /80, negative]
2026-01-13 12:06:53.832 INFO  tests.BaseTest - Executing data row: age='31', pulse='68', bp='/80', testType='negative'
2026-01-13 12:06:53.832 INFO  pages.CalculatorForm - Entering Age: 31
2026-01-13 12:06:54.018 INFO  pages.CalculatorForm - Entering Pulse: 68
2026-01-13 12:06:54.204 INFO  pages.CalculatorForm - Entering Blood Pressure: /80
2026-01-13 12:06:54.422 INFO  tests.BaseTest - No alert branch: navigatedToResult=true
2026-01-13 12:06:54.422 INFO  tests.BaseTest - Positive case passed: navigated; returning Home via logo text
2026-01-13 12:06:54.571 INFO  tests.BaseTest - Clicking Calculate
2026-01-13 12:06:54.571 INFO  pages.CalculatorForm - Clicking Calculate button...
2026-01-13 12:06:54.641 INFO  pages.TopNavigation - Navigated to Home Page through LogoText
2026-01-13 12:06:54.641 INFO  tests.BaseTest - Clicked 'VitalGuard' logo text to return Home
2026-01-13 12:06:54.647 INFO  listeners.Listener1 - onTestSuccess -> sendData
2026-01-13 12:06:54.647 INFO  listeners.Listener1 - Deleting pre-submit screenshot for passed test: C:\Users\2457157\IdeaProjects\HealthIndexCalculator\reports\screenshots\age_25__pulse_72__bp_118_76__type_positive_before_20260113_120651_086.png
2026-01-13 12:06:54.652 INFO  listeners.Listener1 - onTestStart -> sendData
2026-01-13 12:06:54.652 INFO  listeners.Listener1 - Parameters for sendData: [34, 64, 110/70, positive]
2026-01-13 12:06:54.653 INFO  tests.BaseTest - Executing data row: age='34', pulse='64', bp='110/70', testType='positive'
2026-01-13 12:06:54.653 INFO  pages.CalculatorForm - Entering Age: 34
2026-01-13 12:06:54.766 INFO  pages.CalculatorForm - Calculate button clicked.
2026-01-13 12:06:54.768 INFO  tests.BaseTest - Alert detected after submit
2026-01-13 12:06:54.801 INFO  tests.BaseTest - Negative case: navigatedToResult=false
2026-01-13 12:06:54.802 INFO  listeners.Listener1 - onTestSuccess -> sendData
2026-01-13 12:06:54.802 INFO  listeners.Listener1 - Deleting pre-submit screenshot for passed test: C:\Users\2457157\IdeaProjects\HealthIndexCalculator\reports\screenshots\age_31__pulse_68__bp__80__type_negative_before_20260113_120654_568.png
2026-01-13 12:06:54.807 INFO  listeners.Listener1 - onTestStart -> sendData
2026-01-13 12:06:54.807 INFO  listeners.Listener1 - Parameters for sendData: [25, 72, 118/76, positive]
2026-01-13 12:06:54.807 INFO  tests.BaseTest - Executing data row: age='25', pulse='72', bp='118/76', testType='positive'
2026-01-13 12:06:54.814 INFO  pages.CalculatorForm - Entering Age: 25
2026-01-13 12:06:54.899 INFO  pages.CalculatorForm - Entering Pulse: 64
2026-01-13 12:06:55.023 INFO  pages.CalculatorForm - Entering Pulse: 72
2026-01-13 12:06:55.135 INFO  pages.CalculatorForm - Entering Blood Pressure: 110/70
2026-01-13 12:06:55.219 INFO  pages.CalculatorForm - Entering Blood Pressure: 118/76
2026-01-13 12:06:55.655 INFO  tests.BaseTest - Clicking Calculate
2026-01-13 12:06:55.655 INFO  pages.CalculatorForm - Clicking Calculate button...
2026-01-13 12:06:55.739 INFO  tests.BaseTest - Clicking Calculate
2026-01-13 12:06:55.740 INFO  pages.CalculatorForm - Clicking Calculate button...
2026-01-13 12:06:55.948 INFO  pages.CalculatorForm - Calculate button clicked.
2026-01-13 12:06:56.006 INFO  pages.CalculatorForm - Calculate button clicked.
2026-01-13 12:06:59.134 INFO  tests.BaseTest - No alert branch: navigatedToResult=true
2026-01-13 12:06:59.136 INFO  tests.BaseTest - Positive case passed: navigated; returning Home via logo text
2026-01-13 12:06:59.169 INFO  tests.BaseTest - No alert branch: navigatedToResult=true
2026-01-13 12:06:59.169 INFO  tests.BaseTest - Positive case passed: navigated; returning Home via logo text
2026-01-13 12:06:59.398 INFO  pages.TopNavigation - Navigated to Home Page through LogoText
2026-01-13 12:06:59.398 INFO  tests.BaseTest - Clicked 'VitalGuard' logo text to return Home
2026-01-13 12:06:59.398 INFO  listeners.Listener1 - onTestSuccess -> sendData
2026-01-13 12:06:59.399 INFO  listeners.Listener1 - Deleting pre-submit screenshot for passed test: C:\Users\2457157\IdeaProjects\HealthIndexCalculator\reports\screenshots\age_25__pulse_72__bp_118_76__type_positive_before_20260113_120655_737.png
2026-01-13 12:06:59.416 INFO  listeners.Listener1 - onTestStart -> sendData
2026-01-13 12:06:59.417 INFO  listeners.Listener1 - Parameters for sendData: [34, 64, 110/70, positive]
2026-01-13 12:06:59.419 INFO  tests.BaseTest - Executing data row: age='34', pulse='64', bp='110/70', testType='positive'
2026-01-13 12:06:59.419 INFO  pages.CalculatorForm - Entering Age: 34
2026-01-13 12:06:59.422 INFO  pages.TopNavigation - Navigated to Home Page through LogoText
2026-01-13 12:06:59.422 INFO  tests.BaseTest - Clicked 'VitalGuard' logo text to return Home
2026-01-13 12:06:59.422 INFO  listeners.Listener1 - onTestSuccess -> sendData
2026-01-13 12:06:59.422 INFO  listeners.Listener1 - Deleting pre-submit screenshot for passed test: C:\Users\2457157\IdeaProjects\HealthIndexCalculator\reports\screenshots\age_34__pulse_64__bp_110_70__type_positive_before_20260113_120655_653.png
2026-01-13 12:06:59.435 INFO  listeners.Listener1 - onTestStart -> sendData
2026-01-13 12:06:59.436 INFO  listeners.Listener1 - Parameters for sendData: [47, 82, 130/85, positive]
2026-01-13 12:06:59.436 INFO  tests.BaseTest - Executing data row: age='47', pulse='82', bp='130/85', testType='positive'
2026-01-13 12:06:59.436 INFO  pages.CalculatorForm - Entering Age: 47
2026-01-13 12:06:59.633 INFO  pages.CalculatorForm - Entering Pulse: 64
2026-01-13 12:06:59.680 INFO  pages.CalculatorForm - Entering Pulse: 82
2026-01-13 12:06:59.816 INFO  pages.CalculatorForm - Entering Blood Pressure: 110/70
2026-01-13 12:06:59.972 INFO  pages.CalculatorForm - Entering Blood Pressure: 130/85
2026-01-13 12:07:00.301 INFO  tests.BaseTest - Clicking Calculate
2026-01-13 12:07:00.301 INFO  pages.CalculatorForm - Clicking Calculate button...
2026-01-13 12:07:00.633 INFO  tests.BaseTest - Clicking Calculate
2026-01-13 12:07:00.633 INFO  pages.CalculatorForm - Clicking Calculate button...
2026-01-13 12:07:00.670 INFO  pages.CalculatorForm - Calculate button clicked.
2026-01-13 12:07:00.823 INFO  pages.CalculatorForm - Calculate button clicked.
2026-01-13 12:07:03.853 INFO  tests.BaseTest - No alert branch: navigatedToResult=true
2026-01-13 12:07:03.853 INFO  tests.BaseTest - Positive case passed: navigated; returning Home via logo text
2026-01-13 12:07:03.983 INFO  tests.BaseTest - No alert branch: navigatedToResult=true
2026-01-13 12:07:03.983 INFO  tests.BaseTest - Positive case passed: navigated; returning Home via logo text
2026-01-13 12:07:04.434 INFO  pages.TopNavigation - Navigated to Home Page through LogoText
2026-01-13 12:07:04.434 INFO  tests.BaseTest - Clicked 'VitalGuard' logo text to return Home
2026-01-13 12:07:04.434 INFO  listeners.Listener1 - onTestSuccess -> sendData
2026-01-13 12:07:04.435 INFO  listeners.Listener1 - Deleting pre-submit screenshot for passed test: C:\Users\2457157\IdeaProjects\HealthIndexCalculator\reports\screenshots\age_47__pulse_82__bp_130_85__type_positive_before_20260113_120700_629.png
2026-01-13 12:07:04.441 INFO  listeners.Listener1 - onTestStart -> sendData
2026-01-13 12:07:04.448 INFO  listeners.Listener1 - Parameters for sendData: [58, 96, 140/95, positive]
2026-01-13 12:07:04.448 INFO  tests.BaseTest - Executing data row: age='58', pulse='96', bp='140/95', testType='positive'
2026-01-13 12:07:04.448 INFO  pages.CalculatorForm - Entering Age: 58
2026-01-13 12:07:04.451 INFO  pages.TopNavigation - Navigated to Home Page through LogoText
2026-01-13 12:07:04.451 INFO  tests.BaseTest - Clicked 'VitalGuard' logo text to return Home
2026-01-13 12:07:04.451 INFO  listeners.Listener1 - onTestSuccess -> sendData
2026-01-13 12:07:04.451 INFO  listeners.Listener1 - Deleting pre-submit screenshot for passed test: C:\Users\2457157\IdeaProjects\HealthIndexCalculator\reports\screenshots\age_34__pulse_64__bp_110_70__type_positive_before_20260113_120700_298.png
2026-01-13 12:07:04.465 INFO  listeners.Listener1 - onTestStart -> sendData
2026-01-13 12:07:04.467 INFO  listeners.Listener1 - Parameters for sendData: [47, 82, 130/85, positive]
2026-01-13 12:07:04.469 INFO  tests.BaseTest - Executing data row: age='47', pulse='82', bp='130/85', testType='positive'
2026-01-13 12:07:04.469 INFO  pages.CalculatorForm - Entering Age: 47
2026-01-13 12:07:04.756 INFO  pages.CalculatorForm - Entering Pulse: 82
2026-01-13 12:07:04.769 INFO  pages.CalculatorForm - Entering Pulse: 96
2026-01-13 12:07:04.968 INFO  pages.CalculatorForm - Entering Blood Pressure: 140/95
2026-01-13 12:07:04.985 INFO  pages.CalculatorForm - Entering Blood Pressure: 130/85
2026-01-13 12:07:05.368 INFO  tests.BaseTest - Clicking Calculate
2026-01-13 12:07:05.368 INFO  pages.CalculatorForm - Clicking Calculate button...
2026-01-13 12:07:05.532 INFO  tests.BaseTest - Clicking Calculate
2026-01-13 12:07:05.532 INFO  pages.CalculatorForm - Clicking Calculate button...
2026-01-13 12:07:05.731 INFO  pages.CalculatorForm - Calculate button clicked.
2026-01-13 12:07:05.805 INFO  pages.CalculatorForm - Calculate button clicked.
2026-01-13 12:07:08.871 INFO  tests.BaseTest - No alert branch: navigatedToResult=true
2026-01-13 12:07:08.871 INFO  tests.BaseTest - Positive case passed: navigated; returning Home via logo text
2026-01-13 12:07:08.930 INFO  tests.BaseTest - No alert branch: navigatedToResult=true
2026-01-13 12:07:08.931 INFO  tests.BaseTest - Positive case passed: navigated; returning Home via logo text
2026-01-13 12:07:09.166 INFO  pages.TopNavigation - Navigated to Home Page through LogoText
2026-01-13 12:07:09.166 INFO  tests.BaseTest - Clicked 'VitalGuard' logo text to return Home
2026-01-13 12:07:09.166 INFO  listeners.Listener1 - onTestSuccess -> sendData
2026-01-13 12:07:09.167 INFO  listeners.Listener1 - Deleting pre-submit screenshot for passed test: C:\Users\2457157\IdeaProjects\HealthIndexCalculator\reports\screenshots\age_47__pulse_82__bp_130_85__type_positive_before_20260113_120705_521.png
2026-01-13 12:07:09.171 INFO  pages.TopNavigation - Navigated to Home Page through LogoText
2026-01-13 12:07:09.172 INFO  tests.BaseTest - Clicked 'VitalGuard' logo text to return Home
2026-01-13 12:07:09.172 INFO  listeners.Listener1 - onTestSuccess -> sendData
2026-01-13 12:07:09.173 INFO  listeners.Listener1 - Deleting pre-submit screenshot for passed test: C:\Users\2457157\IdeaProjects\HealthIndexCalculator\reports\screenshots\age_58__pulse_96__bp_140_95__type_positive_before_20260113_120705_365.png
2026-01-13 12:07:09.184 INFO  listeners.Listener1 - onTestStart -> sendData
2026-01-13 12:07:09.184 INFO  listeners.Listener1 - Parameters for sendData: [58, 96, 140/95, positive]
2026-01-13 12:07:09.185 INFO  tests.BaseTest - Executing data row: age='58', pulse='96', bp='140/95', testType='positive'
2026-01-13 12:07:09.185 INFO  pages.CalculatorForm - Entering Age: 58
2026-01-13 12:07:09.189 INFO  listeners.Listener1 - onTestStart -> sendData
2026-01-13 12:07:09.190 INFO  listeners.Listener1 - Parameters for sendData: [72, 60, 150/100, positive]
2026-01-13 12:07:09.191 INFO  tests.BaseTest - Executing data row: age='72', pulse='60', bp='150/100', testType='positive'
2026-01-13 12:07:09.198 INFO  pages.CalculatorForm - Entering Age: 72
2026-01-13 12:07:09.386 INFO  pages.CalculatorForm - Entering Pulse: 96
2026-01-13 12:07:09.412 INFO  pages.CalculatorForm - Entering Pulse: 60
2026-01-13 12:07:09.562 INFO  pages.CalculatorForm - Entering Blood Pressure: 140/95
2026-01-13 12:07:09.613 INFO  pages.CalculatorForm - Entering Blood Pressure: 150/100
2026-01-13 12:07:09.899 INFO  tests.BaseTest - Clicking Calculate
2026-01-13 12:07:09.899 INFO  pages.CalculatorForm - Clicking Calculate button...
2026-01-13 12:07:10.099 INFO  tests.BaseTest - Clicking Calculate
2026-01-13 12:07:10.100 INFO  pages.CalculatorForm - Clicking Calculate button...
2026-01-13 12:07:10.256 INFO  pages.CalculatorForm - Calculate button clicked.
2026-01-13 12:07:10.323 INFO  pages.CalculatorForm - Calculate button clicked.
2026-01-13 12:07:13.402 INFO  tests.BaseTest - No alert branch: navigatedToResult=true
2026-01-13 12:07:13.402 INFO  tests.BaseTest - Positive case passed: navigated; returning Home via logo text
2026-01-13 12:07:13.424 INFO  tests.BaseTest - No alert branch: navigatedToResult=true
2026-01-13 12:07:13.424 INFO  tests.BaseTest - Positive case passed: navigated; returning Home via logo text
2026-01-13 12:07:13.571 INFO  pages.TopNavigation - Navigated to Home Page through LogoText
2026-01-13 12:07:13.571 INFO  tests.BaseTest - Clicked 'VitalGuard' logo text to return Home
2026-01-13 12:07:13.572 INFO  listeners.Listener1 - onTestSuccess -> sendData
2026-01-13 12:07:13.572 INFO  listeners.Listener1 - Deleting pre-submit screenshot for passed test: C:\Users\2457157\IdeaProjects\HealthIndexCalculator\reports\screenshots\age_72__pulse_60__bp_150_100__type_positive_before_20260113_120710_089.png
2026-01-13 12:07:13.589 INFO  listeners.Listener1 - onTestStart -> sendData
2026-01-13 12:07:13.589 INFO  listeners.Listener1 - Parameters for sendData: [5, 100, 95/60, positive]
2026-01-13 12:07:13.590 INFO  tests.BaseTest - Executing data row: age='5', pulse='100', bp='95/60', testType='positive'
2026-01-13 12:07:13.590 INFO  pages.CalculatorForm - Entering Age: 5
2026-01-13 12:07:13.656 INFO  pages.TopNavigation - Navigated to Home Page through LogoText
2026-01-13 12:07:13.656 INFO  tests.BaseTest - Clicked 'VitalGuard' logo text to return Home
2026-01-13 12:07:13.656 INFO  listeners.Listener1 - onTestSuccess -> sendData
2026-01-13 12:07:13.657 INFO  listeners.Listener1 - Deleting pre-submit screenshot for passed test: C:\Users\2457157\IdeaProjects\HealthIndexCalculator\reports\screenshots\age_58__pulse_96__bp_140_95__type_positive_before_20260113_120709_891.png
2026-01-13 12:07:13.672 INFO  listeners.Listener1 - onTestStart -> sendData
2026-01-13 12:07:13.673 INFO  listeners.Listener1 - Parameters for sendData: [72, 60, 150/100, positive]
2026-01-13 12:07:13.674 INFO  tests.BaseTest - Executing data row: age='72', pulse='60', bp='150/100', testType='positive'
2026-01-13 12:07:13.674 INFO  pages.CalculatorForm - Entering Age: 72
2026-01-13 12:07:13.817 INFO  pages.CalculatorForm - Entering Pulse: 100
2026-01-13 12:07:13.916 INFO  pages.CalculatorForm - Entering Pulse: 60
2026-01-13 12:07:14.006 INFO  pages.CalculatorForm - Entering Blood Pressure: 95/60
2026-01-13 12:07:14.168 INFO  pages.CalculatorForm - Entering Blood Pressure: 150/100
2026-01-13 12:07:14.369 INFO  tests.BaseTest - Clicking Calculate
2026-01-13 12:07:14.369 INFO  pages.CalculatorForm - Clicking Calculate button...
2026-01-13 12:07:14.681 INFO  tests.BaseTest - Clicking Calculate
2026-01-13 12:07:14.681 INFO  pages.CalculatorForm - Clicking Calculate button...
2026-01-13 12:07:15.256 INFO  pages.CalculatorForm - Calculate button clicked.
2026-01-13 12:07:15.270 INFO  pages.CalculatorForm - Calculate button clicked.
2026-01-13 12:07:18.439 INFO  tests.BaseTest - No alert branch: navigatedToResult=true
2026-01-13 12:07:18.439 INFO  tests.BaseTest - Positive case passed: navigated; returning Home via logo text
2026-01-13 12:07:18.462 INFO  tests.BaseTest - No alert branch: navigatedToResult=true
2026-01-13 12:07:18.462 INFO  tests.BaseTest - Positive case passed: navigated; returning Home via logo text
2026-01-13 12:07:18.649 INFO  pages.TopNavigation - Navigated to Home Page through LogoText
2026-01-13 12:07:18.651 INFO  tests.BaseTest - Clicked 'VitalGuard' logo text to return Home
2026-01-13 12:07:18.651 INFO  listeners.Listener1 - onTestSuccess -> sendData
2026-01-13 12:07:18.651 INFO  listeners.Listener1 - Deleting pre-submit screenshot for passed test: C:\Users\2457157\IdeaProjects\HealthIndexCalculator\reports\screenshots\age_72__pulse_60__bp_150_100__type_positive_before_20260113_120714_673.png
2026-01-13 12:07:18.666 INFO  listeners.Listener1 - onTestStart -> sendData
2026-01-13 12:07:18.667 INFO  listeners.Listener1 - Parameters for sendData: [5, 100, 95/60, positive]
2026-01-13 12:07:18.667 INFO  tests.BaseTest - Executing data row: age='5', pulse='100', bp='95/60', testType='positive'
2026-01-13 12:07:18.667 INFO  pages.CalculatorForm - Entering Age: 5
2026-01-13 12:07:18.735 INFO  pages.TopNavigation - Navigated to Home Page through LogoText
2026-01-13 12:07:18.735 INFO  tests.BaseTest - Clicked 'VitalGuard' logo text to return Home
2026-01-13 12:07:18.735 INFO  listeners.Listener1 - onTestSuccess -> sendData
2026-01-13 12:07:18.737 INFO  listeners.Listener1 - Deleting pre-submit screenshot for passed test: C:\Users\2457157\IdeaProjects\HealthIndexCalculator\reports\screenshots\age_5__pulse_100__bp_95_60__type_positive_before_20260113_120714_366.png
2026-01-13 12:07:18.757 INFO  listeners.Listener1 - onTestStart -> sendData
2026-01-13 12:07:18.763 INFO  listeners.Listener1 - Parameters for sendData: [88, 58, 160/70, positive]
2026-01-13 12:07:18.763 INFO  tests.BaseTest - Executing data row: age='88', pulse='58', bp='160/70', testType='positive'
2026-01-13 12:07:18.763 INFO  pages.CalculatorForm - Entering Age: 88
2026-01-13 12:07:18.917 INFO  pages.CalculatorForm - Entering Pulse: 100
2026-01-13 12:07:19.000 INFO  pages.CalculatorForm - Entering Pulse: 58
2026-01-13 12:07:19.089 INFO  pages.CalculatorForm - Entering Blood Pressure: 95/60
2026-01-13 12:07:19.252 INFO  pages.CalculatorForm - Entering Blood Pressure: 160/70
2026-01-13 12:07:19.465 INFO  tests.BaseTest - Clicking Calculate
2026-01-13 12:07:19.465 INFO  pages.CalculatorForm - Clicking Calculate button...
2026-01-13 12:07:19.802 INFO  tests.BaseTest - Clicking Calculate
2026-01-13 12:07:19.802 INFO  pages.CalculatorForm - Clicking Calculate button...
2026-01-13 12:07:19.897 INFO  pages.CalculatorForm - Calculate button clicked.
2026-01-13 12:07:20.099 INFO  pages.CalculatorForm - Calculate button clicked.
2026-01-13 12:07:23.049 INFO  tests.BaseTest - No alert branch: navigatedToResult=true
2026-01-13 12:07:23.050 INFO  tests.BaseTest - Positive case passed: navigated; returning Home via logo text
2026-01-13 12:07:23.204 INFO  tests.BaseTest - No alert branch: navigatedToResult=true
2026-01-13 12:07:23.205 INFO  tests.BaseTest - Positive case passed: navigated; returning Home via logo text
2026-01-13 12:07:23.255 INFO  pages.TopNavigation - Navigated to Home Page through LogoText
2026-01-13 12:07:23.255 INFO  tests.BaseTest - Clicked 'VitalGuard' logo text to return Home
2026-01-13 12:07:23.255 INFO  listeners.Listener1 - onTestSuccess -> sendData
2026-01-13 12:07:23.255 INFO  listeners.Listener1 - Deleting pre-submit screenshot for passed test: C:\Users\2457157\IdeaProjects\HealthIndexCalculator\reports\screenshots\age_5__pulse_100__bp_95_60__type_positive_before_20260113_120719_457.png
2026-01-13 12:07:23.272 INFO  listeners.Listener1 - onTestStart -> sendData
2026-01-13 12:07:23.272 INFO  listeners.Listener1 - Parameters for sendData: [88, 58, 160/70, positive]
2026-01-13 12:07:23.272 INFO  tests.BaseTest - Executing data row: age='88', pulse='58', bp='160/70', testType='positive'
2026-01-13 12:07:23.272 INFO  pages.CalculatorForm - Entering Age: 88
2026-01-13 12:07:23.499 INFO  pages.TopNavigation - Navigated to Home Page through LogoText
2026-01-13 12:07:23.499 INFO  tests.BaseTest - Clicked 'VitalGuard' logo text to return Home
2026-01-13 12:07:23.499 INFO  listeners.Listener1 - onTestSuccess -> sendData
2026-01-13 12:07:23.499 INFO  listeners.Listener1 - Deleting pre-submit screenshot for passed test: C:\Users\2457157\IdeaProjects\HealthIndexCalculator\reports\screenshots\age_88__pulse_58__bp_160_70__type_positive_before_20260113_120719_800.png
2026-01-13 12:07:23.516 INFO  listeners.Listener1 - onTestStart -> sendData
2026-01-13 12:07:23.516 INFO  listeners.Listener1 - Parameters for sendData: [40, 40, 90/50, positive]
2026-01-13 12:07:23.517 INFO  tests.BaseTest - Executing data row: age='40', pulse='40', bp='90/50', testType='positive'
2026-01-13 12:07:23.517 INFO  pages.CalculatorForm - Entering Age: 40
2026-01-13 12:07:23.574 INFO  pages.CalculatorForm - Entering Pulse: 58
2026-01-13 12:07:23.714 INFO  pages.CalculatorForm - Entering Pulse: 40
2026-01-13 12:07:23.803 INFO  pages.CalculatorForm - Entering Blood Pressure: 160/70
2026-01-13 12:07:23.917 INFO  pages.CalculatorForm - Entering Blood Pressure: 90/50
2026-01-13 12:07:24.447 INFO  tests.BaseTest - Clicking Calculate
2026-01-13 12:07:24.447 INFO  pages.CalculatorForm - Clicking Calculate button...
2026-01-13 12:07:24.487 INFO  tests.BaseTest - Clicking Calculate
2026-01-13 12:07:24.487 INFO  pages.CalculatorForm - Clicking Calculate button...
2026-01-13 12:07:24.715 INFO  pages.CalculatorForm - Calculate button clicked.
2026-01-13 12:07:24.772 INFO  pages.CalculatorForm - Calculate button clicked.
2026-01-13 12:07:27.885 INFO  tests.BaseTest - No alert branch: navigatedToResult=true
2026-01-13 12:07:27.886 INFO  tests.BaseTest - Positive case passed: navigated; returning Home via logo text
2026-01-13 12:07:27.886 INFO  tests.BaseTest - No alert branch: navigatedToResult=true
2026-01-13 12:07:27.886 INFO  tests.BaseTest - Positive case passed: navigated; returning Home via logo text
2026-01-13 12:07:28.068 INFO  pages.TopNavigation - Navigated to Home Page through LogoText
2026-01-13 12:07:28.068 INFO  tests.BaseTest - Clicked 'VitalGuard' logo text to return Home
2026-01-13 12:07:28.069 INFO  listeners.Listener1 - onTestSuccess -> sendData
2026-01-13 12:07:28.069 INFO  listeners.Listener1 - Deleting pre-submit screenshot for passed test: C:\Users\2457157\IdeaProjects\HealthIndexCalculator\reports\screenshots\age_40__pulse_40__bp_90_50__type_positive_before_20260113_120724_483.png
2026-01-13 12:07:28.090 INFO  listeners.Listener1 - onTestStart -> sendData
2026-01-13 12:07:28.091 INFO  listeners.Listener1 - Parameters for sendData: [40, 140, 170/110, negative]
2026-01-13 12:07:28.091 INFO  tests.BaseTest - Executing data row: age='40', pulse='140', bp='170/110', testType='negative'
2026-01-13 12:07:28.091 INFO  pages.CalculatorForm - Entering Age: 40
2026-01-13 12:07:28.169 INFO  pages.TopNavigation - Navigated to Home Page through LogoText
2026-01-13 12:07:28.170 INFO  tests.BaseTest - Clicked 'VitalGuard' logo text to return Home
2026-01-13 12:07:28.170 INFO  listeners.Listener1 - onTestSuccess -> sendData
2026-01-13 12:07:28.170 INFO  listeners.Listener1 - Deleting pre-submit screenshot for passed test: C:\Users\2457157\IdeaProjects\HealthIndexCalculator\reports\screenshots\age_88__pulse_58__bp_160_70__type_positive_before_20260113_120724_438.png
2026-01-13 12:07:28.183 INFO  listeners.Listener1 - onTestStart -> sendData
2026-01-13 12:07:28.183 INFO  listeners.Listener1 - Parameters for sendData: [40, 40, 90/50, positive]
2026-01-13 12:07:28.184 INFO  tests.BaseTest - Executing data row: age='40', pulse='40', bp='90/50', testType='positive'
2026-01-13 12:07:28.184 INFO  pages.CalculatorForm - Entering Age: 40
2026-01-13 12:07:28.372 INFO  pages.CalculatorForm - Entering Pulse: 140
2026-01-13 12:07:28.437 INFO  pages.CalculatorForm - Entering Pulse: 40
2026-01-13 12:07:28.573 INFO  pages.CalculatorForm - Entering Blood Pressure: 170/110
2026-01-13 12:07:28.666 INFO  pages.CalculatorForm - Entering Blood Pressure: 90/50
2026-01-13 12:07:28.971 INFO  tests.BaseTest - Clicking Calculate
2026-01-13 12:07:28.971 INFO  pages.CalculatorForm - Clicking Calculate button...
2026-01-13 12:07:29.189 INFO  tests.BaseTest - Clicking Calculate
2026-01-13 12:07:29.190 INFO  pages.CalculatorForm - Clicking Calculate button...
2026-01-13 12:07:29.282 INFO  pages.CalculatorForm - Calculate button clicked.
2026-01-13 12:07:29.419 INFO  pages.CalculatorForm - Calculate button clicked.
2026-01-13 12:07:32.433 INFO  tests.BaseTest - No alert branch: navigatedToResult=true
2026-01-13 12:07:32.540 INFO  tests.BaseTest - No alert branch: navigatedToResult=true
2026-01-13 12:07:32.546 INFO  tests.BaseTest - Positive case passed: navigated; returning Home via logo text
2026-01-13 12:07:32.782 INFO  pages.TopNavigation - Navigated to Home Page through LogoText
2026-01-13 12:07:32.782 INFO  tests.BaseTest - Clicked 'VitalGuard' logo text to return Home
2026-01-13 12:07:32.782 INFO  listeners.Listener1 - onTestSuccess -> sendData
2026-01-13 12:07:32.782 INFO  listeners.Listener1 - Deleting pre-submit screenshot for passed test: C:\Users\2457157\IdeaProjects\HealthIndexCalculator\reports\screenshots\age_40__pulse_40__bp_90_50__type_positive_before_20260113_120729_187.png
2026-01-13 12:07:32.788 INFO  listeners.Listener1 - onTestStart -> sendData
2026-01-13 12:07:32.788 INFO  listeners.Listener1 - Parameters for sendData: [40, 140, 170/110, negative]
2026-01-13 12:07:32.788 INFO  tests.BaseTest - Executing data row: age='40', pulse='140', bp='170/110', testType='negative'
2026-01-13 12:07:32.788 INFO  pages.CalculatorForm - Entering Age: 40
2026-01-13 12:07:32.953 ERROR tests.BaseTest - Negative case failed: navigated without alert
2026-01-13 12:07:33.086 INFO  pages.CalculatorForm - Entering Pulse: 140
2026-01-13 12:07:33.124 INFO  pages.TopNavigation - Navigated to Home Page through LogoText
2026-01-13 12:07:33.131 ERROR listeners.Listener1 - onTestFailure -> sendData
java.lang.AssertionError: The following asserts failed:
	NEGATIVE input incorrectly navigated to Result page without showing any alert.
	at org.testng.asserts.SoftAssert.assertAll(SoftAssert.java:46)
	at org.testng.asserts.SoftAssert.assertAll(SoftAssert.java:30)
	at tests.CalculatorFunctionalityTest.sendData(CalculatorFunctionalityTest.java:200)
	at java.base/jdk.internal.reflect.DirectMethodHandleAccessor.invoke(DirectMethodHandleAccessor.java:103)
	at java.base/java.lang.reflect.Method.invoke(Method.java:580)
	at org.testng.internal.invokers.MethodInvocationHelper.invokeMethod(MethodInvocationHelper.java:141)
	at org.testng.internal.invokers.TestInvoker.invokeMethod(TestInvoker.java:687)
	at org.testng.internal.invokers.TestInvoker.invokeTestMethod(TestInvoker.java:230)
	at org.testng.internal.invokers.MethodRunner.runInSequence(MethodRunner.java:63)
	at org.testng.internal.invokers.TestInvoker$MethodInvocationAgent.invoke(TestInvoker.java:995)
	at org.testng.internal.invokers.TestInvoker.invokeTestMethods(TestInvoker.java:203)
	at org.testng.internal.invokers.TestMethodWorker.invokeTestMethods(TestMethodWorker.java:154)
	at org.testng.internal.invokers.TestMethodWorker.run(TestMethodWorker.java:134)
	at java.base/java.util.ArrayList.forEach(ArrayList.java:1596)
	at org.testng.TestRunner.privateRun(TestRunner.java:741)
	at org.testng.TestRunner.run(TestRunner.java:616)
	at org.testng.SuiteRunner.runTest(SuiteRunner.java:421)
	at org.testng.SuiteRunner$SuiteWorker.run(SuiteRunner.java:463)
	at org.testng.internal.thread.ThreadUtil.lambda$execute$0(ThreadUtil.java:64)
	at java.base/java.util.concurrent.FutureTask.run$$$capture(FutureTask.java:317)
	at java.base/java.util.concurrent.FutureTask.run(FutureTask.java)
	at java.base/java.util.concurrent.ThreadPoolExecutor.runWorker(ThreadPoolExecutor.java:1144)
	at java.base/java.util.concurrent.ThreadPoolExecutor$Worker.run(ThreadPoolExecutor.java:642)
	at java.base/java.lang.Thread.run(Thread.java:1583)
2026-01-13 12:07:33.132 INFO  listeners.Listener1 - Attaching pre-submit screenshot: C:\Users\2457157\IdeaProjects\HealthIndexCalculator\reports\screenshots\age_40__pulse_140__bp_170_110__type_negative_before_20260113_120728_968.png
2026-01-13 12:07:33.132 INFO  listeners.Listener1 - Attaching failure screenshot: C:\Users\2457157\IdeaProjects\HealthIndexCalculator\reports\screenshots\age_40__pulse_140__bp_170_110__type_negative_failed_no_alert_20260113_120732_433.png
2026-01-13 12:07:33.438 INFO  pages.CalculatorForm - Entering Blood Pressure: 170/110
2026-01-13 12:07:33.772 INFO  tests.BaseTest - Clicking Calculate
2026-01-13 12:07:33.772 INFO  pages.CalculatorForm - Clicking Calculate button...
2026-01-13 12:07:33.981 INFO  pages.CalculatorForm - Calculate button clicked.
2026-01-13 12:07:37.104 INFO  tests.BaseTest - No alert branch: navigatedToResult=true
2026-01-13 12:07:37.502 ERROR tests.BaseTest - Negative case failed: navigated without alert
2026-01-13 12:07:37.681 INFO  pages.TopNavigation - Navigated to Home Page through LogoText
2026-01-13 12:07:37.681 ERROR listeners.Listener1 - onTestFailure -> sendData
java.lang.AssertionError: The following asserts failed:
	NEGATIVE input incorrectly navigated to Result page without showing any alert.
	at org.testng.asserts.SoftAssert.assertAll(SoftAssert.java:46)
	at org.testng.asserts.SoftAssert.assertAll(SoftAssert.java:30)
	at tests.CalculatorFunctionalityTest.sendData(CalculatorFunctionalityTest.java:200)
	at java.base/jdk.internal.reflect.DirectMethodHandleAccessor.invoke(DirectMethodHandleAccessor.java:103)
	at java.base/java.lang.reflect.Method.invoke(Method.java:580)
	at org.testng.internal.invokers.MethodInvocationHelper.invokeMethod(MethodInvocationHelper.java:141)
	at org.testng.internal.invokers.TestInvoker.invokeMethod(TestInvoker.java:687)
	at org.testng.internal.invokers.TestInvoker.invokeTestMethod(TestInvoker.java:230)
	at org.testng.internal.invokers.MethodRunner.runInSequence(MethodRunner.java:63)
	at org.testng.internal.invokers.TestInvoker$MethodInvocationAgent.invoke(TestInvoker.java:995)
	at org.testng.internal.invokers.TestInvoker.invokeTestMethods(TestInvoker.java:203)
	at org.testng.internal.invokers.TestMethodWorker.invokeTestMethods(TestMethodWorker.java:154)
	at org.testng.internal.invokers.TestMethodWorker.run(TestMethodWorker.java:134)
	at java.base/java.util.ArrayList.forEach(ArrayList.java:1596)
	at org.testng.TestRunner.privateRun(TestRunner.java:741)
	at org.testng.TestRunner.run(TestRunner.java:616)
	at org.testng.SuiteRunner.runTest(SuiteRunner.java:421)
	at org.testng.SuiteRunner$SuiteWorker.run(SuiteRunner.java:463)
	at org.testng.internal.thread.ThreadUtil.lambda$execute$0(ThreadUtil.java:64)
	at java.base/java.util.concurrent.FutureTask.run$$$capture(FutureTask.java:317)
	at java.base/java.util.concurrent.FutureTask.run(FutureTask.java)
	at java.base/java.util.concurrent.ThreadPoolExecutor.runWorker(ThreadPoolExecutor.java:1144)
	at java.base/java.util.concurrent.ThreadPoolExecutor$Worker.run(ThreadPoolExecutor.java:642)
	at java.base/java.lang.Thread.run(Thread.java:1583)
2026-01-13 12:07:37.681 INFO  listeners.Listener1 - Attaching pre-submit screenshot: C:\Users\2457157\IdeaProjects\HealthIndexCalculator\reports\screenshots\age_40__pulse_140__bp_170_110__type_negative_before_20260113_120733_769.png
2026-01-13 12:07:37.681 INFO  listeners.Listener1 - Attaching failure screenshot: C:\Users\2457157\IdeaProjects\HealthIndexCalculator\reports\screenshots\age_40__pulse_140__bp_170_110__type_negative_failed_no_alert_20260113_120737_104.png
2026-01-13 12:07:38.648 INFO  tests.BaseTest - Tearing down webdriver
2026-01-13 12:07:38.648 INFO  tests.BaseTest - WebDriver quit successfully
2026-01-13 12:07:38.649 INFO  listeners.Listener1 - onTestStart -> isResultDisplayed
2026-01-13 12:07:38.652 INFO  tests.BaseTest - === Starting 'isResultDisplayed' test ===
2026-01-13 12:07:38.686 INFO  pages.ResultPage - Result Displayed:true
2026-01-13 12:07:38.733 INFO  tests.BaseTest - Result displayed? true
2026-01-13 12:07:38.733 INFO  tests.BaseTest - PASS: Result is displayed
2026-01-13 12:07:38.733 INFO  tests.BaseTest - === Completed 'isResultDisplayed' test ===
2026-01-13 12:07:38.733 INFO  listeners.Listener1 - onTestSuccess -> isResultDisplayed
2026-01-13 12:07:38.738 INFO  listeners.Listener1 - onTestStart -> gotoTeamDetails
2026-01-13 12:07:38.739 INFO  tests.BaseTest - Navigating to Team Details from Home page
2026-01-13 12:07:38.739 INFO  pages.HomePage - Navigating to Team Details from Home page...
2026-01-13 12:07:38.867 INFO  pages.TopNavigation - Navigated to TeamDetails page
2026-01-13 12:07:38.867 INFO  pages.HomePage - Navigation to Team Details complete.
2026-01-13 12:07:38.884 INFO  tests.BaseTest - URL after goToTeamDetails(): https://hackvyatharth.github.io/Vitalguard_Team_Vanguardians/#foot
2026-01-13 12:07:38.884 INFO  tests.BaseTest - PASS: 'gotoTeamDetails' assertion passed
2026-01-13 12:07:38.884 INFO  listeners.Listener1 - onTestSuccess -> gotoTeamDetails
2026-01-13 12:07:38.887 INFO  tests.BaseTest - Tearing down webdriver
2026-01-13 12:07:42.320 INFO  tests.BaseTest - Tearing down webdriver
2026-01-13 12:07:42.323 INFO  tests.BaseTest - WebDriver quit successfully
2026-01-13 12:07:42.328 INFO  listeners.Listener1 - onTestStart -> isResultDisplayed
2026-01-13 12:07:42.328 INFO  tests.BaseTest - === Starting 'isResultDisplayed' test ===
2026-01-13 12:07:42.356 INFO  pages.ResultPage - Result Displayed:true
2026-01-13 12:07:42.382 INFO  tests.BaseTest - Result displayed? true
2026-01-13 12:07:42.382 INFO  tests.BaseTest - PASS: Result is displayed
2026-01-13 12:07:42.382 INFO  tests.BaseTest - === Completed 'isResultDisplayed' test ===
2026-01-13 12:07:42.382 INFO  listeners.Listener1 - onTestSuccess -> isResultDisplayed
2026-01-13 12:07:42.386 INFO  listeners.Listener1 - onTestStart -> gotoTeamDetails
2026-01-13 12:07:42.388 INFO  tests.BaseTest - Navigating to Team Details from Home page
2026-01-13 12:07:42.388 INFO  pages.HomePage - Navigating to Team Details from Home page...
2026-01-13 12:07:42.515 INFO  pages.TopNavigation - Navigated to TeamDetails page
2026-01-13 12:07:42.515 INFO  pages.HomePage - Navigation to Team Details complete.
2026-01-13 12:07:42.528 INFO  tests.BaseTest - URL after goToTeamDetails(): https://hackvyatharth.github.io/Vitalguard_Team_Vanguardians/#foot
2026-01-13 12:07:42.528 INFO  tests.BaseTest - PASS: 'gotoTeamDetails' assertion passed
2026-01-13 12:07:42.528 INFO  listeners.Listener1 - onTestSuccess -> gotoTeamDetails
2026-01-13 12:07:42.530 INFO  tests.BaseTest - Tearing down webdriver
2026-01-13 12:07:43.632 INFO  tests.BaseTest - WebDriver quit successfully
2026-01-13 12:07:43.648 INFO  listeners.Listener1 - onTestStart -> gotoTeamDetails
2026-01-13 12:07:43.648 INFO  t.BloodPressurePageValidationTest - Navigating to Team Details via BloodPressurePage.goToTeamDetails()...
2026-01-13 12:07:43.648 INFO  pages.BloodPressurePage - Navigating to Team Details from Blood Pressure page...
2026-01-13 12:07:44.002 INFO  pages.TopNavigation - Navigated to TeamDetails page
2026-01-13 12:07:44.002 INFO  pages.BloodPressurePage - Navigation to Team Details complete.
2026-01-13 12:07:44.038 INFO  t.BloodPressurePageValidationTest - URL after goToTeamDetails(): https://hackvyatharth.github.io/Vitalguard_Team_Vanguardians/#foot
2026-01-13 12:07:44.038 INFO  t.BloodPressurePageValidationTest - PASS: Team Details navigation assertion passed.
2026-01-13 12:07:44.038 INFO  listeners.Listener1 - onTestSuccess -> gotoTeamDetails
2026-01-13 12:07:44.049 INFO  tests.BaseTest - Tearing down webdriver
2026-01-13 12:07:48.928 INFO  tests.BaseTest - WebDriver quit successfully
2026-01-13 12:07:48.936 INFO  listeners.Listener1 - onTestStart -> gotoTeamDetails
2026-01-13 12:07:48.938 INFO  t.BloodPressurePageValidationTest - Navigating to Team Details via BloodPressurePage.goToTeamDetails()...
2026-01-13 12:07:48.938 INFO  pages.BloodPressurePage - Navigating to Team Details from Blood Pressure page...
2026-01-13 12:07:49.158 INFO  pages.TopNavigation - Navigated to TeamDetails page
2026-01-13 12:07:49.159 INFO  pages.BloodPressurePage - Navigation to Team Details complete.
2026-01-13 12:07:49.199 INFO  t.BloodPressurePageValidationTest - URL after goToTeamDetails(): https://hackvyatharth.github.io/Vitalguard_Team_Vanguardians/#foot
2026-01-13 12:07:49.199 INFO  t.BloodPressurePageValidationTest - PASS: Team Details navigation assertion passed.
2026-01-13 12:07:49.199 INFO  listeners.Listener1 - onTestSuccess -> gotoTeamDetails
2026-01-13 12:07:49.205 INFO  tests.BaseTest - Tearing down webdriver
2026-01-13 12:07:50.282 INFO  tests.BaseTest - WebDriver quit successfully
2026-01-13 12:07:50.289 INFO  listeners.Listener1 - onTestStart -> gotoTeamDetails
2026-01-13 12:07:50.298 INFO  tests.AgeFactorPageValidationTest - Navigating to Team Details via AgeFactorPage.goToTeamDetails()
2026-01-13 12:07:50.298 INFO  pages.AgeFactorPage - Navigating to Team Details from Age Factor page...
2026-01-13 12:07:50.638 INFO  pages.TopNavigation - Navigated to TeamDetails page
2026-01-13 12:07:50.638 INFO  pages.AgeFactorPage - Navigation to Team Details complete.
2026-01-13 12:07:50.666 INFO  tests.AgeFactorPageValidationTest - PASS: Team Details navigation assertion passed
2026-01-13 12:07:50.666 INFO  listeners.Listener1 - onTestSuccess -> gotoTeamDetails
2026-01-13 12:07:50.673 INFO  tests.BaseTest - Tearing down webdriver
2026-01-13 12:07:55.368 INFO  tests.BaseTest - WebDriver quit successfully
2026-01-13 12:07:55.380 INFO  listeners.Listener1 - onTestStart -> gotoTeamDetails
2026-01-13 12:07:55.382 INFO  tests.AgeFactorPageValidationTest - Navigating to Team Details via AgeFactorPage.goToTeamDetails()
2026-01-13 12:07:55.382 INFO  pages.AgeFactorPage - Navigating to Team Details from Age Factor page...
2026-01-13 12:07:55.661 INFO  pages.TopNavigation - Navigated to TeamDetails page
2026-01-13 12:07:55.661 INFO  pages.AgeFactorPage - Navigation to Team Details complete.
2026-01-13 12:07:55.672 INFO  tests.AgeFactorPageValidationTest - PASS: Team Details navigation assertion passed
2026-01-13 12:07:55.672 INFO  listeners.Listener1 - onTestSuccess -> gotoTeamDetails
2026-01-13 12:07:55.677 INFO  tests.BaseTest - Tearing down webdriver
2026-01-13 12:07:56.697 INFO  tests.BaseTest - WebDriver quit successfully
2026-01-13 12:07:56.707 INFO  listeners.Listener1 - onTestStart -> gotoAgeFactor
2026-01-13 12:07:56.713 INFO  tests.BaseTest - === Starting 'gotoAgeFactor' test ===
2026-01-13 12:07:56.713 INFO  pages.TeamDetails - Navigating to Age Factor from Team Details page...
2026-01-13 12:07:57.047 INFO  pages.TopNavigation - Navigated to AgeFactor page
2026-01-13 12:07:57.047 INFO  pages.TeamDetails - Navigation to Age Factor complete.
2026-01-13 12:07:57.068 INFO  tests.BaseTest - Current URL after gotoAgeFactor(): https://hackvyatharth.github.io/Vitalguard_Team_Vanguardians/#ageFactor
2026-01-13 12:07:57.069 INFO  tests.BaseTest - PASS: 'gotoAgeFactor' assertion passed (URL contains '#ageFactor')
2026-01-13 12:07:57.069 INFO  tests.BaseTest - === Completed 'gotoAgeFactor' test ===
2026-01-13 12:07:57.070 INFO  listeners.Listener1 - onTestSuccess -> gotoAgeFactor
2026-01-13 12:07:57.083 INFO  tests.BaseTest - Tearing down webdriver
2026-01-13 12:08:01.152 INFO  tests.BaseTest - WebDriver quit successfully
2026-01-13 12:08:01.163 INFO  listeners.Listener1 - onTestStart -> gotoAgeFactor
2026-01-13 12:08:01.163 INFO  tests.BaseTest - === Starting 'gotoAgeFactor' test ===
2026-01-13 12:08:01.163 INFO  pages.TeamDetails - Navigating to Age Factor from Team Details page...
2026-01-13 12:08:01.433 INFO  pages.TopNavigation - Navigated to AgeFactor page
2026-01-13 12:08:01.433 INFO  pages.TeamDetails - Navigation to Age Factor complete.
2026-01-13 12:08:01.461 INFO  tests.BaseTest - Current URL after gotoAgeFactor(): https://hackvyatharth.github.io/Vitalguard_Team_Vanguardians/#ageFactor
2026-01-13 12:08:01.462 INFO  tests.BaseTest - PASS: 'gotoAgeFactor' assertion passed (URL contains '#ageFactor')
2026-01-13 12:08:01.462 INFO  tests.BaseTest - === Completed 'gotoAgeFactor' test ===
2026-01-13 12:08:01.462 INFO  listeners.Listener1 - onTestSuccess -> gotoAgeFactor
2026-01-13 12:08:01.470 INFO  tests.BaseTest - Tearing down webdriver
2026-01-13 12:08:02.259 INFO  tests.BaseTest - WebDriver quit successfully
2026-01-13 12:08:02.264 INFO  listeners.Listener1 - onTestStart -> isFeedbackBoxdisplayed
2026-01-13 12:08:02.264 INFO  tests.BaseTest - === Starting 'isFeedbackBoxdisplayed' test ===
2026-01-13 12:08:02.289 INFO  pages.ResultPage - Feedback Box present:true
2026-01-13 12:08:02.309 INFO  tests.BaseTest - Feedback box present? true
2026-01-13 12:08:02.309 INFO  tests.BaseTest - PASS: Feedback box is present
2026-01-13 12:08:02.309 INFO  tests.BaseTest - === Completed 'isFeedbackBoxdisplayed' test ===
2026-01-13 12:08:02.309 INFO  listeners.Listener1 - onTestSuccess -> isFeedbackBoxdisplayed
2026-01-13 12:08:02.312 INFO  tests.BaseTest - Tearing down webdriver
2026-01-13 12:08:05.159 INFO  tests.BaseTest - WebDriver quit successfully
2026-01-13 12:08:05.175 INFO  listeners.Listener1 - onTestStart -> isFeedbackBoxdisplayed
2026-01-13 12:08:05.175 INFO  tests.BaseTest - === Starting 'isFeedbackBoxdisplayed' test ===
2026-01-13 12:08:05.208 INFO  pages.ResultPage - Feedback Box present:true
2026-01-13 12:08:05.258 INFO  tests.BaseTest - Feedback box present? true
2026-01-13 12:08:05.258 INFO  tests.BaseTest - PASS: Feedback box is present
2026-01-13 12:08:05.258 INFO  tests.BaseTest - === Completed 'isFeedbackBoxdisplayed' test ===
2026-01-13 12:08:05.258 INFO  listeners.Listener1 - onTestSuccess -> isFeedbackBoxdisplayed
2026-01-13 12:08:05.277 INFO  tests.BaseTest - Tearing down webdriver
2026-01-13 12:08:05.662 INFO  tests.BaseTest - WebDriver quit successfully
2026-01-13 12:08:05.663 INFO  listeners.Listener1 - Flushing ExtentReports...
2026-01-13 12:08:06.179 INFO  listeners.Listener1 - ExtentReports flushed successfully
2026-01-13 12:08:06.179 INFO  listeners.Listener1 - Cleared testMap. Listener finished.
2026-01-13 12:08:09.495 INFO  tests.BaseTest - WebDriver quit successfully
2026-01-13 12:08:09.496 INFO  listeners.Listener1 - Flushing ExtentReports...
2026-01-13 12:08:09.623 INFO  listeners.Listener1 - ExtentReports flushed successfully
2026-01-13 12:08:09.623 INFO  listeners.Listener1 - Cleared testMap. Listener finished.
2026-01-13 18:16:41.087 INFO  org.testng.internal.Utils - [TestNG] Running:
  C:\Users\2457157\IdeaProjects\HealthIndexCalculator\project.xml

2026-01-13 18:16:41.122 INFO  listeners.Listener1 - Initializing ExtentReports. Report path: C:\Users\2457157\IdeaProjects\HealthIndexCalculator/reports/report5.html
2026-01-13 18:16:41.122 INFO  listeners.Listener1 - Initializing ExtentReports. Report path: C:\Users\2457157\IdeaProjects\HealthIndexCalculator/reports/report5.html
2026-01-13 18:16:41.510 INFO  listeners.Listener1 - System info set: Browser=chrome
2026-01-13 18:16:41.510 INFO  listeners.Listener1 - ExtentReports initialization complete
2026-01-13 18:16:41.510 INFO  listeners.Listener1 - System info set: Browser=edge
2026-01-13 18:16:41.510 INFO  listeners.Listener1 - ExtentReports initialization complete
2026-01-13 18:16:41.624 INFO  tests.BaseTest - Starting WebDriver and navigating to Home: https://hackvyatharth.github.io/Vitalguard_Team_Vanguardians/
2026-01-13 18:16:41.625 INFO  tests.BaseTest - Starting WebDriver and navigating to Home: https://hackvyatharth.github.io/Vitalguard_Team_Vanguardians/
2026-01-13 18:16:45.022 INFO  tests.BaseTest - edge Browser started
2026-01-13 18:16:46.243 INFO  tests.BaseTest - Initializing page objects: TopNavigation, HomePage
2026-01-13 18:16:46.388 INFO  tests.BaseTest - Setup completed for UrlValidationTest
2026-01-13 18:16:46.571 INFO  listeners.Listener1 - onTestStart -> isURLWorking
2026-01-13 18:16:46.573 INFO  tests.BaseTest - chrome Browser started
2026-01-13 18:16:46.593 INFO  tests.BaseTest - === Starting 'isURLWorking' test ===
2026-01-13 18:16:46.726 INFO  pages.TopNavigation - Logo present:true
2026-01-13 18:16:46.757 INFO  pages.TopNavigation - Logo Text present:true
2026-01-13 18:16:46.789 INFO  pages.TopNavigation - Home field present:true
2026-01-13 18:16:46.823 INFO  pages.TopNavigation - HeartPulse field present:true
2026-01-13 18:16:46.853 INFO  pages.TopNavigation - BloodPressure field present:true
2026-01-13 18:16:46.886 INFO  pages.TopNavigation - AgeFactor field present:true
2026-01-13 18:16:46.941 INFO  pages.TopNavigation - TeamDetails field present:true
2026-01-13 18:16:46.966 INFO  pages.TopNavigation - TopNavigation bar present:true
2026-01-13 18:16:46.967 INFO  pages.HomePage - Waiting for left image to be visible...
2026-01-13 18:16:47.020 INFO  pages.HomePage - Left image present: true
2026-01-13 18:16:47.020 INFO  pages.HomePage - Waiting for calculator form to be visible...
2026-01-13 18:16:47.069 INFO  pages.HomePage - Calculator form present: true
2026-01-13 18:16:47.071 INFO  tests.BaseTest - NavBar present? true
2026-01-13 18:16:47.071 INFO  tests.BaseTest - Left image present? true
2026-01-13 18:16:47.071 INFO  tests.BaseTest - Calculator present? true
2026-01-13 18:16:47.074 INFO  tests.BaseTest - PASS: Home page loaded successfully with all required elements
2026-01-13 18:16:47.074 INFO  tests.BaseTest - === Completed 'isURLWorking' test ===
2026-01-13 18:16:47.076 INFO  listeners.Listener1 - onTestSuccess -> isURLWorking
2026-01-13 18:16:47.181 INFO  tests.BaseTest - Tearing down webdriver
2026-01-13 18:16:47.689 INFO  tests.BaseTest - Initializing page objects: TopNavigation, HomePage
2026-01-13 18:16:47.693 INFO  tests.BaseTest - Setup completed for UrlValidationTest
2026-01-13 18:16:47.700 INFO  listeners.Listener1 - onTestStart -> isURLWorking
2026-01-13 18:16:47.706 INFO  tests.BaseTest - === Starting 'isURLWorking' test ===
2026-01-13 18:16:47.796 INFO  pages.TopNavigation - Logo present:true
2026-01-13 18:16:47.848 INFO  pages.TopNavigation - Logo Text present:true
2026-01-13 18:16:47.907 INFO  pages.TopNavigation - Home field present:true
2026-01-13 18:16:47.980 INFO  pages.TopNavigation - HeartPulse field present:true
2026-01-13 18:16:48.031 INFO  pages.TopNavigation - BloodPressure field present:true
2026-01-13 18:16:48.061 INFO  pages.TopNavigation - AgeFactor field present:true
2026-01-13 18:16:48.109 INFO  pages.TopNavigation - TeamDetails field present:true
2026-01-13 18:16:48.128 INFO  pages.TopNavigation - TopNavigation bar present:true
2026-01-13 18:16:48.128 INFO  pages.HomePage - Waiting for left image to be visible...
2026-01-13 18:16:48.174 INFO  pages.HomePage - Left image present: true
2026-01-13 18:16:48.174 INFO  pages.HomePage - Waiting for calculator form to be visible...
2026-01-13 18:16:48.216 INFO  pages.HomePage - Calculator form present: true
2026-01-13 18:16:48.217 INFO  tests.BaseTest - NavBar present? true
2026-01-13 18:16:48.217 INFO  tests.BaseTest - Left image present? true
2026-01-13 18:16:48.217 INFO  tests.BaseTest - Calculator present? true
2026-01-13 18:16:48.217 INFO  tests.BaseTest - PASS: Home page loaded successfully with all required elements
2026-01-13 18:16:48.217 INFO  tests.BaseTest - === Completed 'isURLWorking' test ===
2026-01-13 18:16:48.218 INFO  listeners.Listener1 - onTestSuccess -> isURLWorking
2026-01-13 18:16:48.223 INFO  tests.BaseTest - Tearing down webdriver
2026-01-13 18:16:49.890 INFO  tests.BaseTest - WebDriver quit successfully
2026-01-13 18:16:49.894 INFO  tests.BaseTest - Starting WebDriver and navigating to Home: https://hackvyatharth.github.io/Vitalguard_Team_Vanguardians/
2026-01-13 18:16:50.628 INFO  tests.BaseTest - WebDriver quit successfully
2026-01-13 18:16:50.630 INFO  tests.BaseTest - Starting WebDriver and navigating to Home: https://hackvyatharth.github.io/Vitalguard_Team_Vanguardians/
2026-01-13 18:16:52.669 INFO  tests.BaseTest - edge Browser started
2026-01-13 18:16:53.097 INFO  tests.HeartPulsePageValidationTest - Initializing HeartPulsePage and TopNavigation with driver EdgeDriver: MicrosoftEdge on windows (c9b12c86b734afb33c25d0d39eebf9df)
2026-01-13 18:16:53.113 INFO  tests.HeartPulsePageValidationTest - Navigating to 'Heart Pulse' via top navigation
2026-01-13 18:16:53.927 INFO  tests.BaseTest - chrome Browser started
2026-01-13 18:16:54.026 INFO  pages.TopNavigation - Navigated to HeartPulse page
2026-01-13 18:16:54.060 INFO  tests.HeartPulsePageValidationTest - Arrived at Heart Pulse page. Current URL: https://hackvyatharth.github.io/Vitalguard_Team_Vanguardians/#pulseRate
2026-01-13 18:16:54.075 INFO  listeners.Listener1 - onTestStart -> isHeadingPresent
2026-01-13 18:16:54.076 INFO  tests.HeartPulsePageValidationTest - Checking Heart Pulse page heading presence
2026-01-13 18:16:54.076 INFO  pages.HeartPulsePage - Waiting for Heart Pulse heading to be visible...
2026-01-13 18:16:54.129 INFO  tests.HeartPulsePageValidationTest - Initializing HeartPulsePage and TopNavigation with driver ChromeDriver: chrome on windows (ab1088059c315125cd34b653b272f98b)
2026-01-13 18:16:54.133 INFO  tests.HeartPulsePageValidationTest - Navigating to 'Heart Pulse' via top navigation
2026-01-13 18:16:54.177 INFO  pages.HeartPulsePage - Heading present: true
2026-01-13 18:16:54.178 INFO  tests.HeartPulsePageValidationTest - 'isHeadingPresent' assertion passed
2026-01-13 18:16:54.179 INFO  listeners.Listener1 - onTestSuccess -> isHeadingPresent
2026-01-13 18:16:54.213 INFO  listeners.Listener1 - onTestStart -> isTopNavPresent
2026-01-13 18:16:54.222 INFO  tests.HeartPulsePageValidationTest - Verifying top navigation presence on Heart Pulse page
2026-01-13 18:16:54.275 INFO  pages.TopNavigation - Logo present:true
2026-01-13 18:16:54.399 INFO  pages.TopNavigation - Logo Text present:true
2026-01-13 18:16:54.458 INFO  pages.TopNavigation - Home field present:true
2026-01-13 18:16:54.530 INFO  pages.TopNavigation - HeartPulse field present:true
2026-01-13 18:16:54.632 INFO  pages.TopNavigation - BloodPressure field present:true
2026-01-13 18:16:54.708 INFO  pages.TopNavigation - AgeFactor field present:true
2026-01-13 18:16:54.710 INFO  pages.TopNavigation - Navigated to HeartPulse page
2026-01-13 18:16:54.749 INFO  tests.HeartPulsePageValidationTest - Arrived at Heart Pulse page. Current URL: https://hackvyatharth.github.io/Vitalguard_Team_Vanguardians/#pulseRate
2026-01-13 18:16:54.768 INFO  listeners.Listener1 - onTestStart -> isHeadingPresent
2026-01-13 18:16:54.770 INFO  tests.HeartPulsePageValidationTest - Checking Heart Pulse page heading presence
2026-01-13 18:16:54.770 INFO  pages.HeartPulsePage - Waiting for Heart Pulse heading to be visible...
2026-01-13 18:16:54.863 INFO  pages.TopNavigation - TeamDetails field present:true
2026-01-13 18:16:54.953 INFO  pages.HeartPulsePage - Heading present: true
2026-01-13 18:16:54.953 INFO  tests.HeartPulsePageValidationTest - 'isHeadingPresent' assertion passed
2026-01-13 18:16:54.953 INFO  listeners.Listener1 - onTestSuccess -> isHeadingPresent
2026-01-13 18:16:54.973 INFO  listeners.Listener1 - onTestStart -> isTopNavPresent
2026-01-13 18:16:54.974 INFO  tests.HeartPulsePageValidationTest - Verifying top navigation presence on Heart Pulse page
2026-01-13 18:16:55.052 INFO  pages.TopNavigation - TopNavigation bar present:true
2026-01-13 18:16:55.052 INFO  pages.HeartPulsePage - Top navigation present: true
2026-01-13 18:16:55.052 INFO  tests.HeartPulsePageValidationTest - 'isTopNavPresent' assertion passed
2026-01-13 18:16:55.054 INFO  listeners.Listener1 - onTestSuccess -> isTopNavPresent
2026-01-13 18:16:55.075 INFO  tests.BaseTest - Starting WebDriver and navigating to Home: https://hackvyatharth.github.io/Vitalguard_Team_Vanguardians/
2026-01-13 18:16:55.137 INFO  pages.TopNavigation - Logo present:true
2026-01-13 18:16:55.268 INFO  pages.TopNavigation - Logo Text present:true
2026-01-13 18:16:55.365 INFO  pages.TopNavigation - Home field present:true
2026-01-13 18:16:55.456 INFO  pages.TopNavigation - HeartPulse field present:true
2026-01-13 18:16:55.578 INFO  pages.TopNavigation - BloodPressure field present:true
2026-01-13 18:16:55.718 INFO  pages.TopNavigation - AgeFactor field present:true
2026-01-13 18:16:55.931 INFO  pages.TopNavigation - TeamDetails field present:true
2026-01-13 18:16:56.019 INFO  pages.TopNavigation - TopNavigation bar present:true
2026-01-13 18:16:56.019 INFO  pages.HeartPulsePage - Top navigation present: true
2026-01-13 18:16:56.019 INFO  tests.HeartPulsePageValidationTest - 'isTopNavPresent' assertion passed
2026-01-13 18:16:56.019 INFO  listeners.Listener1 - onTestSuccess -> isTopNavPresent
2026-01-13 18:16:56.029 INFO  tests.BaseTest - Starting WebDriver and navigating to Home: https://hackvyatharth.github.io/Vitalguard_Team_Vanguardians/
2026-01-13 18:16:58.998 INFO  tests.BaseTest - edge Browser started
2026-01-13 18:16:59.778 INFO  tests.BaseTest - chrome Browser started
2026-01-13 18:17:00.066 INFO  tests.BaseTest - Initializing HomePage and TopNavigation with driver
2026-01-13 18:17:00.072 INFO  tests.BaseTest - Navigating to Home page via TopNavigation.goToHome()
2026-01-13 18:17:00.179 INFO  tests.BaseTest - Initializing HomePage and TopNavigation with driver
2026-01-13 18:17:00.180 INFO  tests.BaseTest - Navigating to Home page via TopNavigation.goToHome()
2026-01-13 18:17:00.700 INFO  pages.TopNavigation - Navigated to Home page 
2026-01-13 18:17:00.731 INFO  tests.BaseTest - Arrived at Home page. Current URL: https://hackvyatharth.github.io/Vitalguard_Team_Vanguardians/#container
2026-01-13 18:17:00.757 INFO  listeners.Listener1 - onTestStart -> isTopNavPresent
2026-01-13 18:17:00.757 INFO  tests.BaseTest - === Starting 'isTopNavPresent' test ===
2026-01-13 18:17:00.797 INFO  pages.TopNavigation - Navigated to Home page 
2026-01-13 18:17:00.812 INFO  tests.BaseTest - Arrived at Home page. Current URL: https://hackvyatharth.github.io/Vitalguard_Team_Vanguardians/#container
2026-01-13 18:17:00.815 INFO  pages.TopNavigation - Logo present:true
2026-01-13 18:17:00.844 INFO  listeners.Listener1 - onTestStart -> isTopNavPresent
2026-01-13 18:17:00.846 INFO  tests.BaseTest - === Starting 'isTopNavPresent' test ===
2026-01-13 18:17:00.886 INFO  pages.TopNavigation - Logo Text present:true
2026-01-13 18:17:00.918 INFO  pages.TopNavigation - Logo present:true
2026-01-13 18:17:00.949 INFO  pages.TopNavigation - Home field present:true
2026-01-13 18:17:00.978 INFO  pages.TopNavigation - Logo Text present:true
2026-01-13 18:17:01.008 INFO  pages.TopNavigation - HeartPulse field present:true
2026-01-13 18:17:01.042 INFO  pages.TopNavigation - Home field present:true
2026-01-13 18:17:01.058 INFO  pages.TopNavigation - BloodPressure field present:true
2026-01-13 18:17:01.087 INFO  pages.TopNavigation - HeartPulse field present:true
2026-01-13 18:17:01.098 INFO  pages.TopNavigation - AgeFactor field present:true
2026-01-13 18:17:01.157 INFO  pages.TopNavigation - BloodPressure field present:true
2026-01-13 18:17:01.204 INFO  pages.TopNavigation - AgeFactor field present:true
2026-01-13 18:17:01.204 INFO  pages.TopNavigation - TeamDetails field present:true
2026-01-13 18:17:01.235 INFO  pages.TopNavigation - TopNavigation bar present:true
2026-01-13 18:17:01.235 INFO  pages.HomePage - Top navigation present: true
2026-01-13 18:17:01.235 INFO  tests.BaseTest - PASS: Top navigation is present
2026-01-13 18:17:01.235 INFO  tests.BaseTest - === Completed 'isTopNavPresent' test ===
2026-01-13 18:17:01.235 INFO  listeners.Listener1 - onTestSuccess -> isTopNavPresent
2026-01-13 18:17:01.243 INFO  listeners.Listener1 - onTestStart -> gotoHome
2026-01-13 18:17:01.243 INFO  tests.HeartPulsePageValidationTest - Navigating to Home from Heart Pulse page
2026-01-13 18:17:01.243 INFO  pages.HeartPulsePage - Navigating to Home from Heart Pulse page...
2026-01-13 18:17:01.278 INFO  pages.TopNavigation - TeamDetails field present:true
2026-01-13 18:17:01.311 INFO  pages.TopNavigation - TopNavigation bar present:true
2026-01-13 18:17:01.311 INFO  pages.HomePage - Top navigation present: true
2026-01-13 18:17:01.311 INFO  tests.BaseTest - PASS: Top navigation is present
2026-01-13 18:17:01.311 INFO  tests.BaseTest - === Completed 'isTopNavPresent' test ===
2026-01-13 18:17:01.313 INFO  listeners.Listener1 - onTestSuccess -> isTopNavPresent
2026-01-13 18:17:01.327 INFO  listeners.Listener1 - onTestStart -> gotoHome
2026-01-13 18:17:01.327 INFO  tests.HeartPulsePageValidationTest - Navigating to Home from Heart Pulse page
2026-01-13 18:17:01.327 INFO  pages.HeartPulsePage - Navigating to Home from Heart Pulse page...
2026-01-13 18:17:01.420 INFO  pages.TopNavigation - Navigated to Home page 
2026-01-13 18:17:01.420 INFO  pages.HeartPulsePage - Navigation to Home complete.
2026-01-13 18:17:01.448 INFO  tests.HeartPulsePageValidationTest - URL after goToHome(): https://hackvyatharth.github.io/Vitalguard_Team_Vanguardians/#container
2026-01-13 18:17:01.448 INFO  tests.HeartPulsePageValidationTest - 'gotoHome' assertion passed
2026-01-13 18:17:01.451 INFO  listeners.Listener1 - onTestSuccess -> gotoHome
2026-01-13 18:17:01.462 INFO  tests.BaseTest - Starting WebDriver and navigating to Home: https://hackvyatharth.github.io/Vitalguard_Team_Vanguardians/
2026-01-13 18:17:01.526 INFO  pages.TopNavigation - Navigated to Home page 
2026-01-13 18:17:01.526 INFO  pages.HeartPulsePage - Navigation to Home complete.
2026-01-13 18:17:01.570 INFO  tests.HeartPulsePageValidationTest - URL after goToHome(): https://hackvyatharth.github.io/Vitalguard_Team_Vanguardians/#container
2026-01-13 18:17:01.570 INFO  tests.HeartPulsePageValidationTest - 'gotoHome' assertion passed
2026-01-13 18:17:01.570 INFO  listeners.Listener1 - onTestSuccess -> gotoHome
2026-01-13 18:17:01.576 INFO  tests.BaseTest - Starting WebDriver and navigating to Home: https://hackvyatharth.github.io/Vitalguard_Team_Vanguardians/
2026-01-13 18:17:05.047 INFO  tests.BaseTest - edge Browser started
2026-01-13 18:17:05.936 INFO  tests.BaseTest - chrome Browser started
2026-01-13 18:17:06.172 INFO  t.BloodPressurePageValidationTest - Initializing BloodPressurePage and TopNavigation...
2026-01-13 18:17:06.187 INFO  t.BloodPressurePageValidationTest - Navigating to 'Blood Pressure' via top navigation...
2026-01-13 18:17:06.462 INFO  t.BloodPressurePageValidationTest - Initializing BloodPressurePage and TopNavigation...
2026-01-13 18:17:06.479 INFO  t.BloodPressurePageValidationTest - Navigating to 'Blood Pressure' via top navigation...
2026-01-13 18:17:06.798 INFO  pages.TopNavigation - Navigated to BloodPressure page
2026-01-13 18:17:06.838 INFO  t.BloodPressurePageValidationTest - Arrived at Blood Pressure page. Current URL: https://hackvyatharth.github.io/Vitalguard_Team_Vanguardians/#bloodPressure
2026-01-13 18:17:06.943 INFO  listeners.Listener1 - onTestStart -> isTopNavPresent
2026-01-13 18:17:06.945 INFO  t.BloodPressurePageValidationTest - === Starting 'isTopNavPresent' test ===
2026-01-13 18:17:07.009 INFO  pages.TopNavigation - Logo present:true
2026-01-13 18:17:07.127 INFO  pages.TopNavigation - Navigated to BloodPressure page
2026-01-13 18:17:07.129 INFO  pages.TopNavigation - Logo Text present:true
2026-01-13 18:17:07.177 INFO  t.BloodPressurePageValidationTest - Arrived at Blood Pressure page. Current URL: https://hackvyatharth.github.io/Vitalguard_Team_Vanguardians/#bloodPressure
2026-01-13 18:17:07.243 INFO  listeners.Listener1 - onTestStart -> isTopNavPresent
2026-01-13 18:17:07.243 INFO  t.BloodPressurePageValidationTest - === Starting 'isTopNavPresent' test ===
2026-01-13 18:17:07.308 INFO  pages.TopNavigation - Home field present:true
2026-01-13 18:17:07.330 INFO  pages.TopNavigation - Logo present:true
2026-01-13 18:17:07.363 INFO  pages.TopNavigation - HeartPulse field present:true
2026-01-13 18:17:07.372 INFO  pages.TopNavigation - Logo Text present:true
2026-01-13 18:17:07.441 INFO  pages.TopNavigation - BloodPressure field present:true
2026-01-13 18:17:07.476 INFO  pages.TopNavigation - Home field present:true
2026-01-13 18:17:07.569 INFO  pages.TopNavigation - AgeFactor field present:true
2026-01-13 18:17:07.660 INFO  pages.TopNavigation - HeartPulse field present:true
2026-01-13 18:17:07.739 INFO  pages.TopNavigation - TeamDetails field present:true
2026-01-13 18:17:07.824 INFO  pages.TopNavigation - BloodPressure field present:true
2026-01-13 18:17:07.861 INFO  pages.TopNavigation - TopNavigation bar present:true
2026-01-13 18:17:07.861 INFO  pages.BloodPressurePage - Top navigation present: true
2026-01-13 18:17:07.865 INFO  t.BloodPressurePageValidationTest - PASS: Top navigation presence assertion passed.
2026-01-13 18:17:07.866 INFO  t.BloodPressurePageValidationTest - === Completed 'isTopNavPresent' test ===
2026-01-13 18:17:07.869 INFO  listeners.Listener1 - onTestSuccess -> isTopNavPresent
2026-01-13 18:17:07.875 INFO  tests.BaseTest - Starting WebDriver and navigating to Home: https://hackvyatharth.github.io/Vitalguard_Team_Vanguardians/
2026-01-13 18:17:07.908 INFO  pages.TopNavigation - AgeFactor field present:true
2026-01-13 18:17:08.074 INFO  pages.TopNavigation - TeamDetails field present:true
2026-01-13 18:17:08.146 INFO  pages.TopNavigation - TopNavigation bar present:true
2026-01-13 18:17:08.146 INFO  pages.BloodPressurePage - Top navigation present: true
2026-01-13 18:17:08.146 INFO  t.BloodPressurePageValidationTest - PASS: Top navigation presence assertion passed.
2026-01-13 18:17:08.146 INFO  t.BloodPressurePageValidationTest - === Completed 'isTopNavPresent' test ===
2026-01-13 18:17:08.146 INFO  listeners.Listener1 - onTestSuccess -> isTopNavPresent
2026-01-13 18:17:08.154 INFO  tests.BaseTest - Starting WebDriver and navigating to Home: https://hackvyatharth.github.io/Vitalguard_Team_Vanguardians/
2026-01-13 18:17:12.846 INFO  tests.BaseTest - edge Browser started
2026-01-13 18:17:13.515 INFO  tests.BaseTest - chrome Browser started
2026-01-13 18:17:13.973 INFO  tests.AgeFactorPageValidationTest - Initializing AgeFactorPage and TopNavigation for driver: EdgeDriver: MicrosoftEdge on windows (bb398ab1cf0dfde1a8f9311bb3f2878b)
2026-01-13 18:17:13.991 INFO  tests.AgeFactorPageValidationTest - Navigating to 'Age Factor' via top navigation
2026-01-13 18:17:14.122 INFO  tests.AgeFactorPageValidationTest - Initializing AgeFactorPage and TopNavigation for driver: ChromeDriver: chrome on windows (a9d002606ef4eeb5766e63377cbe2804)
2026-01-13 18:17:14.134 INFO  tests.AgeFactorPageValidationTest - Navigating to 'Age Factor' via top navigation
2026-01-13 18:17:14.956 INFO  pages.TopNavigation - Navigated to AgeFactor page
2026-01-13 18:17:14.956 INFO  tests.AgeFactorPageValidationTest - Arrived at Age factor page
2026-01-13 18:17:15.029 INFO  pages.TopNavigation - Navigated to AgeFactor page
2026-01-13 18:17:15.029 INFO  tests.AgeFactorPageValidationTest - Arrived at Age factor page
2026-01-13 18:17:15.039 INFO  listeners.Listener1 - onTestStart -> isTopNavPresent
2026-01-13 18:17:15.053 INFO  tests.AgeFactorPageValidationTest - Verifying top navigation presence on Age Factor page
2026-01-13 18:17:15.112 INFO  listeners.Listener1 - onTestStart -> isTopNavPresent
2026-01-13 18:17:15.114 INFO  tests.AgeFactorPageValidationTest - Verifying top navigation presence on Age Factor page
2026-01-13 18:17:15.177 INFO  pages.TopNavigation - Logo present:true
2026-01-13 18:17:15.240 INFO  pages.TopNavigation - Logo present:true
2026-01-13 18:17:15.264 INFO  pages.TopNavigation - Logo Text present:true
2026-01-13 18:17:15.353 INFO  pages.TopNavigation - Logo Text present:true
2026-01-13 18:17:15.357 INFO  pages.TopNavigation - Home field present:true
2026-01-13 18:17:15.428 INFO  pages.TopNavigation - HeartPulse field present:true
2026-01-13 18:17:15.443 INFO  pages.TopNavigation - Home field present:true
2026-01-13 18:17:15.542 INFO  pages.TopNavigation - BloodPressure field present:true
2026-01-13 18:17:15.578 INFO  pages.TopNavigation - HeartPulse field present:true
2026-01-13 18:17:15.709 INFO  pages.TopNavigation - AgeFactor field present:true
2026-01-13 18:17:15.758 INFO  pages.TopNavigation - BloodPressure field present:true
2026-01-13 18:17:15.958 INFO  pages.TopNavigation - AgeFactor field present:true
2026-01-13 18:17:16.040 INFO  pages.TopNavigation - TeamDetails field present:true
2026-01-13 18:17:16.194 INFO  pages.TopNavigation - TopNavigation bar present:true
2026-01-13 18:17:16.194 INFO  pages.AgeFactorPage - Top navigation present: true
2026-01-13 18:17:16.194 INFO  tests.AgeFactorPageValidationTest - PASS: Top navigation presence assertion passed
2026-01-13 18:17:16.196 INFO  listeners.Listener1 - onTestSuccess -> isTopNavPresent
2026-01-13 18:17:16.456 INFO  pages.TopNavigation - TeamDetails field present:true
2026-01-13 18:17:19.276 INFO  tests.BaseTest - Starting WebDriver and navigating to Home: https://hackvyatharth.github.io/Vitalguard_Team_Vanguardians/
2026-01-13 18:17:19.455 INFO  pages.TopNavigation - TopNavigation bar present:true
2026-01-13 18:17:19.455 INFO  pages.AgeFactorPage - Top navigation present: true
2026-01-13 18:17:19.455 INFO  tests.AgeFactorPageValidationTest - PASS: Top navigation presence assertion passed
2026-01-13 18:17:19.457 INFO  listeners.Listener1 - onTestSuccess -> isTopNavPresent
2026-01-13 18:17:19.460 INFO  tests.BaseTest - Starting WebDriver and navigating to Home: https://hackvyatharth.github.io/Vitalguard_Team_Vanguardians/
2026-01-13 18:17:24.493 INFO  tests.BaseTest - chrome Browser started
2026-01-13 18:17:27.222 INFO  tests.BaseTest - Initializing page objects: TeamDetails, TopNavigation
2026-01-13 18:17:27.276 INFO  tests.BaseTest - Navigating to Team Details page via TopNavigation
2026-01-13 18:17:28.403 INFO  tests.BaseTest - edge Browser started
2026-01-13 18:17:28.423 INFO  pages.TopNavigation - Navigated to TeamDetails page
2026-01-13 18:17:28.423 INFO  tests.BaseTest - Setup completed for TeamDetailsPageValidationTest
2026-01-13 18:17:28.427 INFO  listeners.Listener1 - onTestStart -> isTopNavPresent
2026-01-13 18:17:28.427 INFO  tests.BaseTest - === Starting 'isTopNavPresent' test ===
2026-01-13 18:17:28.530 INFO  pages.TopNavigation - Logo present:true
2026-01-13 18:17:28.613 INFO  pages.TopNavigation - Logo Text present:true
2026-01-13 18:17:28.664 INFO  pages.TopNavigation - Home field present:true
2026-01-13 18:17:28.723 INFO  pages.TopNavigation - HeartPulse field present:true
2026-01-13 18:17:28.764 INFO  pages.TopNavigation - BloodPressure field present:true
2026-01-13 18:17:28.825 INFO  tests.BaseTest - Initializing page objects: TeamDetails, TopNavigation
2026-01-13 18:17:28.828 INFO  tests.BaseTest - Navigating to Team Details page via TopNavigation
2026-01-13 18:17:28.858 INFO  pages.TopNavigation - AgeFactor field present:true
2026-01-13 18:17:28.953 INFO  pages.TopNavigation - TeamDetails field present:true
2026-01-13 18:17:28.991 INFO  pages.TopNavigation - TopNavigation bar present:true
2026-01-13 18:17:28.991 INFO  pages.TeamDetails - Top navigation present: true
2026-01-13 18:17:28.991 INFO  tests.BaseTest - Top navigation present? true
2026-01-13 18:17:28.991 INFO  tests.BaseTest - PASS: Top navigation is present
2026-01-13 18:17:28.991 INFO  tests.BaseTest - === Completed 'isTopNavPresent' test ===
2026-01-13 18:17:28.993 INFO  listeners.Listener1 - onTestSuccess -> isTopNavPresent
2026-01-13 18:17:28.997 INFO  tests.BaseTest - Starting WebDriver and navigating to Home: https://hackvyatharth.github.io/Vitalguard_Team_Vanguardians/
2026-01-13 18:17:29.104 INFO  pages.TopNavigation - Navigated to TeamDetails page
2026-01-13 18:17:29.106 INFO  tests.BaseTest - Setup completed for TeamDetailsPageValidationTest
2026-01-13 18:17:29.111 INFO  listeners.Listener1 - onTestStart -> isTopNavPresent
2026-01-13 18:17:29.112 INFO  tests.BaseTest - === Starting 'isTopNavPresent' test ===
2026-01-13 18:17:29.187 INFO  pages.TopNavigation - Logo present:true
2026-01-13 18:17:29.238 INFO  pages.TopNavigation - Logo Text present:true
2026-01-13 18:17:29.273 INFO  pages.TopNavigation - Home field present:true
2026-01-13 18:17:29.310 INFO  pages.TopNavigation - HeartPulse field present:true
2026-01-13 18:17:29.361 INFO  pages.TopNavigation - BloodPressure field present:true
2026-01-13 18:17:29.402 INFO  pages.TopNavigation - AgeFactor field present:true
2026-01-13 18:17:29.461 INFO  pages.TopNavigation - TeamDetails field present:true
2026-01-13 18:17:29.491 INFO  pages.TopNavigation - TopNavigation bar present:true
2026-01-13 18:17:29.491 INFO  pages.TeamDetails - Top navigation present: true
2026-01-13 18:17:29.491 INFO  tests.BaseTest - Top navigation present? true
2026-01-13 18:17:29.491 INFO  tests.BaseTest - PASS: Top navigation is present
2026-01-13 18:17:29.491 INFO  tests.BaseTest - === Completed 'isTopNavPresent' test ===
2026-01-13 18:17:29.491 INFO  listeners.Listener1 - onTestSuccess -> isTopNavPresent
2026-01-13 18:17:29.505 INFO  tests.BaseTest - Starting WebDriver and navigating to Home: https://hackvyatharth.github.io/Vitalguard_Team_Vanguardians/
2026-01-13 18:17:32.011 INFO  tests.BaseTest - chrome Browser started
2026-01-13 18:17:32.595 INFO  tests.BaseTest - Initializing CalculatorForm, ExcelDataManager, TopNavigation
2026-01-13 18:17:33.459 INFO  tests.BaseTest - Setup complete for CalculatorFunctionalityTest
2026-01-13 18:17:33.506 INFO  listeners.Listener1 - onTestStart -> isFormHeadingPresent
2026-01-13 18:17:33.507 INFO  tests.BaseTest - Verifying form heading presence
2026-01-13 18:17:33.507 INFO  pages.CalculatorForm - Waiting for form heading to be visible...
2026-01-13 18:17:33.964 INFO  pages.CalculatorForm - Form heading present: true
2026-01-13 18:17:33.964 INFO  tests.BaseTest - Form Heading assertion passed
2026-01-13 18:17:33.964 INFO  listeners.Listener1 - onTestSuccess -> isFormHeadingPresent
2026-01-13 18:17:33.974 INFO  tests.BaseTest - Starting WebDriver and navigating to Home: https://hackvyatharth.github.io/Vitalguard_Team_Vanguardians/
2026-01-13 18:17:33.991 INFO  tests.BaseTest - edge Browser started
2026-01-13 18:17:34.531 INFO  tests.BaseTest - Initializing CalculatorForm, ExcelDataManager, TopNavigation
2026-01-13 18:17:34.537 INFO  tests.BaseTest - Setup complete for CalculatorFunctionalityTest
2026-01-13 18:17:34.544 INFO  listeners.Listener1 - onTestStart -> isFormHeadingPresent
2026-01-13 18:17:34.891 INFO  tests.BaseTest - Verifying form heading presence
2026-01-13 18:17:34.891 INFO  pages.CalculatorForm - Waiting for form heading to be visible...
2026-01-13 18:17:35.039 INFO  pages.CalculatorForm - Form heading present: true
2026-01-13 18:17:35.039 INFO  tests.BaseTest - Form Heading assertion passed
2026-01-13 18:17:35.039 INFO  listeners.Listener1 - onTestSuccess -> isFormHeadingPresent
2026-01-13 18:17:35.045 INFO  tests.BaseTest - Starting WebDriver and navigating to Home: https://hackvyatharth.github.io/Vitalguard_Team_Vanguardians/
2026-01-13 18:17:37.679 INFO  tests.BaseTest - chrome Browser started
2026-01-13 18:17:38.126 INFO  tests.BaseTest - Initializing page objects: TopNavigation, CalculatorForm, ResultPage
2026-01-13 18:17:38.146 INFO  tests.BaseTest - Page objects initialized successfully
2026-01-13 18:17:38.173 INFO  tests.BaseTest - Providing data for 'resultPageCheck'
2026-01-13 18:17:38.175 INFO  tests.BaseTest - Data provided: 1 row(s)
2026-01-13 18:17:38.192 INFO  listeners.Listener1 - onTestStart -> resultPageCheck
2026-01-13 18:17:38.192 INFO  listeners.Listener1 - Parameters for resultPageCheck: [20, 67, 120/80]
2026-01-13 18:17:38.203 INFO  tests.BaseTest - === Starting 'resultPageCheck' test ===
2026-01-13 18:17:38.205 INFO  tests.BaseTest - Input data -> Age: 20, Pulse: 67, BP: 120/80
2026-01-13 18:17:38.213 INFO  tests.BaseTest - Entering age
2026-01-13 18:17:38.213 INFO  pages.CalculatorForm - Entering Age: 20
2026-01-13 18:17:39.512 INFO  tests.BaseTest - Entering pulse
2026-01-13 18:17:39.512 INFO  pages.CalculatorForm - Entering Pulse: 67
2026-01-13 18:17:40.276 INFO  tests.BaseTest - edge Browser started
2026-01-13 18:17:41.080 INFO  tests.BaseTest - Entering blood pressure
2026-01-13 18:17:43.110 INFO  tests.BaseTest - Initializing page objects: TopNavigation, CalculatorForm, ResultPage
2026-01-13 18:17:43.110 INFO  pages.CalculatorForm - Entering Blood Pressure: 120/80
2026-01-13 18:17:43.112 INFO  tests.BaseTest - Page objects initialized successfully
2026-01-13 18:17:43.112 INFO  tests.BaseTest - Providing data for 'resultPageCheck'
2026-01-13 18:17:43.112 INFO  tests.BaseTest - Data provided: 1 row(s)
2026-01-13 18:17:43.124 INFO  listeners.Listener1 - onTestStart -> resultPageCheck
2026-01-13 18:17:43.124 INFO  listeners.Listener1 - Parameters for resultPageCheck: [20, 67, 120/80]
2026-01-13 18:17:43.126 INFO  tests.BaseTest - === Starting 'resultPageCheck' test ===
2026-01-13 18:17:43.126 INFO  tests.BaseTest - Input data -> Age: 20, Pulse: 67, BP: 120/80
2026-01-13 18:17:43.126 INFO  tests.BaseTest - Entering age
2026-01-13 18:17:43.126 INFO  pages.CalculatorForm - Entering Age: 20
2026-01-13 18:17:43.997 INFO  tests.BaseTest - Entering pulse
2026-01-13 18:17:43.997 INFO  pages.CalculatorForm - Entering Pulse: 67
2026-01-13 18:17:44.192 INFO  tests.BaseTest - Clicking Calculate
2026-01-13 18:17:44.192 INFO  pages.CalculatorForm - Clicking Calculate button...
2026-01-13 18:17:44.693 INFO  tests.BaseTest - Entering blood pressure
2026-01-13 18:17:44.693 INFO  pages.CalculatorForm - Entering Blood Pressure: 120/80
2026-01-13 18:17:45.627 INFO  tests.BaseTest - Clicking Calculate
2026-01-13 18:17:45.628 INFO  pages.CalculatorForm - Clicking Calculate button...
2026-01-13 18:17:45.645 INFO  pages.CalculatorForm - Calculate button clicked.
2026-01-13 18:17:45.645 INFO  tests.BaseTest - Locating feedback text area
2026-01-13 18:17:45.755 INFO  tests.BaseTest - Computing scroll metrics: scrollHeight vs clientHeight
2026-01-13 18:17:45.928 INFO  tests.BaseTest - scrollHeight: 120
2026-01-13 18:17:45.928 INFO  tests.BaseTest - clientHeight: 76
2026-01-13 18:17:45.928 INFO  tests.BaseTest - Is feedback textarea scrollable? true
2026-01-13 18:17:45.928 INFO  tests.BaseTest - PASS: The result text box is scrollable
2026-01-13 18:17:45.938 INFO  tests.BaseTest - Checking CSS 'resize' property
2026-01-13 18:17:46.038 INFO  tests.BaseTest - resize CSS value: vertical
2026-01-13 18:17:46.038 INFO  tests.BaseTest - Is feedback textarea resizable? true
2026-01-13 18:17:46.038 INFO  tests.BaseTest - PASS: The result textbox is resizable
2026-01-13 18:17:46.038 INFO  tests.BaseTest - Asserting all soft assertions
2026-01-13 18:17:46.038 INFO  tests.BaseTest - === Completed 'resultPageCheck' test ===
2026-01-13 18:17:46.038 INFO  listeners.Listener1 - onTestSuccess -> resultPageCheck
2026-01-13 18:17:46.612 INFO  pages.CalculatorForm - Calculate button clicked.
2026-01-13 18:17:50.338 INFO  tests.BaseTest - Locating feedback text area
2026-01-13 18:17:50.344 INFO  listeners.Listener1 - onTestStart -> isLeftImagePresent
2026-01-13 18:17:50.346 INFO  tests.BaseTest - === Starting 'isLeftImagePresent' test ===
2026-01-13 18:17:50.346 INFO  pages.HomePage - Waiting for left image to be visible...
2026-01-13 18:17:50.376 INFO  tests.BaseTest - Computing scroll metrics: scrollHeight vs clientHeight
2026-01-13 18:17:50.492 INFO  tests.BaseTest - scrollHeight: 120
2026-01-13 18:17:50.492 INFO  tests.BaseTest - clientHeight: 76
2026-01-13 18:17:50.492 INFO  tests.BaseTest - Is feedback textarea scrollable? true
2026-01-13 18:17:50.492 INFO  tests.BaseTest - PASS: The result text box is scrollable
2026-01-13 18:17:50.492 INFO  tests.BaseTest - Checking CSS 'resize' property
2026-01-13 18:17:50.557 INFO  tests.BaseTest - resize CSS value: vertical
2026-01-13 18:17:50.559 INFO  tests.BaseTest - Is feedback textarea resizable? true
2026-01-13 18:17:50.559 INFO  tests.BaseTest - PASS: The result textbox is resizable
2026-01-13 18:17:50.559 INFO  tests.BaseTest - Asserting all soft assertions
2026-01-13 18:17:50.559 INFO  tests.BaseTest - === Completed 'resultPageCheck' test ===
2026-01-13 18:17:50.559 INFO  listeners.Listener1 - onTestSuccess -> resultPageCheck
2026-01-13 18:17:50.571 INFO  listeners.Listener1 - onTestStart -> isLeftImagePresent
2026-01-13 18:17:50.571 INFO  tests.BaseTest - === Starting 'isLeftImagePresent' test ===
2026-01-13 18:17:50.571 INFO  pages.HomePage - Waiting for left image to be visible...
2026-01-13 18:17:50.590 INFO  pages.HomePage - Left image present: true
2026-01-13 18:17:50.592 INFO  tests.BaseTest - PASS: Left image is present
2026-01-13 18:17:50.592 INFO  tests.BaseTest - === Completed 'isLeftImagePresent' test ===
2026-01-13 18:17:50.592 INFO  listeners.Listener1 - onTestSuccess -> isLeftImagePresent
2026-01-13 18:17:50.596 INFO  listeners.Listener1 - onTestStart -> gotoBloodPressure
2026-01-13 18:17:50.693 INFO  tests.HeartPulsePageValidationTest - Navigating to Blood Pressure from Heart Pulse page
2026-01-13 18:17:50.693 INFO  pages.HeartPulsePage - Navigating to Blood Pressure from Heart Pulse page...
2026-01-13 18:17:50.697 INFO  pages.HomePage - Left image present: true
2026-01-13 18:17:50.703 INFO  tests.BaseTest - PASS: Left image is present
2026-01-13 18:17:50.705 INFO  tests.BaseTest - === Completed 'isLeftImagePresent' test ===
2026-01-13 18:17:50.705 INFO  listeners.Listener1 - onTestSuccess -> isLeftImagePresent
2026-01-13 18:17:50.711 INFO  listeners.Listener1 - onTestStart -> gotoBloodPressure
2026-01-13 18:17:50.711 INFO  tests.HeartPulsePageValidationTest - Navigating to Blood Pressure from Heart Pulse page
2026-01-13 18:17:50.711 INFO  pages.HeartPulsePage - Navigating to Blood Pressure from Heart Pulse page...
2026-01-13 18:17:50.911 INFO  pages.TopNavigation - Navigated to BloodPressure page
2026-01-13 18:17:50.911 INFO  pages.HeartPulsePage - Navigation to Blood Pressure complete.
2026-01-13 18:17:50.941 INFO  tests.HeartPulsePageValidationTest - URL after goToBloodPressure(): https://hackvyatharth.github.io/Vitalguard_Team_Vanguardians/#bloodPressure
2026-01-13 18:17:50.942 INFO  tests.HeartPulsePageValidationTest - 'gotoBloodPressure' assertion passed
2026-01-13 18:17:50.942 INFO  listeners.Listener1 - onTestSuccess -> gotoBloodPressure
2026-01-13 18:17:50.961 INFO  listeners.Listener1 - onTestStart -> isHeadingPresent
2026-01-13 18:17:50.962 INFO  t.BloodPressurePageValidationTest - === Starting 'isHeadingPresent' test ===
2026-01-13 18:17:50.962 INFO  pages.BloodPressurePage - Waiting for Blood Pressure heading to be visible...
2026-01-13 18:17:50.989 INFO  pages.TopNavigation - Navigated to BloodPressure page
2026-01-13 18:17:50.989 INFO  pages.HeartPulsePage - Navigation to Blood Pressure complete.
2026-01-13 18:17:51.014 INFO  tests.HeartPulsePageValidationTest - URL after goToBloodPressure(): https://hackvyatharth.github.io/Vitalguard_Team_Vanguardians/#bloodPressure
2026-01-13 18:17:51.014 INFO  tests.HeartPulsePageValidationTest - 'gotoBloodPressure' assertion passed
2026-01-13 18:17:51.014 INFO  listeners.Listener1 - onTestSuccess -> gotoBloodPressure
2026-01-13 18:17:51.027 INFO  listeners.Listener1 - onTestStart -> isHeadingPresent
2026-01-13 18:17:51.028 INFO  t.BloodPressurePageValidationTest - === Starting 'isHeadingPresent' test ===
2026-01-13 18:17:51.028 INFO  pages.BloodPressurePage - Waiting for Blood Pressure heading to be visible...
2026-01-13 18:17:51.092 INFO  pages.BloodPressurePage - Heading present: true
2026-01-13 18:17:51.092 INFO  t.BloodPressurePageValidationTest - PASS: Heading presence assertion passed.
2026-01-13 18:17:51.092 INFO  t.BloodPressurePageValidationTest - === Completed 'isHeadingPresent' test ===
2026-01-13 18:17:51.094 INFO  listeners.Listener1 - onTestSuccess -> isHeadingPresent
2026-01-13 18:17:51.106 INFO  listeners.Listener1 - onTestStart -> isHeadingPresent
2026-01-13 18:17:51.108 INFO  tests.AgeFactorPageValidationTest - Checking Age Factor page heading presence (and style if applicable)
2026-01-13 18:17:51.141 INFO  pages.BloodPressurePage - Heading present: true
2026-01-13 18:17:51.141 INFO  t.BloodPressurePageValidationTest - PASS: Heading presence assertion passed.
2026-01-13 18:17:51.141 INFO  t.BloodPressurePageValidationTest - === Completed 'isHeadingPresent' test ===
2026-01-13 18:17:51.143 INFO  listeners.Listener1 - onTestSuccess -> isHeadingPresent
2026-01-13 18:17:51.158 INFO  listeners.Listener1 - onTestStart -> isHeadingPresent
2026-01-13 18:17:51.160 INFO  tests.AgeFactorPageValidationTest - Checking Age Factor page heading presence (and style if applicable)
2026-01-13 18:17:51.223 INFO  pages.AgeFactorPage - Heading present: true
2026-01-13 18:17:51.223 INFO  tests.AgeFactorPageValidationTest - PASS: Heading presence assertion passed
2026-01-13 18:17:51.223 INFO  listeners.Listener1 - onTestSuccess -> isHeadingPresent
2026-01-13 18:17:51.240 INFO  listeners.Listener1 - onTestStart -> isHeadingPresent
2026-01-13 18:17:51.240 INFO  tests.BaseTest - === Starting 'isHeadingPresent' test ===
2026-01-13 18:17:51.240 INFO  pages.TeamDetails - Waiting for Team Details heading to be visible...
2026-01-13 18:17:51.278 INFO  pages.AgeFactorPage - Heading present: true
2026-01-13 18:17:51.280 INFO  tests.AgeFactorPageValidationTest - PASS: Heading presence assertion passed
2026-01-13 18:17:51.280 INFO  listeners.Listener1 - onTestSuccess -> isHeadingPresent
2026-01-13 18:17:51.293 INFO  listeners.Listener1 - onTestStart -> isHeadingPresent
2026-01-13 18:17:51.293 INFO  tests.BaseTest - === Starting 'isHeadingPresent' test ===
2026-01-13 18:17:51.295 INFO  pages.TeamDetails - Waiting for Team Details heading to be visible...
2026-01-13 18:17:51.342 INFO  pages.TeamDetails - Team Details heading present: true
2026-01-13 18:17:51.342 INFO  tests.BaseTest - Heading present? true
2026-01-13 18:17:51.342 INFO  tests.BaseTest - PASS: Heading is present
2026-01-13 18:17:51.342 INFO  tests.BaseTest - === Completed 'isHeadingPresent' test ===
2026-01-13 18:17:51.342 INFO  listeners.Listener1 - onTestSuccess -> isHeadingPresent
2026-01-13 18:17:51.357 INFO  listeners.Listener1 - onTestStart -> isAgeFieldPresent
2026-01-13 18:17:51.359 INFO  tests.BaseTest - Verifying age field presence
2026-01-13 18:17:51.359 INFO  pages.CalculatorForm - Waiting for Age field to be visible...
2026-01-13 18:17:51.395 INFO  pages.TeamDetails - Team Details heading present: true
2026-01-13 18:17:51.395 INFO  tests.BaseTest - Heading present? true
2026-01-13 18:17:51.397 INFO  tests.BaseTest - PASS: Heading is present
2026-01-13 18:17:51.397 INFO  tests.BaseTest - === Completed 'isHeadingPresent' test ===
2026-01-13 18:17:51.397 INFO  listeners.Listener1 - onTestSuccess -> isHeadingPresent
2026-01-13 18:17:51.407 INFO  listeners.Listener1 - onTestStart -> isAgeFieldPresent
2026-01-13 18:17:51.409 INFO  tests.BaseTest - Verifying age field presence
2026-01-13 18:17:51.409 INFO  pages.CalculatorForm - Waiting for Age field to be visible...
2026-01-13 18:17:51.459 INFO  pages.CalculatorForm - Age field present: true
2026-01-13 18:17:51.459 INFO  tests.BaseTest - Age field presence assertion passed
2026-01-13 18:17:51.459 INFO  listeners.Listener1 - onTestSuccess -> isAgeFieldPresent
2026-01-13 18:17:51.472 INFO  listeners.Listener1 - onTestStart -> isLogoPresent
2026-01-13 18:17:51.474 INFO  tests.BaseTest - === Starting 'isLogoPresent' test ===
2026-01-13 18:17:51.511 INFO  pages.CalculatorForm - Age field present: true
2026-01-13 18:17:51.511 INFO  tests.BaseTest - Age field presence assertion passed
2026-01-13 18:17:51.511 INFO  listeners.Listener1 - onTestSuccess -> isAgeFieldPresent
2026-01-13 18:17:51.525 INFO  listeners.Listener1 - onTestStart -> isLogoPresent
2026-01-13 18:17:51.525 INFO  tests.BaseTest - === Starting 'isLogoPresent' test ===
2026-01-13 18:17:51.539 INFO  pages.TopNavigation - Logo present:true
2026-01-13 18:17:51.539 INFO  pages.ResultPage - Logo Present:true
2026-01-13 18:17:51.573 INFO  pages.TopNavigation - Logo present:true
2026-01-13 18:17:51.575 INFO  pages.ResultPage - Logo Present:true
2026-01-13 18:17:51.575 INFO  pages.TopNavigation - Logo present:true
2026-01-13 18:17:51.577 INFO  tests.BaseTest - Logo present? true
2026-01-13 18:17:51.577 INFO  tests.BaseTest - PASS: Logo is visible
2026-01-13 18:17:51.577 INFO  tests.BaseTest - === Completed 'isLogoPresent' test ===
2026-01-13 18:17:51.577 INFO  listeners.Listener1 - onTestSuccess -> isLogoPresent
2026-01-13 18:17:51.590 INFO  listeners.Listener1 - onTestStart -> isCalculatorPresent
2026-01-13 18:17:51.591 INFO  tests.BaseTest - === Starting 'isCalculatorPresent' test ===
2026-01-13 18:17:51.591 INFO  pages.HomePage - Waiting for calculator form to be visible...
2026-01-13 18:17:51.612 INFO  pages.TopNavigation - Logo present:true
2026-01-13 18:17:51.612 INFO  tests.BaseTest - Logo present? true
2026-01-13 18:17:51.612 INFO  tests.BaseTest - PASS: Logo is visible
2026-01-13 18:17:51.612 INFO  tests.BaseTest - === Completed 'isLogoPresent' test ===
2026-01-13 18:17:51.612 INFO  listeners.Listener1 - onTestSuccess -> isLogoPresent
2026-01-13 18:17:51.623 INFO  listeners.Listener1 - onTestStart -> isCalculatorPresent
2026-01-13 18:17:51.623 INFO  tests.BaseTest - === Starting 'isCalculatorPresent' test ===
2026-01-13 18:17:51.623 INFO  pages.HomePage - Waiting for calculator form to be visible...
2026-01-13 18:17:51.696 INFO  pages.HomePage - Calculator form present: true
2026-01-13 18:17:51.704 INFO  tests.BaseTest - PASS: Calculator is present
2026-01-13 18:17:51.705 INFO  tests.BaseTest - === Completed 'isCalculatorPresent' test ===
2026-01-13 18:17:51.705 INFO  listeners.Listener1 - onTestSuccess -> isCalculatorPresent
2026-01-13 18:17:51.710 INFO  listeners.Listener1 - onTestStart -> gotoAgeFactor
2026-01-13 18:17:51.712 INFO  tests.HeartPulsePageValidationTest - Navigating to Age Factor from Heart Pulse page
2026-01-13 18:17:51.712 INFO  pages.HeartPulsePage - Navigating to Age Factor from Heart Pulse page...
2026-01-13 18:17:51.739 INFO  pages.HomePage - Calculator form present: true
2026-01-13 18:17:51.739 INFO  tests.BaseTest - PASS: Calculator is present
2026-01-13 18:17:51.739 INFO  tests.BaseTest - === Completed 'isCalculatorPresent' test ===
2026-01-13 18:17:51.739 INFO  listeners.Listener1 - onTestSuccess -> isCalculatorPresent
2026-01-13 18:17:51.743 INFO  listeners.Listener1 - onTestStart -> gotoAgeFactor
2026-01-13 18:17:51.745 INFO  tests.HeartPulsePageValidationTest - Navigating to Age Factor from Heart Pulse page
2026-01-13 18:17:51.745 INFO  pages.HeartPulsePage - Navigating to Age Factor from Heart Pulse page...
2026-01-13 18:17:51.941 INFO  pages.TopNavigation - Navigated to AgeFactor page
2026-01-13 18:17:51.942 INFO  pages.HeartPulsePage - Navigation to Age Factor complete.
2026-01-13 18:17:51.975 INFO  tests.HeartPulsePageValidationTest - URL after goToAgeFactor(): https://hackvyatharth.github.io/Vitalguard_Team_Vanguardians/#ageFactor
2026-01-13 18:17:51.975 INFO  tests.HeartPulsePageValidationTest - 'gotoAgeFactor' assertion passed
2026-01-13 18:17:51.975 INFO  listeners.Listener1 - onTestSuccess -> gotoAgeFactor
2026-01-13 18:17:51.981 INFO  listeners.Listener1 - onTestStart -> isInfoPresent
2026-01-13 18:17:51.988 INFO  t.BloodPressurePageValidationTest - === Starting 'isInfoPresent' test ===
2026-01-13 18:17:51.988 INFO  pages.BloodPressurePage - Waiting for Blood Pressure informational block to be visible...
2026-01-13 18:17:52.030 INFO  pages.TopNavigation - Navigated to AgeFactor page
2026-01-13 18:17:52.030 INFO  pages.HeartPulsePage - Navigation to Age Factor complete.
2026-01-13 18:17:52.073 INFO  tests.HeartPulsePageValidationTest - URL after goToAgeFactor(): https://hackvyatharth.github.io/Vitalguard_Team_Vanguardians/#ageFactor
2026-01-13 18:17:52.073 INFO  tests.HeartPulsePageValidationTest - 'gotoAgeFactor' assertion passed
2026-01-13 18:17:52.073 INFO  listeners.Listener1 - onTestSuccess -> gotoAgeFactor
2026-01-13 18:17:52.080 INFO  listeners.Listener1 - onTestStart -> isInfoPresent
2026-01-13 18:17:52.081 INFO  t.BloodPressurePageValidationTest - === Starting 'isInfoPresent' test ===
2026-01-13 18:17:52.081 INFO  pages.BloodPressurePage - Waiting for Blood Pressure informational block to be visible...
2026-01-13 18:17:52.128 INFO  pages.BloodPressurePage - Info block present: true
2026-01-13 18:17:52.130 INFO  t.BloodPressurePageValidationTest - PASS: Information block presence assertion passed.
2026-01-13 18:17:52.130 INFO  t.BloodPressurePageValidationTest - === Completed 'isInfoPresent' test ===
2026-01-13 18:17:52.130 INFO  listeners.Listener1 - onTestSuccess -> isInfoPresent
2026-01-13 18:17:52.142 INFO  listeners.Listener1 - onTestStart -> isInfoPresent
2026-01-13 18:17:52.144 INFO  tests.AgeFactorPageValidationTest - Validating informational block (white text per spec) on Age Factor page
2026-01-13 18:17:52.198 INFO  pages.BloodPressurePage - Info block present: true
2026-01-13 18:17:52.205 INFO  t.BloodPressurePageValidationTest - PASS: Information block presence assertion passed.
2026-01-13 18:17:52.205 INFO  t.BloodPressurePageValidationTest - === Completed 'isInfoPresent' test ===
2026-01-13 18:17:52.205 INFO  listeners.Listener1 - onTestSuccess -> isInfoPresent
2026-01-13 18:17:52.212 INFO  listeners.Listener1 - onTestStart -> isInfoPresent
2026-01-13 18:17:52.214 INFO  tests.AgeFactorPageValidationTest - Validating informational block (white text per spec) on Age Factor page
2026-01-13 18:17:52.258 INFO  pages.AgeFactorPage - Info block present: true
2026-01-13 18:17:52.258 INFO  tests.AgeFactorPageValidationTest - PASS: Info block presence assertion passed
2026-01-13 18:17:52.258 INFO  listeners.Listener1 - onTestSuccess -> isInfoPresent
2026-01-13 18:17:52.264 INFO  listeners.Listener1 - onTestStart -> isTeamDetailsPresent
2026-01-13 18:17:52.272 INFO  tests.BaseTest - === Starting 'isTeamDetailsPresent' test ===
2026-01-13 18:17:52.272 INFO  pages.TeamDetails - Waiting for Team members list to be visible...
2026-01-13 18:17:52.310 INFO  pages.AgeFactorPage - Info block present: true
2026-01-13 18:17:52.310 INFO  tests.AgeFactorPageValidationTest - PASS: Info block presence assertion passed
2026-01-13 18:17:52.310 INFO  listeners.Listener1 - onTestSuccess -> isInfoPresent
2026-01-13 18:17:52.323 INFO  listeners.Listener1 - onTestStart -> isTeamDetailsPresent
2026-01-13 18:17:52.323 INFO  tests.BaseTest - === Starting 'isTeamDetailsPresent' test ===
2026-01-13 18:17:52.323 INFO  pages.TeamDetails - Waiting for Team members list to be visible...
2026-01-13 18:17:52.390 INFO  pages.TeamDetails - Team members list present: true
2026-01-13 18:17:52.390 INFO  tests.BaseTest - Team details present? true
2026-01-13 18:17:52.391 INFO  tests.BaseTest - PASS: Team details are displayed
2026-01-13 18:17:52.391 INFO  tests.BaseTest - === Completed 'isTeamDetailsPresent' test ===
2026-01-13 18:17:52.391 INFO  listeners.Listener1 - onTestSuccess -> isTeamDetailsPresent
2026-01-13 18:17:52.398 INFO  listeners.Listener1 - onTestStart -> isPulseRateFieldPresent
2026-01-13 18:17:52.407 INFO  tests.BaseTest - Verifying pulse field presence
2026-01-13 18:17:52.407 INFO  pages.CalculatorForm - Waiting for Pulse field to be visible...
2026-01-13 18:17:52.492 INFO  pages.TeamDetails - Team members list present: true
2026-01-13 18:17:52.492 INFO  tests.BaseTest - Team details present? true
2026-01-13 18:17:52.492 INFO  tests.BaseTest - PASS: Team details are displayed
2026-01-13 18:17:52.492 INFO  tests.BaseTest - === Completed 'isTeamDetailsPresent' test ===
2026-01-13 18:17:52.492 INFO  listeners.Listener1 - onTestSuccess -> isTeamDetailsPresent
2026-01-13 18:17:52.507 INFO  listeners.Listener1 - onTestStart -> isPulseRateFieldPresent
2026-01-13 18:17:52.507 INFO  tests.BaseTest - Verifying pulse field presence
2026-01-13 18:17:52.507 INFO  pages.CalculatorForm - Waiting for Pulse field to be visible...
2026-01-13 18:17:52.530 INFO  pages.CalculatorForm - Pulse field present: true
2026-01-13 18:17:52.530 INFO  tests.BaseTest - Pulse field presence assertion passed
2026-01-13 18:17:52.530 INFO  listeners.Listener1 - onTestSuccess -> isPulseRateFieldPresent
2026-01-13 18:17:52.542 INFO  listeners.Listener1 - onTestStart -> isLogoTextPresent
2026-01-13 18:17:52.542 INFO  tests.BaseTest - === Starting 'isLogoTextPresent' test ===
2026-01-13 18:17:52.592 INFO  pages.TopNavigation - Logo Text present:true
2026-01-13 18:17:52.594 INFO  pages.ResultPage - Logo Text Present:true
2026-01-13 18:17:52.644 INFO  pages.CalculatorForm - Pulse field present: true
2026-01-13 18:17:52.644 INFO  tests.BaseTest - Pulse field presence assertion passed
2026-01-13 18:17:52.644 INFO  listeners.Listener1 - onTestSuccess -> isPulseRateFieldPresent
2026-01-13 18:17:52.646 INFO  pages.TopNavigation - Logo Text present:true
2026-01-13 18:17:52.646 INFO  tests.BaseTest - Logo text present? true
2026-01-13 18:17:52.646 INFO  tests.BaseTest - PASS: Logo text is visible
2026-01-13 18:17:52.646 INFO  tests.BaseTest - === Completed 'isLogoTextPresent' test ===
2026-01-13 18:17:52.646 INFO  listeners.Listener1 - onTestSuccess -> isLogoTextPresent
2026-01-13 18:17:52.658 INFO  listeners.Listener1 - onTestStart -> isLogoTextPresent
2026-01-13 18:17:52.658 INFO  tests.BaseTest - === Starting 'isLogoTextPresent' test ===
2026-01-13 18:17:52.660 INFO  listeners.Listener1 - onTestStart -> gotoHeartPulse
2026-01-13 18:17:52.660 INFO  tests.BaseTest - Navigating to HeartPulse from Home page
2026-01-13 18:17:52.662 INFO  pages.HomePage - Navigating to Heart Pulse from Home page...
2026-01-13 18:17:52.706 INFO  pages.TopNavigation - Logo Text present:true
2026-01-13 18:17:52.706 INFO  pages.ResultPage - Logo Text Present:true
2026-01-13 18:17:52.758 INFO  pages.TopNavigation - Logo Text present:true
2026-01-13 18:17:52.758 INFO  tests.BaseTest - Logo text present? true
2026-01-13 18:17:52.758 INFO  tests.BaseTest - PASS: Logo text is visible
2026-01-13 18:17:52.758 INFO  tests.BaseTest - === Completed 'isLogoTextPresent' test ===
2026-01-13 18:17:52.760 INFO  listeners.Listener1 - onTestSuccess -> isLogoTextPresent
2026-01-13 18:17:52.775 INFO  listeners.Listener1 - onTestStart -> gotoHeartPulse
2026-01-13 18:17:52.775 INFO  tests.BaseTest - Navigating to HeartPulse from Home page
2026-01-13 18:17:52.775 INFO  pages.HomePage - Navigating to Heart Pulse from Home page...
2026-01-13 18:17:52.927 INFO  pages.TopNavigation - Navigated to HeartPulse page
2026-01-13 18:17:52.927 INFO  pages.HomePage - Navigation to Heart Pulse complete.
2026-01-13 18:17:52.955 INFO  tests.BaseTest - URL after goToHeartPulse(): https://hackvyatharth.github.io/Vitalguard_Team_Vanguardians/#pulseRate
2026-01-13 18:17:52.955 INFO  tests.BaseTest - PASS: 'gotoHeartPulse' assertion passed
2026-01-13 18:17:52.956 INFO  listeners.Listener1 - onTestSuccess -> gotoHeartPulse
2026-01-13 18:17:52.964 INFO  listeners.Listener1 - onTestStart -> gotoTeamDetails
2026-01-13 18:17:52.972 INFO  tests.HeartPulsePageValidationTest - Navigating to Team Details from Heart Pulse page
2026-01-13 18:17:52.972 INFO  pages.HeartPulsePage - Navigating to Team Details from Heart Pulse page...
2026-01-13 18:17:53.093 INFO  pages.TopNavigation - Navigated to HeartPulse page
2026-01-13 18:17:53.093 INFO  pages.HomePage - Navigation to Heart Pulse complete.
2026-01-13 18:17:53.127 INFO  tests.BaseTest - URL after goToHeartPulse(): https://hackvyatharth.github.io/Vitalguard_Team_Vanguardians/#pulseRate
2026-01-13 18:17:53.127 INFO  tests.BaseTest - PASS: 'gotoHeartPulse' assertion passed
2026-01-13 18:17:53.127 INFO  listeners.Listener1 - onTestSuccess -> gotoHeartPulse
2026-01-13 18:17:53.141 INFO  listeners.Listener1 - onTestStart -> gotoTeamDetails
2026-01-13 18:17:53.141 INFO  tests.HeartPulsePageValidationTest - Navigating to Team Details from Heart Pulse page
2026-01-13 18:17:53.141 INFO  pages.HeartPulsePage - Navigating to Team Details from Heart Pulse page...
2026-01-13 18:17:53.257 INFO  pages.TopNavigation - Navigated to TeamDetails page
2026-01-13 18:17:53.258 INFO  pages.HeartPulsePage - Navigation to Team Details complete.
2026-01-13 18:17:53.288 INFO  tests.HeartPulsePageValidationTest - URL after goToTeamDetails(): https://hackvyatharth.github.io/Vitalguard_Team_Vanguardians/#foot
2026-01-13 18:17:53.288 INFO  tests.HeartPulsePageValidationTest - 'gotoTeamDetails' assertion passed
2026-01-13 18:17:53.288 INFO  listeners.Listener1 - onTestSuccess -> gotoTeamDetails
2026-01-13 18:17:53.295 INFO  tests.BaseTest - Tearing down webdriver
2026-01-13 18:17:53.410 INFO  pages.TopNavigation - Navigated to TeamDetails page
2026-01-13 18:17:53.410 INFO  pages.HeartPulsePage - Navigation to Team Details complete.
2026-01-13 18:17:53.442 INFO  tests.HeartPulsePageValidationTest - URL after goToTeamDetails(): https://hackvyatharth.github.io/Vitalguard_Team_Vanguardians/#foot
2026-01-13 18:17:53.442 INFO  tests.HeartPulsePageValidationTest - 'gotoTeamDetails' assertion passed
2026-01-13 18:17:53.442 INFO  listeners.Listener1 - onTestSuccess -> gotoTeamDetails
2026-01-13 18:17:53.447 INFO  tests.BaseTest - Tearing down webdriver
2026-01-13 18:18:19.779 INFO  tests.BaseTest - WebDriver quit successfully
2026-01-13 18:18:19.788 INFO  listeners.Listener1 - onTestStart -> gotoHome
2026-01-13 18:18:19.789 INFO  t.BloodPressurePageValidationTest - Navigating to Home via BloodPressurePage.goToHome()...
2026-01-13 18:18:19.789 INFO  pages.BloodPressurePage - Navigating to Home from Blood Pressure page...
2026-01-13 18:18:19.925 INFO  pages.TopNavigation - Navigated to Home page 
2026-01-13 18:18:19.925 INFO  pages.BloodPressurePage - Navigation to Home complete.
2026-01-13 18:18:19.942 INFO  t.BloodPressurePageValidationTest - URL after goToHome(): https://hackvyatharth.github.io/Vitalguard_Team_Vanguardians/#container
2026-01-13 18:18:19.943 INFO  t.BloodPressurePageValidationTest - PASS: Home navigation assertion passed.
2026-01-13 18:18:19.943 INFO  listeners.Listener1 - onTestSuccess -> gotoHome
2026-01-13 18:18:19.947 INFO  listeners.Listener1 - onTestStart -> gotoHome
2026-01-13 18:18:19.953 INFO  tests.AgeFactorPageValidationTest - Navigating to Home via AgeFactorPage.goToHome()
2026-01-13 18:18:19.953 INFO  pages.AgeFactorPage - Navigating to Home from Age Factor page...
2026-01-13 18:18:20.039 INFO  tests.BaseTest - WebDriver quit successfully
2026-01-13 18:18:20.042 INFO  listeners.Listener1 - onTestStart -> gotoHome
2026-01-13 18:18:20.043 INFO  t.BloodPressurePageValidationTest - Navigating to Home via BloodPressurePage.goToHome()...
2026-01-13 18:18:20.043 INFO  pages.BloodPressurePage - Navigating to Home from Blood Pressure page...
2026-01-13 18:18:20.125 INFO  pages.TopNavigation - Navigated to Home page 
2026-01-13 18:18:20.125 INFO  pages.AgeFactorPage - Navigation to Home complete. 
2026-01-13 18:18:20.139 INFO  tests.AgeFactorPageValidationTest - PASS: Home navigation assertion passed
2026-01-13 18:18:20.139 INFO  listeners.Listener1 - onTestSuccess -> gotoHome
2026-01-13 18:18:20.143 INFO  listeners.Listener1 - onTestStart -> gotoHome
2026-01-13 18:18:20.144 INFO  tests.BaseTest - === Starting 'gotoHome' test ===
2026-01-13 18:18:20.144 INFO  pages.TeamDetails - Navigating to Home from Team Details page...
2026-01-13 18:18:20.214 INFO  pages.TopNavigation - Navigated to Home page 
2026-01-13 18:18:20.214 INFO  pages.BloodPressurePage - Navigation to Home complete.
2026-01-13 18:18:20.245 INFO  t.BloodPressurePageValidationTest - URL after goToHome(): https://hackvyatharth.github.io/Vitalguard_Team_Vanguardians/#container
2026-01-13 18:18:20.245 INFO  t.BloodPressurePageValidationTest - PASS: Home navigation assertion passed.
2026-01-13 18:18:20.245 INFO  listeners.Listener1 - onTestSuccess -> gotoHome
2026-01-13 18:18:20.258 INFO  listeners.Listener1 - onTestStart -> gotoHome
2026-01-13 18:18:20.258 INFO  tests.AgeFactorPageValidationTest - Navigating to Home via AgeFactorPage.goToHome()
2026-01-13 18:18:20.258 INFO  pages.AgeFactorPage - Navigating to Home from Age Factor page...
2026-01-13 18:18:20.329 INFO  pages.TopNavigation - Navigated to Home page 
2026-01-13 18:18:20.330 INFO  pages.TeamDetails - Navigation to Home complete.
2026-01-13 18:18:20.361 INFO  tests.BaseTest - Current URL after gotoHome(): https://hackvyatharth.github.io/Vitalguard_Team_Vanguardians/#container
2026-01-13 18:18:20.361 INFO  tests.BaseTest - PASS: 'gotoHome' assertion passed (URL contains '#container')
2026-01-13 18:18:20.361 INFO  tests.BaseTest - === Completed 'gotoHome' test ===
2026-01-13 18:18:20.361 INFO  listeners.Listener1 - onTestSuccess -> gotoHome
2026-01-13 18:18:20.373 INFO  listeners.Listener1 - onTestStart -> isBloodPressureFieldPresent
2026-01-13 18:18:20.375 INFO  tests.BaseTest - Verifying BP field presence
2026-01-13 18:18:20.375 INFO  pages.CalculatorForm - Waiting for Blood Pressure field to be visible...
2026-01-13 18:18:20.442 INFO  pages.TopNavigation - Navigated to Home page 
2026-01-13 18:18:20.442 INFO  pages.AgeFactorPage - Navigation to Home complete. 
2026-01-13 18:18:20.464 INFO  pages.CalculatorForm - Blood Pressure field present: true
2026-01-13 18:18:20.464 INFO  tests.BaseTest - BP field presence assertion passed
2026-01-13 18:18:20.464 INFO  tests.AgeFactorPageValidationTest - PASS: Home navigation assertion passed
2026-01-13 18:18:20.464 INFO  listeners.Listener1 - onTestSuccess -> isBloodPressureFieldPresent
2026-01-13 18:18:20.464 INFO  listeners.Listener1 - onTestSuccess -> gotoHome
2026-01-13 18:18:20.478 INFO  listeners.Listener1 - onTestStart -> gotoHome
2026-01-13 18:18:20.478 INFO  listeners.Listener1 - onTestStart -> isResultBoxPresent
2026-01-13 18:18:20.478 INFO  tests.BaseTest - === Starting 'gotoHome' test ===
2026-01-13 18:18:20.478 INFO  pages.TeamDetails - Navigating to Home from Team Details page...
2026-01-13 18:18:20.478 INFO  tests.BaseTest - === Starting 'isResultBoxPresent' test ===
2026-01-13 18:18:20.519 INFO  pages.ResultPage - Result Bor present:true
2026-01-13 18:18:20.544 INFO  tests.BaseTest - Result box present? true
2026-01-13 18:18:20.544 INFO  tests.BaseTest - PASS: Result box is visible
2026-01-13 18:18:20.544 INFO  tests.BaseTest - === Completed 'isResultBoxPresent' test ===
2026-01-13 18:18:20.544 INFO  listeners.Listener1 - onTestSuccess -> isResultBoxPresent
2026-01-13 18:18:20.556 INFO  listeners.Listener1 - onTestStart -> gotoBloodPressure
2026-01-13 18:18:20.557 INFO  tests.BaseTest - Navigating to Blood Pressure from Home page
2026-01-13 18:18:20.557 INFO  pages.HomePage - Navigating to Blood Pressure from Home page...
2026-01-13 18:18:20.672 INFO  pages.TopNavigation - Navigated to Home page 
2026-01-13 18:18:20.673 INFO  pages.TeamDetails - Navigation to Home complete.
2026-01-13 18:18:20.687 INFO  tests.BaseTest - Current URL after gotoHome(): https://hackvyatharth.github.io/Vitalguard_Team_Vanguardians/#container
2026-01-13 18:18:20.687 INFO  tests.BaseTest - PASS: 'gotoHome' assertion passed (URL contains '#container')
2026-01-13 18:18:20.687 INFO  tests.BaseTest - === Completed 'gotoHome' test ===
2026-01-13 18:18:20.688 INFO  listeners.Listener1 - onTestSuccess -> gotoHome
2026-01-13 18:18:20.694 INFO  listeners.Listener1 - onTestStart -> isBloodPressureFieldPresent
2026-01-13 18:18:20.695 INFO  tests.BaseTest - Verifying BP field presence
2026-01-13 18:18:20.695 INFO  pages.CalculatorForm - Waiting for Blood Pressure field to be visible...
2026-01-13 18:18:20.754 INFO  pages.TopNavigation - Navigated to BloodPressure page
2026-01-13 18:18:20.754 INFO  pages.HomePage - Navigation to Blood Pressure complete.
2026-01-13 18:18:20.775 INFO  pages.CalculatorForm - Blood Pressure field present: true
2026-01-13 18:18:20.775 INFO  tests.BaseTest - BP field presence assertion passed
2026-01-13 18:18:20.775 INFO  listeners.Listener1 - onTestSuccess -> isBloodPressureFieldPresent
2026-01-13 18:18:20.776 INFO  tests.BaseTest - URL after goToBloodPressure(): https://hackvyatharth.github.io/Vitalguard_Team_Vanguardians/#bloodPressure
2026-01-13 18:18:20.777 INFO  tests.BaseTest - PASS: 'gotoBloodPressure' assertion passed
2026-01-13 18:18:20.777 INFO  listeners.Listener1 - onTestSuccess -> gotoBloodPressure
2026-01-13 18:18:20.780 INFO  listeners.Listener1 - onTestStart -> isResultBoxPresent
2026-01-13 18:18:20.788 INFO  tests.BaseTest - === Starting 'isResultBoxPresent' test ===
2026-01-13 18:18:20.788 INFO  listeners.Listener1 - onTestStart -> gotoHeartPulse
2026-01-13 18:18:20.789 INFO  t.BloodPressurePageValidationTest - Navigating to Heart Pulse via BloodPressurePage.goToHeartPulse()...
2026-01-13 18:18:20.789 INFO  pages.BloodPressurePage - Navigating to Heart Pulse from Blood Pressure page...
2026-01-13 18:18:20.828 INFO  pages.ResultPage - Result Bor present:true
2026-01-13 18:18:20.865 INFO  tests.BaseTest - Result box present? true
2026-01-13 18:18:20.871 INFO  tests.BaseTest - PASS: Result box is visible
2026-01-13 18:18:20.871 INFO  tests.BaseTest - === Completed 'isResultBoxPresent' test ===
2026-01-13 18:18:20.871 INFO  listeners.Listener1 - onTestSuccess -> isResultBoxPresent
2026-01-13 18:18:20.876 INFO  listeners.Listener1 - onTestStart -> gotoBloodPressure
2026-01-13 18:18:20.876 INFO  tests.BaseTest - Navigating to Blood Pressure from Home page
2026-01-13 18:18:20.876 INFO  pages.HomePage - Navigating to Blood Pressure from Home page...
2026-01-13 18:18:20.957 INFO  pages.TopNavigation - Navigated to HeartPulse page
2026-01-13 18:18:20.957 INFO  pages.BloodPressurePage - Navigation to Heart Pulse complete.
2026-01-13 18:18:20.978 INFO  t.BloodPressurePageValidationTest - URL after goToHeartPulse(): https://hackvyatharth.github.io/Vitalguard_Team_Vanguardians/#pulseRate
2026-01-13 18:18:20.978 INFO  t.BloodPressurePageValidationTest - PASS: Heart Pulse navigation assertion passed.
2026-01-13 18:18:20.978 INFO  listeners.Listener1 - onTestSuccess -> gotoHeartPulse
2026-01-13 18:18:20.990 INFO  listeners.Listener1 - onTestStart -> gotoHeartPulse
2026-01-13 18:18:20.991 INFO  tests.AgeFactorPageValidationTest - Navigating to Heart Pulse via AgeFactorPage.goToHeartPulse()
2026-01-13 18:18:20.991 INFO  pages.AgeFactorPage - Navigating to Heart Pulse from Age Factor page...
2026-01-13 18:18:21.062 INFO  pages.TopNavigation - Navigated to BloodPressure page
2026-01-13 18:18:21.062 INFO  pages.HomePage - Navigation to Blood Pressure complete.
2026-01-13 18:18:21.088 INFO  tests.BaseTest - URL after goToBloodPressure(): https://hackvyatharth.github.io/Vitalguard_Team_Vanguardians/#bloodPressure
2026-01-13 18:18:21.089 INFO  tests.BaseTest - PASS: 'gotoBloodPressure' assertion passed
2026-01-13 18:18:21.089 INFO  listeners.Listener1 - onTestSuccess -> gotoBloodPressure
2026-01-13 18:18:21.094 INFO  listeners.Listener1 - onTestStart -> gotoHeartPulse
2026-01-13 18:18:21.094 INFO  t.BloodPressurePageValidationTest - Navigating to Heart Pulse via BloodPressurePage.goToHeartPulse()...
2026-01-13 18:18:21.094 INFO  pages.BloodPressurePage - Navigating to Heart Pulse from Blood Pressure page...
2026-01-13 18:18:21.194 INFO  pages.TopNavigation - Navigated to HeartPulse page
2026-01-13 18:18:21.194 INFO  pages.AgeFactorPage - Navigation to Heart Pulse complete.
2026-01-13 18:18:21.226 INFO  tests.AgeFactorPageValidationTest - PASS: Heart Pulse navigation assertion passed
2026-01-13 18:18:21.226 INFO  listeners.Listener1 - onTestSuccess -> gotoHeartPulse
2026-01-13 18:18:21.241 INFO  listeners.Listener1 - onTestStart -> gotoBloodPressure
2026-01-13 18:18:21.243 INFO  tests.BaseTest - === Starting 'gotoBloodPressure' test ===
2026-01-13 18:18:21.243 INFO  pages.TeamDetails - Navigating to Blood Pressure from Team Details page...
2026-01-13 18:18:21.322 INFO  pages.TopNavigation - Navigated to HeartPulse page
2026-01-13 18:18:21.322 INFO  pages.BloodPressurePage - Navigation to Heart Pulse complete.
2026-01-13 18:18:21.361 INFO  t.BloodPressurePageValidationTest - URL after goToHeartPulse(): https://hackvyatharth.github.io/Vitalguard_Team_Vanguardians/#pulseRate
2026-01-13 18:18:21.361 INFO  t.BloodPressurePageValidationTest - PASS: Heart Pulse navigation assertion passed.
2026-01-13 18:18:21.362 INFO  listeners.Listener1 - onTestSuccess -> gotoHeartPulse
2026-01-13 18:18:21.376 INFO  listeners.Listener1 - onTestStart -> gotoHeartPulse
2026-01-13 18:18:21.377 INFO  tests.AgeFactorPageValidationTest - Navigating to Heart Pulse via AgeFactorPage.goToHeartPulse()
2026-01-13 18:18:21.377 INFO  pages.AgeFactorPage - Navigating to Heart Pulse from Age Factor page...
2026-01-13 18:18:21.573 INFO  pages.TopNavigation - Navigated to BloodPressure page
2026-01-13 18:18:21.573 INFO  pages.TeamDetails - Navigation to Blood Pressure complete.
2026-01-13 18:18:21.607 INFO  tests.BaseTest - Current URL after gotoBloodPressure(): https://hackvyatharth.github.io/Vitalguard_Team_Vanguardians/#bloodPressure
2026-01-13 18:18:21.608 INFO  tests.BaseTest - PASS: 'gotoBloodPressure' assertion passed (URL contains '#bloodPressure')
2026-01-13 18:18:21.608 INFO  tests.BaseTest - === Completed 'gotoBloodPressure' test ===
2026-01-13 18:18:21.609 INFO  listeners.Listener1 - onTestSuccess -> gotoBloodPressure
2026-01-13 18:18:21.614 INFO  listeners.Listener1 - onTestStart -> isCalculateButtonPresentAndClickable
2026-01-13 18:18:21.621 INFO  tests.BaseTest - Verifying Calculate Button presence and Clickability
2026-01-13 18:18:21.621 INFO  pages.CalculatorForm - Waiting for Calculate button to be clickable...
2026-01-13 18:18:21.653 INFO  pages.TopNavigation - Navigated to HeartPulse page
2026-01-13 18:18:21.654 INFO  pages.AgeFactorPage - Navigation to Heart Pulse complete.
2026-01-13 18:18:21.675 INFO  tests.AgeFactorPageValidationTest - PASS: Heart Pulse navigation assertion passed
2026-01-13 18:18:21.675 INFO  listeners.Listener1 - onTestSuccess -> gotoHeartPulse
2026-01-13 18:18:21.688 INFO  listeners.Listener1 - onTestStart -> gotoBloodPressure
2026-01-13 18:18:21.690 INFO  tests.BaseTest - === Starting 'gotoBloodPressure' test ===
2026-01-13 18:18:21.690 INFO  pages.TeamDetails - Navigating to Blood Pressure from Team Details page...
2026-01-13 18:18:21.797 INFO  pages.CalculatorForm - Calculate button present and clickable: true
2026-01-13 18:18:21.801 INFO  tests.BaseTest - Calculate button presence & clickability assertion passed
2026-01-13 18:18:21.804 INFO  listeners.Listener1 - onTestSuccess -> isCalculateButtonPresentAndClickable
2026-01-13 18:18:21.809 INFO  listeners.Listener1 - onTestStart -> isHeadingPresent
2026-01-13 18:18:21.810 INFO  tests.BaseTest - === Starting 'isHeadingPresent' test ===
2026-01-13 18:18:21.858 INFO  pages.ResultPage - Heading present:true
2026-01-13 18:18:21.858 INFO  pages.TopNavigation - Navigated to BloodPressure page
2026-01-13 18:18:21.859 INFO  pages.TeamDetails - Navigation to Blood Pressure complete.
2026-01-13 18:18:21.875 INFO  tests.BaseTest - Current URL after gotoBloodPressure(): https://hackvyatharth.github.io/Vitalguard_Team_Vanguardians/#bloodPressure
2026-01-13 18:18:21.875 INFO  tests.BaseTest - PASS: 'gotoBloodPressure' assertion passed (URL contains '#bloodPressure')
2026-01-13 18:18:21.875 INFO  tests.BaseTest - === Completed 'gotoBloodPressure' test ===
2026-01-13 18:18:21.876 INFO  listeners.Listener1 - onTestSuccess -> gotoBloodPressure
2026-01-13 18:18:21.889 INFO  listeners.Listener1 - onTestStart -> isCalculateButtonPresentAndClickable
2026-01-13 18:18:21.890 INFO  tests.BaseTest - Verifying Calculate Button presence and Clickability
2026-01-13 18:18:21.890 INFO  pages.CalculatorForm - Waiting for Calculate button to be clickable...
2026-01-13 18:18:21.895 INFO  tests.BaseTest - Heading present? true
2026-01-13 18:18:21.896 INFO  tests.BaseTest - PASS: Heading is visible
2026-01-13 18:18:21.896 INFO  tests.BaseTest - === Completed 'isHeadingPresent' test ===
2026-01-13 18:18:21.896 INFO  listeners.Listener1 - onTestSuccess -> isHeadingPresent
2026-01-13 18:18:21.907 INFO  listeners.Listener1 - onTestStart -> gotoAgeFactor
2026-01-13 18:18:21.907 INFO  tests.BaseTest - Navigating to Age Factor from Home page
2026-01-13 18:18:21.907 INFO  pages.HomePage - Navigating to Age Factor from Home page...
2026-01-13 18:18:22.047 INFO  pages.CalculatorForm - Calculate button present and clickable: true
2026-01-13 18:18:22.053 INFO  tests.BaseTest - Calculate button presence & clickability assertion passed
2026-01-13 18:18:22.053 INFO  listeners.Listener1 - onTestSuccess -> isCalculateButtonPresentAndClickable
2026-01-13 18:18:22.061 INFO  listeners.Listener1 - onTestStart -> isHeadingPresent
2026-01-13 18:18:22.062 INFO  tests.BaseTest - === Starting 'isHeadingPresent' test ===
2026-01-13 18:18:22.089 INFO  pages.TopNavigation - Navigated to AgeFactor page
2026-01-13 18:18:22.089 INFO  pages.HomePage - Navigation to Age Factor complete.
2026-01-13 18:18:22.111 INFO  tests.BaseTest - URL after goToAgeFactor(): https://hackvyatharth.github.io/Vitalguard_Team_Vanguardians/#ageFactor
2026-01-13 18:18:22.111 INFO  tests.BaseTest - PASS: 'gotoAgeFactor' assertion passed
2026-01-13 18:18:22.112 INFO  listeners.Listener1 - onTestSuccess -> gotoAgeFactor
2026-01-13 18:18:22.122 INFO  pages.ResultPage - Heading present:true
2026-01-13 18:18:22.122 INFO  listeners.Listener1 - onTestStart -> gotoAgeFactorPage
2026-01-13 18:18:22.123 INFO  t.BloodPressurePageValidationTest - Navigating to Age Factor via BloodPressurePage.goToAgeFactor()...
2026-01-13 18:18:22.123 INFO  pages.BloodPressurePage - Navigating to Age Factor from Blood Pressure page...
2026-01-13 18:18:22.154 INFO  tests.BaseTest - Heading present? true
2026-01-13 18:18:22.156 INFO  tests.BaseTest - PASS: Heading is visible
2026-01-13 18:18:22.156 INFO  tests.BaseTest - === Completed 'isHeadingPresent' test ===
2026-01-13 18:18:22.156 INFO  listeners.Listener1 - onTestSuccess -> isHeadingPresent
2026-01-13 18:18:22.160 INFO  listeners.Listener1 - onTestStart -> gotoAgeFactor
2026-01-13 18:18:22.161 INFO  tests.BaseTest - Navigating to Age Factor from Home page
2026-01-13 18:18:22.161 INFO  pages.HomePage - Navigating to Age Factor from Home page...
2026-01-13 18:18:22.270 INFO  pages.TopNavigation - Navigated to AgeFactor page
2026-01-13 18:18:22.270 INFO  pages.BloodPressurePage - Navigation to Age Factor complete.
2026-01-13 18:18:22.289 INFO  t.BloodPressurePageValidationTest - URL after goToAgeFactor(): https://hackvyatharth.github.io/Vitalguard_Team_Vanguardians/#ageFactor
2026-01-13 18:18:22.289 INFO  t.BloodPressurePageValidationTest - PASS: Age Factor navigation assertion passed.
2026-01-13 18:18:22.289 INFO  listeners.Listener1 - onTestSuccess -> gotoAgeFactorPage
2026-01-13 18:18:22.295 INFO  listeners.Listener1 - onTestStart -> gotoBloodPressure
2026-01-13 18:18:22.296 INFO  tests.AgeFactorPageValidationTest - Navigating to Blood Pressure via AgeFactorPage.goToBloodPressure()
2026-01-13 18:18:22.296 INFO  pages.AgeFactorPage - Navigating to Blood Pressure from Age Factor page...
2026-01-13 18:18:22.326 INFO  pages.TopNavigation - Navigated to AgeFactor page
2026-01-13 18:18:22.326 INFO  pages.HomePage - Navigation to Age Factor complete.
2026-01-13 18:18:22.346 INFO  tests.BaseTest - URL after goToAgeFactor(): https://hackvyatharth.github.io/Vitalguard_Team_Vanguardians/#ageFactor
2026-01-13 18:18:22.346 INFO  tests.BaseTest - PASS: 'gotoAgeFactor' assertion passed
2026-01-13 18:18:22.346 INFO  listeners.Listener1 - onTestSuccess -> gotoAgeFactor
2026-01-13 18:18:22.360 INFO  listeners.Listener1 - onTestStart -> gotoAgeFactorPage
2026-01-13 18:18:22.361 INFO  t.BloodPressurePageValidationTest - Navigating to Age Factor via BloodPressurePage.goToAgeFactor()...
2026-01-13 18:18:22.361 INFO  pages.BloodPressurePage - Navigating to Age Factor from Blood Pressure page...
2026-01-13 18:18:22.486 INFO  pages.TopNavigation - Navigated to BloodPressure page
2026-01-13 18:18:22.486 INFO  pages.AgeFactorPage - Navigation to Blood Pressure complete.
2026-01-13 18:18:22.512 INFO  tests.AgeFactorPageValidationTest - PASS: Blood Pressure navigation assertion passed
2026-01-13 18:18:22.513 INFO  listeners.Listener1 - onTestSuccess -> gotoBloodPressure
2026-01-13 18:18:22.514 INFO  pages.TopNavigation - Navigated to AgeFactor page
2026-01-13 18:18:22.515 INFO  pages.BloodPressurePage - Navigation to Age Factor complete.
2026-01-13 18:18:22.526 INFO  listeners.Listener1 - onTestStart -> gotoHeartPulse
2026-01-13 18:18:22.527 INFO  tests.BaseTest - === Starting 'gotoHeartPulse' test ===
2026-01-13 18:18:22.527 INFO  pages.TeamDetails - Navigating to Heart Pulse from Team Details page...
2026-01-13 18:18:22.537 INFO  t.BloodPressurePageValidationTest - URL after goToAgeFactor(): https://hackvyatharth.github.io/Vitalguard_Team_Vanguardians/#ageFactor
2026-01-13 18:18:22.538 INFO  t.BloodPressurePageValidationTest - PASS: Age Factor navigation assertion passed.
2026-01-13 18:18:22.538 INFO  listeners.Listener1 - onTestSuccess -> gotoAgeFactorPage
2026-01-13 18:18:22.542 INFO  listeners.Listener1 - onTestStart -> gotoBloodPressure
2026-01-13 18:18:22.543 INFO  tests.AgeFactorPageValidationTest - Navigating to Blood Pressure via AgeFactorPage.goToBloodPressure()
2026-01-13 18:18:22.543 INFO  pages.AgeFactorPage - Navigating to Blood Pressure from Age Factor page...
2026-01-13 18:18:22.691 INFO  pages.TopNavigation - Navigated to HeartPulse page
2026-01-13 18:18:22.691 INFO  pages.TeamDetails - Navigation to Heart Pulse complete.
2026-01-13 18:18:22.708 INFO  pages.TopNavigation - Navigated to BloodPressure page
2026-01-13 18:18:22.708 INFO  pages.AgeFactorPage - Navigation to Blood Pressure complete.
2026-01-13 18:18:22.720 INFO  tests.BaseTest - Current URL after gotoHeartPulse(): https://hackvyatharth.github.io/Vitalguard_Team_Vanguardians/#pulseRate
2026-01-13 18:18:22.720 INFO  tests.BaseTest - PASS: 'gotoHeartPulse' assertion passed (URL contains '#pulseRate')
2026-01-13 18:18:22.720 INFO  tests.BaseTest - === Completed 'gotoHeartPulse' test ===
2026-01-13 18:18:22.721 INFO  listeners.Listener1 - onTestSuccess -> gotoHeartPulse
2026-01-13 18:18:22.723 INFO  tests.AgeFactorPageValidationTest - PASS: Blood Pressure navigation assertion passed
2026-01-13 18:18:22.724 INFO  listeners.Listener1 - onTestSuccess -> gotoBloodPressure
2026-01-13 18:18:22.729 INFO  listeners.Listener1 - onTestStart -> gotoHeartPulse
2026-01-13 18:18:22.730 INFO  tests.BaseTest - === Starting 'gotoHeartPulse' test ===
2026-01-13 18:18:22.730 INFO  pages.TeamDetails - Navigating to Heart Pulse from Team Details page...
2026-01-13 18:18:22.911 INFO  pages.TopNavigation - Navigated to HeartPulse page
2026-01-13 18:18:22.911 INFO  pages.TeamDetails - Navigation to Heart Pulse complete.
2026-01-13 18:18:22.937 INFO  tests.BaseTest - Current URL after gotoHeartPulse(): https://hackvyatharth.github.io/Vitalguard_Team_Vanguardians/#pulseRate
2026-01-13 18:18:22.937 INFO  tests.BaseTest - PASS: 'gotoHeartPulse' assertion passed (URL contains '#pulseRate')
2026-01-13 18:18:22.937 INFO  tests.BaseTest - === Completed 'gotoHeartPulse' test ===
2026-01-13 18:18:22.938 INFO  listeners.Listener1 - onTestSuccess -> gotoHeartPulse
2026-01-13 18:18:24.590 INFO  tests.BaseTest - Loaded {} data rows from Excel
2026-01-13 18:18:24.590 INFO  tests.BaseTest - Loaded {} data rows from Excel
2026-01-13 18:18:24.592 INFO  listeners.Listener1 - onTestStart -> sendData
2026-01-13 18:18:24.592 INFO  listeners.Listener1 - onTestStart -> sendData
2026-01-13 18:18:24.592 INFO  listeners.Listener1 - Parameters for sendData: ["", "", "", negative]
2026-01-13 18:18:24.592 INFO  listeners.Listener1 - Parameters for sendData: ["", "", "", negative]
2026-01-13 18:18:24.597 INFO  tests.BaseTest - Executing data row: age='""', pulse='""', bp='""', testType='negative'
2026-01-13 18:18:24.597 INFO  tests.BaseTest - Executing data row: age='""', pulse='""', bp='""', testType='negative'
2026-01-13 18:18:24.597 INFO  pages.CalculatorForm - Entering Age: ""
2026-01-13 18:18:24.597 INFO  pages.CalculatorForm - Entering Age: ""
2026-01-13 18:18:24.902 INFO  pages.CalculatorForm - Entering Pulse: ""
2026-01-13 18:18:24.918 INFO  pages.CalculatorForm - Entering Pulse: ""
2026-01-13 18:18:25.130 INFO  pages.CalculatorForm - Entering Blood Pressure: ""
2026-01-13 18:18:25.203 INFO  pages.CalculatorForm - Entering Blood Pressure: ""
2026-01-13 18:18:25.954 INFO  tests.BaseTest - Clicking Calculate
2026-01-13 18:18:25.954 INFO  pages.CalculatorForm - Clicking Calculate button...
2026-01-13 18:18:26.007 INFO  tests.BaseTest - Clicking Calculate
2026-01-13 18:18:26.007 INFO  pages.CalculatorForm - Clicking Calculate button...
2026-01-13 18:18:26.195 INFO  pages.CalculatorForm - Calculate button clicked.
2026-01-13 18:18:26.210 INFO  tests.BaseTest - Alert detected after submit
2026-01-13 18:18:26.246 INFO  tests.BaseTest - Negative case: navigatedToResult=false
2026-01-13 18:18:26.247 INFO  listeners.Listener1 - onTestSuccess -> sendData
2026-01-13 18:18:26.247 INFO  listeners.Listener1 - Deleting pre-submit screenshot for passed test: C:\Users\2457157\IdeaProjects\HealthIndexCalculator\reports\screenshots\age_____pulse_____bp_____type_negative_before_20260113_181825_942.png
2026-01-13 18:18:26.309 INFO  pages.CalculatorForm - Calculate button clicked.
2026-01-13 18:18:26.323 INFO  tests.BaseTest - Alert detected after submit
2026-01-13 18:18:26.390 INFO  tests.BaseTest - Negative case: navigatedToResult=false
2026-01-13 18:18:26.390 INFO  listeners.Listener1 - onTestSuccess -> sendData
2026-01-13 18:18:26.390 INFO  listeners.Listener1 - Deleting pre-submit screenshot for passed test: C:\Users\2457157\IdeaProjects\HealthIndexCalculator\reports\screenshots\age_____pulse_____bp_____type_negative_before_20260113_181825_997.png
2026-01-13 18:18:26.441 INFO  listeners.Listener1 - onTestStart -> sendData
2026-01-13 18:18:26.459 INFO  listeners.Listener1 - Parameters for sendData: [0, 60, 70/31, negative]
2026-01-13 18:18:26.459 INFO  tests.BaseTest - Executing data row: age='0', pulse='60', bp='70/31', testType='negative'
2026-01-13 18:18:26.459 INFO  pages.CalculatorForm - Entering Age: 0
2026-01-13 18:18:26.628 INFO  listeners.Listener1 - onTestStart -> sendData
2026-01-13 18:18:26.629 INFO  listeners.Listener1 - Parameters for sendData: [0, 60, 70/31, negative]
2026-01-13 18:18:26.629 INFO  tests.BaseTest - Executing data row: age='0', pulse='60', bp='70/31', testType='negative'
2026-01-13 18:18:26.630 INFO  pages.CalculatorForm - Entering Age: 0
2026-01-13 18:18:26.778 INFO  pages.CalculatorForm - Entering Pulse: 60
2026-01-13 18:18:26.924 INFO  pages.CalculatorForm - Entering Pulse: 60
2026-01-13 18:18:27.014 INFO  pages.CalculatorForm - Entering Blood Pressure: 70/31
2026-01-13 18:18:27.247 INFO  pages.CalculatorForm - Entering Blood Pressure: 70/31
2026-01-13 18:18:27.505 INFO  tests.BaseTest - Clicking Calculate
2026-01-13 18:18:27.505 INFO  pages.CalculatorForm - Clicking Calculate button...
2026-01-13 18:18:27.842 INFO  pages.CalculatorForm - Calculate button clicked.
2026-01-13 18:18:27.854 INFO  tests.BaseTest - Alert detected after submit
2026-01-13 18:18:27.910 INFO  tests.BaseTest - Negative case: navigatedToResult=false
2026-01-13 18:18:27.910 INFO  listeners.Listener1 - onTestSuccess -> sendData
2026-01-13 18:18:27.910 INFO  listeners.Listener1 - Deleting pre-submit screenshot for passed test: C:\Users\2457157\IdeaProjects\HealthIndexCalculator\reports\screenshots\age_0__pulse_60__bp_70_31__type_negative_before_20260113_181827_495.png
2026-01-13 18:18:27.974 INFO  tests.BaseTest - Clicking Calculate
2026-01-13 18:18:27.974 INFO  pages.CalculatorForm - Clicking Calculate button...
2026-01-13 18:18:28.180 INFO  listeners.Listener1 - onTestStart -> sendData
2026-01-13 18:18:28.180 INFO  listeners.Listener1 - Parameters for sendData: [1, 72, 120/81, positive]
2026-01-13 18:18:28.180 INFO  tests.BaseTest - Executing data row: age='1', pulse='72', bp='120/81', testType='positive'
2026-01-13 18:18:28.189 INFO  pages.CalculatorForm - Entering Age: 1
2026-01-13 18:18:28.492 INFO  pages.CalculatorForm - Calculate button clicked.
2026-01-13 18:18:28.497 INFO  tests.BaseTest - Alert detected after submit
2026-01-13 18:18:28.608 INFO  tests.BaseTest - Negative case: navigatedToResult=false
2026-01-13 18:18:28.608 INFO  listeners.Listener1 - onTestSuccess -> sendData
2026-01-13 18:18:28.608 INFO  listeners.Listener1 - Deleting pre-submit screenshot for passed test: C:\Users\2457157\IdeaProjects\HealthIndexCalculator\reports\screenshots\age_0__pulse_60__bp_70_31__type_negative_before_20260113_181827_971.png
2026-01-13 18:18:28.626 INFO  listeners.Listener1 - onTestStart -> sendData
2026-01-13 18:18:28.626 INFO  listeners.Listener1 - Parameters for sendData: [1, 72, 120/81, positive]
2026-01-13 18:18:28.627 INFO  tests.BaseTest - Executing data row: age='1', pulse='72', bp='120/81', testType='positive'
2026-01-13 18:18:28.627 INFO  pages.CalculatorForm - Entering Age: 1
2026-01-13 18:18:28.662 INFO  pages.CalculatorForm - Entering Pulse: 72
2026-01-13 18:18:29.041 INFO  pages.CalculatorForm - Entering Pulse: 72
2026-01-13 18:18:29.090 INFO  pages.CalculatorForm - Entering Blood Pressure: 120/81
2026-01-13 18:18:29.362 INFO  pages.CalculatorForm - Entering Blood Pressure: 120/81
2026-01-13 18:18:30.058 INFO  tests.BaseTest - Clicking Calculate
2026-01-13 18:18:30.058 INFO  pages.CalculatorForm - Clicking Calculate button...
2026-01-13 18:18:30.946 INFO  pages.CalculatorForm - Calculate button clicked.
2026-01-13 18:18:31.392 INFO  tests.BaseTest - Clicking Calculate
2026-01-13 18:18:31.392 INFO  pages.CalculatorForm - Clicking Calculate button...
2026-01-13 18:18:31.877 INFO  pages.CalculatorForm - Calculate button clicked.
2026-01-13 18:18:34.360 INFO  tests.BaseTest - No alert branch: navigatedToResult=true
2026-01-13 18:18:34.360 INFO  tests.BaseTest - Positive case passed: navigated; returning Home via logo text
2026-01-13 18:18:35.208 INFO  tests.BaseTest - No alert branch: navigatedToResult=true
2026-01-13 18:18:35.210 INFO  tests.BaseTest - Positive case passed: navigated; returning Home via logo text
2026-01-13 18:18:36.476 INFO  pages.TopNavigation - Navigated to Home Page through LogoText
2026-01-13 18:18:36.476 INFO  tests.BaseTest - Clicked 'VitalGuard' logo text to return Home
2026-01-13 18:18:36.477 INFO  listeners.Listener1 - onTestSuccess -> sendData
2026-01-13 18:18:36.477 INFO  listeners.Listener1 - Deleting pre-submit screenshot for passed test: C:\Users\2457157\IdeaProjects\HealthIndexCalculator\reports\screenshots\age_1__pulse_72__bp_120_81__type_positive_before_20260113_181831_389.png
2026-01-13 18:18:36.523 INFO  pages.TopNavigation - Navigated to Home Page through LogoText
2026-01-13 18:18:36.523 INFO  tests.BaseTest - Clicked 'VitalGuard' logo text to return Home
2026-01-13 18:18:36.523 INFO  listeners.Listener1 - onTestSuccess -> sendData
2026-01-13 18:18:36.523 INFO  listeners.Listener1 - Deleting pre-submit screenshot for passed test: C:\Users\2457157\IdeaProjects\HealthIndexCalculator\reports\screenshots\age_1__pulse_72__bp_120_81__type_positive_before_20260113_181830_046.png
2026-01-13 18:18:36.539 INFO  listeners.Listener1 - onTestStart -> sendData
2026-01-13 18:18:36.539 INFO  listeners.Listener1 - Parameters for sendData: [69.5, -25, 160/91, negative]
2026-01-13 18:18:36.539 INFO  tests.BaseTest - Executing data row: age='69.5', pulse='-25', bp='160/91', testType='negative'
2026-01-13 18:18:36.539 INFO  pages.CalculatorForm - Entering Age: 69.5
2026-01-13 18:18:36.545 INFO  listeners.Listener1 - onTestStart -> sendData
2026-01-13 18:18:36.545 INFO  listeners.Listener1 - Parameters for sendData: [69.5, -25, 160/91, negative]
2026-01-13 18:18:36.547 INFO  tests.BaseTest - Executing data row: age='69.5', pulse='-25', bp='160/91', testType='negative'
2026-01-13 18:18:36.547 INFO  pages.CalculatorForm - Entering Age: 69.5
2026-01-13 18:18:37.979 INFO  pages.CalculatorForm - Entering Pulse: -25
2026-01-13 18:18:38.541 INFO  pages.CalculatorForm - Entering Pulse: -25
2026-01-13 18:18:39.229 INFO  pages.CalculatorForm - Entering Blood Pressure: 160/91
2026-01-13 18:18:39.611 INFO  pages.CalculatorForm - Entering Blood Pressure: 160/91
2026-01-13 18:18:41.496 INFO  tests.BaseTest - Clicking Calculate
2026-01-13 18:18:41.496 INFO  pages.CalculatorForm - Clicking Calculate button...
2026-01-13 18:18:41.987 INFO  tests.BaseTest - Clicking Calculate
2026-01-13 18:18:41.987 INFO  pages.CalculatorForm - Clicking Calculate button...
2026-01-13 18:18:42.539 INFO  pages.CalculatorForm - Calculate button clicked.
2026-01-13 18:18:42.698 INFO  pages.CalculatorForm - Calculate button clicked.
2026-01-13 18:18:45.662 INFO  tests.BaseTest - No alert branch: navigatedToResult=true
2026-01-13 18:18:45.911 INFO  tests.BaseTest - No alert branch: navigatedToResult=true
2026-01-13 18:18:46.323 ERROR tests.BaseTest - Negative case failed: navigated without alert
2026-01-13 18:18:46.609 ERROR tests.BaseTest - Negative case failed: navigated without alert
2026-01-13 18:18:46.974 INFO  pages.TopNavigation - Navigated to Home Page through LogoText
2026-01-13 18:18:46.978 ERROR listeners.Listener1 - onTestFailure -> sendData
java.lang.AssertionError: The following asserts failed:
	NEGATIVE input incorrectly navigated to Result page without showing any alert.
	at org.testng.asserts.SoftAssert.assertAll(SoftAssert.java:46)
	at org.testng.asserts.SoftAssert.assertAll(SoftAssert.java:30)
	at tests.CalculatorFunctionalityTest.sendData(CalculatorFunctionalityTest.java:200)
	at java.base/jdk.internal.reflect.DirectMethodHandleAccessor.invoke(DirectMethodHandleAccessor.java:103)
	at java.base/java.lang.reflect.Method.invoke(Method.java:580)
	at org.testng.internal.invokers.MethodInvocationHelper.invokeMethod(MethodInvocationHelper.java:141)
	at org.testng.internal.invokers.TestInvoker.invokeMethod(TestInvoker.java:687)
	at org.testng.internal.invokers.TestInvoker.invokeTestMethod(TestInvoker.java:230)
	at org.testng.internal.invokers.MethodRunner.runInSequence(MethodRunner.java:63)
	at org.testng.internal.invokers.TestInvoker$MethodInvocationAgent.invoke(TestInvoker.java:995)
	at org.testng.internal.invokers.TestInvoker.invokeTestMethods(TestInvoker.java:203)
	at org.testng.internal.invokers.TestMethodWorker.invokeTestMethods(TestMethodWorker.java:154)
	at org.testng.internal.invokers.TestMethodWorker.run(TestMethodWorker.java:134)
	at java.base/java.util.ArrayList.forEach(ArrayList.java:1596)
	at org.testng.TestRunner.privateRun(TestRunner.java:741)
	at org.testng.TestRunner.run(TestRunner.java:616)
	at org.testng.SuiteRunner.runTest(SuiteRunner.java:421)
	at org.testng.SuiteRunner$SuiteWorker.run(SuiteRunner.java:463)
	at org.testng.internal.thread.ThreadUtil.lambda$execute$0(ThreadUtil.java:64)
	at java.base/java.util.concurrent.FutureTask.run$$$capture(FutureTask.java:317)
	at java.base/java.util.concurrent.FutureTask.run(FutureTask.java)
	at java.base/java.util.concurrent.ThreadPoolExecutor.runWorker(ThreadPoolExecutor.java:1144)
	at java.base/java.util.concurrent.ThreadPoolExecutor$Worker.run(ThreadPoolExecutor.java:642)
	at java.base/java.lang.Thread.run(Thread.java:1583)
2026-01-13 18:18:47.044 INFO  listeners.Listener1 - Attaching pre-submit screenshot: C:\Users\2457157\IdeaProjects\HealthIndexCalculator\reports\screenshots\age_69.5__pulse_-25__bp_160_91__type_negative_before_20260113_181841_480.png
2026-01-13 18:18:47.070 INFO  listeners.Listener1 - Attaching failure screenshot: C:\Users\2457157\IdeaProjects\HealthIndexCalculator\reports\screenshots\age_69.5__pulse_-25__bp_160_91__type_negative_failed_no_alert_20260113_181845_662.png
2026-01-13 18:18:47.123 INFO  listeners.Listener1 - onTestStart -> sendData
2026-01-13 18:18:47.123 INFO  listeners.Listener1 - Parameters for sendData: [120, Seventy Two, 0/0, negative]
2026-01-13 18:18:47.123 INFO  tests.BaseTest - Executing data row: age='120', pulse='Seventy Two', bp='0/0', testType='negative'
2026-01-13 18:18:47.126 INFO  pages.CalculatorForm - Entering Age: 120
2026-01-13 18:18:47.422 INFO  pages.TopNavigation - Navigated to Home Page through LogoText
2026-01-13 18:18:47.422 ERROR listeners.Listener1 - onTestFailure -> sendData
java.lang.AssertionError: The following asserts failed:
	NEGATIVE input incorrectly navigated to Result page without showing any alert.
	at org.testng.asserts.SoftAssert.assertAll(SoftAssert.java:46)
	at org.testng.asserts.SoftAssert.assertAll(SoftAssert.java:30)
	at tests.CalculatorFunctionalityTest.sendData(CalculatorFunctionalityTest.java:200)
	at java.base/jdk.internal.reflect.DirectMethodHandleAccessor.invoke(DirectMethodHandleAccessor.java:103)
	at java.base/java.lang.reflect.Method.invoke(Method.java:580)
	at org.testng.internal.invokers.MethodInvocationHelper.invokeMethod(MethodInvocationHelper.java:141)
	at org.testng.internal.invokers.TestInvoker.invokeMethod(TestInvoker.java:687)
	at org.testng.internal.invokers.TestInvoker.invokeTestMethod(TestInvoker.java:230)
	at org.testng.internal.invokers.MethodRunner.runInSequence(MethodRunner.java:63)
	at org.testng.internal.invokers.TestInvoker$MethodInvocationAgent.invoke(TestInvoker.java:995)
	at org.testng.internal.invokers.TestInvoker.invokeTestMethods(TestInvoker.java:203)
	at org.testng.internal.invokers.TestMethodWorker.invokeTestMethods(TestMethodWorker.java:154)
	at org.testng.internal.invokers.TestMethodWorker.run(TestMethodWorker.java:134)
	at java.base/java.util.ArrayList.forEach(ArrayList.java:1596)
	at org.testng.TestRunner.privateRun(TestRunner.java:741)
	at org.testng.TestRunner.run(TestRunner.java:616)
	at org.testng.SuiteRunner.runTest(SuiteRunner.java:421)
	at org.testng.SuiteRunner$SuiteWorker.run(SuiteRunner.java:463)
	at org.testng.internal.thread.ThreadUtil.lambda$execute$0(ThreadUtil.java:64)
	at java.base/java.util.concurrent.FutureTask.run$$$capture(FutureTask.java:317)
	at java.base/java.util.concurrent.FutureTask.run(FutureTask.java)
	at java.base/java.util.concurrent.ThreadPoolExecutor.runWorker(ThreadPoolExecutor.java:1144)
	at java.base/java.util.concurrent.ThreadPoolExecutor$Worker.run(ThreadPoolExecutor.java:642)
	at java.base/java.lang.Thread.run(Thread.java:1583)
2026-01-13 18:18:47.426 INFO  listeners.Listener1 - Attaching pre-submit screenshot: C:\Users\2457157\IdeaProjects\HealthIndexCalculator\reports\screenshots\age_69.5__pulse_-25__bp_160_91__type_negative_before_20260113_181841_979.png
2026-01-13 18:18:47.428 INFO  listeners.Listener1 - Attaching failure screenshot: C:\Users\2457157\IdeaProjects\HealthIndexCalculator\reports\screenshots\age_69.5__pulse_-25__bp_160_91__type_negative_failed_no_alert_20260113_181845_911.png
2026-01-13 18:18:48.321 INFO  pages.CalculatorForm - Entering Pulse: Seventy Two
2026-01-13 18:18:50.090 INFO  listeners.Listener1 - onTestStart -> sendData
2026-01-13 18:18:50.090 INFO  listeners.Listener1 - Parameters for sendData: [120, Seventy Two, 0/0, negative]
2026-01-13 18:18:50.090 INFO  tests.BaseTest - Executing data row: age='120', pulse='Seventy Two', bp='0/0', testType='negative'
2026-01-13 18:18:50.090 INFO  pages.CalculatorForm - Entering Age: 120
2026-01-13 18:18:51.143 INFO  pages.CalculatorForm - Entering Pulse: Seventy Two
2026-01-13 18:18:51.211 INFO  pages.CalculatorForm - Entering Blood Pressure: 0/0
2026-01-13 18:18:52.453 INFO  pages.CalculatorForm - Entering Blood Pressure: 0/0
2026-01-13 18:18:52.977 INFO  tests.BaseTest - Clicking Calculate
2026-01-13 18:18:52.977 INFO  pages.CalculatorForm - Clicking Calculate button...
2026-01-13 18:18:53.629 INFO  pages.CalculatorForm - Calculate button clicked.
2026-01-13 18:18:53.646 INFO  tests.BaseTest - Alert detected after submit
2026-01-13 18:18:53.727 INFO  tests.BaseTest - Negative case: navigatedToResult=false
2026-01-13 18:18:53.727 INFO  listeners.Listener1 - onTestSuccess -> sendData
2026-01-13 18:18:53.727 INFO  listeners.Listener1 - Deleting pre-submit screenshot for passed test: C:\Users\2457157\IdeaProjects\HealthIndexCalculator\reports\screenshots\age_120__pulse_Seventy_Two__bp_0_0__type_negative_before_20260113_181852_973.png
2026-01-13 18:18:53.758 INFO  listeners.Listener1 - onTestStart -> sendData
2026-01-13 18:18:53.758 INFO  listeners.Listener1 - Parameters for sendData: [121, @$%, 0/0, negative]
2026-01-13 18:18:53.771 INFO  tests.BaseTest - Executing data row: age='121', pulse='@$%', bp='0/0', testType='negative'
2026-01-13 18:18:53.771 INFO  pages.CalculatorForm - Entering Age: 121
2026-01-13 18:18:53.922 INFO  tests.BaseTest - Clicking Calculate
2026-01-13 18:18:53.922 INFO  pages.CalculatorForm - Clicking Calculate button...
2026-01-13 18:18:54.226 INFO  pages.CalculatorForm - Entering Pulse: @$%
2026-01-13 18:18:54.329 INFO  pages.CalculatorForm - Calculate button clicked.
2026-01-13 18:18:54.341 INFO  tests.BaseTest - Alert detected after submit
2026-01-13 18:18:54.375 INFO  tests.BaseTest - Negative case: navigatedToResult=false
2026-01-13 18:18:54.376 INFO  listeners.Listener1 - onTestSuccess -> sendData
2026-01-13 18:18:54.376 INFO  listeners.Listener1 - Deleting pre-submit screenshot for passed test: C:\Users\2457157\IdeaProjects\HealthIndexCalculator\reports\screenshots\age_120__pulse_Seventy_Two__bp_0_0__type_negative_before_20260113_181853_912.png
2026-01-13 18:18:54.390 INFO  listeners.Listener1 - onTestStart -> sendData
2026-01-13 18:18:54.390 INFO  listeners.Listener1 - Parameters for sendData: [121, @$%, 0/0, negative]
2026-01-13 18:18:54.390 INFO  tests.BaseTest - Executing data row: age='121', pulse='@$%', bp='0/0', testType='negative'
2026-01-13 18:18:54.390 INFO  pages.CalculatorForm - Entering Age: 121
2026-01-13 18:18:54.591 INFO  pages.CalculatorForm - Entering Blood Pressure: 0/0
2026-01-13 18:18:54.764 INFO  pages.CalculatorForm - Entering Pulse: @$%
2026-01-13 18:18:55.171 INFO  pages.CalculatorForm - Entering Blood Pressure: 0/0
2026-01-13 18:18:55.241 INFO  tests.BaseTest - Clicking Calculate
2026-01-13 18:18:55.241 INFO  pages.CalculatorForm - Clicking Calculate button...
2026-01-13 18:18:55.608 INFO  pages.CalculatorForm - Calculate button clicked.
2026-01-13 18:18:55.614 INFO  tests.BaseTest - Alert detected after submit
2026-01-13 18:18:55.794 INFO  tests.BaseTest - Clicking Calculate
2026-01-13 18:18:55.794 INFO  pages.CalculatorForm - Clicking Calculate button...
2026-01-13 18:18:55.962 INFO  tests.BaseTest - Negative case: navigatedToResult=false
2026-01-13 18:18:55.962 INFO  listeners.Listener1 - onTestSuccess -> sendData
2026-01-13 18:18:55.962 INFO  listeners.Listener1 - Deleting pre-submit screenshot for passed test: C:\Users\2457157\IdeaProjects\HealthIndexCalculator\reports\screenshots\age_121__pulse______bp_0_0__type_negative_before_20260113_181855_238.png
2026-01-13 18:18:55.976 INFO  listeners.Listener1 - onTestStart -> sendData
2026-01-13 18:18:55.976 INFO  listeners.Listener1 - Parameters for sendData: [120.5, 80yrs, 1000/1000, negative]
2026-01-13 18:18:55.976 INFO  tests.BaseTest - Executing data row: age='120.5', pulse='80yrs', bp='1000/1000', testType='negative'
2026-01-13 18:18:55.976 INFO  pages.CalculatorForm - Entering Age: 120.5
2026-01-13 18:18:56.246 INFO  pages.CalculatorForm - Calculate button clicked.
2026-01-13 18:18:56.260 INFO  tests.BaseTest - Alert detected after submit
2026-01-13 18:18:56.373 INFO  tests.BaseTest - Negative case: navigatedToResult=false
2026-01-13 18:18:56.373 INFO  listeners.Listener1 - onTestSuccess -> sendData
2026-01-13 18:18:56.373 INFO  listeners.Listener1 - Deleting pre-submit screenshot for passed test: C:\Users\2457157\IdeaProjects\HealthIndexCalculator\reports\screenshots\age_121__pulse______bp_0_0__type_negative_before_20260113_181855_792.png
2026-01-13 18:18:56.393 INFO  listeners.Listener1 - onTestStart -> sendData
2026-01-13 18:18:56.395 INFO  listeners.Listener1 - Parameters for sendData: [120.5, 80yrs, 1000/1000, negative]
2026-01-13 18:18:56.395 INFO  tests.BaseTest - Executing data row: age='120.5', pulse='80yrs', bp='1000/1000', testType='negative'
2026-01-13 18:18:56.395 INFO  pages.CalculatorForm - Entering Age: 120.5
2026-01-13 18:18:57.109 INFO  pages.CalculatorForm - Entering Pulse: 80yrs
2026-01-13 18:18:57.209 INFO  pages.CalculatorForm - Entering Pulse: 80yrs
2026-01-13 18:18:57.671 INFO  pages.CalculatorForm - Entering Blood Pressure: 1000/1000
2026-01-13 18:18:58.172 INFO  pages.CalculatorForm - Entering Blood Pressure: 1000/1000
2026-01-13 18:18:59.246 INFO  tests.BaseTest - Clicking Calculate
2026-01-13 18:18:59.254 INFO  pages.CalculatorForm - Clicking Calculate button...
2026-01-13 18:18:59.759 INFO  tests.BaseTest - Clicking Calculate
2026-01-13 18:18:59.759 INFO  pages.CalculatorForm - Clicking Calculate button...
2026-01-13 18:18:59.879 INFO  pages.CalculatorForm - Calculate button clicked.
2026-01-13 18:18:59.889 INFO  tests.BaseTest - Alert detected after submit
2026-01-13 18:18:59.961 INFO  tests.BaseTest - Negative case: navigatedToResult=false
2026-01-13 18:18:59.961 INFO  listeners.Listener1 - onTestSuccess -> sendData
2026-01-13 18:18:59.961 INFO  listeners.Listener1 - Deleting pre-submit screenshot for passed test: C:\Users\2457157\IdeaProjects\HealthIndexCalculator\reports\screenshots\age_120.5__pulse_80yrs__bp_1000_1000__type_negative_before_20260113_181859_245.png
2026-01-13 18:18:59.974 INFO  listeners.Listener1 - onTestStart -> sendData
2026-01-13 18:18:59.978 INFO  listeners.Listener1 - Parameters for sendData: [abc, 1000, abc, negative]
2026-01-13 18:18:59.978 INFO  tests.BaseTest - Executing data row: age='abc', pulse='1000', bp='abc', testType='negative'
2026-01-13 18:18:59.978 INFO  pages.CalculatorForm - Entering Age: abc
2026-01-13 18:19:00.461 INFO  pages.CalculatorForm - Calculate button clicked.
2026-01-13 18:19:00.471 INFO  tests.BaseTest - Alert detected after submit
2026-01-13 18:19:00.529 INFO  tests.BaseTest - Negative case: navigatedToResult=false
2026-01-13 18:19:00.529 INFO  listeners.Listener1 - onTestSuccess -> sendData
2026-01-13 18:19:00.529 INFO  listeners.Listener1 - Deleting pre-submit screenshot for passed test: C:\Users\2457157\IdeaProjects\HealthIndexCalculator\reports\screenshots\age_120.5__pulse_80yrs__bp_1000_1000__type_negative_before_20260113_181859_756.png
2026-01-13 18:19:00.539 INFO  listeners.Listener1 - onTestStart -> sendData
2026-01-13 18:19:00.539 INFO  listeners.Listener1 - Parameters for sendData: [abc, 1000, abc, negative]
2026-01-13 18:19:00.540 INFO  tests.BaseTest - Executing data row: age='abc', pulse='1000', bp='abc', testType='negative'
2026-01-13 18:19:00.988 INFO  pages.CalculatorForm - Entering Age: abc
2026-01-13 18:19:00.662 INFO  pages.CalculatorForm - Entering Pulse: 1000
2026-01-13 18:19:01.387 INFO  pages.CalculatorForm - Entering Pulse: 1000
2026-01-13 18:19:01.463 INFO  pages.CalculatorForm - Entering Blood Pressure: abc
2026-01-13 18:19:01.659 INFO  pages.CalculatorForm - Entering Blood Pressure: abc
2026-01-13 18:19:02.139 INFO  tests.BaseTest - Clicking Calculate
2026-01-13 18:19:02.139 INFO  pages.CalculatorForm - Clicking Calculate button...
2026-01-13 18:19:02.343 INFO  tests.BaseTest - Clicking Calculate
2026-01-13 18:19:02.343 INFO  pages.CalculatorForm - Clicking Calculate button...
2026-01-13 18:19:02.509 INFO  pages.CalculatorForm - Calculate button clicked.
2026-01-13 18:19:02.513 INFO  tests.BaseTest - Alert detected after submit
2026-01-13 18:19:02.555 INFO  tests.BaseTest - Negative case: navigatedToResult=false
2026-01-13 18:19:02.555 INFO  listeners.Listener1 - onTestSuccess -> sendData
2026-01-13 18:19:02.555 INFO  listeners.Listener1 - Deleting pre-submit screenshot for passed test: C:\Users\2457157\IdeaProjects\HealthIndexCalculator\reports\screenshots\age_abc__pulse_1000__bp_abc__type_negative_before_20260113_181902_130.png
2026-01-13 18:19:02.561 INFO  listeners.Listener1 - onTestStart -> sendData
2026-01-13 18:19:02.563 INFO  listeners.Listener1 - Parameters for sendData: [@#, 65.5, abc/abc, negative]
2026-01-13 18:19:02.563 INFO  tests.BaseTest - Executing data row: age='@#', pulse='65.5', bp='abc/abc', testType='negative'
2026-01-13 18:19:02.563 INFO  pages.CalculatorForm - Entering Age: @#
2026-01-13 18:19:02.796 INFO  pages.CalculatorForm - Calculate button clicked.
2026-01-13 18:19:02.812 INFO  tests.BaseTest - Alert detected after submit
2026-01-13 18:19:02.871 INFO  tests.BaseTest - Negative case: navigatedToResult=false
2026-01-13 18:19:02.873 INFO  listeners.Listener1 - onTestSuccess -> sendData
2026-01-13 18:19:02.873 INFO  listeners.Listener1 - Deleting pre-submit screenshot for passed test: C:\Users\2457157\IdeaProjects\HealthIndexCalculator\reports\screenshots\age_abc__pulse_1000__bp_abc__type_negative_before_20260113_181902_341.png
2026-01-13 18:19:02.877 INFO  listeners.Listener1 - onTestStart -> sendData
2026-01-13 18:19:02.887 INFO  listeners.Listener1 - Parameters for sendData: [@#, 65.5, abc/abc, negative]
2026-01-13 18:19:02.887 INFO  tests.BaseTest - Executing data row: age='@#', pulse='65.5', bp='abc/abc', testType='negative'
2026-01-13 18:19:02.890 INFO  pages.CalculatorForm - Entering Age: @#
2026-01-13 18:19:03.143 INFO  pages.CalculatorForm - Entering Pulse: 65.5
2026-01-13 18:19:03.242 INFO  pages.CalculatorForm - Entering Pulse: 65.5
2026-01-13 18:19:03.689 INFO  pages.CalculatorForm - Entering Blood Pressure: abc/abc
2026-01-13 18:19:03.693 INFO  pages.CalculatorForm - Entering Blood Pressure: abc/abc
2026-01-13 18:19:04.629 INFO  tests.BaseTest - Clicking Calculate
2026-01-13 18:19:04.637 INFO  pages.CalculatorForm - Clicking Calculate button...
2026-01-13 18:19:05.636 INFO  tests.BaseTest - Clicking Calculate
2026-01-13 18:19:05.636 INFO  pages.CalculatorForm - Clicking Calculate button...
2026-01-13 18:19:05.990 INFO  pages.CalculatorForm - Calculate button clicked.
2026-01-13 18:19:06.009 INFO  tests.BaseTest - Alert detected after submit
2026-01-13 18:19:06.090 INFO  tests.BaseTest - Negative case: navigatedToResult=false
2026-01-13 18:19:06.090 INFO  listeners.Listener1 - onTestSuccess -> sendData
2026-01-13 18:19:06.090 INFO  listeners.Listener1 - Deleting pre-submit screenshot for passed test: C:\Users\2457157\IdeaProjects\HealthIndexCalculator\reports\screenshots\age_____pulse_65.5__bp_abc_abc__type_negative_before_20260113_181904_627.png
2026-01-13 18:19:06.105 INFO  listeners.Listener1 - onTestStart -> sendData
2026-01-13 18:19:06.107 INFO  listeners.Listener1 - Parameters for sendData: [e, "", *(@), negative]
2026-01-13 18:19:06.107 INFO  tests.BaseTest - Executing data row: age='e', pulse='""', bp='*(@)', testType='negative'
2026-01-13 18:19:06.107 INFO  pages.CalculatorForm - Entering Age: e
2026-01-13 18:19:06.688 INFO  pages.CalculatorForm - Calculate button clicked.
2026-01-13 18:19:06.693 INFO  tests.BaseTest - Alert detected after submit
2026-01-13 18:19:06.759 INFO  tests.BaseTest - Negative case: navigatedToResult=false
2026-01-13 18:19:06.759 INFO  listeners.Listener1 - onTestSuccess -> sendData
2026-01-13 18:19:06.759 INFO  listeners.Listener1 - Deleting pre-submit screenshot for passed test: C:\Users\2457157\IdeaProjects\HealthIndexCalculator\reports\screenshots\age_____pulse_65.5__bp_abc_abc__type_negative_before_20260113_181905_625.png
2026-01-13 18:19:06.774 INFO  listeners.Listener1 - onTestStart -> sendData
2026-01-13 18:19:06.774 INFO  listeners.Listener1 - Parameters for sendData: [e, "", *(@), negative]
2026-01-13 18:19:06.774 INFO  tests.BaseTest - Executing data row: age='e', pulse='""', bp='*(@)', testType='negative'
2026-01-13 18:19:06.774 INFO  pages.CalculatorForm - Entering Age: e
2026-01-13 18:19:07.143 INFO  pages.CalculatorForm - Entering Pulse: ""
2026-01-13 18:19:07.776 INFO  pages.CalculatorForm - Entering Pulse: ""
2026-01-13 18:19:09.059 INFO  pages.CalculatorForm - Entering Blood Pressure: *(@)
2026-01-13 18:19:15.911 INFO  pages.CalculatorForm - Entering Blood Pressure: *(@)
2026-01-13 18:19:16.353 INFO  tests.BaseTest - Clicking Calculate
2026-01-13 18:19:16.353 INFO  pages.CalculatorForm - Clicking Calculate button...
2026-01-13 18:19:16.902 INFO  tests.BaseTest - Clicking Calculate
2026-01-13 18:19:16.902 INFO  pages.CalculatorForm - Clicking Calculate button...
2026-01-13 18:19:16.974 INFO  pages.CalculatorForm - Calculate button clicked.
2026-01-13 18:19:16.980 INFO  tests.BaseTest - Alert detected after submit
2026-01-13 18:19:17.040 INFO  tests.BaseTest - Negative case: navigatedToResult=false
2026-01-13 18:19:17.040 INFO  listeners.Listener1 - onTestSuccess -> sendData
2026-01-13 18:19:17.040 INFO  listeners.Listener1 - Deleting pre-submit screenshot for passed test: C:\Users\2457157\IdeaProjects\HealthIndexCalculator\reports\screenshots\age_e__pulse_____bp_______type_negative_before_20260113_181916_343.png
2026-01-13 18:19:17.058 INFO  listeners.Listener1 - onTestStart -> sendData
2026-01-13 18:19:17.058 INFO  listeners.Listener1 - Parameters for sendData: [-1, 55, -1, negative]
2026-01-13 18:19:17.058 INFO  tests.BaseTest - Executing data row: age='-1', pulse='55', bp='-1', testType='negative'
2026-01-13 18:19:17.058 INFO  pages.CalculatorForm - Entering Age: -1
2026-01-13 18:19:17.495 INFO  pages.CalculatorForm - Calculate button clicked.
2026-01-13 18:19:17.495 INFO  pages.CalculatorForm - Entering Pulse: 55
2026-01-13 18:19:17.507 INFO  tests.BaseTest - Alert detected after submit
2026-01-13 18:19:17.561 INFO  tests.BaseTest - Negative case: navigatedToResult=false
2026-01-13 18:19:17.561 INFO  listeners.Listener1 - onTestSuccess -> sendData
2026-01-13 18:19:17.563 INFO  listeners.Listener1 - Deleting pre-submit screenshot for passed test: C:\Users\2457157\IdeaProjects\HealthIndexCalculator\reports\screenshots\age_e__pulse_____bp_______type_negative_before_20260113_181916_894.png
2026-01-13 18:19:17.576 INFO  listeners.Listener1 - onTestStart -> sendData
2026-01-13 18:19:17.576 INFO  listeners.Listener1 - Parameters for sendData: [-1, 55, -1, negative]
2026-01-13 18:19:17.987 INFO  tests.BaseTest - Executing data row: age='-1', pulse='55', bp='-1', testType='negative'
2026-01-13 18:19:17.987 INFO  pages.CalculatorForm - Entering Age: -1
2026-01-13 18:19:17.989 INFO  pages.CalculatorForm - Entering Blood Pressure: -1
2026-01-13 18:19:18.494 INFO  pages.CalculatorForm - Entering Pulse: 55
2026-01-13 18:19:18.792 INFO  tests.BaseTest - Clicking Calculate
2026-01-13 18:19:18.792 INFO  pages.CalculatorForm - Clicking Calculate button...
2026-01-13 18:19:18.876 INFO  pages.CalculatorForm - Entering Blood Pressure: -1
2026-01-13 18:19:18.959 INFO  pages.CalculatorForm - Calculate button clicked.
2026-01-13 18:19:18.961 INFO  tests.BaseTest - Alert detected after submit
2026-01-13 18:19:18.991 INFO  tests.BaseTest - Negative case: navigatedToResult=false
2026-01-13 18:19:18.991 INFO  listeners.Listener1 - onTestSuccess -> sendData
2026-01-13 18:19:18.991 INFO  listeners.Listener1 - Deleting pre-submit screenshot for passed test: C:\Users\2457157\IdeaProjects\HealthIndexCalculator\reports\screenshots\age_-1__pulse_55__bp_-1__type_negative_before_20260113_181918_789.png
2026-01-13 18:19:19.005 INFO  listeners.Listener1 - onTestStart -> sendData
2026-01-13 18:19:19.005 INFO  listeners.Listener1 - Parameters for sendData: [35, 80, 80/120, negative]
2026-01-13 18:19:19.006 INFO  tests.BaseTest - Executing data row: age='35', pulse='80', bp='80/120', testType='negative'
2026-01-13 18:19:19.006 INFO  pages.CalculatorForm - Entering Age: 35
2026-01-13 18:19:19.338 INFO  pages.CalculatorForm - Entering Pulse: 80
2026-01-13 18:19:19.510 INFO  tests.BaseTest - Clicking Calculate
2026-01-13 18:19:19.510 INFO  pages.CalculatorForm - Clicking Calculate button...
2026-01-13 18:19:19.673 INFO  pages.CalculatorForm - Entering Blood Pressure: 80/120
2026-01-13 18:19:19.704 INFO  pages.CalculatorForm - Calculate button clicked.
2026-01-13 18:19:19.705 INFO  tests.BaseTest - Alert detected after submit
2026-01-13 18:19:19.729 INFO  tests.BaseTest - Negative case: navigatedToResult=false
2026-01-13 18:19:19.729 INFO  listeners.Listener1 - onTestSuccess -> sendData
2026-01-13 18:19:19.729 INFO  listeners.Listener1 - Deleting pre-submit screenshot for passed test: C:\Users\2457157\IdeaProjects\HealthIndexCalculator\reports\screenshots\age_-1__pulse_55__bp_-1__type_negative_before_20260113_181919_507.png
2026-01-13 18:19:19.741 INFO  listeners.Listener1 - onTestStart -> sendData
2026-01-13 18:19:19.741 INFO  listeners.Listener1 - Parameters for sendData: [35, 80, 80/120, negative]
2026-01-13 18:19:19.743 INFO  tests.BaseTest - Executing data row: age='35', pulse='80', bp='80/120', testType='negative'
2026-01-13 18:19:19.743 INFO  pages.CalculatorForm - Entering Age: 35
2026-01-13 18:19:20.025 INFO  pages.CalculatorForm - Entering Pulse: 80
2026-01-13 18:19:20.226 INFO  tests.BaseTest - Clicking Calculate
2026-01-13 18:19:20.226 INFO  pages.CalculatorForm - Clicking Calculate button...
2026-01-13 18:19:20.496 INFO  pages.CalculatorForm - Entering Blood Pressure: 80/120
2026-01-13 18:19:21.420 INFO  tests.BaseTest - Clicking Calculate
2026-01-13 18:19:21.420 INFO  pages.CalculatorForm - Clicking Calculate button...
2026-01-13 18:19:25.111 INFO  pages.CalculatorForm - Calculate button clicked.
2026-01-13 18:19:25.146 INFO  pages.CalculatorForm - Calculate button clicked.
2026-01-13 18:19:28.510 INFO  tests.BaseTest - No alert branch: navigatedToResult=true
2026-01-13 18:19:28.696 INFO  tests.BaseTest - No alert branch: navigatedToResult=true
2026-01-13 18:19:29.193 ERROR tests.BaseTest - Negative case failed: navigated without alert
2026-01-13 18:19:29.306 ERROR tests.BaseTest - Negative case failed: navigated without alert
2026-01-13 18:19:30.604 INFO  pages.TopNavigation - Navigated to Home Page through LogoText
2026-01-13 18:19:30.604 ERROR listeners.Listener1 - onTestFailure -> sendData
java.lang.AssertionError: The following asserts failed:
	NEGATIVE input incorrectly navigated to Result page without showing any alert.
	at org.testng.asserts.SoftAssert.assertAll(SoftAssert.java:46)
	at org.testng.asserts.SoftAssert.assertAll(SoftAssert.java:30)
	at tests.CalculatorFunctionalityTest.sendData(CalculatorFunctionalityTest.java:200)
	at java.base/jdk.internal.reflect.DirectMethodHandleAccessor.invoke(DirectMethodHandleAccessor.java:103)
	at java.base/java.lang.reflect.Method.invoke(Method.java:580)
	at org.testng.internal.invokers.MethodInvocationHelper.invokeMethod(MethodInvocationHelper.java:141)
	at org.testng.internal.invokers.TestInvoker.invokeMethod(TestInvoker.java:687)
	at org.testng.internal.invokers.TestInvoker.invokeTestMethod(TestInvoker.java:230)
	at org.testng.internal.invokers.MethodRunner.runInSequence(MethodRunner.java:63)
	at org.testng.internal.invokers.TestInvoker$MethodInvocationAgent.invoke(TestInvoker.java:995)
	at org.testng.internal.invokers.TestInvoker.invokeTestMethods(TestInvoker.java:203)
	at org.testng.internal.invokers.TestMethodWorker.invokeTestMethods(TestMethodWorker.java:154)
	at org.testng.internal.invokers.TestMethodWorker.run(TestMethodWorker.java:134)
	at java.base/java.util.ArrayList.forEach(ArrayList.java:1596)
	at org.testng.TestRunner.privateRun(TestRunner.java:741)
	at org.testng.TestRunner.run(TestRunner.java:616)
	at org.testng.SuiteRunner.runTest(SuiteRunner.java:421)
	at org.testng.SuiteRunner$SuiteWorker.run(SuiteRunner.java:463)
	at org.testng.internal.thread.ThreadUtil.lambda$execute$0(ThreadUtil.java:64)
	at java.base/java.util.concurrent.FutureTask.run$$$capture(FutureTask.java:317)
	at java.base/java.util.concurrent.FutureTask.run(FutureTask.java)
	at java.base/java.util.concurrent.ThreadPoolExecutor.runWorker(ThreadPoolExecutor.java:1144)
	at java.base/java.util.concurrent.ThreadPoolExecutor$Worker.run(ThreadPoolExecutor.java:642)
	at java.base/java.lang.Thread.run(Thread.java:1583)
2026-01-13 18:19:30.605 INFO  listeners.Listener1 - Attaching pre-submit screenshot: C:\Users\2457157\IdeaProjects\HealthIndexCalculator\reports\screenshots\age_35__pulse_80__bp_80_120__type_negative_before_20260113_181921_413.png
2026-01-13 18:19:30.605 INFO  listeners.Listener1 - Attaching failure screenshot: C:\Users\2457157\IdeaProjects\HealthIndexCalculator\reports\screenshots\age_35__pulse_80__bp_80_120__type_negative_failed_no_alert_20260113_181928_510.png
2026-01-13 18:19:32.194 INFO  listeners.Listener1 - onTestStart -> sendData
2026-01-13 18:19:32.195 INFO  listeners.Listener1 - Parameters for sendData: [42, 70, 0/100, negative]
2026-01-13 18:19:32.195 INFO  tests.BaseTest - Executing data row: age='42', pulse='70', bp='0/100', testType='negative'
2026-01-13 18:19:32.195 INFO  pages.CalculatorForm - Entering Age: 42
2026-01-13 18:19:33.538 INFO  pages.CalculatorForm - Entering Pulse: 70
2026-01-13 18:19:35.092 INFO  pages.CalculatorForm - Entering Blood Pressure: 0/100
2026-01-13 18:19:37.603 INFO  tests.BaseTest - Clicking Calculate
2026-01-13 18:19:37.605 INFO  pages.CalculatorForm - Clicking Calculate button...
2026-01-13 18:19:39.052 INFO  pages.CalculatorForm - Calculate button clicked.
2026-01-13 18:19:42.452 INFO  tests.BaseTest - No alert branch: navigatedToResult=true
2026-01-13 18:19:42.877 ERROR tests.BaseTest - Negative case failed: navigated without alert
2026-01-13 18:19:43.310 INFO  pages.TopNavigation - Navigated to Home Page through LogoText
2026-01-13 18:19:43.310 ERROR listeners.Listener1 - onTestFailure -> sendData
java.lang.AssertionError: The following asserts failed:
	NEGATIVE input incorrectly navigated to Result page without showing any alert.
	at org.testng.asserts.SoftAssert.assertAll(SoftAssert.java:46)
	at org.testng.asserts.SoftAssert.assertAll(SoftAssert.java:30)
	at tests.CalculatorFunctionalityTest.sendData(CalculatorFunctionalityTest.java:200)
	at java.base/jdk.internal.reflect.DirectMethodHandleAccessor.invoke(DirectMethodHandleAccessor.java:103)
	at java.base/java.lang.reflect.Method.invoke(Method.java:580)
	at org.testng.internal.invokers.MethodInvocationHelper.invokeMethod(MethodInvocationHelper.java:141)
	at org.testng.internal.invokers.TestInvoker.invokeMethod(TestInvoker.java:687)
	at org.testng.internal.invokers.TestInvoker.invokeTestMethod(TestInvoker.java:230)
	at org.testng.internal.invokers.MethodRunner.runInSequence(MethodRunner.java:63)
	at org.testng.internal.invokers.TestInvoker$MethodInvocationAgent.invoke(TestInvoker.java:995)
	at org.testng.internal.invokers.TestInvoker.invokeTestMethods(TestInvoker.java:203)
	at org.testng.internal.invokers.TestMethodWorker.invokeTestMethods(TestMethodWorker.java:154)
	at org.testng.internal.invokers.TestMethodWorker.run(TestMethodWorker.java:134)
	at java.base/java.util.ArrayList.forEach(ArrayList.java:1596)
	at org.testng.TestRunner.privateRun(TestRunner.java:741)
	at org.testng.TestRunner.run(TestRunner.java:616)
	at org.testng.SuiteRunner.runTest(SuiteRunner.java:421)
	at org.testng.SuiteRunner$SuiteWorker.run(SuiteRunner.java:463)
	at org.testng.internal.thread.ThreadUtil.lambda$execute$0(ThreadUtil.java:64)
	at java.base/java.util.concurrent.FutureTask.run$$$capture(FutureTask.java:317)
	at java.base/java.util.concurrent.FutureTask.run(FutureTask.java)
	at java.base/java.util.concurrent.ThreadPoolExecutor.runWorker(ThreadPoolExecutor.java:1144)
	at java.base/java.util.concurrent.ThreadPoolExecutor$Worker.run(ThreadPoolExecutor.java:642)
	at java.base/java.lang.Thread.run(Thread.java:1583)
2026-01-13 18:19:43.310 INFO  listeners.Listener1 - Attaching pre-submit screenshot: C:\Users\2457157\IdeaProjects\HealthIndexCalculator\reports\screenshots\age_42__pulse_70__bp_0_100__type_negative_before_20260113_181937_594.png
2026-01-13 18:19:43.310 INFO  listeners.Listener1 - Attaching failure screenshot: C:\Users\2457157\IdeaProjects\HealthIndexCalculator\reports\screenshots\age_42__pulse_70__bp_0_100__type_negative_failed_no_alert_20260113_181942_452.png
2026-01-13 18:19:46.223 INFO  listeners.Listener1 - onTestStart -> sendData
2026-01-13 18:19:46.224 INFO  listeners.Listener1 - Parameters for sendData: [55, 100, 122/0, negative]
2026-01-13 18:19:46.224 INFO  tests.BaseTest - Executing data row: age='55', pulse='100', bp='122/0', testType='negative'
2026-01-13 18:19:46.224 INFO  pages.CalculatorForm - Entering Age: 55
2026-01-13 18:19:47.152 INFO  pages.CalculatorForm - Entering Pulse: 100
2026-01-13 18:19:48.195 INFO  pages.CalculatorForm - Entering Blood Pressure: 122/0
2026-01-13 18:19:49.873 INFO  tests.BaseTest - Clicking Calculate
2026-01-13 18:19:49.873 INFO  pages.CalculatorForm - Clicking Calculate button...
2026-01-13 18:19:51.029 INFO  pages.CalculatorForm - Calculate button clicked.
2026-01-13 18:19:54.570 INFO  tests.BaseTest - No alert branch: navigatedToResult=true
2026-01-13 18:19:54.728 INFO  pages.TopNavigation - Navigated to Home Page through LogoText
2026-01-13 18:19:54.728 ERROR listeners.Listener1 - onTestFailure -> sendData
java.lang.AssertionError: The following asserts failed:
	NEGATIVE input incorrectly navigated to Result page without showing any alert.
	at org.testng.asserts.SoftAssert.assertAll(SoftAssert.java:46)
	at org.testng.asserts.SoftAssert.assertAll(SoftAssert.java:30)
	at tests.CalculatorFunctionalityTest.sendData(CalculatorFunctionalityTest.java:200)
	at java.base/jdk.internal.reflect.DirectMethodHandleAccessor.invoke(DirectMethodHandleAccessor.java:103)
	at java.base/java.lang.reflect.Method.invoke(Method.java:580)
	at org.testng.internal.invokers.MethodInvocationHelper.invokeMethod(MethodInvocationHelper.java:141)
	at org.testng.internal.invokers.TestInvoker.invokeMethod(TestInvoker.java:687)
	at org.testng.internal.invokers.TestInvoker.invokeTestMethod(TestInvoker.java:230)
	at org.testng.internal.invokers.MethodRunner.runInSequence(MethodRunner.java:63)
	at org.testng.internal.invokers.TestInvoker$MethodInvocationAgent.invoke(TestInvoker.java:995)
	at org.testng.internal.invokers.TestInvoker.invokeTestMethods(TestInvoker.java:203)
	at org.testng.internal.invokers.TestMethodWorker.invokeTestMethods(TestMethodWorker.java:154)
	at org.testng.internal.invokers.TestMethodWorker.run(TestMethodWorker.java:134)
	at java.base/java.util.ArrayList.forEach(ArrayList.java:1596)
	at org.testng.TestRunner.privateRun(TestRunner.java:741)
	at org.testng.TestRunner.run(TestRunner.java:616)
	at org.testng.SuiteRunner.runTest(SuiteRunner.java:421)
	at org.testng.SuiteRunner$SuiteWorker.run(SuiteRunner.java:463)
	at org.testng.internal.thread.ThreadUtil.lambda$execute$0(ThreadUtil.java:64)
	at java.base/java.util.concurrent.FutureTask.run$$$capture(FutureTask.java:317)
	at java.base/java.util.concurrent.FutureTask.run(FutureTask.java)
	at java.base/java.util.concurrent.ThreadPoolExecutor.runWorker(ThreadPoolExecutor.java:1144)
	at java.base/java.util.concurrent.ThreadPoolExecutor$Worker.run(ThreadPoolExecutor.java:642)
	at java.base/java.lang.Thread.run(Thread.java:1583)
2026-01-13 18:19:54.728 INFO  listeners.Listener1 - Attaching pre-submit screenshot: C:\Users\2457157\IdeaProjects\HealthIndexCalculator\reports\screenshots\age_35__pulse_80__bp_80_120__type_negative_before_20260113_181920_219.png
2026-01-13 18:19:54.730 INFO  listeners.Listener1 - Attaching failure screenshot: C:\Users\2457157\IdeaProjects\HealthIndexCalculator\reports\screenshots\age_35__pulse_80__bp_80_120__type_negative_failed_no_alert_20260113_181928_702.png
2026-01-13 18:19:55.220 ERROR tests.BaseTest - Negative case failed: navigated without alert
2026-01-13 18:20:14.922 INFO  listeners.Listener1 - onTestStart -> sendData
2026-01-13 18:20:14.924 INFO  listeners.Listener1 - Parameters for sendData: [42, 70, 0/100, negative]
2026-01-13 18:20:14.924 INFO  tests.BaseTest - Executing data row: age='42', pulse='70', bp='0/100', testType='negative'
2026-01-13 18:20:14.924 INFO  pages.CalculatorForm - Entering Age: 42
2026-01-13 18:20:15.828 INFO  pages.TopNavigation - Navigated to Home Page through LogoText
2026-01-13 18:20:15.828 ERROR listeners.Listener1 - onTestFailure -> sendData
java.lang.AssertionError: The following asserts failed:
	NEGATIVE input incorrectly navigated to Result page without showing any alert.
	at org.testng.asserts.SoftAssert.assertAll(SoftAssert.java:46)
	at org.testng.asserts.SoftAssert.assertAll(SoftAssert.java:30)
	at tests.CalculatorFunctionalityTest.sendData(CalculatorFunctionalityTest.java:200)
	at java.base/jdk.internal.reflect.DirectMethodHandleAccessor.invoke(DirectMethodHandleAccessor.java:103)
	at java.base/java.lang.reflect.Method.invoke(Method.java:580)
	at org.testng.internal.invokers.MethodInvocationHelper.invokeMethod(MethodInvocationHelper.java:141)
	at org.testng.internal.invokers.TestInvoker.invokeMethod(TestInvoker.java:687)
	at org.testng.internal.invokers.TestInvoker.invokeTestMethod(TestInvoker.java:230)
	at org.testng.internal.invokers.MethodRunner.runInSequence(MethodRunner.java:63)
	at org.testng.internal.invokers.TestInvoker$MethodInvocationAgent.invoke(TestInvoker.java:995)
	at org.testng.internal.invokers.TestInvoker.invokeTestMethods(TestInvoker.java:203)
	at org.testng.internal.invokers.TestMethodWorker.invokeTestMethods(TestMethodWorker.java:154)
	at org.testng.internal.invokers.TestMethodWorker.run(TestMethodWorker.java:134)
	at java.base/java.util.ArrayList.forEach(ArrayList.java:1596)
	at org.testng.TestRunner.privateRun(TestRunner.java:741)
	at org.testng.TestRunner.run(TestRunner.java:616)
	at org.testng.SuiteRunner.runTest(SuiteRunner.java:421)
	at org.testng.SuiteRunner$SuiteWorker.run(SuiteRunner.java:463)
	at org.testng.internal.thread.ThreadUtil.lambda$execute$0(ThreadUtil.java:64)
	at java.base/java.util.concurrent.FutureTask.run$$$capture(FutureTask.java:317)
	at java.base/java.util.concurrent.FutureTask.run(FutureTask.java)
	at java.base/java.util.concurrent.ThreadPoolExecutor.runWorker(ThreadPoolExecutor.java:1144)
	at java.base/java.util.concurrent.ThreadPoolExecutor$Worker.run(ThreadPoolExecutor.java:642)
	at java.base/java.lang.Thread.run(Thread.java:1583)
2026-01-13 18:20:15.828 INFO  listeners.Listener1 - Attaching pre-submit screenshot: C:\Users\2457157\IdeaProjects\HealthIndexCalculator\reports\screenshots\age_55__pulse_100__bp_122_0__type_negative_before_20260113_181949_860.png
2026-01-13 18:20:15.829 INFO  listeners.Listener1 - Attaching failure screenshot: C:\Users\2457157\IdeaProjects\HealthIndexCalculator\reports\screenshots\age_55__pulse_100__bp_122_0__type_negative_failed_no_alert_20260113_181954_571.png
2026-01-13 18:20:16.943 INFO  pages.CalculatorForm - Entering Pulse: 70
2026-01-13 18:20:23.241 INFO  listeners.Listener1 - onTestStart -> sendData
2026-01-13 18:20:23.241 INFO  listeners.Listener1 - Parameters for sendData: [63, 65, 120/120, negative]
2026-01-13 18:20:23.241 INFO  tests.BaseTest - Executing data row: age='63', pulse='65', bp='120/120', testType='negative'
2026-01-13 18:20:23.241 INFO  pages.CalculatorForm - Entering Age: 63
2026-01-13 18:20:24.163 INFO  pages.CalculatorForm - Entering Pulse: 65
2026-01-13 18:20:24.774 INFO  pages.CalculatorForm - Entering Blood Pressure: 0/100
2026-01-13 18:20:25.094 INFO  pages.CalculatorForm - Entering Blood Pressure: 120/120
2026-01-13 18:20:26.361 INFO  tests.BaseTest - Clicking Calculate
2026-01-13 18:20:26.361 INFO  pages.CalculatorForm - Clicking Calculate button...
2026-01-13 18:20:26.791 INFO  tests.BaseTest - Clicking Calculate
2026-01-13 18:20:26.791 INFO  pages.CalculatorForm - Clicking Calculate button...
2026-01-13 18:20:27.645 INFO  pages.CalculatorForm - Calculate button clicked.
2026-01-13 18:20:27.811 INFO  pages.CalculatorForm - Calculate button clicked.
2026-01-13 18:20:30.972 INFO  tests.BaseTest - No alert branch: navigatedToResult=true
2026-01-13 18:20:31.120 INFO  tests.BaseTest - No alert branch: navigatedToResult=true
2026-01-13 18:20:31.461 ERROR tests.BaseTest - Negative case failed: navigated without alert
2026-01-13 18:20:31.623 ERROR tests.BaseTest - Negative case failed: navigated without alert
2026-01-13 18:20:32.224 INFO  pages.TopNavigation - Navigated to Home Page through LogoText
2026-01-13 18:20:32.225 ERROR listeners.Listener1 - onTestFailure -> sendData
java.lang.AssertionError: The following asserts failed:
	NEGATIVE input incorrectly navigated to Result page without showing any alert.
	at org.testng.asserts.SoftAssert.assertAll(SoftAssert.java:46)
	at org.testng.asserts.SoftAssert.assertAll(SoftAssert.java:30)
	at tests.CalculatorFunctionalityTest.sendData(CalculatorFunctionalityTest.java:200)
	at java.base/jdk.internal.reflect.DirectMethodHandleAccessor.invoke(DirectMethodHandleAccessor.java:103)
	at java.base/java.lang.reflect.Method.invoke(Method.java:580)
	at org.testng.internal.invokers.MethodInvocationHelper.invokeMethod(MethodInvocationHelper.java:141)
	at org.testng.internal.invokers.TestInvoker.invokeMethod(TestInvoker.java:687)
	at org.testng.internal.invokers.TestInvoker.invokeTestMethod(TestInvoker.java:230)
	at org.testng.internal.invokers.MethodRunner.runInSequence(MethodRunner.java:63)
	at org.testng.internal.invokers.TestInvoker$MethodInvocationAgent.invoke(TestInvoker.java:995)
	at org.testng.internal.invokers.TestInvoker.invokeTestMethods(TestInvoker.java:203)
	at org.testng.internal.invokers.TestMethodWorker.invokeTestMethods(TestMethodWorker.java:154)
	at org.testng.internal.invokers.TestMethodWorker.run(TestMethodWorker.java:134)
	at java.base/java.util.ArrayList.forEach(ArrayList.java:1596)
	at org.testng.TestRunner.privateRun(TestRunner.java:741)
	at org.testng.TestRunner.run(TestRunner.java:616)
	at org.testng.SuiteRunner.runTest(SuiteRunner.java:421)
	at org.testng.SuiteRunner$SuiteWorker.run(SuiteRunner.java:463)
	at org.testng.internal.thread.ThreadUtil.lambda$execute$0(ThreadUtil.java:64)
	at java.base/java.util.concurrent.FutureTask.run$$$capture(FutureTask.java:317)
	at java.base/java.util.concurrent.FutureTask.run(FutureTask.java)
	at java.base/java.util.concurrent.ThreadPoolExecutor.runWorker(ThreadPoolExecutor.java:1144)
	at java.base/java.util.concurrent.ThreadPoolExecutor$Worker.run(ThreadPoolExecutor.java:642)
	at java.base/java.lang.Thread.run(Thread.java:1583)
2026-01-13 18:20:32.588 INFO  pages.TopNavigation - Navigated to Home Page through LogoText
2026-01-13 18:20:46.986 INFO  listeners.Listener1 - Attaching pre-submit screenshot: C:\Users\2457157\IdeaProjects\HealthIndexCalculator\reports\screenshots\age_63__pulse_65__bp_120_120__type_negative_before_20260113_182026_354.png
2026-01-13 18:20:46.986 INFO  listeners.Listener1 - Attaching failure screenshot: C:\Users\2457157\IdeaProjects\HealthIndexCalculator\reports\screenshots\age_63__pulse_65__bp_120_120__type_negative_failed_no_alert_20260113_182031_120.png
2026-01-13 18:20:46.986 ERROR listeners.Listener1 - onTestFailure -> sendData
java.lang.AssertionError: The following asserts failed:
	NEGATIVE input incorrectly navigated to Result page without showing any alert.
	at org.testng.asserts.SoftAssert.assertAll(SoftAssert.java:46)
	at org.testng.asserts.SoftAssert.assertAll(SoftAssert.java:30)
	at tests.CalculatorFunctionalityTest.sendData(CalculatorFunctionalityTest.java:200)
	at java.base/jdk.internal.reflect.DirectMethodHandleAccessor.invoke(DirectMethodHandleAccessor.java:103)
	at java.base/java.lang.reflect.Method.invoke(Method.java:580)
	at org.testng.internal.invokers.MethodInvocationHelper.invokeMethod(MethodInvocationHelper.java:141)
	at org.testng.internal.invokers.TestInvoker.invokeMethod(TestInvoker.java:687)
	at org.testng.internal.invokers.TestInvoker.invokeTestMethod(TestInvoker.java:230)
	at org.testng.internal.invokers.MethodRunner.runInSequence(MethodRunner.java:63)
	at org.testng.internal.invokers.TestInvoker$MethodInvocationAgent.invoke(TestInvoker.java:995)
	at org.testng.internal.invokers.TestInvoker.invokeTestMethods(TestInvoker.java:203)
	at org.testng.internal.invokers.TestMethodWorker.invokeTestMethods(TestMethodWorker.java:154)
	at org.testng.internal.invokers.TestMethodWorker.run(TestMethodWorker.java:134)
	at java.base/java.util.ArrayList.forEach(ArrayList.java:1596)
	at org.testng.TestRunner.privateRun(TestRunner.java:741)
	at org.testng.TestRunner.run(TestRunner.java:616)
	at org.testng.SuiteRunner.runTest(SuiteRunner.java:421)
	at org.testng.SuiteRunner$SuiteWorker.run(SuiteRunner.java:463)
	at org.testng.internal.thread.ThreadUtil.lambda$execute$0(ThreadUtil.java:64)
	at java.base/java.util.concurrent.FutureTask.run$$$capture(FutureTask.java:317)
	at java.base/java.util.concurrent.FutureTask.run(FutureTask.java)
	at java.base/java.util.concurrent.ThreadPoolExecutor.runWorker(ThreadPoolExecutor.java:1144)
	at java.base/java.util.concurrent.ThreadPoolExecutor$Worker.run(ThreadPoolExecutor.java:642)
	at java.base/java.lang.Thread.run(Thread.java:1583)
2026-01-13 18:20:46.986 INFO  listeners.Listener1 - Attaching pre-submit screenshot: C:\Users\2457157\IdeaProjects\HealthIndexCalculator\reports\screenshots\age_42__pulse_70__bp_0_100__type_negative_before_20260113_182026_784.png
2026-01-13 18:20:46.986 INFO  listeners.Listener1 - Attaching failure screenshot: C:\Users\2457157\IdeaProjects\HealthIndexCalculator\reports\screenshots\age_42__pulse_70__bp_0_100__type_negative_failed_no_alert_20260113_182030_974.png
2026-01-13 18:20:54.141 INFO  listeners.Listener1 - onTestStart -> sendData
2026-01-13 18:20:54.141 INFO  listeners.Listener1 - onTestStart -> sendData
2026-01-13 18:20:54.141 INFO  listeners.Listener1 - Parameters for sendData: [55, 100, 122/0, negative]
2026-01-13 18:20:54.141 INFO  listeners.Listener1 - Parameters for sendData: [29, 75, 120/, negative]
2026-01-13 18:20:54.220 INFO  tests.BaseTest - Executing data row: age='55', pulse='100', bp='122/0', testType='negative'
2026-01-13 18:20:54.220 INFO  tests.BaseTest - Executing data row: age='29', pulse='75', bp='120/', testType='negative'
2026-01-13 18:20:54.220 INFO  pages.CalculatorForm - Entering Age: 55
2026-01-13 18:20:54.220 INFO  pages.CalculatorForm - Entering Age: 29
2026-01-13 18:20:54.671 INFO  pages.CalculatorForm - Entering Pulse: 75
2026-01-13 18:20:54.786 INFO  pages.CalculatorForm - Entering Pulse: 100
2026-01-13 18:20:55.020 INFO  pages.CalculatorForm - Entering Blood Pressure: 120/
2026-01-13 18:20:55.140 INFO  pages.CalculatorForm - Entering Blood Pressure: 122/0
2026-01-13 18:20:55.452 INFO  tests.BaseTest - Clicking Calculate
2026-01-13 18:20:55.452 INFO  pages.CalculatorForm - Clicking Calculate button...
2026-01-13 18:20:55.823 INFO  tests.BaseTest - Clicking Calculate
2026-01-13 18:20:55.823 INFO  pages.CalculatorForm - Clicking Calculate button...
2026-01-13 18:20:55.942 INFO  pages.CalculatorForm - Calculate button clicked.
2026-01-13 18:20:55.958 INFO  tests.BaseTest - Alert detected after submit
2026-01-13 18:20:55.996 INFO  tests.BaseTest - Negative case: navigatedToResult=false
2026-01-13 18:20:56.005 INFO  listeners.Listener1 - onTestSuccess -> sendData
2026-01-13 18:20:56.005 INFO  listeners.Listener1 - Deleting pre-submit screenshot for passed test: C:\Users\2457157\IdeaProjects\HealthIndexCalculator\reports\screenshots\age_29__pulse_75__bp_120___type_negative_before_20260113_182055_444.png
2026-01-13 18:20:56.011 INFO  listeners.Listener1 - onTestStart -> sendData
2026-01-13 18:20:56.011 INFO  listeners.Listener1 - Parameters for sendData: [31, 68, /80, negative]
2026-01-13 18:20:56.012 INFO  tests.BaseTest - Executing data row: age='31', pulse='68', bp='/80', testType='negative'
2026-01-13 18:20:56.012 INFO  pages.CalculatorForm - Entering Age: 31
2026-01-13 18:20:56.290 INFO  pages.CalculatorForm - Calculate button clicked.
2026-01-13 18:20:56.409 INFO  pages.CalculatorForm - Entering Pulse: 68
2026-01-13 18:20:56.625 INFO  pages.CalculatorForm - Entering Blood Pressure: /80
2026-01-13 18:20:57.027 INFO  tests.BaseTest - Clicking Calculate
2026-01-13 18:20:57.027 INFO  pages.CalculatorForm - Clicking Calculate button...
2026-01-13 18:20:57.191 INFO  pages.CalculatorForm - Calculate button clicked.
2026-01-13 18:20:57.196 INFO  tests.BaseTest - Alert detected after submit
2026-01-13 18:20:57.243 INFO  tests.BaseTest - Negative case: navigatedToResult=false
2026-01-13 18:20:57.243 INFO  listeners.Listener1 - onTestSuccess -> sendData
2026-01-13 18:20:57.243 INFO  listeners.Listener1 - Deleting pre-submit screenshot for passed test: C:\Users\2457157\IdeaProjects\HealthIndexCalculator\reports\screenshots\age_31__pulse_68__bp__80__type_negative_before_20260113_182057_024.png
2026-01-13 18:20:57.256 INFO  listeners.Listener1 - onTestStart -> sendData
2026-01-13 18:20:57.256 INFO  listeners.Listener1 - Parameters for sendData: [25, 72, 118/76, positive]
2026-01-13 18:20:57.258 INFO  tests.BaseTest - Executing data row: age='25', pulse='72', bp='118/76', testType='positive'
2026-01-13 18:20:57.258 INFO  pages.CalculatorForm - Entering Age: 25
2026-01-13 18:20:57.786 INFO  pages.CalculatorForm - Entering Pulse: 72
2026-01-13 18:20:58.166 INFO  pages.CalculatorForm - Entering Blood Pressure: 118/76
2026-01-13 18:20:59.141 INFO  tests.BaseTest - Clicking Calculate
2026-01-13 18:20:59.141 INFO  pages.CalculatorForm - Clicking Calculate button...
2026-01-13 18:20:59.592 INFO  tests.BaseTest - No alert branch: navigatedToResult=true
2026-01-13 18:20:59.926 INFO  pages.CalculatorForm - Calculate button clicked.
2026-01-13 18:21:00.178 ERROR tests.BaseTest - Negative case failed: navigated without alert
2026-01-13 18:21:00.727 INFO  pages.TopNavigation - Navigated to Home Page through LogoText
2026-01-13 18:21:00.727 ERROR listeners.Listener1 - onTestFailure -> sendData
java.lang.AssertionError: The following asserts failed:
	NEGATIVE input incorrectly navigated to Result page without showing any alert.
	at org.testng.asserts.SoftAssert.assertAll(SoftAssert.java:46)
	at org.testng.asserts.SoftAssert.assertAll(SoftAssert.java:30)
	at tests.CalculatorFunctionalityTest.sendData(CalculatorFunctionalityTest.java:200)
	at java.base/jdk.internal.reflect.DirectMethodHandleAccessor.invoke(DirectMethodHandleAccessor.java:103)
	at java.base/java.lang.reflect.Method.invoke(Method.java:580)
	at org.testng.internal.invokers.MethodInvocationHelper.invokeMethod(MethodInvocationHelper.java:141)
	at org.testng.internal.invokers.TestInvoker.invokeMethod(TestInvoker.java:687)
	at org.testng.internal.invokers.TestInvoker.invokeTestMethod(TestInvoker.java:230)
	at org.testng.internal.invokers.MethodRunner.runInSequence(MethodRunner.java:63)
	at org.testng.internal.invokers.TestInvoker$MethodInvocationAgent.invoke(TestInvoker.java:995)
	at org.testng.internal.invokers.TestInvoker.invokeTestMethods(TestInvoker.java:203)
	at org.testng.internal.invokers.TestMethodWorker.invokeTestMethods(TestMethodWorker.java:154)
	at org.testng.internal.invokers.TestMethodWorker.run(TestMethodWorker.java:134)
	at java.base/java.util.ArrayList.forEach(ArrayList.java:1596)
	at org.testng.TestRunner.privateRun(TestRunner.java:741)
	at org.testng.TestRunner.run(TestRunner.java:616)
	at org.testng.SuiteRunner.runTest(SuiteRunner.java:421)
	at org.testng.SuiteRunner$SuiteWorker.run(SuiteRunner.java:463)
	at org.testng.internal.thread.ThreadUtil.lambda$execute$0(ThreadUtil.java:64)
	at java.base/java.util.concurrent.FutureTask.run$$$capture(FutureTask.java:317)
	at java.base/java.util.concurrent.FutureTask.run(FutureTask.java)
	at java.base/java.util.concurrent.ThreadPoolExecutor.runWorker(ThreadPoolExecutor.java:1144)
	at java.base/java.util.concurrent.ThreadPoolExecutor$Worker.run(ThreadPoolExecutor.java:642)
	at java.base/java.lang.Thread.run(Thread.java:1583)
2026-01-13 18:21:00.729 INFO  listeners.Listener1 - Attaching pre-submit screenshot: C:\Users\2457157\IdeaProjects\HealthIndexCalculator\reports\screenshots\age_55__pulse_100__bp_122_0__type_negative_before_20260113_182055_812.png
2026-01-13 18:21:00.737 INFO  listeners.Listener1 - Attaching failure screenshot: C:\Users\2457157\IdeaProjects\HealthIndexCalculator\reports\screenshots\age_55__pulse_100__bp_122_0__type_negative_failed_no_alert_20260113_182059_594.png
2026-01-13 18:21:03.045 INFO  listeners.Listener1 - onTestStart -> sendData
2026-01-13 18:21:03.045 INFO  listeners.Listener1 - Parameters for sendData: [63, 65, 120/120, negative]
2026-01-13 18:21:03.045 INFO  tests.BaseTest - Executing data row: age='63', pulse='65', bp='120/120', testType='negative'
2026-01-13 18:21:03.045 INFO  pages.CalculatorForm - Entering Age: 63
2026-01-13 18:21:03.325 INFO  tests.BaseTest - No alert branch: navigatedToResult=true
2026-01-13 18:21:03.325 INFO  tests.BaseTest - Positive case passed: navigated; returning Home via logo text
2026-01-13 18:21:04.229 INFO  pages.CalculatorForm - Entering Pulse: 65
2026-01-13 18:21:04.477 INFO  pages.TopNavigation - Navigated to Home Page through LogoText
2026-01-13 18:21:04.477 INFO  tests.BaseTest - Clicked 'VitalGuard' logo text to return Home
2026-01-13 18:21:04.477 INFO  listeners.Listener1 - onTestSuccess -> sendData
2026-01-13 18:21:04.480 INFO  listeners.Listener1 - Deleting pre-submit screenshot for passed test: C:\Users\2457157\IdeaProjects\HealthIndexCalculator\reports\screenshots\age_25__pulse_72__bp_118_76__type_positive_before_20260113_182059_137.png
2026-01-13 18:21:04.504 INFO  listeners.Listener1 - onTestStart -> sendData
2026-01-13 18:21:04.511 INFO  listeners.Listener1 - Parameters for sendData: [34, 64, 110/70, positive]
2026-01-13 18:21:04.511 INFO  tests.BaseTest - Executing data row: age='34', pulse='64', bp='110/70', testType='positive'
2026-01-13 18:21:04.511 INFO  pages.CalculatorForm - Entering Age: 34
2026-01-13 18:21:05.912 INFO  pages.CalculatorForm - Entering Blood Pressure: 120/120
2026-01-13 18:21:06.585 INFO  pages.CalculatorForm - Entering Pulse: 64
2026-01-13 18:21:07.362 INFO  tests.BaseTest - Clicking Calculate
2026-01-13 18:21:07.362 INFO  pages.CalculatorForm - Clicking Calculate button...
2026-01-13 18:21:07.453 INFO  pages.CalculatorForm - Entering Blood Pressure: 110/70
2026-01-13 18:21:07.654 INFO  pages.CalculatorForm - Calculate button clicked.
2026-01-13 18:21:08.110 INFO  tests.BaseTest - Clicking Calculate
2026-01-13 18:21:08.110 INFO  pages.CalculatorForm - Clicking Calculate button...
2026-01-13 18:21:08.359 INFO  pages.CalculatorForm - Calculate button clicked.
2026-01-13 18:21:10.774 INFO  tests.BaseTest - No alert branch: navigatedToResult=true
2026-01-13 18:21:11.246 ERROR tests.BaseTest - Negative case failed: navigated without alert
2026-01-13 18:21:11.490 INFO  tests.BaseTest - No alert branch: navigatedToResult=true
2026-01-13 18:21:11.490 INFO  tests.BaseTest - Positive case passed: navigated; returning Home via logo text
2026-01-13 18:21:11.795 INFO  pages.TopNavigation - Navigated to Home Page through LogoText
2026-01-13 18:21:11.795 INFO  tests.BaseTest - Clicked 'VitalGuard' logo text to return Home
2026-01-13 18:21:11.795 INFO  listeners.Listener1 - onTestSuccess -> sendData
2026-01-13 18:21:11.801 INFO  listeners.Listener1 - Deleting pre-submit screenshot for passed test: C:\Users\2457157\IdeaProjects\HealthIndexCalculator\reports\screenshots\age_34__pulse_64__bp_110_70__type_positive_before_20260113_182108_106.png
2026-01-13 18:21:11.819 INFO  listeners.Listener1 - onTestStart -> sendData
2026-01-13 18:21:11.819 INFO  listeners.Listener1 - Parameters for sendData: [47, 82, 130/85, positive]
2026-01-13 18:21:11.820 INFO  tests.BaseTest - Executing data row: age='47', pulse='82', bp='130/85', testType='positive'
2026-01-13 18:21:11.820 INFO  pages.CalculatorForm - Entering Age: 47
2026-01-13 18:21:12.110 INFO  pages.TopNavigation - Navigated to Home Page through LogoText
2026-01-13 18:21:12.110 ERROR listeners.Listener1 - onTestFailure -> sendData
java.lang.AssertionError: The following asserts failed:
	NEGATIVE input incorrectly navigated to Result page without showing any alert.
	at org.testng.asserts.SoftAssert.assertAll(SoftAssert.java:46)
	at org.testng.asserts.SoftAssert.assertAll(SoftAssert.java:30)
	at tests.CalculatorFunctionalityTest.sendData(CalculatorFunctionalityTest.java:200)
	at java.base/jdk.internal.reflect.DirectMethodHandleAccessor.invoke(DirectMethodHandleAccessor.java:103)
	at java.base/java.lang.reflect.Method.invoke(Method.java:580)
	at org.testng.internal.invokers.MethodInvocationHelper.invokeMethod(MethodInvocationHelper.java:141)
	at org.testng.internal.invokers.TestInvoker.invokeMethod(TestInvoker.java:687)
	at org.testng.internal.invokers.TestInvoker.invokeTestMethod(TestInvoker.java:230)
	at org.testng.internal.invokers.MethodRunner.runInSequence(MethodRunner.java:63)
	at org.testng.internal.invokers.TestInvoker$MethodInvocationAgent.invoke(TestInvoker.java:995)
	at org.testng.internal.invokers.TestInvoker.invokeTestMethods(TestInvoker.java:203)
	at org.testng.internal.invokers.TestMethodWorker.invokeTestMethods(TestMethodWorker.java:154)
	at org.testng.internal.invokers.TestMethodWorker.run(TestMethodWorker.java:134)
	at java.base/java.util.ArrayList.forEach(ArrayList.java:1596)
	at org.testng.TestRunner.privateRun(TestRunner.java:741)
	at org.testng.TestRunner.run(TestRunner.java:616)
	at org.testng.SuiteRunner.runTest(SuiteRunner.java:421)
	at org.testng.SuiteRunner$SuiteWorker.run(SuiteRunner.java:463)
	at org.testng.internal.thread.ThreadUtil.lambda$execute$0(ThreadUtil.java:64)
	at java.base/java.util.concurrent.FutureTask.run$$$capture(FutureTask.java:317)
	at java.base/java.util.concurrent.FutureTask.run(FutureTask.java)
	at java.base/java.util.concurrent.ThreadPoolExecutor.runWorker(ThreadPoolExecutor.java:1144)
	at java.base/java.util.concurrent.ThreadPoolExecutor$Worker.run(ThreadPoolExecutor.java:642)
	at java.base/java.lang.Thread.run(Thread.java:1583)
2026-01-13 18:21:12.112 INFO  listeners.Listener1 - Attaching pre-submit screenshot: C:\Users\2457157\IdeaProjects\HealthIndexCalculator\reports\screenshots\age_63__pulse_65__bp_120_120__type_negative_before_20260113_182107_359.png
2026-01-13 18:21:12.112 INFO  listeners.Listener1 - Attaching failure screenshot: C:\Users\2457157\IdeaProjects\HealthIndexCalculator\reports\screenshots\age_63__pulse_65__bp_120_120__type_negative_failed_no_alert_20260113_182110_774.png
2026-01-13 18:21:12.127 INFO  listeners.Listener1 - onTestStart -> sendData
2026-01-13 18:21:12.127 INFO  listeners.Listener1 - Parameters for sendData: [29, 75, 120/, negative]
2026-01-13 18:21:12.129 INFO  tests.BaseTest - Executing data row: age='29', pulse='75', bp='120/', testType='negative'
2026-01-13 18:21:12.129 INFO  pages.CalculatorForm - Entering Age: 29
2026-01-13 18:21:12.160 INFO  pages.CalculatorForm - Entering Pulse: 82
2026-01-13 18:21:12.711 INFO  pages.CalculatorForm - Entering Pulse: 75
2026-01-13 18:21:12.939 INFO  pages.CalculatorForm - Entering Blood Pressure: 130/85
2026-01-13 18:21:13.486 INFO  pages.CalculatorForm - Entering Blood Pressure: 120/
2026-01-13 18:21:14.245 INFO  tests.BaseTest - Clicking Calculate
2026-01-13 18:21:14.245 INFO  pages.CalculatorForm - Clicking Calculate button...
2026-01-13 18:21:14.356 INFO  tests.BaseTest - Clicking Calculate
2026-01-13 18:21:14.357 INFO  pages.CalculatorForm - Clicking Calculate button...
2026-01-13 18:21:14.739 INFO  pages.CalculatorForm - Calculate button clicked.
2026-01-13 18:21:14.754 INFO  tests.BaseTest - Alert detected after submit
2026-01-13 18:21:14.908 INFO  tests.BaseTest - Negative case: navigatedToResult=false
2026-01-13 18:21:14.908 INFO  listeners.Listener1 - onTestSuccess -> sendData
2026-01-13 18:21:14.908 INFO  listeners.Listener1 - Deleting pre-submit screenshot for passed test: C:\Users\2457157\IdeaProjects\HealthIndexCalculator\reports\screenshots\age_29__pulse_75__bp_120___type_negative_before_20260113_182114_352.png
2026-01-13 18:21:14.954 INFO  listeners.Listener1 - onTestStart -> sendData
2026-01-13 18:21:14.956 INFO  listeners.Listener1 - Parameters for sendData: [31, 68, /80, negative]
2026-01-13 18:21:14.958 INFO  tests.BaseTest - Executing data row: age='31', pulse='68', bp='/80', testType='negative'
2026-01-13 18:21:14.958 INFO  pages.CalculatorForm - Entering Age: 31
2026-01-13 18:21:14.989 INFO  pages.CalculatorForm - Calculate button clicked.
2026-01-13 18:21:15.572 INFO  pages.CalculatorForm - Entering Pulse: 68
2026-01-13 18:21:16.739 INFO  pages.CalculatorForm - Entering Blood Pressure: /80
2026-01-13 18:21:18.268 INFO  tests.BaseTest - No alert branch: navigatedToResult=true
2026-01-13 18:21:18.268 INFO  tests.BaseTest - Positive case passed: navigated; returning Home via logo text
2026-01-13 18:21:19.870 INFO  pages.TopNavigation - Navigated to Home Page through LogoText
2026-01-13 18:21:19.872 INFO  tests.BaseTest - Clicked 'VitalGuard' logo text to return Home
2026-01-13 18:21:19.872 INFO  listeners.Listener1 - onTestSuccess -> sendData
2026-01-13 18:21:19.872 INFO  listeners.Listener1 - Deleting pre-submit screenshot for passed test: C:\Users\2457157\IdeaProjects\HealthIndexCalculator\reports\screenshots\age_47__pulse_82__bp_130_85__type_positive_before_20260113_182114_242.png
2026-01-13 18:21:20.107 INFO  listeners.Listener1 - onTestStart -> sendData
2026-01-13 18:21:20.107 INFO  listeners.Listener1 - Parameters for sendData: [58, 96, 140/95, positive]
2026-01-13 18:21:20.125 INFO  tests.BaseTest - Executing data row: age='58', pulse='96', bp='140/95', testType='positive'
2026-01-13 18:21:20.125 INFO  pages.CalculatorForm - Entering Age: 58
2026-01-13 18:21:20.886 INFO  tests.BaseTest - Clicking Calculate
2026-01-13 18:21:20.886 INFO  pages.CalculatorForm - Clicking Calculate button...
2026-01-13 18:21:21.693 INFO  pages.CalculatorForm - Calculate button clicked.
2026-01-13 18:21:21.711 INFO  tests.BaseTest - Alert detected after submit
2026-01-13 18:21:21.785 INFO  tests.BaseTest - Negative case: navigatedToResult=false
2026-01-13 18:21:21.785 INFO  listeners.Listener1 - onTestSuccess -> sendData
2026-01-13 18:21:21.785 INFO  listeners.Listener1 - Deleting pre-submit screenshot for passed test: C:\Users\2457157\IdeaProjects\HealthIndexCalculator\reports\screenshots\age_31__pulse_68__bp__80__type_negative_before_20260113_182120_875.png
2026-01-13 18:21:21.806 INFO  listeners.Listener1 - onTestStart -> sendData
2026-01-13 18:21:21.806 INFO  listeners.Listener1 - Parameters for sendData: [25, 72, 118/76, positive]
2026-01-13 18:21:21.808 INFO  tests.BaseTest - Executing data row: age='25', pulse='72', bp='118/76', testType='positive'
2026-01-13 18:21:21.808 INFO  pages.CalculatorForm - Entering Age: 25
2026-01-13 18:21:21.869 INFO  pages.CalculatorForm - Entering Pulse: 96
2026-01-13 18:21:22.678 INFO  pages.CalculatorForm - Entering Pulse: 72
2026-01-13 18:21:23.083 INFO  pages.CalculatorForm - Entering Blood Pressure: 140/95
2026-01-13 18:21:23.270 INFO  pages.CalculatorForm - Entering Blood Pressure: 118/76
2026-01-13 18:21:23.909 INFO  tests.BaseTest - Clicking Calculate
2026-01-13 18:21:23.909 INFO  pages.CalculatorForm - Clicking Calculate button...
2026-01-13 18:21:23.995 INFO  tests.BaseTest - Clicking Calculate
2026-01-13 18:21:23.995 INFO  pages.CalculatorForm - Clicking Calculate button...
2026-01-13 18:21:24.290 INFO  pages.CalculatorForm - Calculate button clicked.
2026-01-13 18:21:24.361 INFO  pages.CalculatorForm - Calculate button clicked.
2026-01-13 18:21:27.436 INFO  tests.BaseTest - No alert branch: navigatedToResult=true
2026-01-13 18:21:27.437 INFO  tests.BaseTest - Positive case passed: navigated; returning Home via logo text
2026-01-13 18:21:27.518 INFO  tests.BaseTest - No alert branch: navigatedToResult=true
2026-01-13 18:21:27.518 INFO  tests.BaseTest - Positive case passed: navigated; returning Home via logo text
2026-01-13 18:21:27.779 INFO  pages.TopNavigation - Navigated to Home Page through LogoText
2026-01-13 18:21:27.785 INFO  tests.BaseTest - Clicked 'VitalGuard' logo text to return Home
2026-01-13 18:21:27.785 INFO  listeners.Listener1 - onTestSuccess -> sendData
2026-01-13 18:21:27.786 INFO  listeners.Listener1 - Deleting pre-submit screenshot for passed test: C:\Users\2457157\IdeaProjects\HealthIndexCalculator\reports\screenshots\age_58__pulse_96__bp_140_95__type_positive_before_20260113_182123_906.png
2026-01-13 18:21:27.823 INFO  listeners.Listener1 - onTestStart -> sendData
2026-01-13 18:21:27.823 INFO  listeners.Listener1 - Parameters for sendData: [72, 60, 150/100, positive]
2026-01-13 18:21:27.824 INFO  tests.BaseTest - Executing data row: age='72', pulse='60', bp='150/100', testType='positive'
2026-01-13 18:21:27.824 INFO  pages.CalculatorForm - Entering Age: 72
2026-01-13 18:21:27.936 INFO  pages.TopNavigation - Navigated to Home Page through LogoText
2026-01-13 18:21:27.936 INFO  tests.BaseTest - Clicked 'VitalGuard' logo text to return Home
2026-01-13 18:21:27.936 INFO  listeners.Listener1 - onTestSuccess -> sendData
2026-01-13 18:21:27.938 INFO  listeners.Listener1 - Deleting pre-submit screenshot for passed test: C:\Users\2457157\IdeaProjects\HealthIndexCalculator\reports\screenshots\age_25__pulse_72__bp_118_76__type_positive_before_20260113_182123_993.png
2026-01-13 18:21:27.959 INFO  listeners.Listener1 - onTestStart -> sendData
2026-01-13 18:21:27.959 INFO  listeners.Listener1 - Parameters for sendData: [34, 64, 110/70, positive]
2026-01-13 18:21:27.961 INFO  tests.BaseTest - Executing data row: age='34', pulse='64', bp='110/70', testType='positive'
2026-01-13 18:21:27.961 INFO  pages.CalculatorForm - Entering Age: 34
2026-01-13 18:21:28.476 INFO  pages.CalculatorForm - Entering Pulse: 64
2026-01-13 18:21:28.570 INFO  pages.CalculatorForm - Entering Pulse: 60
2026-01-13 18:21:28.959 INFO  pages.CalculatorForm - Entering Blood Pressure: 110/70
2026-01-13 18:21:29.100 INFO  pages.CalculatorForm - Entering Blood Pressure: 150/100
2026-01-13 18:21:29.724 INFO  tests.BaseTest - Clicking Calculate
2026-01-13 18:21:29.726 INFO  pages.CalculatorForm - Clicking Calculate button...
2026-01-13 18:21:30.809 INFO  tests.BaseTest - Clicking Calculate
2026-01-13 18:21:30.809 INFO  pages.CalculatorForm - Clicking Calculate button...
2026-01-13 18:21:30.820 INFO  pages.CalculatorForm - Calculate button clicked.
2026-01-13 18:21:31.637 INFO  pages.CalculatorForm - Calculate button clicked.
2026-01-13 18:21:34.109 INFO  tests.BaseTest - No alert branch: navigatedToResult=true
2026-01-13 18:21:34.109 INFO  tests.BaseTest - Positive case passed: navigated; returning Home via logo text
2026-01-13 18:21:34.818 INFO  tests.BaseTest - No alert branch: navigatedToResult=true
2026-01-13 18:21:34.818 INFO  tests.BaseTest - Positive case passed: navigated; returning Home via logo text
2026-01-13 18:21:34.824 INFO  pages.TopNavigation - Navigated to Home Page through LogoText
2026-01-13 18:21:34.826 INFO  tests.BaseTest - Clicked 'VitalGuard' logo text to return Home
2026-01-13 18:21:34.826 INFO  listeners.Listener1 - onTestSuccess -> sendData
2026-01-13 18:21:34.826 INFO  listeners.Listener1 - Deleting pre-submit screenshot for passed test: C:\Users\2457157\IdeaProjects\HealthIndexCalculator\reports\screenshots\age_34__pulse_64__bp_110_70__type_positive_before_20260113_182129_709.png
2026-01-13 18:21:34.857 INFO  listeners.Listener1 - onTestStart -> sendData
2026-01-13 18:21:34.858 INFO  listeners.Listener1 - Parameters for sendData: [47, 82, 130/85, positive]
2026-01-13 18:21:34.858 INFO  tests.BaseTest - Executing data row: age='47', pulse='82', bp='130/85', testType='positive'
2026-01-13 18:21:34.859 INFO  pages.CalculatorForm - Entering Age: 47
2026-01-13 18:21:35.108 INFO  pages.TopNavigation - Navigated to Home Page through LogoText
2026-01-13 18:21:35.108 INFO  tests.BaseTest - Clicked 'VitalGuard' logo text to return Home
2026-01-13 18:21:35.108 INFO  listeners.Listener1 - onTestSuccess -> sendData
2026-01-13 18:21:35.108 INFO  listeners.Listener1 - Deleting pre-submit screenshot for passed test: C:\Users\2457157\IdeaProjects\HealthIndexCalculator\reports\screenshots\age_72__pulse_60__bp_150_100__type_positive_before_20260113_182130_779.png
2026-01-13 18:21:35.138 INFO  listeners.Listener1 - onTestStart -> sendData
2026-01-13 18:21:35.138 INFO  listeners.Listener1 - Parameters for sendData: [5, 100, 95/60, positive]
2026-01-13 18:21:35.138 INFO  tests.BaseTest - Executing data row: age='5', pulse='100', bp='95/60', testType='positive'
2026-01-13 18:21:35.138 INFO  pages.CalculatorForm - Entering Age: 5
2026-01-13 18:21:35.494 INFO  pages.CalculatorForm - Entering Pulse: 82
2026-01-13 18:21:35.592 INFO  pages.CalculatorForm - Entering Pulse: 100
2026-01-13 18:21:35.772 INFO  pages.CalculatorForm - Entering Blood Pressure: 130/85
2026-01-13 18:21:35.905 INFO  pages.CalculatorForm - Entering Blood Pressure: 95/60
2026-01-13 18:21:36.269 INFO  tests.BaseTest - Clicking Calculate
2026-01-13 18:21:36.269 INFO  pages.CalculatorForm - Clicking Calculate button...
2026-01-13 18:21:36.545 INFO  tests.BaseTest - Clicking Calculate
2026-01-13 18:21:36.554 INFO  pages.CalculatorForm - Clicking Calculate button...
2026-01-13 18:21:36.706 INFO  pages.CalculatorForm - Calculate button clicked.
2026-01-13 18:21:36.921 INFO  pages.CalculatorForm - Calculate button clicked.
2026-01-13 18:21:39.861 INFO  tests.BaseTest - No alert branch: navigatedToResult=true
2026-01-13 18:21:39.861 INFO  tests.BaseTest - Positive case passed: navigated; returning Home via logo text
2026-01-13 18:21:40.034 INFO  tests.BaseTest - No alert branch: navigatedToResult=true
2026-01-13 18:21:40.034 INFO  tests.BaseTest - Positive case passed: navigated; returning Home via logo text
2026-01-13 18:21:40.140 INFO  pages.TopNavigation - Navigated to Home Page through LogoText
2026-01-13 18:21:40.140 INFO  tests.BaseTest - Clicked 'VitalGuard' logo text to return Home
2026-01-13 18:21:40.140 INFO  listeners.Listener1 - onTestSuccess -> sendData
2026-01-13 18:21:40.140 INFO  listeners.Listener1 - Deleting pre-submit screenshot for passed test: C:\Users\2457157\IdeaProjects\HealthIndexCalculator\reports\screenshots\age_47__pulse_82__bp_130_85__type_positive_before_20260113_182136_260.png
2026-01-13 18:21:40.153 INFO  listeners.Listener1 - onTestStart -> sendData
2026-01-13 18:21:40.153 INFO  listeners.Listener1 - Parameters for sendData: [58, 96, 140/95, positive]
2026-01-13 18:21:40.154 INFO  tests.BaseTest - Executing data row: age='58', pulse='96', bp='140/95', testType='positive'
2026-01-13 18:21:40.154 INFO  pages.CalculatorForm - Entering Age: 58
2026-01-13 18:21:40.261 INFO  pages.TopNavigation - Navigated to Home Page through LogoText
2026-01-13 18:21:40.262 INFO  tests.BaseTest - Clicked 'VitalGuard' logo text to return Home
2026-01-13 18:21:40.262 INFO  listeners.Listener1 - onTestSuccess -> sendData
2026-01-13 18:21:40.262 INFO  listeners.Listener1 - Deleting pre-submit screenshot for passed test: C:\Users\2457157\IdeaProjects\HealthIndexCalculator\reports\screenshots\age_5__pulse_100__bp_95_60__type_positive_before_20260113_182136_540.png
2026-01-13 18:21:40.278 INFO  listeners.Listener1 - onTestStart -> sendData
2026-01-13 18:21:40.286 INFO  listeners.Listener1 - Parameters for sendData: [88, 58, 160/70, positive]
2026-01-13 18:21:40.287 INFO  tests.BaseTest - Executing data row: age='88', pulse='58', bp='160/70', testType='positive'
2026-01-13 18:21:40.287 INFO  pages.CalculatorForm - Entering Age: 88
2026-01-13 18:21:40.557 INFO  pages.CalculatorForm - Entering Pulse: 96
2026-01-13 18:21:40.690 INFO  pages.CalculatorForm - Entering Pulse: 58
2026-01-13 18:21:41.158 INFO  pages.CalculatorForm - Entering Blood Pressure: 160/70
2026-01-13 18:21:41.241 INFO  pages.CalculatorForm - Entering Blood Pressure: 140/95
2026-01-13 18:21:42.771 INFO  tests.BaseTest - Clicking Calculate
2026-01-13 18:21:42.771 INFO  pages.CalculatorForm - Clicking Calculate button...
2026-01-13 18:21:44.269 INFO  tests.BaseTest - Clicking Calculate
2026-01-13 18:21:44.269 INFO  pages.CalculatorForm - Clicking Calculate button...
2026-01-13 18:21:44.403 INFO  pages.CalculatorForm - Calculate button clicked.
2026-01-13 18:21:45.394 INFO  pages.CalculatorForm - Calculate button clicked.
2026-01-13 18:21:47.755 INFO  tests.BaseTest - No alert branch: navigatedToResult=true
2026-01-13 18:21:47.755 INFO  tests.BaseTest - Positive case passed: navigated; returning Home via logo text
2026-01-13 18:21:48.501 INFO  pages.TopNavigation - Navigated to Home Page through LogoText
2026-01-13 18:21:48.501 INFO  tests.BaseTest - Clicked 'VitalGuard' logo text to return Home
2026-01-13 18:21:48.501 INFO  listeners.Listener1 - onTestSuccess -> sendData
2026-01-13 18:21:48.501 INFO  listeners.Listener1 - Deleting pre-submit screenshot for passed test: C:\Users\2457157\IdeaProjects\HealthIndexCalculator\reports\screenshots\age_88__pulse_58__bp_160_70__type_positive_before_20260113_182142_759.png
2026-01-13 18:21:48.523 INFO  listeners.Listener1 - onTestStart -> sendData
2026-01-13 18:21:48.523 INFO  listeners.Listener1 - Parameters for sendData: [40, 40, 90/50, positive]
2026-01-13 18:21:48.525 INFO  tests.BaseTest - Executing data row: age='40', pulse='40', bp='90/50', testType='positive'
2026-01-13 18:21:48.527 INFO  pages.CalculatorForm - Entering Age: 40
2026-01-13 18:21:48.601 INFO  tests.BaseTest - No alert branch: navigatedToResult=true
2026-01-13 18:21:48.601 INFO  tests.BaseTest - Positive case passed: navigated; returning Home via logo text
2026-01-13 18:21:49.086 INFO  pages.TopNavigation - Navigated to Home Page through LogoText
2026-01-13 18:21:49.086 INFO  tests.BaseTest - Clicked 'VitalGuard' logo text to return Home
2026-01-13 18:21:49.086 INFO  listeners.Listener1 - onTestSuccess -> sendData
2026-01-13 18:21:49.087 INFO  listeners.Listener1 - Deleting pre-submit screenshot for passed test: C:\Users\2457157\IdeaProjects\HealthIndexCalculator\reports\screenshots\age_58__pulse_96__bp_140_95__type_positive_before_20260113_182144_240.png
2026-01-13 18:21:49.104 INFO  listeners.Listener1 - onTestStart -> sendData
2026-01-13 18:21:49.104 INFO  listeners.Listener1 - Parameters for sendData: [72, 60, 150/100, positive]
2026-01-13 18:21:49.106 INFO  tests.BaseTest - Executing data row: age='72', pulse='60', bp='150/100', testType='positive'
2026-01-13 18:21:49.106 INFO  pages.CalculatorForm - Entering Age: 72
2026-01-13 18:21:49.240 INFO  pages.CalculatorForm - Entering Pulse: 40
2026-01-13 18:21:49.551 INFO  pages.CalculatorForm - Entering Pulse: 60
2026-01-13 18:21:49.770 INFO  pages.CalculatorForm - Entering Blood Pressure: 90/50
2026-01-13 18:21:50.056 INFO  pages.CalculatorForm - Entering Blood Pressure: 150/100
2026-01-13 18:21:51.020 INFO  tests.BaseTest - Clicking Calculate
2026-01-13 18:21:51.020 INFO  pages.CalculatorForm - Clicking Calculate button...
2026-01-13 18:21:51.268 INFO  tests.BaseTest - Clicking Calculate
2026-01-13 18:21:51.268 INFO  pages.CalculatorForm - Clicking Calculate button...
2026-01-13 18:21:51.886 INFO  pages.CalculatorForm - Calculate button clicked.
2026-01-13 18:21:51.991 INFO  pages.CalculatorForm - Calculate button clicked.
2026-01-13 18:21:54.994 INFO  tests.BaseTest - No alert branch: navigatedToResult=true
2026-01-13 18:21:54.994 INFO  tests.BaseTest - Positive case passed: navigated; returning Home via logo text
2026-01-13 18:21:55.112 INFO  tests.BaseTest - No alert branch: navigatedToResult=true
2026-01-13 18:21:55.119 INFO  tests.BaseTest - Positive case passed: navigated; returning Home via logo text
2026-01-13 18:21:55.145 INFO  pages.TopNavigation - Navigated to Home Page through LogoText
2026-01-13 18:21:55.145 INFO  tests.BaseTest - Clicked 'VitalGuard' logo text to return Home
2026-01-13 18:21:55.145 INFO  listeners.Listener1 - onTestSuccess -> sendData
2026-01-13 18:21:55.150 INFO  listeners.Listener1 - Deleting pre-submit screenshot for passed test: C:\Users\2457157\IdeaProjects\HealthIndexCalculator\reports\screenshots\age_72__pulse_60__bp_150_100__type_positive_before_20260113_182151_259.png
2026-01-13 18:21:55.171 INFO  listeners.Listener1 - onTestStart -> sendData
2026-01-13 18:21:55.172 INFO  listeners.Listener1 - Parameters for sendData: [5, 100, 95/60, positive]
2026-01-13 18:21:55.172 INFO  tests.BaseTest - Executing data row: age='5', pulse='100', bp='95/60', testType='positive'
2026-01-13 18:21:55.172 INFO  pages.CalculatorForm - Entering Age: 5
2026-01-13 18:21:55.385 INFO  pages.CalculatorForm - Entering Pulse: 100
2026-01-13 18:21:55.392 INFO  pages.TopNavigation - Navigated to Home Page through LogoText
2026-01-13 18:21:55.392 INFO  tests.BaseTest - Clicked 'VitalGuard' logo text to return Home
2026-01-13 18:21:55.393 INFO  listeners.Listener1 - onTestSuccess -> sendData
2026-01-13 18:21:55.393 INFO  listeners.Listener1 - Deleting pre-submit screenshot for passed test: C:\Users\2457157\IdeaProjects\HealthIndexCalculator\reports\screenshots\age_40__pulse_40__bp_90_50__type_positive_before_20260113_182150_992.png
2026-01-13 18:21:55.409 INFO  listeners.Listener1 - onTestStart -> sendData
2026-01-13 18:21:55.410 INFO  listeners.Listener1 - Parameters for sendData: [40, 140, 170/110, negative]
2026-01-13 18:21:55.411 INFO  tests.BaseTest - Executing data row: age='40', pulse='140', bp='170/110', testType='negative'
2026-01-13 18:21:55.411 INFO  pages.CalculatorForm - Entering Age: 40
2026-01-13 18:21:55.660 INFO  pages.CalculatorForm - Entering Blood Pressure: 95/60
2026-01-13 18:21:55.720 INFO  pages.CalculatorForm - Entering Pulse: 140
2026-01-13 18:21:55.990 INFO  pages.CalculatorForm - Entering Blood Pressure: 170/110
2026-01-13 18:21:56.095 INFO  tests.BaseTest - Clicking Calculate
2026-01-13 18:21:56.101 INFO  pages.CalculatorForm - Clicking Calculate button...
2026-01-13 18:21:56.321 INFO  pages.CalculatorForm - Calculate button clicked.
2026-01-13 18:21:56.666 INFO  tests.BaseTest - Clicking Calculate
2026-01-13 18:21:56.666 INFO  pages.CalculatorForm - Clicking Calculate button...
2026-01-13 18:21:56.919 INFO  pages.CalculatorForm - Calculate button clicked.
2026-01-13 18:21:59.456 INFO  tests.BaseTest - No alert branch: navigatedToResult=true
2026-01-13 18:21:59.458 INFO  tests.BaseTest - Positive case passed: navigated; returning Home via logo text
2026-01-13 18:21:59.955 INFO  pages.TopNavigation - Navigated to Home Page through LogoText
2026-01-13 18:21:59.955 INFO  tests.BaseTest - Clicked 'VitalGuard' logo text to return Home
2026-01-13 18:21:59.955 INFO  listeners.Listener1 - onTestSuccess -> sendData
2026-01-13 18:21:59.955 INFO  listeners.Listener1 - Deleting pre-submit screenshot for passed test: C:\Users\2457157\IdeaProjects\HealthIndexCalculator\reports\screenshots\age_5__pulse_100__bp_95_60__type_positive_before_20260113_182156_090.png
2026-01-13 18:21:59.984 INFO  listeners.Listener1 - onTestStart -> sendData
2026-01-13 18:21:59.984 INFO  listeners.Listener1 - Parameters for sendData: [88, 58, 160/70, positive]
2026-01-13 18:21:59.986 INFO  tests.BaseTest - Executing data row: age='88', pulse='58', bp='160/70', testType='positive'
2026-01-13 18:21:59.986 INFO  pages.CalculatorForm - Entering Age: 88
2026-01-13 18:22:00.102 INFO  tests.BaseTest - No alert branch: navigatedToResult=true
2026-01-13 18:22:00.442 INFO  pages.CalculatorForm - Entering Pulse: 58
2026-01-13 18:22:00.609 ERROR tests.BaseTest - Negative case failed: navigated without alert
2026-01-13 18:22:00.927 INFO  pages.TopNavigation - Navigated to Home Page through LogoText
2026-01-13 18:22:00.927 ERROR listeners.Listener1 - onTestFailure -> sendData
java.lang.AssertionError: The following asserts failed:
	NEGATIVE input incorrectly navigated to Result page without showing any alert.
	at org.testng.asserts.SoftAssert.assertAll(SoftAssert.java:46)
	at org.testng.asserts.SoftAssert.assertAll(SoftAssert.java:30)
	at tests.CalculatorFunctionalityTest.sendData(CalculatorFunctionalityTest.java:200)
	at java.base/jdk.internal.reflect.DirectMethodHandleAccessor.invoke(DirectMethodHandleAccessor.java:103)
	at java.base/java.lang.reflect.Method.invoke(Method.java:580)
	at org.testng.internal.invokers.MethodInvocationHelper.invokeMethod(MethodInvocationHelper.java:141)
	at org.testng.internal.invokers.TestInvoker.invokeMethod(TestInvoker.java:687)
	at org.testng.internal.invokers.TestInvoker.invokeTestMethod(TestInvoker.java:230)
	at org.testng.internal.invokers.MethodRunner.runInSequence(MethodRunner.java:63)
	at org.testng.internal.invokers.TestInvoker$MethodInvocationAgent.invoke(TestInvoker.java:995)
	at org.testng.internal.invokers.TestInvoker.invokeTestMethods(TestInvoker.java:203)
	at org.testng.internal.invokers.TestMethodWorker.invokeTestMethods(TestMethodWorker.java:154)
	at org.testng.internal.invokers.TestMethodWorker.run(TestMethodWorker.java:134)
	at java.base/java.util.ArrayList.forEach(ArrayList.java:1596)
	at org.testng.TestRunner.privateRun(TestRunner.java:741)
	at org.testng.TestRunner.run(TestRunner.java:616)
	at org.testng.SuiteRunner.runTest(SuiteRunner.java:421)
	at org.testng.SuiteRunner$SuiteWorker.run(SuiteRunner.java:463)
	at org.testng.internal.thread.ThreadUtil.lambda$execute$0(ThreadUtil.java:64)
	at java.base/java.util.concurrent.FutureTask.run$$$capture(FutureTask.java:317)
	at java.base/java.util.concurrent.FutureTask.run(FutureTask.java)
	at java.base/java.util.concurrent.ThreadPoolExecutor.runWorker(ThreadPoolExecutor.java:1144)
	at java.base/java.util.concurrent.ThreadPoolExecutor$Worker.run(ThreadPoolExecutor.java:642)
	at java.base/java.lang.Thread.run(Thread.java:1583)
2026-01-13 18:22:00.935 INFO  listeners.Listener1 - Attaching pre-submit screenshot: C:\Users\2457157\IdeaProjects\HealthIndexCalculator\reports\screenshots\age_40__pulse_140__bp_170_110__type_negative_before_20260113_182156_659.png
2026-01-13 18:22:00.935 INFO  listeners.Listener1 - Attaching failure screenshot: C:\Users\2457157\IdeaProjects\HealthIndexCalculator\reports\screenshots\age_40__pulse_140__bp_170_110__type_negative_failed_no_alert_20260113_182200_102.png
2026-01-13 18:22:01.127 INFO  pages.CalculatorForm - Entering Blood Pressure: 160/70
2026-01-13 18:22:01.926 INFO  tests.BaseTest - Clicking Calculate
2026-01-13 18:22:01.926 INFO  pages.CalculatorForm - Clicking Calculate button...
2026-01-13 18:22:02.422 INFO  pages.CalculatorForm - Calculate button clicked.
2026-01-13 18:22:05.527 INFO  tests.BaseTest - No alert branch: navigatedToResult=true
2026-01-13 18:22:05.527 INFO  tests.BaseTest - Positive case passed: navigated; returning Home via logo text
2026-01-13 18:22:05.786 INFO  pages.TopNavigation - Navigated to Home Page through LogoText
2026-01-13 18:22:05.786 INFO  tests.BaseTest - Clicked 'VitalGuard' logo text to return Home
2026-01-13 18:22:05.786 INFO  listeners.Listener1 - onTestSuccess -> sendData
2026-01-13 18:22:05.788 INFO  listeners.Listener1 - Deleting pre-submit screenshot for passed test: C:\Users\2457157\IdeaProjects\HealthIndexCalculator\reports\screenshots\age_88__pulse_58__bp_160_70__type_positive_before_20260113_182201_921.png
2026-01-13 18:22:05.794 INFO  listeners.Listener1 - onTestStart -> sendData
2026-01-13 18:22:05.800 INFO  listeners.Listener1 - Parameters for sendData: [40, 40, 90/50, positive]
2026-01-13 18:22:05.805 INFO  tests.BaseTest - Executing data row: age='40', pulse='40', bp='90/50', testType='positive'
2026-01-13 18:22:05.806 INFO  pages.CalculatorForm - Entering Age: 40
2026-01-13 18:22:06.005 INFO  pages.CalculatorForm - Entering Pulse: 40
2026-01-13 18:22:06.174 INFO  pages.CalculatorForm - Entering Blood Pressure: 90/50
2026-01-13 18:22:06.595 INFO  tests.BaseTest - Clicking Calculate
2026-01-13 18:22:06.595 INFO  pages.CalculatorForm - Clicking Calculate button...
2026-01-13 18:22:06.784 INFO  pages.CalculatorForm - Calculate button clicked.
2026-01-13 18:22:07.741 INFO  tests.BaseTest - Tearing down webdriver
2026-01-13 18:22:07.743 INFO  tests.BaseTest - WebDriver quit successfully
2026-01-13 18:22:07.744 INFO  listeners.Listener1 - onTestStart -> isResultDisplayed
2026-01-13 18:22:07.745 INFO  tests.BaseTest - === Starting 'isResultDisplayed' test ===
2026-01-13 18:22:07.785 INFO  pages.ResultPage - Result Displayed:true
2026-01-13 18:22:07.808 INFO  tests.BaseTest - Result displayed? true
2026-01-13 18:22:07.808 INFO  tests.BaseTest - PASS: Result is displayed
2026-01-13 18:22:07.808 INFO  tests.BaseTest - === Completed 'isResultDisplayed' test ===
2026-01-13 18:22:07.808 INFO  listeners.Listener1 - onTestSuccess -> isResultDisplayed
2026-01-13 18:22:07.811 INFO  listeners.Listener1 - onTestStart -> gotoTeamDetails
2026-01-13 18:22:07.811 INFO  tests.BaseTest - Navigating to Team Details from Home page
2026-01-13 18:22:07.811 INFO  pages.HomePage - Navigating to Team Details from Home page...
2026-01-13 18:22:07.939 INFO  pages.TopNavigation - Navigated to TeamDetails page
2026-01-13 18:22:07.939 INFO  pages.HomePage - Navigation to Team Details complete.
2026-01-13 18:22:07.957 INFO  tests.BaseTest - URL after goToTeamDetails(): https://hackvyatharth.github.io/Vitalguard_Team_Vanguardians/#foot
2026-01-13 18:22:07.957 INFO  tests.BaseTest - PASS: 'gotoTeamDetails' assertion passed
2026-01-13 18:22:07.957 INFO  listeners.Listener1 - onTestSuccess -> gotoTeamDetails
2026-01-13 18:22:07.959 INFO  tests.BaseTest - Tearing down webdriver
2026-01-13 18:22:09.892 INFO  tests.BaseTest - No alert branch: navigatedToResult=true
2026-01-13 18:22:09.892 INFO  tests.BaseTest - Positive case passed: navigated; returning Home via logo text
2026-01-13 18:22:10.077 INFO  pages.TopNavigation - Navigated to Home Page through LogoText
2026-01-13 18:22:10.077 INFO  tests.BaseTest - Clicked 'VitalGuard' logo text to return Home
2026-01-13 18:22:10.077 INFO  listeners.Listener1 - onTestSuccess -> sendData
2026-01-13 18:22:10.077 INFO  listeners.Listener1 - Deleting pre-submit screenshot for passed test: C:\Users\2457157\IdeaProjects\HealthIndexCalculator\reports\screenshots\age_40__pulse_40__bp_90_50__type_positive_before_20260113_182206_591.png
2026-01-13 18:22:10.087 INFO  listeners.Listener1 - onTestStart -> sendData
2026-01-13 18:22:10.087 INFO  listeners.Listener1 - Parameters for sendData: [40, 140, 170/110, negative]
2026-01-13 18:22:10.089 INFO  tests.BaseTest - Executing data row: age='40', pulse='140', bp='170/110', testType='negative'
2026-01-13 18:22:10.089 INFO  pages.CalculatorForm - Entering Age: 40
2026-01-13 18:22:10.278 INFO  pages.CalculatorForm - Entering Pulse: 140
2026-01-13 18:22:10.440 INFO  pages.CalculatorForm - Entering Blood Pressure: 170/110
2026-01-13 18:22:10.770 INFO  tests.BaseTest - Clicking Calculate
2026-01-13 18:22:10.770 INFO  pages.CalculatorForm - Clicking Calculate button...
2026-01-13 18:22:10.950 INFO  pages.CalculatorForm - Calculate button clicked.
2026-01-13 18:22:12.495 INFO  tests.BaseTest - WebDriver quit successfully
2026-01-13 18:22:12.501 INFO  listeners.Listener1 - onTestStart -> gotoTeamDetails
2026-01-13 18:22:12.503 INFO  t.BloodPressurePageValidationTest - Navigating to Team Details via BloodPressurePage.goToTeamDetails()...
2026-01-13 18:22:12.503 INFO  pages.BloodPressurePage - Navigating to Team Details from Blood Pressure page...
2026-01-13 18:22:12.651 INFO  pages.TopNavigation - Navigated to TeamDetails page
2026-01-13 18:22:12.651 INFO  pages.BloodPressurePage - Navigation to Team Details complete.
2026-01-13 18:22:12.666 INFO  t.BloodPressurePageValidationTest - URL after goToTeamDetails(): https://hackvyatharth.github.io/Vitalguard_Team_Vanguardians/#foot
2026-01-13 18:22:12.666 INFO  t.BloodPressurePageValidationTest - PASS: Team Details navigation assertion passed.
2026-01-13 18:22:12.666 INFO  listeners.Listener1 - onTestSuccess -> gotoTeamDetails
2026-01-13 18:22:12.673 INFO  tests.BaseTest - Tearing down webdriver
2026-01-13 18:22:14.087 INFO  tests.BaseTest - No alert branch: navigatedToResult=true
2026-01-13 18:22:14.658 ERROR tests.BaseTest - Negative case failed: navigated without alert
2026-01-13 18:22:15.169 INFO  pages.TopNavigation - Navigated to Home Page through LogoText
2026-01-13 18:22:15.170 ERROR listeners.Listener1 - onTestFailure -> sendData
java.lang.AssertionError: The following asserts failed:
	NEGATIVE input incorrectly navigated to Result page without showing any alert.
	at org.testng.asserts.SoftAssert.assertAll(SoftAssert.java:46)
	at org.testng.asserts.SoftAssert.assertAll(SoftAssert.java:30)
	at tests.CalculatorFunctionalityTest.sendData(CalculatorFunctionalityTest.java:200)
	at java.base/jdk.internal.reflect.DirectMethodHandleAccessor.invoke(DirectMethodHandleAccessor.java:103)
	at java.base/java.lang.reflect.Method.invoke(Method.java:580)
	at org.testng.internal.invokers.MethodInvocationHelper.invokeMethod(MethodInvocationHelper.java:141)
	at org.testng.internal.invokers.TestInvoker.invokeMethod(TestInvoker.java:687)
	at org.testng.internal.invokers.TestInvoker.invokeTestMethod(TestInvoker.java:230)
	at org.testng.internal.invokers.MethodRunner.runInSequence(MethodRunner.java:63)
	at org.testng.internal.invokers.TestInvoker$MethodInvocationAgent.invoke(TestInvoker.java:995)
	at org.testng.internal.invokers.TestInvoker.invokeTestMethods(TestInvoker.java:203)
	at org.testng.internal.invokers.TestMethodWorker.invokeTestMethods(TestMethodWorker.java:154)
	at org.testng.internal.invokers.TestMethodWorker.run(TestMethodWorker.java:134)
	at java.base/java.util.ArrayList.forEach(ArrayList.java:1596)
	at org.testng.TestRunner.privateRun(TestRunner.java:741)
	at org.testng.TestRunner.run(TestRunner.java:616)
	at org.testng.SuiteRunner.runTest(SuiteRunner.java:421)
	at org.testng.SuiteRunner$SuiteWorker.run(SuiteRunner.java:463)
	at org.testng.internal.thread.ThreadUtil.lambda$execute$0(ThreadUtil.java:64)
	at java.base/java.util.concurrent.FutureTask.run$$$capture(FutureTask.java:317)
	at java.base/java.util.concurrent.FutureTask.run(FutureTask.java)
	at java.base/java.util.concurrent.ThreadPoolExecutor.runWorker(ThreadPoolExecutor.java:1144)
	at java.base/java.util.concurrent.ThreadPoolExecutor$Worker.run(ThreadPoolExecutor.java:642)
	at java.base/java.lang.Thread.run(Thread.java:1583)
2026-01-13 18:22:15.170 INFO  listeners.Listener1 - Attaching pre-submit screenshot: C:\Users\2457157\IdeaProjects\HealthIndexCalculator\reports\screenshots\age_40__pulse_140__bp_170_110__type_negative_before_20260113_182210_768.png
2026-01-13 18:22:15.171 INFO  listeners.Listener1 - Attaching failure screenshot: C:\Users\2457157\IdeaProjects\HealthIndexCalculator\reports\screenshots\age_40__pulse_140__bp_170_110__type_negative_failed_no_alert_20260113_182214_087.png
2026-01-13 18:22:21.906 INFO  tests.BaseTest - WebDriver quit successfully
2026-01-13 18:22:21.909 INFO  listeners.Listener1 - onTestStart -> gotoTeamDetails
2026-01-13 18:22:21.911 INFO  tests.AgeFactorPageValidationTest - Navigating to Team Details via AgeFactorPage.goToTeamDetails()
2026-01-13 18:22:21.911 INFO  pages.AgeFactorPage - Navigating to Team Details from Age Factor page...
2026-01-13 18:22:21.973 INFO  tests.BaseTest - Tearing down webdriver
2026-01-13 18:22:21.973 INFO  tests.BaseTest - WebDriver quit successfully
2026-01-13 18:22:21.975 INFO  listeners.Listener1 - onTestStart -> isResultDisplayed
2026-01-13 18:22:21.975 INFO  tests.BaseTest - === Starting 'isResultDisplayed' test ===
2026-01-13 18:22:22.017 INFO  pages.ResultPage - Result Displayed:true
2026-01-13 18:22:22.035 INFO  tests.BaseTest - Result displayed? true
2026-01-13 18:22:22.035 INFO  tests.BaseTest - PASS: Result is displayed
2026-01-13 18:22:22.035 INFO  tests.BaseTest - === Completed 'isResultDisplayed' test ===
2026-01-13 18:22:22.035 INFO  listeners.Listener1 - onTestSuccess -> isResultDisplayed
2026-01-13 18:22:22.035 INFO  listeners.Listener1 - onTestStart -> gotoTeamDetails
2026-01-13 18:22:22.035 INFO  tests.BaseTest - Navigating to Team Details from Home page
2026-01-13 18:22:22.035 INFO  pages.HomePage - Navigating to Team Details from Home page...
2026-01-13 18:22:22.072 INFO  pages.TopNavigation - Navigated to TeamDetails page
2026-01-13 18:22:22.072 INFO  pages.AgeFactorPage - Navigation to Team Details complete.
2026-01-13 18:22:22.090 INFO  tests.AgeFactorPageValidationTest - PASS: Team Details navigation assertion passed
2026-01-13 18:22:22.091 INFO  listeners.Listener1 - onTestSuccess -> gotoTeamDetails
2026-01-13 18:22:22.094 INFO  tests.BaseTest - Tearing down webdriver
2026-01-13 18:22:22.219 INFO  pages.TopNavigation - Navigated to TeamDetails page
2026-01-13 18:22:22.219 INFO  pages.HomePage - Navigation to Team Details complete.
2026-01-13 18:22:22.238 INFO  tests.BaseTest - URL after goToTeamDetails(): https://hackvyatharth.github.io/Vitalguard_Team_Vanguardians/#foot
2026-01-13 18:22:22.238 INFO  tests.BaseTest - PASS: 'gotoTeamDetails' assertion passed
2026-01-13 18:22:22.239 INFO  listeners.Listener1 - onTestSuccess -> gotoTeamDetails
2026-01-13 18:22:22.242 INFO  tests.BaseTest - Tearing down webdriver
2026-01-13 18:22:28.365 INFO  tests.BaseTest - WebDriver quit successfully
2026-01-13 18:22:28.370 INFO  listeners.Listener1 - onTestStart -> gotoAgeFactor
2026-01-13 18:22:28.370 INFO  tests.BaseTest - === Starting 'gotoAgeFactor' test ===
2026-01-13 18:22:28.370 INFO  pages.TeamDetails - Navigating to Age Factor from Team Details page...
2026-01-13 18:22:28.662 INFO  tests.BaseTest - WebDriver quit successfully
2026-01-13 18:22:28.667 INFO  listeners.Listener1 - onTestStart -> gotoTeamDetails
2026-01-13 18:22:28.667 INFO  t.BloodPressurePageValidationTest - Navigating to Team Details via BloodPressurePage.goToTeamDetails()...
2026-01-13 18:22:28.667 INFO  pages.BloodPressurePage - Navigating to Team Details from Blood Pressure page...
2026-01-13 18:22:28.795 INFO  pages.TopNavigation - Navigated to AgeFactor page
2026-01-13 18:22:28.795 INFO  pages.TeamDetails - Navigation to Age Factor complete.
2026-01-13 18:22:28.846 INFO  tests.BaseTest - Current URL after gotoAgeFactor(): https://hackvyatharth.github.io/Vitalguard_Team_Vanguardians/#ageFactor
2026-01-13 18:22:28.846 INFO  tests.BaseTest - PASS: 'gotoAgeFactor' assertion passed (URL contains '#ageFactor')
2026-01-13 18:22:28.846 INFO  tests.BaseTest - === Completed 'gotoAgeFactor' test ===
2026-01-13 18:22:28.847 INFO  listeners.Listener1 - onTestSuccess -> gotoAgeFactor
2026-01-13 18:22:28.851 INFO  tests.BaseTest - Tearing down webdriver
2026-01-13 18:22:29.009 INFO  pages.TopNavigation - Navigated to TeamDetails page
2026-01-13 18:22:29.011 INFO  pages.BloodPressurePage - Navigation to Team Details complete.
2026-01-13 18:22:29.025 INFO  t.BloodPressurePageValidationTest - URL after goToTeamDetails(): https://hackvyatharth.github.io/Vitalguard_Team_Vanguardians/#foot
2026-01-13 18:22:29.025 INFO  t.BloodPressurePageValidationTest - PASS: Team Details navigation assertion passed.
2026-01-13 18:22:29.025 INFO  listeners.Listener1 - onTestSuccess -> gotoTeamDetails
2026-01-13 18:22:29.029 INFO  tests.BaseTest - Tearing down webdriver
2026-01-13 18:22:34.765 INFO  tests.BaseTest - WebDriver quit successfully
2026-01-13 18:22:34.765 INFO  listeners.Listener1 - onTestStart -> isFeedbackBoxdisplayed
2026-01-13 18:22:34.765 INFO  tests.BaseTest - === Starting 'isFeedbackBoxdisplayed' test ===
2026-01-13 18:22:34.800 INFO  tests.BaseTest - WebDriver quit successfully
2026-01-13 18:22:34.814 INFO  listeners.Listener1 - onTestStart -> gotoTeamDetails
2026-01-13 18:22:34.814 INFO  tests.AgeFactorPageValidationTest - Navigating to Team Details via AgeFactorPage.goToTeamDetails()
2026-01-13 18:22:34.814 INFO  pages.AgeFactorPage - Navigating to Team Details from Age Factor page...
2026-01-13 18:22:34.849 INFO  pages.ResultPage - Feedback Box present:true
2026-01-13 18:22:34.917 INFO  tests.BaseTest - Feedback box present? true
2026-01-13 18:22:34.917 INFO  tests.BaseTest - PASS: Feedback box is present
2026-01-13 18:22:34.917 INFO  tests.BaseTest - === Completed 'isFeedbackBoxdisplayed' test ===
2026-01-13 18:22:34.917 INFO  listeners.Listener1 - onTestSuccess -> isFeedbackBoxdisplayed
2026-01-13 18:22:34.933 INFO  tests.BaseTest - Tearing down webdriver
2026-01-13 18:22:35.112 INFO  pages.TopNavigation - Navigated to TeamDetails page
2026-01-13 18:22:35.112 INFO  pages.AgeFactorPage - Navigation to Team Details complete.
2026-01-13 18:22:35.129 INFO  tests.AgeFactorPageValidationTest - PASS: Team Details navigation assertion passed
2026-01-13 18:22:35.130 INFO  listeners.Listener1 - onTestSuccess -> gotoTeamDetails
2026-01-13 18:22:35.135 INFO  tests.BaseTest - Tearing down webdriver
2026-01-13 18:22:39.732 INFO  tests.BaseTest - WebDriver quit successfully
2026-01-13 18:22:39.732 INFO  listeners.Listener1 - Flushing ExtentReports...
2026-01-13 18:22:39.816 INFO  tests.BaseTest - WebDriver quit successfully
2026-01-13 18:22:39.824 INFO  listeners.Listener1 - onTestStart -> gotoAgeFactor
2026-01-13 18:22:39.824 INFO  tests.BaseTest - === Starting 'gotoAgeFactor' test ===
2026-01-13 18:22:39.824 INFO  pages.TeamDetails - Navigating to Age Factor from Team Details page...
2026-01-13 18:22:40.074 INFO  pages.TopNavigation - Navigated to AgeFactor page
2026-01-13 18:22:40.074 INFO  pages.TeamDetails - Navigation to Age Factor complete.
2026-01-13 18:22:40.099 INFO  tests.BaseTest - Current URL after gotoAgeFactor(): https://hackvyatharth.github.io/Vitalguard_Team_Vanguardians/#ageFactor
2026-01-13 18:22:40.099 INFO  tests.BaseTest - PASS: 'gotoAgeFactor' assertion passed (URL contains '#ageFactor')
2026-01-13 18:22:40.099 INFO  tests.BaseTest - === Completed 'gotoAgeFactor' test ===
2026-01-13 18:22:40.100 INFO  listeners.Listener1 - onTestSuccess -> gotoAgeFactor
2026-01-13 18:22:40.106 INFO  tests.BaseTest - Tearing down webdriver
2026-01-13 18:22:40.417 INFO  listeners.Listener1 - ExtentReports flushed successfully
2026-01-13 18:22:40.417 INFO  listeners.Listener1 - Cleared testMap. Listener finished.
2026-01-13 18:22:44.530 INFO  tests.BaseTest - WebDriver quit successfully
2026-01-13 18:22:44.533 INFO  listeners.Listener1 - onTestStart -> isFeedbackBoxdisplayed
2026-01-13 18:22:44.533 INFO  tests.BaseTest - === Starting 'isFeedbackBoxdisplayed' test ===
2026-01-13 18:22:44.589 INFO  pages.ResultPage - Feedback Box present:true
2026-01-13 18:22:44.663 INFO  tests.BaseTest - Feedback box present? true
2026-01-13 18:22:44.663 INFO  tests.BaseTest - PASS: Feedback box is present
2026-01-13 18:22:44.663 INFO  tests.BaseTest - === Completed 'isFeedbackBoxdisplayed' test ===
2026-01-13 18:22:44.663 INFO  listeners.Listener1 - onTestSuccess -> isFeedbackBoxdisplayed
2026-01-13 18:22:44.669 INFO  tests.BaseTest - Tearing down webdriver
2026-01-13 18:22:48.898 INFO  tests.BaseTest - WebDriver quit successfully
2026-01-13 18:22:48.904 INFO  listeners.Listener1 - Flushing ExtentReports...
2026-01-13 18:22:48.999 INFO  listeners.Listener1 - ExtentReports flushed successfully
2026-01-13 18:22:48.999 INFO  listeners.Listener1 - Cleared testMap. Listener finished.
2026-01-13 18:27:00.645 INFO  org.testng.internal.Utils - [TestNG] Running:
  C:\Users\2457157\IdeaProjects\HealthIndexCalculator\project.xml

2026-01-13 18:27:00.673 INFO  listeners.Listener1 - Initializing ExtentReports. Report path: C:\Users\2457157\IdeaProjects\HealthIndexCalculator/reports/report5.html
2026-01-13 18:27:00.673 INFO  listeners.Listener1 - Initializing ExtentReports. Report path: C:\Users\2457157\IdeaProjects\HealthIndexCalculator/reports/report5.html
2026-01-13 18:27:00.840 INFO  listeners.Listener1 - System info set: Browser=chrome
2026-01-13 18:27:00.840 INFO  listeners.Listener1 - System info set: Browser=edge
2026-01-13 18:27:00.840 INFO  listeners.Listener1 - ExtentReports initialization complete
2026-01-13 18:27:00.840 INFO  listeners.Listener1 - ExtentReports initialization complete
2026-01-13 18:27:00.900 INFO  tests.BaseTest - Starting WebDriver and navigating to Home: https://hackvyatharth.github.io/Vitalguard_Team_Vanguardians/
2026-01-13 18:27:00.900 INFO  tests.BaseTest - Starting WebDriver and navigating to Home: https://hackvyatharth.github.io/Vitalguard_Team_Vanguardians/
2026-01-13 18:27:04.373 INFO  tests.BaseTest - chrome Browser started
2026-01-13 18:27:04.373 INFO  tests.BaseTest - edge Browser started
2026-01-13 18:27:04.800 INFO  tests.BaseTest - Initializing page objects: TopNavigation, HomePage
2026-01-13 18:27:04.900 INFO  tests.BaseTest - Setup completed for UrlValidationTest
2026-01-13 18:27:04.966 INFO  listeners.Listener1 - onTestStart -> isURLWorking
2026-01-13 18:27:04.977 INFO  tests.BaseTest - === Starting 'isURLWorking' test ===
2026-01-13 18:27:05.156 INFO  tests.BaseTest - Initializing page objects: TopNavigation, HomePage
2026-01-13 18:27:05.162 INFO  tests.BaseTest - Setup completed for UrlValidationTest
2026-01-13 18:27:05.174 INFO  listeners.Listener1 - onTestStart -> isURLWorking
2026-01-13 18:27:05.184 INFO  tests.BaseTest - === Starting 'isURLWorking' test ===
2026-01-13 18:27:05.238 INFO  pages.TopNavigation - Logo present:true
2026-01-13 18:27:05.291 INFO  pages.TopNavigation - Logo present:true
2026-01-13 18:27:05.306 INFO  pages.TopNavigation - Logo Text present:true
2026-01-13 18:27:05.339 INFO  pages.TopNavigation - Logo Text present:true
2026-01-13 18:27:05.359 INFO  pages.TopNavigation - Home field present:true
2026-01-13 18:27:05.388 INFO  pages.TopNavigation - Home field present:true
2026-01-13 18:27:05.396 INFO  pages.TopNavigation - HeartPulse field present:true
2026-01-13 18:27:05.423 INFO  pages.TopNavigation - BloodPressure field present:true
2026-01-13 18:27:05.438 INFO  pages.TopNavigation - HeartPulse field present:true
2026-01-13 18:27:05.460 INFO  pages.TopNavigation - AgeFactor field present:true
2026-01-13 18:27:05.471 INFO  pages.TopNavigation - BloodPressure field present:true
2026-01-13 18:27:05.504 INFO  pages.TopNavigation - AgeFactor field present:true
2026-01-13 18:27:05.534 INFO  pages.TopNavigation - TeamDetails field present:true
2026-01-13 18:27:05.555 INFO  pages.TopNavigation - TopNavigation bar present:true
2026-01-13 18:27:05.556 INFO  pages.HomePage - Waiting for left image to be visible...
2026-01-13 18:27:05.556 INFO  pages.TopNavigation - TeamDetails field present:true
2026-01-13 18:27:05.581 INFO  pages.TopNavigation - TopNavigation bar present:true
2026-01-13 18:27:05.581 INFO  pages.HomePage - Waiting for left image to be visible...
2026-01-13 18:27:05.604 INFO  pages.HomePage - Left image present: true
2026-01-13 18:27:05.604 INFO  pages.HomePage - Waiting for calculator form to be visible...
2026-01-13 18:27:05.631 INFO  pages.HomePage - Left image present: true
2026-01-13 18:27:05.631 INFO  pages.HomePage - Waiting for calculator form to be visible...
2026-01-13 18:27:05.653 INFO  pages.HomePage - Calculator form present: true
2026-01-13 18:27:05.653 INFO  tests.BaseTest - NavBar present? true
2026-01-13 18:27:05.653 INFO  tests.BaseTest - Left image present? true
2026-01-13 18:27:05.653 INFO  tests.BaseTest - Calculator present? true
2026-01-13 18:27:05.655 INFO  tests.BaseTest - PASS: Home page loaded successfully with all required elements
2026-01-13 18:27:05.655 INFO  tests.BaseTest - === Completed 'isURLWorking' test ===
2026-01-13 18:27:05.656 INFO  listeners.Listener1 - onTestSuccess -> isURLWorking
2026-01-13 18:27:05.681 INFO  pages.HomePage - Calculator form present: true
2026-01-13 18:27:05.681 INFO  tests.BaseTest - NavBar present? true
2026-01-13 18:27:05.681 INFO  tests.BaseTest - Left image present? true
2026-01-13 18:27:05.681 INFO  tests.BaseTest - Calculator present? true
2026-01-13 18:27:05.681 INFO  tests.BaseTest - PASS: Home page loaded successfully with all required elements
2026-01-13 18:27:05.681 INFO  tests.BaseTest - === Completed 'isURLWorking' test ===
2026-01-13 18:27:05.681 INFO  listeners.Listener1 - onTestSuccess -> isURLWorking
2026-01-13 18:27:05.756 INFO  tests.BaseTest - Tearing down webdriver
2026-01-13 18:27:05.756 INFO  tests.BaseTest - Tearing down webdriver
2026-01-13 18:27:08.383 INFO  tests.BaseTest - WebDriver quit successfully
2026-01-13 18:27:08.383 INFO  tests.BaseTest - Starting WebDriver and navigating to Home: https://hackvyatharth.github.io/Vitalguard_Team_Vanguardians/
2026-01-13 18:27:08.633 INFO  tests.BaseTest - WebDriver quit successfully
2026-01-13 18:27:08.634 INFO  tests.BaseTest - Starting WebDriver and navigating to Home: https://hackvyatharth.github.io/Vitalguard_Team_Vanguardians/
2026-01-13 18:27:10.670 INFO  tests.BaseTest - chrome Browser started
2026-01-13 18:27:11.461 INFO  tests.BaseTest - edge Browser started
2026-01-13 18:27:11.826 INFO  tests.HeartPulsePageValidationTest - Initializing HeartPulsePage and TopNavigation with driver ChromeDriver: chrome on windows (26c0e696875e2a5bb16b6babb21cc604)
2026-01-13 18:27:11.842 INFO  tests.HeartPulsePageValidationTest - Navigating to 'Heart Pulse' via top navigation
2026-01-13 18:27:11.880 INFO  tests.HeartPulsePageValidationTest - Initializing HeartPulsePage and TopNavigation with driver EdgeDriver: MicrosoftEdge on windows (ec164dbe18bc7b142fbbf65b8dbfd8bd)
2026-01-13 18:27:11.884 INFO  tests.HeartPulsePageValidationTest - Navigating to 'Heart Pulse' via top navigation
2026-01-13 18:27:12.083 INFO  pages.TopNavigation - Navigated to HeartPulse page
2026-01-13 18:27:12.091 INFO  pages.TopNavigation - Navigated to HeartPulse page
2026-01-13 18:27:12.100 INFO  tests.HeartPulsePageValidationTest - Arrived at Heart Pulse page. Current URL: https://hackvyatharth.github.io/Vitalguard_Team_Vanguardians/#pulseRate
2026-01-13 18:27:12.103 INFO  tests.HeartPulsePageValidationTest - Arrived at Heart Pulse page. Current URL: https://hackvyatharth.github.io/Vitalguard_Team_Vanguardians/#pulseRate
2026-01-13 18:27:12.118 INFO  listeners.Listener1 - onTestStart -> isHeadingPresent
2026-01-13 18:27:12.118 INFO  listeners.Listener1 - onTestStart -> isHeadingPresent
2026-01-13 18:27:12.119 INFO  tests.HeartPulsePageValidationTest - Checking Heart Pulse page heading presence
2026-01-13 18:27:12.119 INFO  pages.HeartPulsePage - Waiting for Heart Pulse heading to be visible...
2026-01-13 18:27:12.119 INFO  tests.HeartPulsePageValidationTest - Checking Heart Pulse page heading presence
2026-01-13 18:27:12.120 INFO  pages.HeartPulsePage - Waiting for Heart Pulse heading to be visible...
2026-01-13 18:27:12.245 INFO  pages.HeartPulsePage - Heading present: true
2026-01-13 18:27:12.245 INFO  tests.HeartPulsePageValidationTest - 'isHeadingPresent' assertion passed
2026-01-13 18:27:12.246 INFO  listeners.Listener1 - onTestSuccess -> isHeadingPresent
2026-01-13 18:27:12.258 INFO  listeners.Listener1 - onTestStart -> isTopNavPresent
2026-01-13 18:27:12.259 INFO  pages.HeartPulsePage - Heading present: true
2026-01-13 18:27:12.259 INFO  tests.HeartPulsePageValidationTest - 'isHeadingPresent' assertion passed
2026-01-13 18:27:12.260 INFO  listeners.Listener1 - onTestSuccess -> isHeadingPresent
2026-01-13 18:27:12.266 INFO  tests.HeartPulsePageValidationTest - Verifying top navigation presence on Heart Pulse page
2026-01-13 18:27:12.273 INFO  listeners.Listener1 - onTestStart -> isTopNavPresent
2026-01-13 18:27:12.277 INFO  tests.HeartPulsePageValidationTest - Verifying top navigation presence on Heart Pulse page
2026-01-13 18:27:12.337 INFO  pages.TopNavigation - Logo present:true
2026-01-13 18:27:12.343 INFO  pages.TopNavigation - Logo present:true
2026-01-13 18:27:12.388 INFO  pages.TopNavigation - Logo Text present:true
2026-01-13 18:27:12.396 INFO  pages.TopNavigation - Logo Text present:true
2026-01-13 18:27:12.444 INFO  pages.TopNavigation - Home field present:true
2026-01-13 18:27:12.454 INFO  pages.TopNavigation - Home field present:true
2026-01-13 18:27:12.479 INFO  pages.TopNavigation - HeartPulse field present:true
2026-01-13 18:27:12.481 INFO  pages.TopNavigation - HeartPulse field present:true
2026-01-13 18:27:12.511 INFO  pages.TopNavigation - BloodPressure field present:true
2026-01-13 18:27:12.515 INFO  pages.TopNavigation - BloodPressure field present:true
2026-01-13 18:27:12.549 INFO  pages.TopNavigation - AgeFactor field present:true
2026-01-13 18:27:12.555 INFO  pages.TopNavigation - AgeFactor field present:true
2026-01-13 18:27:12.617 INFO  pages.TopNavigation - TeamDetails field present:true
2026-01-13 18:27:12.642 INFO  pages.TopNavigation - TeamDetails field present:true
2026-01-13 18:27:12.642 INFO  pages.TopNavigation - TopNavigation bar present:true
2026-01-13 18:27:12.642 INFO  pages.HeartPulsePage - Top navigation present: true
2026-01-13 18:27:12.643 INFO  tests.HeartPulsePageValidationTest - 'isTopNavPresent' assertion passed
2026-01-13 18:27:12.644 INFO  listeners.Listener1 - onTestSuccess -> isTopNavPresent
2026-01-13 18:27:12.650 INFO  tests.BaseTest - Starting WebDriver and navigating to Home: https://hackvyatharth.github.io/Vitalguard_Team_Vanguardians/
2026-01-13 18:27:12.678 INFO  pages.TopNavigation - TopNavigation bar present:true
2026-01-13 18:27:12.678 INFO  pages.HeartPulsePage - Top navigation present: true
2026-01-13 18:27:12.678 INFO  tests.HeartPulsePageValidationTest - 'isTopNavPresent' assertion passed
2026-01-13 18:27:12.681 INFO  listeners.Listener1 - onTestSuccess -> isTopNavPresent
2026-01-13 18:27:12.689 INFO  tests.BaseTest - Starting WebDriver and navigating to Home: https://hackvyatharth.github.io/Vitalguard_Team_Vanguardians/
2026-01-13 18:27:14.916 INFO  tests.BaseTest - chrome Browser started
2026-01-13 18:27:15.385 INFO  tests.BaseTest - edge Browser started
2026-01-13 18:27:15.941 INFO  tests.BaseTest - Initializing HomePage and TopNavigation with driver
2026-01-13 18:27:15.947 INFO  tests.BaseTest - Navigating to Home page via TopNavigation.goToHome()
2026-01-13 18:27:16.064 INFO  tests.BaseTest - Initializing HomePage and TopNavigation with driver
2026-01-13 18:27:16.066 INFO  tests.BaseTest - Navigating to Home page via TopNavigation.goToHome()
2026-01-13 18:27:16.208 INFO  pages.TopNavigation - Navigated to Home page 
2026-01-13 18:27:16.234 INFO  tests.BaseTest - Arrived at Home page. Current URL: https://hackvyatharth.github.io/Vitalguard_Team_Vanguardians/#container
2026-01-13 18:27:16.252 INFO  listeners.Listener1 - onTestStart -> isTopNavPresent
2026-01-13 18:27:16.254 INFO  tests.BaseTest - === Starting 'isTopNavPresent' test ===
2026-01-13 18:27:16.304 INFO  pages.TopNavigation - Logo present:true
2026-01-13 18:27:16.332 INFO  pages.TopNavigation - Navigated to Home page 
2026-01-13 18:27:16.340 INFO  tests.BaseTest - Arrived at Home page. Current URL: https://hackvyatharth.github.io/Vitalguard_Team_Vanguardians/#container
2026-01-13 18:27:16.350 INFO  pages.TopNavigation - Logo Text present:true
2026-01-13 18:27:16.353 INFO  listeners.Listener1 - onTestStart -> isTopNavPresent
2026-01-13 18:27:16.353 INFO  tests.BaseTest - === Starting 'isTopNavPresent' test ===
2026-01-13 18:27:16.378 INFO  pages.TopNavigation - Home field present:true
2026-01-13 18:27:16.398 INFO  pages.TopNavigation - Logo present:true
2026-01-13 18:27:16.408 INFO  pages.TopNavigation - HeartPulse field present:true
2026-01-13 18:27:16.434 INFO  pages.TopNavigation - Logo Text present:true
2026-01-13 18:27:16.465 INFO  pages.TopNavigation - Home field present:true
2026-01-13 18:27:16.466 INFO  pages.TopNavigation - BloodPressure field present:true
2026-01-13 18:27:16.497 INFO  pages.TopNavigation - HeartPulse field present:true
2026-01-13 18:27:16.499 INFO  pages.TopNavigation - AgeFactor field present:true
2026-01-13 18:27:16.523 INFO  pages.TopNavigation - BloodPressure field present:true
2026-01-13 18:27:16.552 INFO  pages.TopNavigation - AgeFactor field present:true
2026-01-13 18:27:16.557 INFO  pages.TopNavigation - TeamDetails field present:true
2026-01-13 18:27:16.601 INFO  pages.TopNavigation - TopNavigation bar present:true
2026-01-13 18:27:16.601 INFO  pages.HomePage - Top navigation present: true
2026-01-13 18:27:16.601 INFO  tests.BaseTest - PASS: Top navigation is present
2026-01-13 18:27:16.601 INFO  tests.BaseTest - === Completed 'isTopNavPresent' test ===
2026-01-13 18:27:16.601 INFO  listeners.Listener1 - onTestSuccess -> isTopNavPresent
2026-01-13 18:27:16.605 INFO  pages.TopNavigation - TeamDetails field present:true
2026-01-13 18:27:16.609 INFO  listeners.Listener1 - onTestStart -> gotoHome
2026-01-13 18:27:16.612 INFO  tests.HeartPulsePageValidationTest - Navigating to Home from Heart Pulse page
2026-01-13 18:27:16.612 INFO  pages.HeartPulsePage - Navigating to Home from Heart Pulse page...
2026-01-13 18:27:16.628 INFO  pages.TopNavigation - TopNavigation bar present:true
2026-01-13 18:27:16.630 INFO  pages.HomePage - Top navigation present: true
2026-01-13 18:27:16.630 INFO  tests.BaseTest - PASS: Top navigation is present
2026-01-13 18:27:16.630 INFO  tests.BaseTest - === Completed 'isTopNavPresent' test ===
2026-01-13 18:27:16.630 INFO  listeners.Listener1 - onTestSuccess -> isTopNavPresent
2026-01-13 18:27:16.636 INFO  listeners.Listener1 - onTestStart -> gotoHome
2026-01-13 18:27:16.638 INFO  tests.HeartPulsePageValidationTest - Navigating to Home from Heart Pulse page
2026-01-13 18:27:16.638 INFO  pages.HeartPulsePage - Navigating to Home from Heart Pulse page...
2026-01-13 18:27:16.747 INFO  pages.TopNavigation - Navigated to Home page 
2026-01-13 18:27:16.748 INFO  pages.HeartPulsePage - Navigation to Home complete.
2026-01-13 18:27:16.757 INFO  tests.HeartPulsePageValidationTest - URL after goToHome(): https://hackvyatharth.github.io/Vitalguard_Team_Vanguardians/#container
2026-01-13 18:27:16.757 INFO  tests.HeartPulsePageValidationTest - 'gotoHome' assertion passed
2026-01-13 18:27:16.757 INFO  listeners.Listener1 - onTestSuccess -> gotoHome
2026-01-13 18:27:16.763 INFO  pages.TopNavigation - Navigated to Home page 
2026-01-13 18:27:16.763 INFO  pages.HeartPulsePage - Navigation to Home complete.
2026-01-13 18:27:16.763 INFO  tests.BaseTest - Starting WebDriver and navigating to Home: https://hackvyatharth.github.io/Vitalguard_Team_Vanguardians/
2026-01-13 18:27:16.774 INFO  tests.HeartPulsePageValidationTest - URL after goToHome(): https://hackvyatharth.github.io/Vitalguard_Team_Vanguardians/#container
2026-01-13 18:27:16.774 INFO  tests.HeartPulsePageValidationTest - 'gotoHome' assertion passed
2026-01-13 18:27:16.775 INFO  listeners.Listener1 - onTestSuccess -> gotoHome
2026-01-13 18:27:16.781 INFO  tests.BaseTest - Starting WebDriver and navigating to Home: https://hackvyatharth.github.io/Vitalguard_Team_Vanguardians/
2026-01-13 18:27:19.615 INFO  tests.BaseTest - chrome Browser started
2026-01-13 18:27:19.634 INFO  tests.BaseTest - edge Browser started
2026-01-13 18:27:20.087 INFO  t.BloodPressurePageValidationTest - Initializing BloodPressurePage and TopNavigation...
2026-01-13 18:27:20.103 INFO  t.BloodPressurePageValidationTest - Navigating to 'Blood Pressure' via top navigation...
2026-01-13 18:27:20.176 INFO  t.BloodPressurePageValidationTest - Initializing BloodPressurePage and TopNavigation...
2026-01-13 18:27:20.183 INFO  t.BloodPressurePageValidationTest - Navigating to 'Blood Pressure' via top navigation...
2026-01-13 18:27:20.391 INFO  pages.TopNavigation - Navigated to BloodPressure page
2026-01-13 18:27:20.405 INFO  t.BloodPressurePageValidationTest - Arrived at Blood Pressure page. Current URL: https://hackvyatharth.github.io/Vitalguard_Team_Vanguardians/#bloodPressure
2026-01-13 18:27:20.420 INFO  listeners.Listener1 - onTestStart -> isTopNavPresent
2026-01-13 18:27:20.421 INFO  t.BloodPressurePageValidationTest - === Starting 'isTopNavPresent' test ===
2026-01-13 18:27:20.454 INFO  pages.TopNavigation - Navigated to BloodPressure page
2026-01-13 18:27:20.475 INFO  t.BloodPressurePageValidationTest - Arrived at Blood Pressure page. Current URL: https://hackvyatharth.github.io/Vitalguard_Team_Vanguardians/#bloodPressure
2026-01-13 18:27:20.485 INFO  pages.TopNavigation - Logo present:true
2026-01-13 18:27:20.499 INFO  listeners.Listener1 - onTestStart -> isTopNavPresent
2026-01-13 18:27:20.499 INFO  t.BloodPressurePageValidationTest - === Starting 'isTopNavPresent' test ===
2026-01-13 18:27:20.530 INFO  pages.TopNavigation - Logo Text present:true
2026-01-13 18:27:20.553 INFO  pages.TopNavigation - Logo present:true
2026-01-13 18:27:20.566 INFO  pages.TopNavigation - Home field present:true
2026-01-13 18:27:20.587 INFO  pages.TopNavigation - Logo Text present:true
2026-01-13 18:27:20.598 INFO  pages.TopNavigation - HeartPulse field present:true
2026-01-13 18:27:20.620 INFO  pages.TopNavigation - BloodPressure field present:true
2026-01-13 18:27:20.622 INFO  pages.TopNavigation - Home field present:true
2026-01-13 18:27:20.652 INFO  pages.TopNavigation - AgeFactor field present:true
2026-01-13 18:27:20.661 INFO  pages.TopNavigation - HeartPulse field present:true
2026-01-13 18:27:20.690 INFO  pages.TopNavigation - BloodPressure field present:true
2026-01-13 18:27:20.715 INFO  pages.TopNavigation - TeamDetails field present:true
2026-01-13 18:27:20.738 INFO  pages.TopNavigation - AgeFactor field present:true
2026-01-13 18:27:20.749 INFO  pages.TopNavigation - TopNavigation bar present:true
2026-01-13 18:27:20.749 INFO  pages.BloodPressurePage - Top navigation present: true
2026-01-13 18:27:20.752 INFO  t.BloodPressurePageValidationTest - PASS: Top navigation presence assertion passed.
2026-01-13 18:27:20.752 INFO  t.BloodPressurePageValidationTest - === Completed 'isTopNavPresent' test ===
2026-01-13 18:27:20.752 INFO  listeners.Listener1 - onTestSuccess -> isTopNavPresent
2026-01-13 18:27:20.756 INFO  tests.BaseTest - Starting WebDriver and navigating to Home: https://hackvyatharth.github.io/Vitalguard_Team_Vanguardians/
2026-01-13 18:27:20.810 INFO  pages.TopNavigation - TeamDetails field present:true
2026-01-13 18:27:20.841 INFO  pages.TopNavigation - TopNavigation bar present:true
2026-01-13 18:27:20.841 INFO  pages.BloodPressurePage - Top navigation present: true
2026-01-13 18:27:20.841 INFO  t.BloodPressurePageValidationTest - PASS: Top navigation presence assertion passed.
2026-01-13 18:27:20.841 INFO  t.BloodPressurePageValidationTest - === Completed 'isTopNavPresent' test ===
2026-01-13 18:27:20.841 INFO  listeners.Listener1 - onTestSuccess -> isTopNavPresent
2026-01-13 18:27:20.848 INFO  tests.BaseTest - Starting WebDriver and navigating to Home: https://hackvyatharth.github.io/Vitalguard_Team_Vanguardians/
2026-01-13 18:27:23.798 INFO  tests.BaseTest - chrome Browser started
2026-01-13 18:27:24.105 INFO  tests.AgeFactorPageValidationTest - Initializing AgeFactorPage and TopNavigation for driver: ChromeDriver: chrome on windows (25ea7fb123e3e54298566b26c226620b)
2026-01-13 18:27:24.116 INFO  tests.AgeFactorPageValidationTest - Navigating to 'Age Factor' via top navigation
2026-01-13 18:27:24.338 INFO  tests.BaseTest - edge Browser started
2026-01-13 18:27:24.808 INFO  pages.TopNavigation - Navigated to AgeFactor page
2026-01-13 18:27:24.812 INFO  tests.AgeFactorPageValidationTest - Arrived at Age factor page
2026-01-13 18:27:24.919 INFO  listeners.Listener1 - onTestStart -> isTopNavPresent
2026-01-13 18:27:24.920 INFO  tests.AgeFactorPageValidationTest - Verifying top navigation presence on Age Factor page
2026-01-13 18:27:25.035 INFO  tests.AgeFactorPageValidationTest - Initializing AgeFactorPage and TopNavigation for driver: EdgeDriver: MicrosoftEdge on windows (1399c260218f126692929ebf1a0af937)
2026-01-13 18:27:25.049 INFO  tests.AgeFactorPageValidationTest - Navigating to 'Age Factor' via top navigation
2026-01-13 18:27:25.081 INFO  pages.TopNavigation - Logo present:true
2026-01-13 18:27:25.179 INFO  pages.TopNavigation - Logo Text present:true
2026-01-13 18:27:25.220 INFO  pages.TopNavigation - Home field present:true
2026-01-13 18:27:25.264 INFO  pages.TopNavigation - HeartPulse field present:true
2026-01-13 18:27:25.305 INFO  pages.TopNavigation - BloodPressure field present:true
2026-01-13 18:27:25.339 INFO  pages.TopNavigation - AgeFactor field present:true
2026-01-13 18:27:25.420 INFO  pages.TopNavigation - TeamDetails field present:true
2026-01-13 18:27:25.488 INFO  pages.TopNavigation - Navigated to AgeFactor page
2026-01-13 18:27:25.488 INFO  tests.AgeFactorPageValidationTest - Arrived at Age factor page
2026-01-13 18:27:25.503 INFO  pages.TopNavigation - TopNavigation bar present:true
2026-01-13 18:27:25.503 INFO  pages.AgeFactorPage - Top navigation present: true
2026-01-13 18:27:25.503 INFO  tests.AgeFactorPageValidationTest - PASS: Top navigation presence assertion passed
2026-01-13 18:27:25.503 INFO  listeners.Listener1 - onTestSuccess -> isTopNavPresent
2026-01-13 18:27:25.517 INFO  tests.BaseTest - Starting WebDriver and navigating to Home: https://hackvyatharth.github.io/Vitalguard_Team_Vanguardians/
2026-01-13 18:27:25.529 INFO  listeners.Listener1 - onTestStart -> isTopNavPresent
2026-01-13 18:27:25.531 INFO  tests.AgeFactorPageValidationTest - Verifying top navigation presence on Age Factor page
2026-01-13 18:27:25.572 INFO  pages.TopNavigation - Logo present:true
2026-01-13 18:27:25.635 INFO  pages.TopNavigation - Logo Text present:true
2026-01-13 18:27:25.701 INFO  pages.TopNavigation - Home field present:true
2026-01-13 18:27:25.835 INFO  pages.TopNavigation - HeartPulse field present:true
2026-01-13 18:27:25.957 INFO  pages.TopNavigation - BloodPressure field present:true
2026-01-13 18:27:26.019 INFO  pages.TopNavigation - AgeFactor field present:true
2026-01-13 18:27:26.125 INFO  pages.TopNavigation - TeamDetails field present:true
2026-01-13 18:27:26.169 INFO  pages.TopNavigation - TopNavigation bar present:true
2026-01-13 18:27:26.169 INFO  pages.AgeFactorPage - Top navigation present: true
2026-01-13 18:27:26.169 INFO  tests.AgeFactorPageValidationTest - PASS: Top navigation presence assertion passed
2026-01-13 18:27:26.169 INFO  listeners.Listener1 - onTestSuccess -> isTopNavPresent
2026-01-13 18:27:26.175 INFO  tests.BaseTest - Starting WebDriver and navigating to Home: https://hackvyatharth.github.io/Vitalguard_Team_Vanguardians/
2026-01-13 18:27:29.519 INFO  tests.BaseTest - chrome Browser started
2026-01-13 18:27:30.122 INFO  tests.BaseTest - Initializing page objects: TeamDetails, TopNavigation
2026-01-13 18:27:30.134 INFO  tests.BaseTest - Navigating to Team Details page via TopNavigation
2026-01-13 18:27:30.707 INFO  pages.TopNavigation - Navigated to TeamDetails page
2026-01-13 18:27:30.707 INFO  tests.BaseTest - Setup completed for TeamDetailsPageValidationTest
2026-01-13 18:27:30.748 INFO  listeners.Listener1 - onTestStart -> isTopNavPresent
2026-01-13 18:27:30.748 INFO  tests.BaseTest - === Starting 'isTopNavPresent' test ===
2026-01-13 18:27:31.191 INFO  pages.TopNavigation - Logo present:true
2026-01-13 18:27:31.654 INFO  pages.TopNavigation - Logo Text present:true
2026-01-13 18:27:31.934 INFO  tests.BaseTest - edge Browser started
2026-01-13 18:27:31.980 INFO  pages.TopNavigation - Home field present:true
2026-01-13 18:27:32.207 INFO  pages.TopNavigation - HeartPulse field present:true
2026-01-13 18:27:32.449 INFO  tests.BaseTest - Initializing page objects: TeamDetails, TopNavigation
2026-01-13 18:27:32.455 INFO  tests.BaseTest - Navigating to Team Details page via TopNavigation
2026-01-13 18:27:32.488 INFO  pages.TopNavigation - BloodPressure field present:true
2026-01-13 18:27:32.735 INFO  pages.TopNavigation - AgeFactor field present:true
2026-01-13 18:27:33.271 INFO  pages.TopNavigation - Navigated to TeamDetails page
2026-01-13 18:27:33.271 INFO  tests.BaseTest - Setup completed for TeamDetailsPageValidationTest
2026-01-13 18:27:33.272 INFO  listeners.Listener1 - onTestStart -> isTopNavPresent
2026-01-13 18:27:33.282 INFO  tests.BaseTest - === Starting 'isTopNavPresent' test ===
2026-01-13 18:27:33.315 INFO  pages.TopNavigation - TeamDetails field present:true
2026-01-13 18:27:33.422 INFO  pages.TopNavigation - Logo present:true
2026-01-13 18:27:33.553 INFO  pages.TopNavigation - TopNavigation bar present:true
2026-01-13 18:27:33.553 INFO  pages.TeamDetails - Top navigation present: true
2026-01-13 18:27:33.553 INFO  tests.BaseTest - Top navigation present? true
2026-01-13 18:27:33.553 INFO  tests.BaseTest - PASS: Top navigation is present
2026-01-13 18:27:33.553 INFO  tests.BaseTest - === Completed 'isTopNavPresent' test ===
2026-01-13 18:27:33.553 INFO  listeners.Listener1 - onTestSuccess -> isTopNavPresent
2026-01-13 18:27:33.566 INFO  tests.BaseTest - Starting WebDriver and navigating to Home: https://hackvyatharth.github.io/Vitalguard_Team_Vanguardians/
2026-01-13 18:27:33.579 INFO  pages.TopNavigation - Logo Text present:true
2026-01-13 18:27:33.698 INFO  pages.TopNavigation - Home field present:true
2026-01-13 18:27:33.799 INFO  pages.TopNavigation - HeartPulse field present:true
2026-01-13 18:27:33.935 INFO  pages.TopNavigation - BloodPressure field present:true
2026-01-13 18:27:34.050 INFO  pages.TopNavigation - AgeFactor field present:true
2026-01-13 18:27:34.365 INFO  pages.TopNavigation - TeamDetails field present:true
2026-01-13 18:27:34.487 INFO  pages.TopNavigation - TopNavigation bar present:true
2026-01-13 18:27:34.487 INFO  pages.TeamDetails - Top navigation present: true
2026-01-13 18:27:34.487 INFO  tests.BaseTest - Top navigation present? true
2026-01-13 18:27:34.487 INFO  tests.BaseTest - PASS: Top navigation is present
2026-01-13 18:27:34.487 INFO  tests.BaseTest - === Completed 'isTopNavPresent' test ===
2026-01-13 18:27:34.487 INFO  listeners.Listener1 - onTestSuccess -> isTopNavPresent
2026-01-13 18:27:34.498 INFO  tests.BaseTest - Starting WebDriver and navigating to Home: https://hackvyatharth.github.io/Vitalguard_Team_Vanguardians/
2026-01-13 18:27:37.639 INFO  tests.BaseTest - chrome Browser started
2026-01-13 18:27:38.348 INFO  tests.BaseTest - Initializing CalculatorForm, ExcelDataManager, TopNavigation
2026-01-13 18:27:39.707 INFO  tests.BaseTest - Setup complete for CalculatorFunctionalityTest
2026-01-13 18:27:39.739 INFO  listeners.Listener1 - onTestStart -> isFormHeadingPresent
2026-01-13 18:27:39.754 INFO  tests.BaseTest - Verifying form heading presence
2026-01-13 18:27:39.754 INFO  pages.CalculatorForm - Waiting for form heading to be visible...
2026-01-13 18:27:40.122 INFO  tests.BaseTest - edge Browser started
2026-01-13 18:27:40.520 INFO  pages.CalculatorForm - Form heading present: true
2026-01-13 18:27:40.520 INFO  tests.BaseTest - Form Heading assertion passed
2026-01-13 18:27:40.520 INFO  listeners.Listener1 - onTestSuccess -> isFormHeadingPresent
2026-01-13 18:27:40.533 INFO  tests.BaseTest - Starting WebDriver and navigating to Home: https://hackvyatharth.github.io/Vitalguard_Team_Vanguardians/
2026-01-13 18:27:40.768 INFO  tests.BaseTest - Initializing CalculatorForm, ExcelDataManager, TopNavigation
2026-01-13 18:27:40.768 INFO  tests.BaseTest - Setup complete for CalculatorFunctionalityTest
2026-01-13 18:27:40.783 INFO  listeners.Listener1 - onTestStart -> isFormHeadingPresent
2026-01-13 18:27:40.785 INFO  tests.BaseTest - Verifying form heading presence
2026-01-13 18:27:40.785 INFO  pages.CalculatorForm - Waiting for form heading to be visible...
2026-01-13 18:27:40.948 INFO  pages.CalculatorForm - Form heading present: true
2026-01-13 18:27:40.948 INFO  tests.BaseTest - Form Heading assertion passed
2026-01-13 18:27:40.948 INFO  listeners.Listener1 - onTestSuccess -> isFormHeadingPresent
2026-01-13 18:27:40.957 INFO  tests.BaseTest - Starting WebDriver and navigating to Home: https://hackvyatharth.github.io/Vitalguard_Team_Vanguardians/
2026-01-13 18:28:15.937 INFO  org.testng.internal.Utils - [TestNG] Running:
  C:\Users\2457157\IdeaProjects\HealthIndexCalculator\project.xml

2026-01-13 18:28:15.992 INFO  listeners.Listener1 - Initializing ExtentReports. Report path: C:\Users\2457157\IdeaProjects\HealthIndexCalculator/reports/report5.html
2026-01-13 18:28:16.321 INFO  listeners.Listener1 - System info set: Browser=chrome
2026-01-13 18:28:16.323 INFO  listeners.Listener1 - ExtentReports initialization complete
2026-01-13 18:28:16.408 INFO  tests.BaseTest - Starting WebDriver and navigating to Home: https://hackvyatharth.github.io/Vitalguard_Team_Vanguardians/
2026-01-13 18:28:21.679 INFO  tests.BaseTest - chrome Browser started
2026-01-13 18:28:22.290 INFO  tests.BaseTest - Initializing page objects: TopNavigation, HomePage
2026-01-13 18:28:22.590 INFO  tests.BaseTest - Setup completed for UrlValidationTest
2026-01-13 18:28:22.814 INFO  listeners.Listener1 - onTestStart -> isURLWorking
2026-01-13 18:28:22.847 INFO  tests.BaseTest - === Starting 'isURLWorking' test ===
2026-01-13 18:28:22.952 INFO  pages.TopNavigation - Logo present:true
2026-01-13 18:28:23.097 INFO  pages.TopNavigation - Logo Text present:true
2026-01-13 18:28:23.217 INFO  pages.TopNavigation - Home field present:true
2026-01-13 18:28:23.353 INFO  pages.TopNavigation - HeartPulse field present:true
2026-01-13 18:28:23.486 INFO  pages.TopNavigation - BloodPressure field present:true
2026-01-13 18:28:23.599 INFO  pages.TopNavigation - AgeFactor field present:true
2026-01-13 18:28:23.791 INFO  pages.TopNavigation - TeamDetails field present:true
2026-01-13 18:28:23.830 INFO  pages.TopNavigation - TopNavigation bar present:true
2026-01-13 18:28:23.830 INFO  pages.HomePage - Waiting for left image to be visible...
2026-01-13 18:28:23.938 INFO  pages.HomePage - Left image present: true
2026-01-13 18:28:23.938 INFO  pages.HomePage - Waiting for calculator form to be visible...
2026-01-13 18:28:24.103 INFO  pages.HomePage - Calculator form present: true
2026-01-13 18:28:24.103 INFO  tests.BaseTest - NavBar present? true
2026-01-13 18:28:24.103 INFO  tests.BaseTest - Left image present? true
2026-01-13 18:28:24.103 INFO  tests.BaseTest - Calculator present? true
2026-01-13 18:28:24.105 INFO  tests.BaseTest - PASS: Home page loaded successfully with all required elements
2026-01-13 18:28:24.105 INFO  tests.BaseTest - === Completed 'isURLWorking' test ===
2026-01-13 18:28:24.114 INFO  listeners.Listener1 - onTestSuccess -> isURLWorking
2026-01-13 18:28:24.391 INFO  tests.BaseTest - Tearing down webdriver
2026-01-13 18:28:38.503 INFO  tests.BaseTest - WebDriver quit successfully
2026-01-13 18:28:38.507 INFO  tests.BaseTest - Starting WebDriver and navigating to Home: https://hackvyatharth.github.io/Vitalguard_Team_Vanguardians/
2026-01-13 18:28:41.156 INFO  tests.BaseTest - chrome Browser started
2026-01-13 18:28:41.599 INFO  tests.HeartPulsePageValidationTest - Initializing HeartPulsePage and TopNavigation with driver ChromeDriver: chrome on windows (db1d4d983f94c3640b3b90a4b67a5780)
2026-01-13 18:28:41.605 INFO  tests.HeartPulsePageValidationTest - Navigating to 'Heart Pulse' via top navigation
2026-01-13 18:28:41.850 INFO  pages.TopNavigation - Navigated to HeartPulse page
2026-01-13 18:28:41.867 INFO  tests.HeartPulsePageValidationTest - Arrived at Heart Pulse page. Current URL: https://hackvyatharth.github.io/Vitalguard_Team_Vanguardians/#pulseRate
2026-01-13 18:28:41.936 INFO  listeners.Listener1 - onTestStart -> isHeadingPresent
2026-01-13 18:28:41.938 INFO  tests.HeartPulsePageValidationTest - Checking Heart Pulse page heading presence
2026-01-13 18:28:41.938 INFO  pages.HeartPulsePage - Waiting for Heart Pulse heading to be visible...
2026-01-13 18:28:42.035 INFO  pages.HeartPulsePage - Heading present: true
2026-01-13 18:28:42.036 INFO  tests.HeartPulsePageValidationTest - 'isHeadingPresent' assertion passed
2026-01-13 18:28:42.036 INFO  listeners.Listener1 - onTestSuccess -> isHeadingPresent
2026-01-13 18:28:42.049 INFO  listeners.Listener1 - onTestStart -> isTopNavPresent
2026-01-13 18:28:42.051 INFO  tests.HeartPulsePageValidationTest - Verifying top navigation presence on Heart Pulse page
2026-01-13 18:28:42.082 INFO  pages.TopNavigation - Logo present:true
2026-01-13 18:28:42.115 INFO  pages.TopNavigation - Logo Text present:true
2026-01-13 18:28:42.149 INFO  pages.TopNavigation - Home field present:true
2026-01-13 18:28:42.182 INFO  pages.TopNavigation - HeartPulse field present:true
2026-01-13 18:28:42.213 INFO  pages.TopNavigation - BloodPressure field present:true
2026-01-13 18:28:42.254 INFO  pages.TopNavigation - AgeFactor field present:true
2026-01-13 18:28:42.333 INFO  pages.TopNavigation - TeamDetails field present:true
2026-01-13 18:28:42.365 INFO  pages.TopNavigation - TopNavigation bar present:true
2026-01-13 18:28:42.365 INFO  pages.HeartPulsePage - Top navigation present: true
2026-01-13 18:28:42.365 INFO  tests.HeartPulsePageValidationTest - 'isTopNavPresent' assertion passed
2026-01-13 18:28:42.367 INFO  listeners.Listener1 - onTestSuccess -> isTopNavPresent
2026-01-13 18:28:42.371 INFO  tests.BaseTest - Starting WebDriver and navigating to Home: https://hackvyatharth.github.io/Vitalguard_Team_Vanguardians/
2026-01-13 18:28:45.567 INFO  tests.BaseTest - chrome Browser started
2026-01-13 18:28:46.085 INFO  tests.BaseTest - Initializing HomePage and TopNavigation with driver
2026-01-13 18:28:46.088 INFO  tests.BaseTest - Navigating to Home page via TopNavigation.goToHome()
2026-01-13 18:28:46.503 INFO  pages.TopNavigation - Navigated to Home page 
2026-01-13 18:28:46.589 INFO  tests.BaseTest - Arrived at Home page. Current URL: https://hackvyatharth.github.io/Vitalguard_Team_Vanguardians/#container
2026-01-13 18:28:46.606 INFO  listeners.Listener1 - onTestStart -> isTopNavPresent
2026-01-13 18:28:46.615 INFO  tests.BaseTest - === Starting 'isTopNavPresent' test ===
2026-01-13 18:28:46.655 INFO  pages.TopNavigation - Logo present:true
2026-01-13 18:28:46.702 INFO  pages.TopNavigation - Logo Text present:true
2026-01-13 18:28:46.735 INFO  pages.TopNavigation - Home field present:true
2026-01-13 18:28:46.770 INFO  pages.TopNavigation - HeartPulse field present:true
2026-01-13 18:28:46.807 INFO  pages.TopNavigation - BloodPressure field present:true
2026-01-13 18:28:46.851 INFO  pages.TopNavigation - AgeFactor field present:true
2026-01-13 18:28:46.918 INFO  pages.TopNavigation - TeamDetails field present:true
2026-01-13 18:28:46.957 INFO  pages.TopNavigation - TopNavigation bar present:true
2026-01-13 18:28:46.964 INFO  pages.HomePage - Top navigation present: true
2026-01-13 18:28:46.966 INFO  tests.BaseTest - PASS: Top navigation is present
2026-01-13 18:28:46.966 INFO  tests.BaseTest - === Completed 'isTopNavPresent' test ===
2026-01-13 18:28:46.966 INFO  listeners.Listener1 - onTestSuccess -> isTopNavPresent
2026-01-13 18:28:46.987 INFO  listeners.Listener1 - onTestStart -> gotoHome
2026-01-13 18:28:46.987 INFO  tests.HeartPulsePageValidationTest - Navigating to Home from Heart Pulse page
2026-01-13 18:28:46.987 INFO  pages.HeartPulsePage - Navigating to Home from Heart Pulse page...
2026-01-13 18:28:47.201 INFO  pages.TopNavigation - Navigated to Home page 
2026-01-13 18:28:47.201 INFO  pages.HeartPulsePage - Navigation to Home complete.
2026-01-13 18:28:47.221 INFO  tests.HeartPulsePageValidationTest - URL after goToHome(): https://hackvyatharth.github.io/Vitalguard_Team_Vanguardians/#container
2026-01-13 18:28:47.221 INFO  tests.HeartPulsePageValidationTest - 'gotoHome' assertion passed
2026-01-13 18:28:47.221 INFO  listeners.Listener1 - onTestSuccess -> gotoHome
2026-01-13 18:28:47.231 INFO  tests.BaseTest - Starting WebDriver and navigating to Home: https://hackvyatharth.github.io/Vitalguard_Team_Vanguardians/
2026-01-13 18:28:50.466 INFO  tests.BaseTest - chrome Browser started
2026-01-13 18:28:50.933 INFO  t.BloodPressurePageValidationTest - Initializing BloodPressurePage and TopNavigation...
2026-01-13 18:28:50.939 INFO  t.BloodPressurePageValidationTest - Navigating to 'Blood Pressure' via top navigation...
2026-01-13 18:28:51.367 INFO  pages.TopNavigation - Navigated to BloodPressure page
2026-01-13 18:28:51.374 INFO  t.BloodPressurePageValidationTest - Arrived at Blood Pressure page. Current URL: https://hackvyatharth.github.io/Vitalguard_Team_Vanguardians/#bloodPressure
2026-01-13 18:28:51.402 INFO  listeners.Listener1 - onTestStart -> isTopNavPresent
2026-01-13 18:28:51.403 INFO  t.BloodPressurePageValidationTest - === Starting 'isTopNavPresent' test ===
2026-01-13 18:28:51.450 INFO  pages.TopNavigation - Logo present:true
2026-01-13 18:28:51.490 INFO  pages.TopNavigation - Logo Text present:true
2026-01-13 18:28:51.551 INFO  pages.TopNavigation - Home field present:true
2026-01-13 18:28:51.588 INFO  pages.TopNavigation - HeartPulse field present:true
2026-01-13 18:28:51.621 INFO  pages.TopNavigation - BloodPressure field present:true
2026-01-13 18:28:51.656 INFO  pages.TopNavigation - AgeFactor field present:true
2026-01-13 18:28:51.786 INFO  pages.TopNavigation - TeamDetails field present:true
2026-01-13 18:28:51.832 INFO  pages.TopNavigation - TopNavigation bar present:true
2026-01-13 18:28:51.832 INFO  pages.BloodPressurePage - Top navigation present: true
2026-01-13 18:28:51.835 INFO  t.BloodPressurePageValidationTest - PASS: Top navigation presence assertion passed.
2026-01-13 18:28:51.835 INFO  t.BloodPressurePageValidationTest - === Completed 'isTopNavPresent' test ===
2026-01-13 18:28:51.835 INFO  listeners.Listener1 - onTestSuccess -> isTopNavPresent
2026-01-13 18:28:51.848 INFO  tests.BaseTest - Starting WebDriver and navigating to Home: https://hackvyatharth.github.io/Vitalguard_Team_Vanguardians/
2026-01-13 18:28:57.358 INFO  tests.BaseTest - chrome Browser started
2026-01-13 18:28:57.971 INFO  tests.AgeFactorPageValidationTest - Initializing AgeFactorPage and TopNavigation for driver: ChromeDriver: chrome on windows (021ced8348ed56d53f1efb848b1004ba)
2026-01-13 18:28:57.987 INFO  tests.AgeFactorPageValidationTest - Navigating to 'Age Factor' via top navigation
2026-01-13 18:28:58.734 INFO  pages.TopNavigation - Navigated to AgeFactor page
2026-01-13 18:28:58.736 INFO  tests.AgeFactorPageValidationTest - Arrived at Age factor page
2026-01-13 18:28:58.821 INFO  listeners.Listener1 - onTestStart -> isTopNavPresent
2026-01-13 18:28:58.833 INFO  tests.AgeFactorPageValidationTest - Verifying top navigation presence on Age Factor page
2026-01-13 18:28:58.983 INFO  pages.TopNavigation - Logo present:true
2026-01-13 18:30:15.656 INFO  org.testng.internal.Utils - [TestNG] Running:
  C:\Users\2457157\IdeaProjects\HealthIndexCalculator\project.xml

2026-01-13 18:30:15.696 INFO  listeners.Listener1 - Initializing ExtentReports. Report path: C:\Users\2457157\IdeaProjects\HealthIndexCalculator/reports/report5.html
2026-01-13 18:30:15.951 INFO  listeners.Listener1 - System info set: Browser=chrome
2026-01-13 18:30:15.951 INFO  listeners.Listener1 - ExtentReports initialization complete
2026-01-13 18:30:15.971 INFO  tests.AgeFactorPageValidationTest - Initializing AgeFactorPage and TopNavigation for driver: null
2026-01-13 18:30:16.023 INFO  tests.AgeFactorPageValidationTest - Navigating to 'Age Factor' via top navigation
2026-01-13 18:30:16.232 INFO  tests.BaseTest - Starting WebDriver and navigating to Home: https://hackvyatharth.github.io/Vitalguard_Team_Vanguardians/
2026-01-13 18:30:19.953 INFO  tests.BaseTest - chrome Browser started
2026-01-13 18:30:20.385 INFO  listeners.Listener1 - onTestStart -> isURLWorking
2026-01-13 18:30:20.421 WARN  listeners.Listener1 - onTestSkipped -> isURLWorking
java.lang.NullPointerException: Cannot invoke "org.openqa.selenium.SearchContext.findElement(org.openqa.selenium.By)" because "this.searchContext" is null
	at org.openqa.selenium.support.pagefactory.DefaultElementLocator.findElement(DefaultElementLocator.java:68)
	at org.openqa.selenium.support.pagefactory.internal.LocatingElementHandler.invoke(LocatingElementHandler.java:38)
	at jdk.proxy2/jdk.proxy2.$Proxy16.click(Unknown Source)
	at pages.TopNavigation.goToAgeFactor(TopNavigation.java:86)
	at tests.AgeFactorPageValidationTest.setup(AgeFactorPageValidationTest.java:30)
	at java.base/jdk.internal.reflect.DirectMethodHandleAccessor.invoke(DirectMethodHandleAccessor.java:103)
	at java.base/java.lang.reflect.Method.invoke(Method.java:580)
	at org.testng.internal.invokers.MethodInvocationHelper.invokeMethod(MethodInvocationHelper.java:141)
	at org.testng.internal.invokers.MethodInvocationHelper.invokeMethodConsideringTimeout(MethodInvocationHelper.java:71)
	at org.testng.internal.invokers.ConfigInvoker.invokeConfigurationMethod(ConfigInvoker.java:400)
	at org.testng.internal.invokers.ConfigInvoker.invokeConfigurations(ConfigInvoker.java:333)
	at org.testng.TestRunner.invokeTestConfigurations(TestRunner.java:657)
	at org.testng.TestRunner.beforeRun(TestRunner.java:646)
	at org.testng.TestRunner.run(TestRunner.java:612)
	at org.testng.SuiteRunner.runTest(SuiteRunner.java:421)
	at org.testng.SuiteRunner$SuiteWorker.run(SuiteRunner.java:463)
	at org.testng.internal.thread.ThreadUtil.lambda$execute$0(ThreadUtil.java:64)
	at java.base/java.util.concurrent.FutureTask.run$$$capture(FutureTask.java:317)
	at java.base/java.util.concurrent.FutureTask.run(FutureTask.java)
	at java.base/java.util.concurrent.ThreadPoolExecutor.runWorker(ThreadPoolExecutor.java:1144)
	at java.base/java.util.concurrent.ThreadPoolExecutor$Worker.run(ThreadPoolExecutor.java:642)
	at java.base/java.lang.Thread.run(Thread.java:1583)
2026-01-13 18:30:20.467 INFO  tests.BaseTest - Tearing down webdriver
2026-01-13 18:30:24.656 INFO  tests.BaseTest - WebDriver quit successfully
2026-01-13 18:30:24.661 INFO  tests.BaseTest - Starting WebDriver and navigating to Home: https://hackvyatharth.github.io/Vitalguard_Team_Vanguardians/
2026-01-13 18:30:59.712 INFO  org.testng.internal.Utils - [TestNG] Running:
  C:\Users\2457157\AppData\Local\JetBrains\IdeaIC2025.2\temp-testng-customsuite.xml

2026-01-13 18:31:00.068 INFO  tests.BaseTest - Tearing down webdriver
