2026-01-18 15:08:56.362 INFO  org.testng.internal.Utils - [TestNG] Running:
  C:\Users\2457157\IdeaProjects\HealthIndexCalculator\project.xml

2026-01-18 15:08:56.602 ERROR io.qameta.allure.AllureLifecycle - Could not update test container: container with uuid d7e25994-84f8-475c-86d7-b18501a6c249 not found
2026-01-18 15:08:56.887 INFO  listeners.Listener1 - Initializing ExtentReports. Report path: C:\Users\2457157\IdeaProjects\HealthIndexCalculator/reports/file
2026-01-18 15:08:56.887 INFO  listeners.Listener1 - Initializing ExtentReports. Report path: C:\Users\2457157\IdeaProjects\HealthIndexCalculator/reports/file
2026-01-18 15:08:57.682 INFO  listeners.Listener1 - System info set: Browser=chrome
2026-01-18 15:08:57.682 INFO  listeners.Listener1 - System info set: Browser=edge
2026-01-18 15:08:57.682 INFO  listeners.Listener1 - ExtentReports initialization complete
2026-01-18 15:08:57.682 INFO  listeners.Listener1 - ExtentReports initialization complete
2026-01-18 15:08:57.884 INFO  listeners.Listener1 - onTestStart -> isURLWorking
2026-01-18 15:08:57.884 INFO  listeners.Listener1 - onTestStart -> isURLWorking
2026-01-18 15:08:57.925 WARN  listeners.Listener1 - onTestSkipped -> isURLWorking
2026-01-18 15:08:57.925 WARN  listeners.Listener1 - onTestSkipped -> isURLWorking
org.testng.TestNGException: 
Parameter 'browser' is required by BeforeSuite on method setUp but has not been marked @Optional or defined
in C:\Users\2457157\IdeaProjects\HealthIndexCalculator\project.xml
	at org.testng.internal.Parameters.createParams(Parameters.java:264)
	at org.testng.internal.Parameters.createParametersForMethod(Parameters.java:352)
	at org.testng.internal.Parameters.createParameters(Parameters.java:690)
	at org.testng.internal.Parameters.createConfigurationParameters(Parameters.java:163)
	at org.testng.internal.invokers.ConfigInvoker.invokeConfigurations(ConfigInvoker.java:313)
	at org.testng.SuiteRunner.privateRun(SuiteRunner.java:358)
	at org.testng.SuiteRunner.run(SuiteRunner.java:312)
	at org.testng.SuiteRunnerWorker.runSuite(SuiteRunnerWorker.java:52)
	at org.testng.SuiteRunnerWorker.run(SuiteRunnerWorker.java:95)
	at org.testng.TestNG.runSuitesSequentially(TestNG.java:1274)
	at org.testng.TestNG.runSuitesLocally(TestNG.java:1208)
	at org.testng.TestNG.runSuites(TestNG.java:1112)
	at org.testng.TestNG.run(TestNG.java:1079)
	at com.intellij.rt.testng.IDEARemoteTestNG.run(IDEARemoteTestNG.java:65)
	at com.intellij.rt.testng.RemoteTestNGStarter.main(RemoteTestNGStarter.java:105)
2026-01-18 15:08:57.952 INFO  listeners.Listener1 - onTestStart -> isHeadingPresent
2026-01-18 15:08:57.952 INFO  listeners.Listener1 - onTestStart -> isHeadingPresent
2026-01-18 15:08:57.954 WARN  listeners.Listener1 - onTestSkipped -> isHeadingPresent
2026-01-18 15:08:57.954 WARN  listeners.Listener1 - onTestSkipped -> isHeadingPresent
org.testng.TestNGException: 
Parameter 'browser' is required by BeforeSuite on method setUp but has not been marked @Optional or defined
in C:\Users\2457157\IdeaProjects\HealthIndexCalculator\project.xml
	at org.testng.internal.Parameters.createParams(Parameters.java:264)
	at org.testng.internal.Parameters.createParametersForMethod(Parameters.java:352)
	at org.testng.internal.Parameters.createParameters(Parameters.java:690)
	at org.testng.internal.Parameters.createConfigurationParameters(Parameters.java:163)
	at org.testng.internal.invokers.ConfigInvoker.invokeConfigurations(ConfigInvoker.java:313)
	at org.testng.SuiteRunner.privateRun(SuiteRunner.java:358)
	at org.testng.SuiteRunner.run(SuiteRunner.java:312)
	at org.testng.SuiteRunnerWorker.runSuite(SuiteRunnerWorker.java:52)
	at org.testng.SuiteRunnerWorker.run(SuiteRunnerWorker.java:95)
	at org.testng.TestNG.runSuitesSequentially(TestNG.java:1274)
	at org.testng.TestNG.runSuitesLocally(TestNG.java:1208)
	at org.testng.TestNG.runSuites(TestNG.java:1112)
	at org.testng.TestNG.run(TestNG.java:1079)
	at com.intellij.rt.testng.IDEARemoteTestNG.run(IDEARemoteTestNG.java:65)
	at com.intellij.rt.testng.RemoteTestNGStarter.main(RemoteTestNGStarter.java:105)
2026-01-18 15:08:57.962 INFO  listeners.Listener1 - onTestStart -> isTopNavPresent
2026-01-18 15:08:57.963 WARN  listeners.Listener1 - onTestSkipped -> isTopNavPresent
2026-01-18 15:08:57.965 INFO  listeners.Listener1 - onTestStart -> isTopNavPresent
2026-01-18 15:08:57.966 WARN  listeners.Listener1 - onTestSkipped -> isTopNavPresent
org.testng.TestNGException: 
Parameter 'browser' is required by BeforeSuite on method setUp but has not been marked @Optional or defined
in C:\Users\2457157\IdeaProjects\HealthIndexCalculator\project.xml
	at org.testng.internal.Parameters.createParams(Parameters.java:264)
	at org.testng.internal.Parameters.createParametersForMethod(Parameters.java:352)
	at org.testng.internal.Parameters.createParameters(Parameters.java:690)
	at org.testng.internal.Parameters.createConfigurationParameters(Parameters.java:163)
	at org.testng.internal.invokers.ConfigInvoker.invokeConfigurations(ConfigInvoker.java:313)
	at org.testng.SuiteRunner.privateRun(SuiteRunner.java:358)
	at org.testng.SuiteRunner.run(SuiteRunner.java:312)
	at org.testng.SuiteRunnerWorker.runSuite(SuiteRunnerWorker.java:52)
	at org.testng.SuiteRunnerWorker.run(SuiteRunnerWorker.java:95)
	at org.testng.TestNG.runSuitesSequentially(TestNG.java:1274)
	at org.testng.TestNG.runSuitesLocally(TestNG.java:1208)
	at org.testng.TestNG.runSuites(TestNG.java:1112)
	at org.testng.TestNG.run(TestNG.java:1079)
	at com.intellij.rt.testng.IDEARemoteTestNG.run(IDEARemoteTestNG.java:65)
	at com.intellij.rt.testng.RemoteTestNGStarter.main(RemoteTestNGStarter.java:105)
2026-01-18 15:08:57.973 INFO  listeners.Listener1 - onTestStart -> isTopNavPresent
2026-01-18 15:08:57.975 WARN  listeners.Listener1 - onTestSkipped -> isTopNavPresent
2026-01-18 15:08:57.977 INFO  listeners.Listener1 - onTestStart -> isTopNavPresent
2026-01-18 15:08:57.979 WARN  listeners.Listener1 - onTestSkipped -> isTopNavPresent
org.testng.TestNGException: 
Parameter 'browser' is required by BeforeSuite on method setUp but has not been marked @Optional or defined
in C:\Users\2457157\IdeaProjects\HealthIndexCalculator\project.xml
	at org.testng.internal.Parameters.createParams(Parameters.java:264)
	at org.testng.internal.Parameters.createParametersForMethod(Parameters.java:352)
	at org.testng.internal.Parameters.createParameters(Parameters.java:690)
	at org.testng.internal.Parameters.createConfigurationParameters(Parameters.java:163)
	at org.testng.internal.invokers.ConfigInvoker.invokeConfigurations(ConfigInvoker.java:313)
	at org.testng.SuiteRunner.privateRun(SuiteRunner.java:358)
	at org.testng.SuiteRunner.run(SuiteRunner.java:312)
	at org.testng.SuiteRunnerWorker.runSuite(SuiteRunnerWorker.java:52)
	at org.testng.SuiteRunnerWorker.run(SuiteRunnerWorker.java:95)
	at org.testng.TestNG.runSuitesSequentially(TestNG.java:1274)
	at org.testng.TestNG.runSuitesLocally(TestNG.java:1208)
	at org.testng.TestNG.runSuites(TestNG.java:1112)
	at org.testng.TestNG.run(TestNG.java:1079)
	at com.intellij.rt.testng.IDEARemoteTestNG.run(IDEARemoteTestNG.java:65)
	at com.intellij.rt.testng.RemoteTestNGStarter.main(RemoteTestNGStarter.java:105)
2026-01-18 15:08:57.988 INFO  listeners.Listener1 - onTestStart -> gotoHome
2026-01-18 15:08:57.988 INFO  listeners.Listener1 - onTestStart -> gotoHome
2026-01-18 15:08:57.988 WARN  listeners.Listener1 - onTestSkipped -> gotoHome
org.testng.TestNGException: 
Parameter 'browser' is required by BeforeSuite on method setUp but has not been marked @Optional or defined
in C:\Users\2457157\IdeaProjects\HealthIndexCalculator\project.xml
	at org.testng.internal.Parameters.createParams(Parameters.java:264)
	at org.testng.internal.Parameters.createParametersForMethod(Parameters.java:352)
	at org.testng.internal.Parameters.createParameters(Parameters.java:690)
	at org.testng.internal.Parameters.createConfigurationParameters(Parameters.java:163)
	at org.testng.internal.invokers.ConfigInvoker.invokeConfigurations(ConfigInvoker.java:313)
	at org.testng.SuiteRunner.privateRun(SuiteRunner.java:358)
	at org.testng.SuiteRunner.run(SuiteRunner.java:312)
	at org.testng.SuiteRunnerWorker.runSuite(SuiteRunnerWorker.java:52)
	at org.testng.SuiteRunnerWorker.run(SuiteRunnerWorker.java:95)
	at org.testng.TestNG.runSuitesSequentially(TestNG.java:1274)
	at org.testng.TestNG.runSuitesLocally(TestNG.java:1208)
	at org.testng.TestNG.runSuites(TestNG.java:1112)
	at org.testng.TestNG.run(TestNG.java:1079)
	at com.intellij.rt.testng.IDEARemoteTestNG.run(IDEARemoteTestNG.java:65)
	at com.intellij.rt.testng.RemoteTestNGStarter.main(RemoteTestNGStarter.java:105)
2026-01-18 15:08:57.988 WARN  listeners.Listener1 - onTestSkipped -> gotoHome
2026-01-18 15:08:58.003 INFO  t.BloodPressurePageValidationTest - Initializing BloodPressurePage and TopNavigation...
2026-01-18 15:08:58.003 INFO  t.BloodPressurePageValidationTest - Initializing BloodPressurePage and TopNavigation...
2026-01-18 15:08:58.085 INFO  t.BloodPressurePageValidationTest - Navigating to 'Blood Pressure' via top navigation...
2026-01-18 15:08:58.085 INFO  t.BloodPressurePageValidationTest - Navigating to 'Blood Pressure' via top navigation...
2026-01-18 15:08:58.112 INFO  listeners.Listener1 - onTestStart -> isTopNavPresent
2026-01-18 15:08:58.112 INFO  listeners.Listener1 - onTestStart -> isTopNavPresent
2026-01-18 15:08:58.117 WARN  listeners.Listener1 - onTestSkipped -> isTopNavPresent
java.lang.NullPointerException: Cannot invoke "org.openqa.selenium.SearchContext.findElement(org.openqa.selenium.By)" because "this.searchContext" is null
	at org.openqa.selenium.support.pagefactory.DefaultElementLocator.findElement(DefaultElementLocator.java:68)
	at org.openqa.selenium.support.pagefactory.internal.LocatingElementHandler.invoke(LocatingElementHandler.java:38)
	at jdk.proxy2/jdk.proxy2.$Proxy20.click(Unknown Source)
	at pages.TopNavigation.goToBloodPressure(TopNavigation.java:82)
	at tests.BloodPressurePageValidationTest.setUp(BloodPressurePageValidationTest.java:27)
	at java.base/jdk.internal.reflect.DirectMethodHandleAccessor.invoke(DirectMethodHandleAccessor.java:103)
	at java.base/java.lang.reflect.Method.invoke(Method.java:580)
	at org.testng.internal.invokers.MethodInvocationHelper.invokeMethod(MethodInvocationHelper.java:141)
	at org.testng.internal.invokers.MethodInvocationHelper.invokeMethodConsideringTimeout(MethodInvocationHelper.java:71)
	at org.testng.internal.invokers.ConfigInvoker.invokeConfigurationMethod(ConfigInvoker.java:400)
	at org.testng.internal.invokers.ConfigInvoker.invokeConfigurations(ConfigInvoker.java:333)
	at org.testng.internal.invokers.TestMethodWorker.invokeBeforeClassMethods(TestMethodWorker.java:188)
	at org.testng.internal.invokers.TestMethodWorker.run(TestMethodWorker.java:128)
	at java.base/java.util.ArrayList.forEach(ArrayList.java:1596)
	at org.testng.TestRunner.privateRun(TestRunner.java:741)
	at org.testng.TestRunner.run(TestRunner.java:616)
	at org.testng.SuiteRunner.runTest(SuiteRunner.java:421)
	at org.testng.SuiteRunner$SuiteWorker.run(SuiteRunner.java:463)
	at org.testng.internal.thread.ThreadUtil.lambda$execute$0(ThreadUtil.java:64)
	at java.base/java.util.concurrent.FutureTask.run$$$capture(FutureTask.java:317)
	at java.base/java.util.concurrent.FutureTask.run(FutureTask.java)
	at java.base/java.util.concurrent.ThreadPoolExecutor.runWorker(ThreadPoolExecutor.java:1144)
	at java.base/java.util.concurrent.ThreadPoolExecutor$Worker.run(ThreadPoolExecutor.java:642)
	at java.base/java.lang.Thread.run(Thread.java:1583)
2026-01-18 15:08:58.117 WARN  listeners.Listener1 - onTestSkipped -> isTopNavPresent
java.lang.NullPointerException: Cannot invoke "org.openqa.selenium.SearchContext.findElement(org.openqa.selenium.By)" because "this.searchContext" is null
	at org.openqa.selenium.support.pagefactory.DefaultElementLocator.findElement(DefaultElementLocator.java:68)
	at org.openqa.selenium.support.pagefactory.internal.LocatingElementHandler.invoke(LocatingElementHandler.java:38)
	at jdk.proxy2/jdk.proxy2.$Proxy20.click(Unknown Source)
	at pages.TopNavigation.goToBloodPressure(TopNavigation.java:82)
	at tests.BloodPressurePageValidationTest.setUp(BloodPressurePageValidationTest.java:27)
	at java.base/jdk.internal.reflect.DirectMethodHandleAccessor.invoke(DirectMethodHandleAccessor.java:103)
	at java.base/java.lang.reflect.Method.invoke(Method.java:580)
	at org.testng.internal.invokers.MethodInvocationHelper.invokeMethod(MethodInvocationHelper.java:141)
	at org.testng.internal.invokers.MethodInvocationHelper.invokeMethodConsideringTimeout(MethodInvocationHelper.java:71)
	at org.testng.internal.invokers.ConfigInvoker.invokeConfigurationMethod(ConfigInvoker.java:400)
	at org.testng.internal.invokers.ConfigInvoker.invokeConfigurations(ConfigInvoker.java:333)
	at org.testng.internal.invokers.TestMethodWorker.invokeBeforeClassMethods(TestMethodWorker.java:188)
	at org.testng.internal.invokers.TestMethodWorker.run(TestMethodWorker.java:128)
	at java.base/java.util.ArrayList.forEach(ArrayList.java:1596)
	at org.testng.TestRunner.privateRun(TestRunner.java:741)
	at org.testng.TestRunner.run(TestRunner.java:616)
	at org.testng.SuiteRunner.runTest(SuiteRunner.java:421)
	at org.testng.SuiteRunner$SuiteWorker.run(SuiteRunner.java:463)
	at org.testng.internal.thread.ThreadUtil.lambda$execute$0(ThreadUtil.java:64)
	at java.base/java.util.concurrent.FutureTask.run$$$capture(FutureTask.java:317)
	at java.base/java.util.concurrent.FutureTask.run(FutureTask.java)
	at java.base/java.util.concurrent.ThreadPoolExecutor.runWorker(ThreadPoolExecutor.java:1144)
	at java.base/java.util.concurrent.ThreadPoolExecutor$Worker.run(ThreadPoolExecutor.java:642)
	at java.base/java.lang.Thread.run(Thread.java:1583)
2026-01-18 15:08:58.131 INFO  listeners.Listener1 - onTestStart -> isTopNavPresent
2026-01-18 15:08:58.133 WARN  listeners.Listener1 - onTestSkipped -> isTopNavPresent
java.lang.NullPointerException: Cannot invoke "org.openqa.selenium.SearchContext.findElement(org.openqa.selenium.By)" because "this.searchContext" is null
	at org.openqa.selenium.support.pagefactory.DefaultElementLocator.findElement(DefaultElementLocator.java:68)
	at org.openqa.selenium.support.pagefactory.internal.LocatingElementHandler.invoke(LocatingElementHandler.java:38)
	at jdk.proxy2/jdk.proxy2.$Proxy20.click(Unknown Source)
	at pages.TopNavigation.goToBloodPressure(TopNavigation.java:82)
	at tests.BloodPressurePageValidationTest.setUp(BloodPressurePageValidationTest.java:27)
	at java.base/jdk.internal.reflect.DirectMethodHandleAccessor.invoke(DirectMethodHandleAccessor.java:103)
	at java.base/java.lang.reflect.Method.invoke(Method.java:580)
	at org.testng.internal.invokers.MethodInvocationHelper.invokeMethod(MethodInvocationHelper.java:141)
	at org.testng.internal.invokers.MethodInvocationHelper.invokeMethodConsideringTimeout(MethodInvocationHelper.java:71)
	at org.testng.internal.invokers.ConfigInvoker.invokeConfigurationMethod(ConfigInvoker.java:400)
	at org.testng.internal.invokers.ConfigInvoker.invokeConfigurations(ConfigInvoker.java:333)
	at org.testng.internal.invokers.TestMethodWorker.invokeBeforeClassMethods(TestMethodWorker.java:188)
	at org.testng.internal.invokers.TestMethodWorker.run(TestMethodWorker.java:128)
	at java.base/java.util.ArrayList.forEach(ArrayList.java:1596)
	at org.testng.TestRunner.privateRun(TestRunner.java:741)
	at org.testng.TestRunner.run(TestRunner.java:616)
	at org.testng.SuiteRunner.runTest(SuiteRunner.java:421)
	at org.testng.SuiteRunner$SuiteWorker.run(SuiteRunner.java:463)
	at org.testng.internal.thread.ThreadUtil.lambda$execute$0(ThreadUtil.java:64)
	at java.base/java.util.concurrent.FutureTask.run$$$capture(FutureTask.java:317)
	at java.base/java.util.concurrent.FutureTask.run(FutureTask.java)
	at java.base/java.util.concurrent.ThreadPoolExecutor.runWorker(ThreadPoolExecutor.java:1144)
	at java.base/java.util.concurrent.ThreadPoolExecutor$Worker.run(ThreadPoolExecutor.java:642)
	at java.base/java.lang.Thread.run(Thread.java:1583)
2026-01-18 15:08:58.134 INFO  listeners.Listener1 - onTestStart -> isTopNavPresent
2026-01-18 15:08:58.137 WARN  listeners.Listener1 - onTestSkipped -> isTopNavPresent
java.lang.NullPointerException: Cannot invoke "org.openqa.selenium.SearchContext.findElement(org.openqa.selenium.By)" because "this.searchContext" is null
	at org.openqa.selenium.support.pagefactory.DefaultElementLocator.findElement(DefaultElementLocator.java:68)
	at org.openqa.selenium.support.pagefactory.internal.LocatingElementHandler.invoke(LocatingElementHandler.java:38)
	at jdk.proxy2/jdk.proxy2.$Proxy20.click(Unknown Source)
	at pages.TopNavigation.goToBloodPressure(TopNavigation.java:82)
	at tests.BloodPressurePageValidationTest.setUp(BloodPressurePageValidationTest.java:27)
	at java.base/jdk.internal.reflect.DirectMethodHandleAccessor.invoke(DirectMethodHandleAccessor.java:103)
	at java.base/java.lang.reflect.Method.invoke(Method.java:580)
	at org.testng.internal.invokers.MethodInvocationHelper.invokeMethod(MethodInvocationHelper.java:141)
	at org.testng.internal.invokers.MethodInvocationHelper.invokeMethodConsideringTimeout(MethodInvocationHelper.java:71)
	at org.testng.internal.invokers.ConfigInvoker.invokeConfigurationMethod(ConfigInvoker.java:400)
	at org.testng.internal.invokers.ConfigInvoker.invokeConfigurations(ConfigInvoker.java:333)
	at org.testng.internal.invokers.TestMethodWorker.invokeBeforeClassMethods(TestMethodWorker.java:188)
	at org.testng.internal.invokers.TestMethodWorker.run(TestMethodWorker.java:128)
	at java.base/java.util.ArrayList.forEach(ArrayList.java:1596)
	at org.testng.TestRunner.privateRun(TestRunner.java:741)
	at org.testng.TestRunner.run(TestRunner.java:616)
	at org.testng.SuiteRunner.runTest(SuiteRunner.java:421)
	at org.testng.SuiteRunner$SuiteWorker.run(SuiteRunner.java:463)
	at org.testng.internal.thread.ThreadUtil.lambda$execute$0(ThreadUtil.java:64)
	at java.base/java.util.concurrent.FutureTask.run$$$capture(FutureTask.java:317)
	at java.base/java.util.concurrent.FutureTask.run(FutureTask.java)
	at java.base/java.util.concurrent.ThreadPoolExecutor.runWorker(ThreadPoolExecutor.java:1144)
	at java.base/java.util.concurrent.ThreadPoolExecutor$Worker.run(ThreadPoolExecutor.java:642)
	at java.base/java.lang.Thread.run(Thread.java:1583)
2026-01-18 15:08:58.149 INFO  listeners.Listener1 - onTestStart -> isTopNavPresent
2026-01-18 15:08:58.150 INFO  listeners.Listener1 - onTestStart -> isTopNavPresent
2026-01-18 15:08:58.151 WARN  listeners.Listener1 - onTestSkipped -> isTopNavPresent
java.lang.NullPointerException: Cannot invoke "org.openqa.selenium.SearchContext.findElement(org.openqa.selenium.By)" because "this.searchContext" is null
	at org.openqa.selenium.support.pagefactory.DefaultElementLocator.findElement(DefaultElementLocator.java:68)
	at org.openqa.selenium.support.pagefactory.internal.LocatingElementHandler.invoke(LocatingElementHandler.java:38)
	at jdk.proxy2/jdk.proxy2.$Proxy20.click(Unknown Source)
	at pages.TopNavigation.goToBloodPressure(TopNavigation.java:82)
	at tests.BloodPressurePageValidationTest.setUp(BloodPressurePageValidationTest.java:27)
	at java.base/jdk.internal.reflect.DirectMethodHandleAccessor.invoke(DirectMethodHandleAccessor.java:103)
	at java.base/java.lang.reflect.Method.invoke(Method.java:580)
	at org.testng.internal.invokers.MethodInvocationHelper.invokeMethod(MethodInvocationHelper.java:141)
	at org.testng.internal.invokers.MethodInvocationHelper.invokeMethodConsideringTimeout(MethodInvocationHelper.java:71)
	at org.testng.internal.invokers.ConfigInvoker.invokeConfigurationMethod(ConfigInvoker.java:400)
	at org.testng.internal.invokers.ConfigInvoker.invokeConfigurations(ConfigInvoker.java:333)
	at org.testng.internal.invokers.TestMethodWorker.invokeBeforeClassMethods(TestMethodWorker.java:188)
	at org.testng.internal.invokers.TestMethodWorker.run(TestMethodWorker.java:128)
	at java.base/java.util.ArrayList.forEach(ArrayList.java:1596)
	at org.testng.TestRunner.privateRun(TestRunner.java:741)
	at org.testng.TestRunner.run(TestRunner.java:616)
	at org.testng.SuiteRunner.runTest(SuiteRunner.java:421)
	at org.testng.SuiteRunner$SuiteWorker.run(SuiteRunner.java:463)
	at org.testng.internal.thread.ThreadUtil.lambda$execute$0(ThreadUtil.java:64)
	at java.base/java.util.concurrent.FutureTask.run$$$capture(FutureTask.java:317)
	at java.base/java.util.concurrent.FutureTask.run(FutureTask.java)
	at java.base/java.util.concurrent.ThreadPoolExecutor.runWorker(ThreadPoolExecutor.java:1144)
	at java.base/java.util.concurrent.ThreadPoolExecutor$Worker.run(ThreadPoolExecutor.java:642)
	at java.base/java.lang.Thread.run(Thread.java:1583)
2026-01-18 15:08:58.151 WARN  listeners.Listener1 - onTestSkipped -> isTopNavPresent
java.lang.NullPointerException: Cannot invoke "org.openqa.selenium.SearchContext.findElement(org.openqa.selenium.By)" because "this.searchContext" is null
	at org.openqa.selenium.support.pagefactory.DefaultElementLocator.findElement(DefaultElementLocator.java:68)
	at org.openqa.selenium.support.pagefactory.internal.LocatingElementHandler.invoke(LocatingElementHandler.java:38)
	at jdk.proxy2/jdk.proxy2.$Proxy20.click(Unknown Source)
	at pages.TopNavigation.goToBloodPressure(TopNavigation.java:82)
	at tests.BloodPressurePageValidationTest.setUp(BloodPressurePageValidationTest.java:27)
	at java.base/jdk.internal.reflect.DirectMethodHandleAccessor.invoke(DirectMethodHandleAccessor.java:103)
	at java.base/java.lang.reflect.Method.invoke(Method.java:580)
	at org.testng.internal.invokers.MethodInvocationHelper.invokeMethod(MethodInvocationHelper.java:141)
	at org.testng.internal.invokers.MethodInvocationHelper.invokeMethodConsideringTimeout(MethodInvocationHelper.java:71)
	at org.testng.internal.invokers.ConfigInvoker.invokeConfigurationMethod(ConfigInvoker.java:400)
	at org.testng.internal.invokers.ConfigInvoker.invokeConfigurations(ConfigInvoker.java:333)
	at org.testng.internal.invokers.TestMethodWorker.invokeBeforeClassMethods(TestMethodWorker.java:188)
	at org.testng.internal.invokers.TestMethodWorker.run(TestMethodWorker.java:128)
	at java.base/java.util.ArrayList.forEach(ArrayList.java:1596)
	at org.testng.TestRunner.privateRun(TestRunner.java:741)
	at org.testng.TestRunner.run(TestRunner.java:616)
	at org.testng.SuiteRunner.runTest(SuiteRunner.java:421)
	at org.testng.SuiteRunner$SuiteWorker.run(SuiteRunner.java:463)
	at org.testng.internal.thread.ThreadUtil.lambda$execute$0(ThreadUtil.java:64)
	at java.base/java.util.concurrent.FutureTask.run$$$capture(FutureTask.java:317)
	at java.base/java.util.concurrent.FutureTask.run(FutureTask.java)
	at java.base/java.util.concurrent.ThreadPoolExecutor.runWorker(ThreadPoolExecutor.java:1144)
	at java.base/java.util.concurrent.ThreadPoolExecutor$Worker.run(ThreadPoolExecutor.java:642)
	at java.base/java.lang.Thread.run(Thread.java:1583)
2026-01-18 15:08:58.168 INFO  listeners.Listener1 - onTestStart -> isFormHeadingPresent
2026-01-18 15:08:58.168 INFO  listeners.Listener1 - onTestStart -> isFormHeadingPresent
2026-01-18 15:08:58.171 WARN  listeners.Listener1 - onTestSkipped -> isFormHeadingPresent
java.lang.NullPointerException: Cannot invoke "org.openqa.selenium.SearchContext.findElement(org.openqa.selenium.By)" because "this.searchContext" is null
	at org.openqa.selenium.support.pagefactory.DefaultElementLocator.findElement(DefaultElementLocator.java:68)
	at org.openqa.selenium.support.pagefactory.internal.LocatingElementHandler.invoke(LocatingElementHandler.java:38)
	at jdk.proxy2/jdk.proxy2.$Proxy20.click(Unknown Source)
	at pages.TopNavigation.goToBloodPressure(TopNavigation.java:82)
	at tests.BloodPressurePageValidationTest.setUp(BloodPressurePageValidationTest.java:27)
	at java.base/jdk.internal.reflect.DirectMethodHandleAccessor.invoke(DirectMethodHandleAccessor.java:103)
	at java.base/java.lang.reflect.Method.invoke(Method.java:580)
	at org.testng.internal.invokers.MethodInvocationHelper.invokeMethod(MethodInvocationHelper.java:141)
	at org.testng.internal.invokers.MethodInvocationHelper.invokeMethodConsideringTimeout(MethodInvocationHelper.java:71)
	at org.testng.internal.invokers.ConfigInvoker.invokeConfigurationMethod(ConfigInvoker.java:400)
	at org.testng.internal.invokers.ConfigInvoker.invokeConfigurations(ConfigInvoker.java:333)
	at org.testng.internal.invokers.TestMethodWorker.invokeBeforeClassMethods(TestMethodWorker.java:188)
	at org.testng.internal.invokers.TestMethodWorker.run(TestMethodWorker.java:128)
	at java.base/java.util.ArrayList.forEach(ArrayList.java:1596)
	at org.testng.TestRunner.privateRun(TestRunner.java:741)
	at org.testng.TestRunner.run(TestRunner.java:616)
	at org.testng.SuiteRunner.runTest(SuiteRunner.java:421)
	at org.testng.SuiteRunner$SuiteWorker.run(SuiteRunner.java:463)
	at org.testng.internal.thread.ThreadUtil.lambda$execute$0(ThreadUtil.java:64)
	at java.base/java.util.concurrent.FutureTask.run$$$capture(FutureTask.java:317)
	at java.base/java.util.concurrent.FutureTask.run(FutureTask.java)
	at java.base/java.util.concurrent.ThreadPoolExecutor.runWorker(ThreadPoolExecutor.java:1144)
	at java.base/java.util.concurrent.ThreadPoolExecutor$Worker.run(ThreadPoolExecutor.java:642)
	at java.base/java.lang.Thread.run(Thread.java:1583)
2026-01-18 15:08:58.171 WARN  listeners.Listener1 - onTestSkipped -> isFormHeadingPresent
java.lang.NullPointerException: Cannot invoke "org.openqa.selenium.SearchContext.findElement(org.openqa.selenium.By)" because "this.searchContext" is null
	at org.openqa.selenium.support.pagefactory.DefaultElementLocator.findElement(DefaultElementLocator.java:68)
	at org.openqa.selenium.support.pagefactory.internal.LocatingElementHandler.invoke(LocatingElementHandler.java:38)
	at jdk.proxy2/jdk.proxy2.$Proxy20.click(Unknown Source)
	at pages.TopNavigation.goToBloodPressure(TopNavigation.java:82)
	at tests.BloodPressurePageValidationTest.setUp(BloodPressurePageValidationTest.java:27)
	at java.base/jdk.internal.reflect.DirectMethodHandleAccessor.invoke(DirectMethodHandleAccessor.java:103)
	at java.base/java.lang.reflect.Method.invoke(Method.java:580)
	at org.testng.internal.invokers.MethodInvocationHelper.invokeMethod(MethodInvocationHelper.java:141)
	at org.testng.internal.invokers.MethodInvocationHelper.invokeMethodConsideringTimeout(MethodInvocationHelper.java:71)
	at org.testng.internal.invokers.ConfigInvoker.invokeConfigurationMethod(ConfigInvoker.java:400)
	at org.testng.internal.invokers.ConfigInvoker.invokeConfigurations(ConfigInvoker.java:333)
	at org.testng.internal.invokers.TestMethodWorker.invokeBeforeClassMethods(TestMethodWorker.java:188)
	at org.testng.internal.invokers.TestMethodWorker.run(TestMethodWorker.java:128)
	at java.base/java.util.ArrayList.forEach(ArrayList.java:1596)
	at org.testng.TestRunner.privateRun(TestRunner.java:741)
	at org.testng.TestRunner.run(TestRunner.java:616)
	at org.testng.SuiteRunner.runTest(SuiteRunner.java:421)
	at org.testng.SuiteRunner$SuiteWorker.run(SuiteRunner.java:463)
	at org.testng.internal.thread.ThreadUtil.lambda$execute$0(ThreadUtil.java:64)
	at java.base/java.util.concurrent.FutureTask.run$$$capture(FutureTask.java:317)
	at java.base/java.util.concurrent.FutureTask.run(FutureTask.java)
	at java.base/java.util.concurrent.ThreadPoolExecutor.runWorker(ThreadPoolExecutor.java:1144)
	at java.base/java.util.concurrent.ThreadPoolExecutor$Worker.run(ThreadPoolExecutor.java:642)
	at java.base/java.lang.Thread.run(Thread.java:1583)
2026-01-18 15:08:58.180 INFO  tests.ResultsPageUiTest - Providing data for 'resultPageCheck'
2026-01-18 15:08:58.180 INFO  tests.ResultsPageUiTest - Providing data for 'resultPageCheck'
2026-01-18 15:08:58.180 INFO  tests.ResultsPageUiTest - Data provided: 1 row(s)
2026-01-18 15:08:58.180 INFO  tests.ResultsPageUiTest - Data provided: 1 row(s)
2026-01-18 15:08:58.192 INFO  listeners.Listener1 - onTestStart -> resultPageCheck
2026-01-18 15:08:58.192 INFO  listeners.Listener1 - onTestStart -> resultPageCheck
2026-01-18 15:08:58.193 INFO  listeners.Listener1 - Parameters for resultPageCheck: [20, 67, 120/80]
2026-01-18 15:08:58.193 INFO  listeners.Listener1 - Parameters for resultPageCheck: [20, 67, 120/80]
2026-01-18 15:08:58.195 WARN  listeners.Listener1 - onTestSkipped -> resultPageCheck
java.lang.NullPointerException: Cannot invoke "org.openqa.selenium.SearchContext.findElement(org.openqa.selenium.By)" because "this.searchContext" is null
	at org.openqa.selenium.support.pagefactory.DefaultElementLocator.findElement(DefaultElementLocator.java:68)
	at org.openqa.selenium.support.pagefactory.internal.LocatingElementHandler.invoke(LocatingElementHandler.java:38)
	at jdk.proxy2/jdk.proxy2.$Proxy20.click(Unknown Source)
	at pages.TopNavigation.goToBloodPressure(TopNavigation.java:82)
	at tests.BloodPressurePageValidationTest.setUp(BloodPressurePageValidationTest.java:27)
	at java.base/jdk.internal.reflect.DirectMethodHandleAccessor.invoke(DirectMethodHandleAccessor.java:103)
	at java.base/java.lang.reflect.Method.invoke(Method.java:580)
	at org.testng.internal.invokers.MethodInvocationHelper.invokeMethod(MethodInvocationHelper.java:141)
	at org.testng.internal.invokers.MethodInvocationHelper.invokeMethodConsideringTimeout(MethodInvocationHelper.java:71)
	at org.testng.internal.invokers.ConfigInvoker.invokeConfigurationMethod(ConfigInvoker.java:400)
	at org.testng.internal.invokers.ConfigInvoker.invokeConfigurations(ConfigInvoker.java:333)
	at org.testng.internal.invokers.TestMethodWorker.invokeBeforeClassMethods(TestMethodWorker.java:188)
	at org.testng.internal.invokers.TestMethodWorker.run(TestMethodWorker.java:128)
	at java.base/java.util.ArrayList.forEach(ArrayList.java:1596)
	at org.testng.TestRunner.privateRun(TestRunner.java:741)
	at org.testng.TestRunner.run(TestRunner.java:616)
	at org.testng.SuiteRunner.runTest(SuiteRunner.java:421)
	at org.testng.SuiteRunner$SuiteWorker.run(SuiteRunner.java:463)
	at org.testng.internal.thread.ThreadUtil.lambda$execute$0(ThreadUtil.java:64)
	at java.base/java.util.concurrent.FutureTask.run$$$capture(FutureTask.java:317)
	at java.base/java.util.concurrent.FutureTask.run(FutureTask.java)
	at java.base/java.util.concurrent.ThreadPoolExecutor.runWorker(ThreadPoolExecutor.java:1144)
	at java.base/java.util.concurrent.ThreadPoolExecutor$Worker.run(ThreadPoolExecutor.java:642)
	at java.base/java.lang.Thread.run(Thread.java:1583)
2026-01-18 15:08:58.195 WARN  listeners.Listener1 - onTestSkipped -> resultPageCheck
java.lang.NullPointerException: Cannot invoke "org.openqa.selenium.SearchContext.findElement(org.openqa.selenium.By)" because "this.searchContext" is null
	at org.openqa.selenium.support.pagefactory.DefaultElementLocator.findElement(DefaultElementLocator.java:68)
	at org.openqa.selenium.support.pagefactory.internal.LocatingElementHandler.invoke(LocatingElementHandler.java:38)
	at jdk.proxy2/jdk.proxy2.$Proxy20.click(Unknown Source)
	at pages.TopNavigation.goToBloodPressure(TopNavigation.java:82)
	at tests.BloodPressurePageValidationTest.setUp(BloodPressurePageValidationTest.java:27)
	at java.base/jdk.internal.reflect.DirectMethodHandleAccessor.invoke(DirectMethodHandleAccessor.java:103)
	at java.base/java.lang.reflect.Method.invoke(Method.java:580)
	at org.testng.internal.invokers.MethodInvocationHelper.invokeMethod(MethodInvocationHelper.java:141)
	at org.testng.internal.invokers.MethodInvocationHelper.invokeMethodConsideringTimeout(MethodInvocationHelper.java:71)
	at org.testng.internal.invokers.ConfigInvoker.invokeConfigurationMethod(ConfigInvoker.java:400)
	at org.testng.internal.invokers.ConfigInvoker.invokeConfigurations(ConfigInvoker.java:333)
	at org.testng.internal.invokers.TestMethodWorker.invokeBeforeClassMethods(TestMethodWorker.java:188)
	at org.testng.internal.invokers.TestMethodWorker.run(TestMethodWorker.java:128)
	at java.base/java.util.ArrayList.forEach(ArrayList.java:1596)
	at org.testng.TestRunner.privateRun(TestRunner.java:741)
	at org.testng.TestRunner.run(TestRunner.java:616)
	at org.testng.SuiteRunner.runTest(SuiteRunner.java:421)
	at org.testng.SuiteRunner$SuiteWorker.run(SuiteRunner.java:463)
	at org.testng.internal.thread.ThreadUtil.lambda$execute$0(ThreadUtil.java:64)
	at java.base/java.util.concurrent.FutureTask.run$$$capture(FutureTask.java:317)
	at java.base/java.util.concurrent.FutureTask.run(FutureTask.java)
	at java.base/java.util.concurrent.ThreadPoolExecutor.runWorker(ThreadPoolExecutor.java:1144)
	at java.base/java.util.concurrent.ThreadPoolExecutor$Worker.run(ThreadPoolExecutor.java:642)
	at java.base/java.lang.Thread.run(Thread.java:1583)
2026-01-18 15:08:58.212 INFO  listeners.Listener1 - onTestStart -> isLeftImagePresent
2026-01-18 15:08:58.213 WARN  listeners.Listener1 - onTestSkipped -> isLeftImagePresent
java.lang.NullPointerException: Cannot invoke "org.openqa.selenium.SearchContext.findElement(org.openqa.selenium.By)" because "this.searchContext" is null
	at org.openqa.selenium.support.pagefactory.DefaultElementLocator.findElement(DefaultElementLocator.java:68)
	at org.openqa.selenium.support.pagefactory.internal.LocatingElementHandler.invoke(LocatingElementHandler.java:38)
	at jdk.proxy2/jdk.proxy2.$Proxy20.click(Unknown Source)
	at pages.TopNavigation.goToBloodPressure(TopNavigation.java:82)
	at tests.BloodPressurePageValidationTest.setUp(BloodPressurePageValidationTest.java:27)
	at java.base/jdk.internal.reflect.DirectMethodHandleAccessor.invoke(DirectMethodHandleAccessor.java:103)
	at java.base/java.lang.reflect.Method.invoke(Method.java:580)
	at org.testng.internal.invokers.MethodInvocationHelper.invokeMethod(MethodInvocationHelper.java:141)
	at org.testng.internal.invokers.MethodInvocationHelper.invokeMethodConsideringTimeout(MethodInvocationHelper.java:71)
	at org.testng.internal.invokers.ConfigInvoker.invokeConfigurationMethod(ConfigInvoker.java:400)
	at org.testng.internal.invokers.ConfigInvoker.invokeConfigurations(ConfigInvoker.java:333)
	at org.testng.internal.invokers.TestMethodWorker.invokeBeforeClassMethods(TestMethodWorker.java:188)
	at org.testng.internal.invokers.TestMethodWorker.run(TestMethodWorker.java:128)
	at java.base/java.util.ArrayList.forEach(ArrayList.java:1596)
	at org.testng.TestRunner.privateRun(TestRunner.java:741)
	at org.testng.TestRunner.run(TestRunner.java:616)
	at org.testng.SuiteRunner.runTest(SuiteRunner.java:421)
	at org.testng.SuiteRunner$SuiteWorker.run(SuiteRunner.java:463)
	at org.testng.internal.thread.ThreadUtil.lambda$execute$0(ThreadUtil.java:64)
	at java.base/java.util.concurrent.FutureTask.run$$$capture(FutureTask.java:317)
	at java.base/java.util.concurrent.FutureTask.run(FutureTask.java)
	at java.base/java.util.concurrent.ThreadPoolExecutor.runWorker(ThreadPoolExecutor.java:1144)
	at java.base/java.util.concurrent.ThreadPoolExecutor$Worker.run(ThreadPoolExecutor.java:642)
	at java.base/java.lang.Thread.run(Thread.java:1583)
2026-01-18 15:08:58.216 INFO  listeners.Listener1 - onTestStart -> isLeftImagePresent
2026-01-18 15:08:58.217 WARN  listeners.Listener1 - onTestSkipped -> isLeftImagePresent
java.lang.NullPointerException: Cannot invoke "org.openqa.selenium.SearchContext.findElement(org.openqa.selenium.By)" because "this.searchContext" is null
	at org.openqa.selenium.support.pagefactory.DefaultElementLocator.findElement(DefaultElementLocator.java:68)
	at org.openqa.selenium.support.pagefactory.internal.LocatingElementHandler.invoke(LocatingElementHandler.java:38)
	at jdk.proxy2/jdk.proxy2.$Proxy20.click(Unknown Source)
	at pages.TopNavigation.goToBloodPressure(TopNavigation.java:82)
	at tests.BloodPressurePageValidationTest.setUp(BloodPressurePageValidationTest.java:27)
	at java.base/jdk.internal.reflect.DirectMethodHandleAccessor.invoke(DirectMethodHandleAccessor.java:103)
	at java.base/java.lang.reflect.Method.invoke(Method.java:580)
	at org.testng.internal.invokers.MethodInvocationHelper.invokeMethod(MethodInvocationHelper.java:141)
	at org.testng.internal.invokers.MethodInvocationHelper.invokeMethodConsideringTimeout(MethodInvocationHelper.java:71)
	at org.testng.internal.invokers.ConfigInvoker.invokeConfigurationMethod(ConfigInvoker.java:400)
	at org.testng.internal.invokers.ConfigInvoker.invokeConfigurations(ConfigInvoker.java:333)
	at org.testng.internal.invokers.TestMethodWorker.invokeBeforeClassMethods(TestMethodWorker.java:188)
	at org.testng.internal.invokers.TestMethodWorker.run(TestMethodWorker.java:128)
	at java.base/java.util.ArrayList.forEach(ArrayList.java:1596)
	at org.testng.TestRunner.privateRun(TestRunner.java:741)
	at org.testng.TestRunner.run(TestRunner.java:616)
	at org.testng.SuiteRunner.runTest(SuiteRunner.java:421)
	at org.testng.SuiteRunner$SuiteWorker.run(SuiteRunner.java:463)
	at org.testng.internal.thread.ThreadUtil.lambda$execute$0(ThreadUtil.java:64)
	at java.base/java.util.concurrent.FutureTask.run$$$capture(FutureTask.java:317)
	at java.base/java.util.concurrent.FutureTask.run(FutureTask.java)
	at java.base/java.util.concurrent.ThreadPoolExecutor.runWorker(ThreadPoolExecutor.java:1144)
	at java.base/java.util.concurrent.ThreadPoolExecutor$Worker.run(ThreadPoolExecutor.java:642)
	at java.base/java.lang.Thread.run(Thread.java:1583)
2026-01-18 15:08:58.231 INFO  listeners.Listener1 - onTestStart -> gotoBloodPressure
2026-01-18 15:08:58.231 WARN  listeners.Listener1 - onTestSkipped -> gotoBloodPressure
java.lang.NullPointerException: Cannot invoke "org.openqa.selenium.SearchContext.findElement(org.openqa.selenium.By)" because "this.searchContext" is null
	at org.openqa.selenium.support.pagefactory.DefaultElementLocator.findElement(DefaultElementLocator.java:68)
	at org.openqa.selenium.support.pagefactory.internal.LocatingElementHandler.invoke(LocatingElementHandler.java:38)
	at jdk.proxy2/jdk.proxy2.$Proxy20.click(Unknown Source)
	at pages.TopNavigation.goToBloodPressure(TopNavigation.java:82)
	at tests.BloodPressurePageValidationTest.setUp(BloodPressurePageValidationTest.java:27)
	at java.base/jdk.internal.reflect.DirectMethodHandleAccessor.invoke(DirectMethodHandleAccessor.java:103)
	at java.base/java.lang.reflect.Method.invoke(Method.java:580)
	at org.testng.internal.invokers.MethodInvocationHelper.invokeMethod(MethodInvocationHelper.java:141)
	at org.testng.internal.invokers.MethodInvocationHelper.invokeMethodConsideringTimeout(MethodInvocationHelper.java:71)
	at org.testng.internal.invokers.ConfigInvoker.invokeConfigurationMethod(ConfigInvoker.java:400)
	at org.testng.internal.invokers.ConfigInvoker.invokeConfigurations(ConfigInvoker.java:333)
	at org.testng.internal.invokers.TestMethodWorker.invokeBeforeClassMethods(TestMethodWorker.java:188)
	at org.testng.internal.invokers.TestMethodWorker.run(TestMethodWorker.java:128)
	at java.base/java.util.ArrayList.forEach(ArrayList.java:1596)
	at org.testng.TestRunner.privateRun(TestRunner.java:741)
	at org.testng.TestRunner.run(TestRunner.java:616)
	at org.testng.SuiteRunner.runTest(SuiteRunner.java:421)
	at org.testng.SuiteRunner$SuiteWorker.run(SuiteRunner.java:463)
	at org.testng.internal.thread.ThreadUtil.lambda$execute$0(ThreadUtil.java:64)
	at java.base/java.util.concurrent.FutureTask.run$$$capture(FutureTask.java:317)
	at java.base/java.util.concurrent.FutureTask.run(FutureTask.java)
	at java.base/java.util.concurrent.ThreadPoolExecutor.runWorker(ThreadPoolExecutor.java:1144)
	at java.base/java.util.concurrent.ThreadPoolExecutor$Worker.run(ThreadPoolExecutor.java:642)
	at java.base/java.lang.Thread.run(Thread.java:1583)
2026-01-18 15:08:58.236 INFO  listeners.Listener1 - onTestStart -> gotoBloodPressure
2026-01-18 15:08:58.238 WARN  listeners.Listener1 - onTestSkipped -> gotoBloodPressure
java.lang.NullPointerException: Cannot invoke "org.openqa.selenium.SearchContext.findElement(org.openqa.selenium.By)" because "this.searchContext" is null
	at org.openqa.selenium.support.pagefactory.DefaultElementLocator.findElement(DefaultElementLocator.java:68)
	at org.openqa.selenium.support.pagefactory.internal.LocatingElementHandler.invoke(LocatingElementHandler.java:38)
	at jdk.proxy2/jdk.proxy2.$Proxy20.click(Unknown Source)
	at pages.TopNavigation.goToBloodPressure(TopNavigation.java:82)
	at tests.BloodPressurePageValidationTest.setUp(BloodPressurePageValidationTest.java:27)
	at java.base/jdk.internal.reflect.DirectMethodHandleAccessor.invoke(DirectMethodHandleAccessor.java:103)
	at java.base/java.lang.reflect.Method.invoke(Method.java:580)
	at org.testng.internal.invokers.MethodInvocationHelper.invokeMethod(MethodInvocationHelper.java:141)
	at org.testng.internal.invokers.MethodInvocationHelper.invokeMethodConsideringTimeout(MethodInvocationHelper.java:71)
	at org.testng.internal.invokers.ConfigInvoker.invokeConfigurationMethod(ConfigInvoker.java:400)
	at org.testng.internal.invokers.ConfigInvoker.invokeConfigurations(ConfigInvoker.java:333)
	at org.testng.internal.invokers.TestMethodWorker.invokeBeforeClassMethods(TestMethodWorker.java:188)
	at org.testng.internal.invokers.TestMethodWorker.run(TestMethodWorker.java:128)
	at java.base/java.util.ArrayList.forEach(ArrayList.java:1596)
	at org.testng.TestRunner.privateRun(TestRunner.java:741)
	at org.testng.TestRunner.run(TestRunner.java:616)
	at org.testng.SuiteRunner.runTest(SuiteRunner.java:421)
	at org.testng.SuiteRunner$SuiteWorker.run(SuiteRunner.java:463)
	at org.testng.internal.thread.ThreadUtil.lambda$execute$0(ThreadUtil.java:64)
	at java.base/java.util.concurrent.FutureTask.run$$$capture(FutureTask.java:317)
	at java.base/java.util.concurrent.FutureTask.run(FutureTask.java)
	at java.base/java.util.concurrent.ThreadPoolExecutor.runWorker(ThreadPoolExecutor.java:1144)
	at java.base/java.util.concurrent.ThreadPoolExecutor$Worker.run(ThreadPoolExecutor.java:642)
	at java.base/java.lang.Thread.run(Thread.java:1583)
2026-01-18 15:08:58.247 INFO  listeners.Listener1 - onTestStart -> isHeadingPresent
2026-01-18 15:08:58.261 WARN  listeners.Listener1 - onTestSkipped -> isHeadingPresent
java.lang.Throwable: Method tests.BloodPressurePageValidationTest.isHeadingPresent() on instance tests.BloodPressurePageValidationTest@3d484181 depends on not successfully finished methods 
[tests.BloodPressurePageValidationTest.isTopNavPresent() on instance tests.BloodPressurePageValidationTest@3d484181]
	at org.testng.internal.invokers.TestInvoker.invokeTestMethods(TestInvoker.java:159)
	at org.testng.internal.invokers.TestMethodWorker.invokeTestMethods(TestMethodWorker.java:154)
	at org.testng.internal.invokers.TestMethodWorker.run(TestMethodWorker.java:134)
	at java.base/java.util.ArrayList.forEach(ArrayList.java:1596)
	at org.testng.TestRunner.privateRun(TestRunner.java:741)
	at org.testng.TestRunner.run(TestRunner.java:616)
	at org.testng.SuiteRunner.runTest(SuiteRunner.java:421)
	at org.testng.SuiteRunner$SuiteWorker.run(SuiteRunner.java:463)
	at org.testng.internal.thread.ThreadUtil.lambda$execute$0(ThreadUtil.java:64)
	at java.base/java.util.concurrent.FutureTask.run$$$capture(FutureTask.java:317)
	at java.base/java.util.concurrent.FutureTask.run(FutureTask.java)
	at java.base/java.util.concurrent.ThreadPoolExecutor.runWorker(ThreadPoolExecutor.java:1144)
	at java.base/java.util.concurrent.ThreadPoolExecutor$Worker.run(ThreadPoolExecutor.java:642)
	at java.base/java.lang.Thread.run(Thread.java:1583)
2026-01-18 15:08:58.268 INFO  listeners.Listener1 - onTestStart -> isHeadingPresent
2026-01-18 15:08:58.268 INFO  listeners.Listener1 - onTestStart -> isHeadingPresent
2026-01-18 15:08:58.269 WARN  listeners.Listener1 - onTestSkipped -> isHeadingPresent
java.lang.NullPointerException: Cannot invoke "org.openqa.selenium.SearchContext.findElement(org.openqa.selenium.By)" because "this.searchContext" is null
	at org.openqa.selenium.support.pagefactory.DefaultElementLocator.findElement(DefaultElementLocator.java:68)
	at org.openqa.selenium.support.pagefactory.internal.LocatingElementHandler.invoke(LocatingElementHandler.java:38)
	at jdk.proxy2/jdk.proxy2.$Proxy20.click(Unknown Source)
	at pages.TopNavigation.goToBloodPressure(TopNavigation.java:82)
	at tests.BloodPressurePageValidationTest.setUp(BloodPressurePageValidationTest.java:27)
	at java.base/jdk.internal.reflect.DirectMethodHandleAccessor.invoke(DirectMethodHandleAccessor.java:103)
	at java.base/java.lang.reflect.Method.invoke(Method.java:580)
	at org.testng.internal.invokers.MethodInvocationHelper.invokeMethod(MethodInvocationHelper.java:141)
	at org.testng.internal.invokers.MethodInvocationHelper.invokeMethodConsideringTimeout(MethodInvocationHelper.java:71)
	at org.testng.internal.invokers.ConfigInvoker.invokeConfigurationMethod(ConfigInvoker.java:400)
	at org.testng.internal.invokers.ConfigInvoker.invokeConfigurations(ConfigInvoker.java:333)
	at org.testng.internal.invokers.TestMethodWorker.invokeBeforeClassMethods(TestMethodWorker.java:188)
	at org.testng.internal.invokers.TestMethodWorker.run(TestMethodWorker.java:128)
	at java.base/java.util.ArrayList.forEach(ArrayList.java:1596)
	at org.testng.TestRunner.privateRun(TestRunner.java:741)
	at org.testng.TestRunner.run(TestRunner.java:616)
	at org.testng.SuiteRunner.runTest(SuiteRunner.java:421)
	at org.testng.SuiteRunner$SuiteWorker.run(SuiteRunner.java:463)
	at org.testng.internal.thread.ThreadUtil.lambda$execute$0(ThreadUtil.java:64)
	at java.base/java.util.concurrent.FutureTask.run$$$capture(FutureTask.java:317)
	at java.base/java.util.concurrent.FutureTask.run(FutureTask.java)
	at java.base/java.util.concurrent.ThreadPoolExecutor.runWorker(ThreadPoolExecutor.java:1144)
	at java.base/java.util.concurrent.ThreadPoolExecutor$Worker.run(ThreadPoolExecutor.java:642)
	at java.base/java.lang.Thread.run(Thread.java:1583)
2026-01-18 15:08:58.269 WARN  listeners.Listener1 - onTestSkipped -> isHeadingPresent
java.lang.Throwable: Method tests.BloodPressurePageValidationTest.isHeadingPresent() on instance tests.BloodPressurePageValidationTest@7a138fc5 depends on not successfully finished methods 
[tests.BloodPressurePageValidationTest.isTopNavPresent() on instance tests.BloodPressurePageValidationTest@7a138fc5]
	at org.testng.internal.invokers.TestInvoker.invokeTestMethods(TestInvoker.java:159)
	at org.testng.internal.invokers.TestMethodWorker.invokeTestMethods(TestMethodWorker.java:154)
	at org.testng.internal.invokers.TestMethodWorker.run(TestMethodWorker.java:134)
	at java.base/java.util.ArrayList.forEach(ArrayList.java:1596)
	at org.testng.TestRunner.privateRun(TestRunner.java:741)
	at org.testng.TestRunner.run(TestRunner.java:616)
	at org.testng.SuiteRunner.runTest(SuiteRunner.java:421)
	at org.testng.SuiteRunner$SuiteWorker.run(SuiteRunner.java:463)
	at org.testng.internal.thread.ThreadUtil.lambda$execute$0(ThreadUtil.java:64)
	at java.base/java.util.concurrent.FutureTask.run$$$capture(FutureTask.java:317)
	at java.base/java.util.concurrent.FutureTask.run(FutureTask.java)
	at java.base/java.util.concurrent.ThreadPoolExecutor.runWorker(ThreadPoolExecutor.java:1144)
	at java.base/java.util.concurrent.ThreadPoolExecutor$Worker.run(ThreadPoolExecutor.java:642)
	at java.base/java.lang.Thread.run(Thread.java:1583)
2026-01-18 15:08:58.301 INFO  listeners.Listener1 - onTestStart -> isHeadingPresent
2026-01-18 15:08:58.302 INFO  listeners.Listener1 - onTestStart -> isHeadingPresent
2026-01-18 15:08:58.302 WARN  listeners.Listener1 - onTestSkipped -> isHeadingPresent
java.lang.NullPointerException: Cannot invoke "org.openqa.selenium.SearchContext.findElement(org.openqa.selenium.By)" because "this.searchContext" is null
	at org.openqa.selenium.support.pagefactory.DefaultElementLocator.findElement(DefaultElementLocator.java:68)
	at org.openqa.selenium.support.pagefactory.internal.LocatingElementHandler.invoke(LocatingElementHandler.java:38)
	at jdk.proxy2/jdk.proxy2.$Proxy20.click(Unknown Source)
	at pages.TopNavigation.goToBloodPressure(TopNavigation.java:82)
	at tests.BloodPressurePageValidationTest.setUp(BloodPressurePageValidationTest.java:27)
	at java.base/jdk.internal.reflect.DirectMethodHandleAccessor.invoke(DirectMethodHandleAccessor.java:103)
	at java.base/java.lang.reflect.Method.invoke(Method.java:580)
	at org.testng.internal.invokers.MethodInvocationHelper.invokeMethod(MethodInvocationHelper.java:141)
	at org.testng.internal.invokers.MethodInvocationHelper.invokeMethodConsideringTimeout(MethodInvocationHelper.java:71)
	at org.testng.internal.invokers.ConfigInvoker.invokeConfigurationMethod(ConfigInvoker.java:400)
	at org.testng.internal.invokers.ConfigInvoker.invokeConfigurations(ConfigInvoker.java:333)
	at org.testng.internal.invokers.TestMethodWorker.invokeBeforeClassMethods(TestMethodWorker.java:188)
	at org.testng.internal.invokers.TestMethodWorker.run(TestMethodWorker.java:128)
	at java.base/java.util.ArrayList.forEach(ArrayList.java:1596)
	at org.testng.TestRunner.privateRun(TestRunner.java:741)
	at org.testng.TestRunner.run(TestRunner.java:616)
	at org.testng.SuiteRunner.runTest(SuiteRunner.java:421)
	at org.testng.SuiteRunner$SuiteWorker.run(SuiteRunner.java:463)
	at org.testng.internal.thread.ThreadUtil.lambda$execute$0(ThreadUtil.java:64)
	at java.base/java.util.concurrent.FutureTask.run$$$capture(FutureTask.java:317)
	at java.base/java.util.concurrent.FutureTask.run(FutureTask.java)
	at java.base/java.util.concurrent.ThreadPoolExecutor.runWorker(ThreadPoolExecutor.java:1144)
	at java.base/java.util.concurrent.ThreadPoolExecutor$Worker.run(ThreadPoolExecutor.java:642)
	at java.base/java.lang.Thread.run(Thread.java:1583)
2026-01-18 15:08:58.316 WARN  listeners.Listener1 - onTestSkipped -> isHeadingPresent
java.lang.NullPointerException: Cannot invoke "org.openqa.selenium.SearchContext.findElement(org.openqa.selenium.By)" because "this.searchContext" is null
	at org.openqa.selenium.support.pagefactory.DefaultElementLocator.findElement(DefaultElementLocator.java:68)
	at org.openqa.selenium.support.pagefactory.internal.LocatingElementHandler.invoke(LocatingElementHandler.java:38)
	at jdk.proxy2/jdk.proxy2.$Proxy20.click(Unknown Source)
	at pages.TopNavigation.goToBloodPressure(TopNavigation.java:82)
	at tests.BloodPressurePageValidationTest.setUp(BloodPressurePageValidationTest.java:27)
	at java.base/jdk.internal.reflect.DirectMethodHandleAccessor.invoke(DirectMethodHandleAccessor.java:103)
	at java.base/java.lang.reflect.Method.invoke(Method.java:580)
	at org.testng.internal.invokers.MethodInvocationHelper.invokeMethod(MethodInvocationHelper.java:141)
	at org.testng.internal.invokers.MethodInvocationHelper.invokeMethodConsideringTimeout(MethodInvocationHelper.java:71)
	at org.testng.internal.invokers.ConfigInvoker.invokeConfigurationMethod(ConfigInvoker.java:400)
	at org.testng.internal.invokers.ConfigInvoker.invokeConfigurations(ConfigInvoker.java:333)
	at org.testng.internal.invokers.TestMethodWorker.invokeBeforeClassMethods(TestMethodWorker.java:188)
	at org.testng.internal.invokers.TestMethodWorker.run(TestMethodWorker.java:128)
	at java.base/java.util.ArrayList.forEach(ArrayList.java:1596)
	at org.testng.TestRunner.privateRun(TestRunner.java:741)
	at org.testng.TestRunner.run(TestRunner.java:616)
	at org.testng.SuiteRunner.runTest(SuiteRunner.java:421)
	at org.testng.SuiteRunner$SuiteWorker.run(SuiteRunner.java:463)
	at org.testng.internal.thread.ThreadUtil.lambda$execute$0(ThreadUtil.java:64)
	at java.base/java.util.concurrent.FutureTask.run$$$capture(FutureTask.java:317)
	at java.base/java.util.concurrent.FutureTask.run(FutureTask.java)
	at java.base/java.util.concurrent.ThreadPoolExecutor.runWorker(ThreadPoolExecutor.java:1144)
	at java.base/java.util.concurrent.ThreadPoolExecutor$Worker.run(ThreadPoolExecutor.java:642)
	at java.base/java.lang.Thread.run(Thread.java:1583)
2026-01-18 15:08:58.323 INFO  listeners.Listener1 - onTestStart -> isHeadingPresent
2026-01-18 15:08:58.323 WARN  listeners.Listener1 - onTestSkipped -> isHeadingPresent
java.lang.NullPointerException: Cannot invoke "org.openqa.selenium.SearchContext.findElement(org.openqa.selenium.By)" because "this.searchContext" is null
	at org.openqa.selenium.support.pagefactory.DefaultElementLocator.findElement(DefaultElementLocator.java:68)
	at org.openqa.selenium.support.pagefactory.internal.LocatingElementHandler.invoke(LocatingElementHandler.java:38)
	at jdk.proxy2/jdk.proxy2.$Proxy20.click(Unknown Source)
	at pages.TopNavigation.goToBloodPressure(TopNavigation.java:82)
	at tests.BloodPressurePageValidationTest.setUp(BloodPressurePageValidationTest.java:27)
	at java.base/jdk.internal.reflect.DirectMethodHandleAccessor.invoke(DirectMethodHandleAccessor.java:103)
	at java.base/java.lang.reflect.Method.invoke(Method.java:580)
	at org.testng.internal.invokers.MethodInvocationHelper.invokeMethod(MethodInvocationHelper.java:141)
	at org.testng.internal.invokers.MethodInvocationHelper.invokeMethodConsideringTimeout(MethodInvocationHelper.java:71)
	at org.testng.internal.invokers.ConfigInvoker.invokeConfigurationMethod(ConfigInvoker.java:400)
	at org.testng.internal.invokers.ConfigInvoker.invokeConfigurations(ConfigInvoker.java:333)
	at org.testng.internal.invokers.TestMethodWorker.invokeBeforeClassMethods(TestMethodWorker.java:188)
	at org.testng.internal.invokers.TestMethodWorker.run(TestMethodWorker.java:128)
	at java.base/java.util.ArrayList.forEach(ArrayList.java:1596)
	at org.testng.TestRunner.privateRun(TestRunner.java:741)
	at org.testng.TestRunner.run(TestRunner.java:616)
	at org.testng.SuiteRunner.runTest(SuiteRunner.java:421)
	at org.testng.SuiteRunner$SuiteWorker.run(SuiteRunner.java:463)
	at org.testng.internal.thread.ThreadUtil.lambda$execute$0(ThreadUtil.java:64)
	at java.base/java.util.concurrent.FutureTask.run$$$capture(FutureTask.java:317)
	at java.base/java.util.concurrent.FutureTask.run(FutureTask.java)
	at java.base/java.util.concurrent.ThreadPoolExecutor.runWorker(ThreadPoolExecutor.java:1144)
	at java.base/java.util.concurrent.ThreadPoolExecutor$Worker.run(ThreadPoolExecutor.java:642)
	at java.base/java.lang.Thread.run(Thread.java:1583)
2026-01-18 15:08:58.325 INFO  listeners.Listener1 - onTestStart -> isAgeFieldPresent
2026-01-18 15:08:58.327 WARN  listeners.Listener1 - onTestSkipped -> isAgeFieldPresent
java.lang.NullPointerException: Cannot invoke "org.openqa.selenium.SearchContext.findElement(org.openqa.selenium.By)" because "this.searchContext" is null
	at org.openqa.selenium.support.pagefactory.DefaultElementLocator.findElement(DefaultElementLocator.java:68)
	at org.openqa.selenium.support.pagefactory.internal.LocatingElementHandler.invoke(LocatingElementHandler.java:38)
	at jdk.proxy2/jdk.proxy2.$Proxy20.click(Unknown Source)
	at pages.TopNavigation.goToBloodPressure(TopNavigation.java:82)
	at tests.BloodPressurePageValidationTest.setUp(BloodPressurePageValidationTest.java:27)
	at java.base/jdk.internal.reflect.DirectMethodHandleAccessor.invoke(DirectMethodHandleAccessor.java:103)
	at java.base/java.lang.reflect.Method.invoke(Method.java:580)
	at org.testng.internal.invokers.MethodInvocationHelper.invokeMethod(MethodInvocationHelper.java:141)
	at org.testng.internal.invokers.MethodInvocationHelper.invokeMethodConsideringTimeout(MethodInvocationHelper.java:71)
	at org.testng.internal.invokers.ConfigInvoker.invokeConfigurationMethod(ConfigInvoker.java:400)
	at org.testng.internal.invokers.ConfigInvoker.invokeConfigurations(ConfigInvoker.java:333)
	at org.testng.internal.invokers.TestMethodWorker.invokeBeforeClassMethods(TestMethodWorker.java:188)
	at org.testng.internal.invokers.TestMethodWorker.run(TestMethodWorker.java:128)
	at java.base/java.util.ArrayList.forEach(ArrayList.java:1596)
	at org.testng.TestRunner.privateRun(TestRunner.java:741)
	at org.testng.TestRunner.run(TestRunner.java:616)
	at org.testng.SuiteRunner.runTest(SuiteRunner.java:421)
	at org.testng.SuiteRunner$SuiteWorker.run(SuiteRunner.java:463)
	at org.testng.internal.thread.ThreadUtil.lambda$execute$0(ThreadUtil.java:64)
	at java.base/java.util.concurrent.FutureTask.run$$$capture(FutureTask.java:317)
	at java.base/java.util.concurrent.FutureTask.run(FutureTask.java)
	at java.base/java.util.concurrent.ThreadPoolExecutor.runWorker(ThreadPoolExecutor.java:1144)
	at java.base/java.util.concurrent.ThreadPoolExecutor$Worker.run(ThreadPoolExecutor.java:642)
	at java.base/java.lang.Thread.run(Thread.java:1583)
2026-01-18 15:08:58.332 INFO  listeners.Listener1 - onTestStart -> isAgeFieldPresent
2026-01-18 15:08:58.334 WARN  listeners.Listener1 - onTestSkipped -> isAgeFieldPresent
java.lang.NullPointerException: Cannot invoke "org.openqa.selenium.SearchContext.findElement(org.openqa.selenium.By)" because "this.searchContext" is null
	at org.openqa.selenium.support.pagefactory.DefaultElementLocator.findElement(DefaultElementLocator.java:68)
	at org.openqa.selenium.support.pagefactory.internal.LocatingElementHandler.invoke(LocatingElementHandler.java:38)
	at jdk.proxy2/jdk.proxy2.$Proxy20.click(Unknown Source)
	at pages.TopNavigation.goToBloodPressure(TopNavigation.java:82)
	at tests.BloodPressurePageValidationTest.setUp(BloodPressurePageValidationTest.java:27)
	at java.base/jdk.internal.reflect.DirectMethodHandleAccessor.invoke(DirectMethodHandleAccessor.java:103)
	at java.base/java.lang.reflect.Method.invoke(Method.java:580)
	at org.testng.internal.invokers.MethodInvocationHelper.invokeMethod(MethodInvocationHelper.java:141)
	at org.testng.internal.invokers.MethodInvocationHelper.invokeMethodConsideringTimeout(MethodInvocationHelper.java:71)
	at org.testng.internal.invokers.ConfigInvoker.invokeConfigurationMethod(ConfigInvoker.java:400)
	at org.testng.internal.invokers.ConfigInvoker.invokeConfigurations(ConfigInvoker.java:333)
	at org.testng.internal.invokers.TestMethodWorker.invokeBeforeClassMethods(TestMethodWorker.java:188)
	at org.testng.internal.invokers.TestMethodWorker.run(TestMethodWorker.java:128)
	at java.base/java.util.ArrayList.forEach(ArrayList.java:1596)
	at org.testng.TestRunner.privateRun(TestRunner.java:741)
	at org.testng.TestRunner.run(TestRunner.java:616)
	at org.testng.SuiteRunner.runTest(SuiteRunner.java:421)
	at org.testng.SuiteRunner$SuiteWorker.run(SuiteRunner.java:463)
	at org.testng.internal.thread.ThreadUtil.lambda$execute$0(ThreadUtil.java:64)
	at java.base/java.util.concurrent.FutureTask.run$$$capture(FutureTask.java:317)
	at java.base/java.util.concurrent.FutureTask.run(FutureTask.java)
	at java.base/java.util.concurrent.ThreadPoolExecutor.runWorker(ThreadPoolExecutor.java:1144)
	at java.base/java.util.concurrent.ThreadPoolExecutor$Worker.run(ThreadPoolExecutor.java:642)
	at java.base/java.lang.Thread.run(Thread.java:1583)
2026-01-18 15:08:58.334 INFO  listeners.Listener1 - onTestStart -> isLogoPresent
2026-01-18 15:08:58.337 WARN  listeners.Listener1 - onTestSkipped -> isLogoPresent
java.lang.NullPointerException: Cannot invoke "org.openqa.selenium.SearchContext.findElement(org.openqa.selenium.By)" because "this.searchContext" is null
	at org.openqa.selenium.support.pagefactory.DefaultElementLocator.findElement(DefaultElementLocator.java:68)
	at org.openqa.selenium.support.pagefactory.internal.LocatingElementHandler.invoke(LocatingElementHandler.java:38)
	at jdk.proxy2/jdk.proxy2.$Proxy20.click(Unknown Source)
	at pages.TopNavigation.goToBloodPressure(TopNavigation.java:82)
	at tests.BloodPressurePageValidationTest.setUp(BloodPressurePageValidationTest.java:27)
	at java.base/jdk.internal.reflect.DirectMethodHandleAccessor.invoke(DirectMethodHandleAccessor.java:103)
	at java.base/java.lang.reflect.Method.invoke(Method.java:580)
	at org.testng.internal.invokers.MethodInvocationHelper.invokeMethod(MethodInvocationHelper.java:141)
	at org.testng.internal.invokers.MethodInvocationHelper.invokeMethodConsideringTimeout(MethodInvocationHelper.java:71)
	at org.testng.internal.invokers.ConfigInvoker.invokeConfigurationMethod(ConfigInvoker.java:400)
	at org.testng.internal.invokers.ConfigInvoker.invokeConfigurations(ConfigInvoker.java:333)
	at org.testng.internal.invokers.TestMethodWorker.invokeBeforeClassMethods(TestMethodWorker.java:188)
	at org.testng.internal.invokers.TestMethodWorker.run(TestMethodWorker.java:128)
	at java.base/java.util.ArrayList.forEach(ArrayList.java:1596)
	at org.testng.TestRunner.privateRun(TestRunner.java:741)
	at org.testng.TestRunner.run(TestRunner.java:616)
	at org.testng.SuiteRunner.runTest(SuiteRunner.java:421)
	at org.testng.SuiteRunner$SuiteWorker.run(SuiteRunner.java:463)
	at org.testng.internal.thread.ThreadUtil.lambda$execute$0(ThreadUtil.java:64)
	at java.base/java.util.concurrent.FutureTask.run$$$capture(FutureTask.java:317)
	at java.base/java.util.concurrent.FutureTask.run(FutureTask.java)
	at java.base/java.util.concurrent.ThreadPoolExecutor.runWorker(ThreadPoolExecutor.java:1144)
	at java.base/java.util.concurrent.ThreadPoolExecutor$Worker.run(ThreadPoolExecutor.java:642)
	at java.base/java.lang.Thread.run(Thread.java:1583)
2026-01-18 15:08:58.356 INFO  listeners.Listener1 - onTestStart -> isLogoPresent
2026-01-18 15:08:58.359 WARN  listeners.Listener1 - onTestSkipped -> isLogoPresent
java.lang.NullPointerException: Cannot invoke "org.openqa.selenium.SearchContext.findElement(org.openqa.selenium.By)" because "this.searchContext" is null
	at org.openqa.selenium.support.pagefactory.DefaultElementLocator.findElement(DefaultElementLocator.java:68)
	at org.openqa.selenium.support.pagefactory.internal.LocatingElementHandler.invoke(LocatingElementHandler.java:38)
	at jdk.proxy2/jdk.proxy2.$Proxy20.click(Unknown Source)
	at pages.TopNavigation.goToBloodPressure(TopNavigation.java:82)
	at tests.BloodPressurePageValidationTest.setUp(BloodPressurePageValidationTest.java:27)
	at java.base/jdk.internal.reflect.DirectMethodHandleAccessor.invoke(DirectMethodHandleAccessor.java:103)
	at java.base/java.lang.reflect.Method.invoke(Method.java:580)
	at org.testng.internal.invokers.MethodInvocationHelper.invokeMethod(MethodInvocationHelper.java:141)
	at org.testng.internal.invokers.MethodInvocationHelper.invokeMethodConsideringTimeout(MethodInvocationHelper.java:71)
	at org.testng.internal.invokers.ConfigInvoker.invokeConfigurationMethod(ConfigInvoker.java:400)
	at org.testng.internal.invokers.ConfigInvoker.invokeConfigurations(ConfigInvoker.java:333)
	at org.testng.internal.invokers.TestMethodWorker.invokeBeforeClassMethods(TestMethodWorker.java:188)
	at org.testng.internal.invokers.TestMethodWorker.run(TestMethodWorker.java:128)
	at java.base/java.util.ArrayList.forEach(ArrayList.java:1596)
	at org.testng.TestRunner.privateRun(TestRunner.java:741)
	at org.testng.TestRunner.run(TestRunner.java:616)
	at org.testng.SuiteRunner.runTest(SuiteRunner.java:421)
	at org.testng.SuiteRunner$SuiteWorker.run(SuiteRunner.java:463)
	at org.testng.internal.thread.ThreadUtil.lambda$execute$0(ThreadUtil.java:64)
	at java.base/java.util.concurrent.FutureTask.run$$$capture(FutureTask.java:317)
	at java.base/java.util.concurrent.FutureTask.run(FutureTask.java)
	at java.base/java.util.concurrent.ThreadPoolExecutor.runWorker(ThreadPoolExecutor.java:1144)
	at java.base/java.util.concurrent.ThreadPoolExecutor$Worker.run(ThreadPoolExecutor.java:642)
	at java.base/java.lang.Thread.run(Thread.java:1583)
2026-01-18 15:08:58.360 INFO  listeners.Listener1 - onTestStart -> isCalculatorPresent
2026-01-18 15:08:58.362 WARN  listeners.Listener1 - onTestSkipped -> isCalculatorPresent
java.lang.NullPointerException: Cannot invoke "org.openqa.selenium.SearchContext.findElement(org.openqa.selenium.By)" because "this.searchContext" is null
	at org.openqa.selenium.support.pagefactory.DefaultElementLocator.findElement(DefaultElementLocator.java:68)
	at org.openqa.selenium.support.pagefactory.internal.LocatingElementHandler.invoke(LocatingElementHandler.java:38)
	at jdk.proxy2/jdk.proxy2.$Proxy20.click(Unknown Source)
	at pages.TopNavigation.goToBloodPressure(TopNavigation.java:82)
	at tests.BloodPressurePageValidationTest.setUp(BloodPressurePageValidationTest.java:27)
	at java.base/jdk.internal.reflect.DirectMethodHandleAccessor.invoke(DirectMethodHandleAccessor.java:103)
	at java.base/java.lang.reflect.Method.invoke(Method.java:580)
	at org.testng.internal.invokers.MethodInvocationHelper.invokeMethod(MethodInvocationHelper.java:141)
	at org.testng.internal.invokers.MethodInvocationHelper.invokeMethodConsideringTimeout(MethodInvocationHelper.java:71)
	at org.testng.internal.invokers.ConfigInvoker.invokeConfigurationMethod(ConfigInvoker.java:400)
	at org.testng.internal.invokers.ConfigInvoker.invokeConfigurations(ConfigInvoker.java:333)
	at org.testng.internal.invokers.TestMethodWorker.invokeBeforeClassMethods(TestMethodWorker.java:188)
	at org.testng.internal.invokers.TestMethodWorker.run(TestMethodWorker.java:128)
	at java.base/java.util.ArrayList.forEach(ArrayList.java:1596)
	at org.testng.TestRunner.privateRun(TestRunner.java:741)
	at org.testng.TestRunner.run(TestRunner.java:616)
	at org.testng.SuiteRunner.runTest(SuiteRunner.java:421)
	at org.testng.SuiteRunner$SuiteWorker.run(SuiteRunner.java:463)
	at org.testng.internal.thread.ThreadUtil.lambda$execute$0(ThreadUtil.java:64)
	at java.base/java.util.concurrent.FutureTask.run$$$capture(FutureTask.java:317)
	at java.base/java.util.concurrent.FutureTask.run(FutureTask.java)
	at java.base/java.util.concurrent.ThreadPoolExecutor.runWorker(ThreadPoolExecutor.java:1144)
	at java.base/java.util.concurrent.ThreadPoolExecutor$Worker.run(ThreadPoolExecutor.java:642)
	at java.base/java.lang.Thread.run(Thread.java:1583)
2026-01-18 15:08:58.378 INFO  listeners.Listener1 - onTestStart -> isCalculatorPresent
2026-01-18 15:08:58.379 WARN  listeners.Listener1 - onTestSkipped -> isCalculatorPresent
java.lang.NullPointerException: Cannot invoke "org.openqa.selenium.SearchContext.findElement(org.openqa.selenium.By)" because "this.searchContext" is null
	at org.openqa.selenium.support.pagefactory.DefaultElementLocator.findElement(DefaultElementLocator.java:68)
	at org.openqa.selenium.support.pagefactory.internal.LocatingElementHandler.invoke(LocatingElementHandler.java:38)
	at jdk.proxy2/jdk.proxy2.$Proxy20.click(Unknown Source)
	at pages.TopNavigation.goToBloodPressure(TopNavigation.java:82)
	at tests.BloodPressurePageValidationTest.setUp(BloodPressurePageValidationTest.java:27)
	at java.base/jdk.internal.reflect.DirectMethodHandleAccessor.invoke(DirectMethodHandleAccessor.java:103)
	at java.base/java.lang.reflect.Method.invoke(Method.java:580)
	at org.testng.internal.invokers.MethodInvocationHelper.invokeMethod(MethodInvocationHelper.java:141)
	at org.testng.internal.invokers.MethodInvocationHelper.invokeMethodConsideringTimeout(MethodInvocationHelper.java:71)
	at org.testng.internal.invokers.ConfigInvoker.invokeConfigurationMethod(ConfigInvoker.java:400)
	at org.testng.internal.invokers.ConfigInvoker.invokeConfigurations(ConfigInvoker.java:333)
	at org.testng.internal.invokers.TestMethodWorker.invokeBeforeClassMethods(TestMethodWorker.java:188)
	at org.testng.internal.invokers.TestMethodWorker.run(TestMethodWorker.java:128)
	at java.base/java.util.ArrayList.forEach(ArrayList.java:1596)
	at org.testng.TestRunner.privateRun(TestRunner.java:741)
	at org.testng.TestRunner.run(TestRunner.java:616)
	at org.testng.SuiteRunner.runTest(SuiteRunner.java:421)
	at org.testng.SuiteRunner$SuiteWorker.run(SuiteRunner.java:463)
	at org.testng.internal.thread.ThreadUtil.lambda$execute$0(ThreadUtil.java:64)
	at java.base/java.util.concurrent.FutureTask.run$$$capture(FutureTask.java:317)
	at java.base/java.util.concurrent.FutureTask.run(FutureTask.java)
	at java.base/java.util.concurrent.ThreadPoolExecutor.runWorker(ThreadPoolExecutor.java:1144)
	at java.base/java.util.concurrent.ThreadPoolExecutor$Worker.run(ThreadPoolExecutor.java:642)
	at java.base/java.lang.Thread.run(Thread.java:1583)
2026-01-18 15:08:58.383 INFO  listeners.Listener1 - onTestStart -> gotoAgeFactor
2026-01-18 15:08:58.385 WARN  listeners.Listener1 - onTestSkipped -> gotoAgeFactor
java.lang.NullPointerException: Cannot invoke "org.openqa.selenium.SearchContext.findElement(org.openqa.selenium.By)" because "this.searchContext" is null
	at org.openqa.selenium.support.pagefactory.DefaultElementLocator.findElement(DefaultElementLocator.java:68)
	at org.openqa.selenium.support.pagefactory.internal.LocatingElementHandler.invoke(LocatingElementHandler.java:38)
	at jdk.proxy2/jdk.proxy2.$Proxy20.click(Unknown Source)
	at pages.TopNavigation.goToBloodPressure(TopNavigation.java:82)
	at tests.BloodPressurePageValidationTest.setUp(BloodPressurePageValidationTest.java:27)
	at java.base/jdk.internal.reflect.DirectMethodHandleAccessor.invoke(DirectMethodHandleAccessor.java:103)
	at java.base/java.lang.reflect.Method.invoke(Method.java:580)
	at org.testng.internal.invokers.MethodInvocationHelper.invokeMethod(MethodInvocationHelper.java:141)
	at org.testng.internal.invokers.MethodInvocationHelper.invokeMethodConsideringTimeout(MethodInvocationHelper.java:71)
	at org.testng.internal.invokers.ConfigInvoker.invokeConfigurationMethod(ConfigInvoker.java:400)
	at org.testng.internal.invokers.ConfigInvoker.invokeConfigurations(ConfigInvoker.java:333)
	at org.testng.internal.invokers.TestMethodWorker.invokeBeforeClassMethods(TestMethodWorker.java:188)
	at org.testng.internal.invokers.TestMethodWorker.run(TestMethodWorker.java:128)
	at java.base/java.util.ArrayList.forEach(ArrayList.java:1596)
	at org.testng.TestRunner.privateRun(TestRunner.java:741)
	at org.testng.TestRunner.run(TestRunner.java:616)
	at org.testng.SuiteRunner.runTest(SuiteRunner.java:421)
	at org.testng.SuiteRunner$SuiteWorker.run(SuiteRunner.java:463)
	at org.testng.internal.thread.ThreadUtil.lambda$execute$0(ThreadUtil.java:64)
	at java.base/java.util.concurrent.FutureTask.run$$$capture(FutureTask.java:317)
	at java.base/java.util.concurrent.FutureTask.run(FutureTask.java)
	at java.base/java.util.concurrent.ThreadPoolExecutor.runWorker(ThreadPoolExecutor.java:1144)
	at java.base/java.util.concurrent.ThreadPoolExecutor$Worker.run(ThreadPoolExecutor.java:642)
	at java.base/java.lang.Thread.run(Thread.java:1583)
2026-01-18 15:08:58.388 INFO  listeners.Listener1 - onTestStart -> gotoAgeFactor
2026-01-18 15:08:58.389 WARN  listeners.Listener1 - onTestSkipped -> gotoAgeFactor
java.lang.NullPointerException: Cannot invoke "org.openqa.selenium.SearchContext.findElement(org.openqa.selenium.By)" because "this.searchContext" is null
	at org.openqa.selenium.support.pagefactory.DefaultElementLocator.findElement(DefaultElementLocator.java:68)
	at org.openqa.selenium.support.pagefactory.internal.LocatingElementHandler.invoke(LocatingElementHandler.java:38)
	at jdk.proxy2/jdk.proxy2.$Proxy20.click(Unknown Source)
	at pages.TopNavigation.goToBloodPressure(TopNavigation.java:82)
	at tests.BloodPressurePageValidationTest.setUp(BloodPressurePageValidationTest.java:27)
	at java.base/jdk.internal.reflect.DirectMethodHandleAccessor.invoke(DirectMethodHandleAccessor.java:103)
	at java.base/java.lang.reflect.Method.invoke(Method.java:580)
	at org.testng.internal.invokers.MethodInvocationHelper.invokeMethod(MethodInvocationHelper.java:141)
	at org.testng.internal.invokers.MethodInvocationHelper.invokeMethodConsideringTimeout(MethodInvocationHelper.java:71)
	at org.testng.internal.invokers.ConfigInvoker.invokeConfigurationMethod(ConfigInvoker.java:400)
	at org.testng.internal.invokers.ConfigInvoker.invokeConfigurations(ConfigInvoker.java:333)
	at org.testng.internal.invokers.TestMethodWorker.invokeBeforeClassMethods(TestMethodWorker.java:188)
	at org.testng.internal.invokers.TestMethodWorker.run(TestMethodWorker.java:128)
	at java.base/java.util.ArrayList.forEach(ArrayList.java:1596)
	at org.testng.TestRunner.privateRun(TestRunner.java:741)
	at org.testng.TestRunner.run(TestRunner.java:616)
	at org.testng.SuiteRunner.runTest(SuiteRunner.java:421)
	at org.testng.SuiteRunner$SuiteWorker.run(SuiteRunner.java:463)
	at org.testng.internal.thread.ThreadUtil.lambda$execute$0(ThreadUtil.java:64)
	at java.base/java.util.concurrent.FutureTask.run$$$capture(FutureTask.java:317)
	at java.base/java.util.concurrent.FutureTask.run(FutureTask.java)
	at java.base/java.util.concurrent.ThreadPoolExecutor.runWorker(ThreadPoolExecutor.java:1144)
	at java.base/java.util.concurrent.ThreadPoolExecutor$Worker.run(ThreadPoolExecutor.java:642)
	at java.base/java.lang.Thread.run(Thread.java:1583)
2026-01-18 15:08:58.408 INFO  listeners.Listener1 - onTestStart -> isInfoPresent
2026-01-18 15:08:58.408 WARN  listeners.Listener1 - onTestSkipped -> isInfoPresent
java.lang.Throwable: Method tests.BloodPressurePageValidationTest.isInfoPresent() on instance tests.BloodPressurePageValidationTest@3d484181 depends on not successfully finished methods 
[tests.BloodPressurePageValidationTest.isHeadingPresent() on instance tests.BloodPressurePageValidationTest@3d484181]
	at org.testng.internal.invokers.TestInvoker.invokeTestMethods(TestInvoker.java:159)
	at org.testng.internal.invokers.TestMethodWorker.invokeTestMethods(TestMethodWorker.java:154)
	at org.testng.internal.invokers.TestMethodWorker.run(TestMethodWorker.java:134)
	at java.base/java.util.ArrayList.forEach(ArrayList.java:1596)
	at org.testng.TestRunner.privateRun(TestRunner.java:741)
	at org.testng.TestRunner.run(TestRunner.java:616)
	at org.testng.SuiteRunner.runTest(SuiteRunner.java:421)
	at org.testng.SuiteRunner$SuiteWorker.run(SuiteRunner.java:463)
	at org.testng.internal.thread.ThreadUtil.lambda$execute$0(ThreadUtil.java:64)
	at java.base/java.util.concurrent.FutureTask.run$$$capture(FutureTask.java:317)
	at java.base/java.util.concurrent.FutureTask.run(FutureTask.java)
	at java.base/java.util.concurrent.ThreadPoolExecutor.runWorker(ThreadPoolExecutor.java:1144)
	at java.base/java.util.concurrent.ThreadPoolExecutor$Worker.run(ThreadPoolExecutor.java:642)
	at java.base/java.lang.Thread.run(Thread.java:1583)
2026-01-18 15:08:58.412 INFO  listeners.Listener1 - onTestStart -> isInfoPresent
2026-01-18 15:08:58.414 WARN  listeners.Listener1 - onTestSkipped -> isInfoPresent
java.lang.Throwable: Method tests.BloodPressurePageValidationTest.isInfoPresent() on instance tests.BloodPressurePageValidationTest@7a138fc5 depends on not successfully finished methods 
[tests.BloodPressurePageValidationTest.isHeadingPresent() on instance tests.BloodPressurePageValidationTest@7a138fc5]
	at org.testng.internal.invokers.TestInvoker.invokeTestMethods(TestInvoker.java:159)
	at org.testng.internal.invokers.TestMethodWorker.invokeTestMethods(TestMethodWorker.java:154)
	at org.testng.internal.invokers.TestMethodWorker.run(TestMethodWorker.java:134)
	at java.base/java.util.ArrayList.forEach(ArrayList.java:1596)
	at org.testng.TestRunner.privateRun(TestRunner.java:741)
	at org.testng.TestRunner.run(TestRunner.java:616)
	at org.testng.SuiteRunner.runTest(SuiteRunner.java:421)
	at org.testng.SuiteRunner$SuiteWorker.run(SuiteRunner.java:463)
	at org.testng.internal.thread.ThreadUtil.lambda$execute$0(ThreadUtil.java:64)
	at java.base/java.util.concurrent.FutureTask.run$$$capture(FutureTask.java:317)
	at java.base/java.util.concurrent.FutureTask.run(FutureTask.java)
	at java.base/java.util.concurrent.ThreadPoolExecutor.runWorker(ThreadPoolExecutor.java:1144)
	at java.base/java.util.concurrent.ThreadPoolExecutor$Worker.run(ThreadPoolExecutor.java:642)
	at java.base/java.lang.Thread.run(Thread.java:1583)
2026-01-18 15:08:58.414 INFO  listeners.Listener1 - onTestStart -> isInfoPresent
2026-01-18 15:08:58.423 WARN  listeners.Listener1 - onTestSkipped -> isInfoPresent
java.lang.NullPointerException: Cannot invoke "org.openqa.selenium.SearchContext.findElement(org.openqa.selenium.By)" because "this.searchContext" is null
	at org.openqa.selenium.support.pagefactory.DefaultElementLocator.findElement(DefaultElementLocator.java:68)
	at org.openqa.selenium.support.pagefactory.internal.LocatingElementHandler.invoke(LocatingElementHandler.java:38)
	at jdk.proxy2/jdk.proxy2.$Proxy20.click(Unknown Source)
	at pages.TopNavigation.goToBloodPressure(TopNavigation.java:82)
	at tests.BloodPressurePageValidationTest.setUp(BloodPressurePageValidationTest.java:27)
	at java.base/jdk.internal.reflect.DirectMethodHandleAccessor.invoke(DirectMethodHandleAccessor.java:103)
	at java.base/java.lang.reflect.Method.invoke(Method.java:580)
	at org.testng.internal.invokers.MethodInvocationHelper.invokeMethod(MethodInvocationHelper.java:141)
	at org.testng.internal.invokers.MethodInvocationHelper.invokeMethodConsideringTimeout(MethodInvocationHelper.java:71)
	at org.testng.internal.invokers.ConfigInvoker.invokeConfigurationMethod(ConfigInvoker.java:400)
	at org.testng.internal.invokers.ConfigInvoker.invokeConfigurations(ConfigInvoker.java:333)
	at org.testng.internal.invokers.TestMethodWorker.invokeBeforeClassMethods(TestMethodWorker.java:188)
	at org.testng.internal.invokers.TestMethodWorker.run(TestMethodWorker.java:128)
	at java.base/java.util.ArrayList.forEach(ArrayList.java:1596)
	at org.testng.TestRunner.privateRun(TestRunner.java:741)
	at org.testng.TestRunner.run(TestRunner.java:616)
	at org.testng.SuiteRunner.runTest(SuiteRunner.java:421)
	at org.testng.SuiteRunner$SuiteWorker.run(SuiteRunner.java:463)
	at org.testng.internal.thread.ThreadUtil.lambda$execute$0(ThreadUtil.java:64)
	at java.base/java.util.concurrent.FutureTask.run$$$capture(FutureTask.java:317)
	at java.base/java.util.concurrent.FutureTask.run(FutureTask.java)
	at java.base/java.util.concurrent.ThreadPoolExecutor.runWorker(ThreadPoolExecutor.java:1144)
	at java.base/java.util.concurrent.ThreadPoolExecutor$Worker.run(ThreadPoolExecutor.java:642)
	at java.base/java.lang.Thread.run(Thread.java:1583)
2026-01-18 15:08:58.430 INFO  listeners.Listener1 - onTestStart -> isInfoPresent
2026-01-18 15:08:58.430 INFO  listeners.Listener1 - onTestStart -> isTeamDetailsPresent
2026-01-18 15:08:58.448 WARN  listeners.Listener1 - onTestSkipped -> isInfoPresent
java.lang.NullPointerException: Cannot invoke "org.openqa.selenium.SearchContext.findElement(org.openqa.selenium.By)" because "this.searchContext" is null
	at org.openqa.selenium.support.pagefactory.DefaultElementLocator.findElement(DefaultElementLocator.java:68)
	at org.openqa.selenium.support.pagefactory.internal.LocatingElementHandler.invoke(LocatingElementHandler.java:38)
	at jdk.proxy2/jdk.proxy2.$Proxy20.click(Unknown Source)
	at pages.TopNavigation.goToBloodPressure(TopNavigation.java:82)
	at tests.BloodPressurePageValidationTest.setUp(BloodPressurePageValidationTest.java:27)
	at java.base/jdk.internal.reflect.DirectMethodHandleAccessor.invoke(DirectMethodHandleAccessor.java:103)
	at java.base/java.lang.reflect.Method.invoke(Method.java:580)
	at org.testng.internal.invokers.MethodInvocationHelper.invokeMethod(MethodInvocationHelper.java:141)
	at org.testng.internal.invokers.MethodInvocationHelper.invokeMethodConsideringTimeout(MethodInvocationHelper.java:71)
	at org.testng.internal.invokers.ConfigInvoker.invokeConfigurationMethod(ConfigInvoker.java:400)
	at org.testng.internal.invokers.ConfigInvoker.invokeConfigurations(ConfigInvoker.java:333)
	at org.testng.internal.invokers.TestMethodWorker.invokeBeforeClassMethods(TestMethodWorker.java:188)
	at org.testng.internal.invokers.TestMethodWorker.run(TestMethodWorker.java:128)
	at java.base/java.util.ArrayList.forEach(ArrayList.java:1596)
	at org.testng.TestRunner.privateRun(TestRunner.java:741)
	at org.testng.TestRunner.run(TestRunner.java:616)
	at org.testng.SuiteRunner.runTest(SuiteRunner.java:421)
	at org.testng.SuiteRunner$SuiteWorker.run(SuiteRunner.java:463)
	at org.testng.internal.thread.ThreadUtil.lambda$execute$0(ThreadUtil.java:64)
	at java.base/java.util.concurrent.FutureTask.run$$$capture(FutureTask.java:317)
	at java.base/java.util.concurrent.FutureTask.run(FutureTask.java)
	at java.base/java.util.concurrent.ThreadPoolExecutor.runWorker(ThreadPoolExecutor.java:1144)
	at java.base/java.util.concurrent.ThreadPoolExecutor$Worker.run(ThreadPoolExecutor.java:642)
	at java.base/java.lang.Thread.run(Thread.java:1583)
2026-01-18 15:08:58.448 WARN  listeners.Listener1 - onTestSkipped -> isTeamDetailsPresent
java.lang.NullPointerException: Cannot invoke "org.openqa.selenium.SearchContext.findElement(org.openqa.selenium.By)" because "this.searchContext" is null
	at org.openqa.selenium.support.pagefactory.DefaultElementLocator.findElement(DefaultElementLocator.java:68)
	at org.openqa.selenium.support.pagefactory.internal.LocatingElementHandler.invoke(LocatingElementHandler.java:38)
	at jdk.proxy2/jdk.proxy2.$Proxy20.click(Unknown Source)
	at pages.TopNavigation.goToBloodPressure(TopNavigation.java:82)
	at tests.BloodPressurePageValidationTest.setUp(BloodPressurePageValidationTest.java:27)
	at java.base/jdk.internal.reflect.DirectMethodHandleAccessor.invoke(DirectMethodHandleAccessor.java:103)
	at java.base/java.lang.reflect.Method.invoke(Method.java:580)
	at org.testng.internal.invokers.MethodInvocationHelper.invokeMethod(MethodInvocationHelper.java:141)
	at org.testng.internal.invokers.MethodInvocationHelper.invokeMethodConsideringTimeout(MethodInvocationHelper.java:71)
	at org.testng.internal.invokers.ConfigInvoker.invokeConfigurationMethod(ConfigInvoker.java:400)
	at org.testng.internal.invokers.ConfigInvoker.invokeConfigurations(ConfigInvoker.java:333)
	at org.testng.internal.invokers.TestMethodWorker.invokeBeforeClassMethods(TestMethodWorker.java:188)
	at org.testng.internal.invokers.TestMethodWorker.run(TestMethodWorker.java:128)
	at java.base/java.util.ArrayList.forEach(ArrayList.java:1596)
	at org.testng.TestRunner.privateRun(TestRunner.java:741)
	at org.testng.TestRunner.run(TestRunner.java:616)
	at org.testng.SuiteRunner.runTest(SuiteRunner.java:421)
	at org.testng.SuiteRunner$SuiteWorker.run(SuiteRunner.java:463)
	at org.testng.internal.thread.ThreadUtil.lambda$execute$0(ThreadUtil.java:64)
	at java.base/java.util.concurrent.FutureTask.run$$$capture(FutureTask.java:317)
	at java.base/java.util.concurrent.FutureTask.run(FutureTask.java)
	at java.base/java.util.concurrent.ThreadPoolExecutor.runWorker(ThreadPoolExecutor.java:1144)
	at java.base/java.util.concurrent.ThreadPoolExecutor$Worker.run(ThreadPoolExecutor.java:642)
	at java.base/java.lang.Thread.run(Thread.java:1583)
2026-01-18 15:08:58.469 INFO  listeners.Listener1 - onTestStart -> isTeamDetailsPresent
2026-01-18 15:08:58.469 WARN  listeners.Listener1 - onTestSkipped -> isTeamDetailsPresent
java.lang.NullPointerException: Cannot invoke "org.openqa.selenium.SearchContext.findElement(org.openqa.selenium.By)" because "this.searchContext" is null
	at org.openqa.selenium.support.pagefactory.DefaultElementLocator.findElement(DefaultElementLocator.java:68)
	at org.openqa.selenium.support.pagefactory.internal.LocatingElementHandler.invoke(LocatingElementHandler.java:38)
	at jdk.proxy2/jdk.proxy2.$Proxy20.click(Unknown Source)
	at pages.TopNavigation.goToBloodPressure(TopNavigation.java:82)
	at tests.BloodPressurePageValidationTest.setUp(BloodPressurePageValidationTest.java:27)
	at java.base/jdk.internal.reflect.DirectMethodHandleAccessor.invoke(DirectMethodHandleAccessor.java:103)
	at java.base/java.lang.reflect.Method.invoke(Method.java:580)
	at org.testng.internal.invokers.MethodInvocationHelper.invokeMethod(MethodInvocationHelper.java:141)
	at org.testng.internal.invokers.MethodInvocationHelper.invokeMethodConsideringTimeout(MethodInvocationHelper.java:71)
	at org.testng.internal.invokers.ConfigInvoker.invokeConfigurationMethod(ConfigInvoker.java:400)
	at org.testng.internal.invokers.ConfigInvoker.invokeConfigurations(ConfigInvoker.java:333)
	at org.testng.internal.invokers.TestMethodWorker.invokeBeforeClassMethods(TestMethodWorker.java:188)
	at org.testng.internal.invokers.TestMethodWorker.run(TestMethodWorker.java:128)
	at java.base/java.util.ArrayList.forEach(ArrayList.java:1596)
	at org.testng.TestRunner.privateRun(TestRunner.java:741)
	at org.testng.TestRunner.run(TestRunner.java:616)
	at org.testng.SuiteRunner.runTest(SuiteRunner.java:421)
	at org.testng.SuiteRunner$SuiteWorker.run(SuiteRunner.java:463)
	at org.testng.internal.thread.ThreadUtil.lambda$execute$0(ThreadUtil.java:64)
	at java.base/java.util.concurrent.FutureTask.run$$$capture(FutureTask.java:317)
	at java.base/java.util.concurrent.FutureTask.run(FutureTask.java)
	at java.base/java.util.concurrent.ThreadPoolExecutor.runWorker(ThreadPoolExecutor.java:1144)
	at java.base/java.util.concurrent.ThreadPoolExecutor$Worker.run(ThreadPoolExecutor.java:642)
	at java.base/java.lang.Thread.run(Thread.java:1583)
2026-01-18 15:08:58.469 INFO  listeners.Listener1 - onTestStart -> isPulseRateFieldPresent
2026-01-18 15:08:58.471 WARN  listeners.Listener1 - onTestSkipped -> isPulseRateFieldPresent
java.lang.NullPointerException: Cannot invoke "org.openqa.selenium.SearchContext.findElement(org.openqa.selenium.By)" because "this.searchContext" is null
	at org.openqa.selenium.support.pagefactory.DefaultElementLocator.findElement(DefaultElementLocator.java:68)
	at org.openqa.selenium.support.pagefactory.internal.LocatingElementHandler.invoke(LocatingElementHandler.java:38)
	at jdk.proxy2/jdk.proxy2.$Proxy20.click(Unknown Source)
	at pages.TopNavigation.goToBloodPressure(TopNavigation.java:82)
	at tests.BloodPressurePageValidationTest.setUp(BloodPressurePageValidationTest.java:27)
	at java.base/jdk.internal.reflect.DirectMethodHandleAccessor.invoke(DirectMethodHandleAccessor.java:103)
	at java.base/java.lang.reflect.Method.invoke(Method.java:580)
	at org.testng.internal.invokers.MethodInvocationHelper.invokeMethod(MethodInvocationHelper.java:141)
	at org.testng.internal.invokers.MethodInvocationHelper.invokeMethodConsideringTimeout(MethodInvocationHelper.java:71)
	at org.testng.internal.invokers.ConfigInvoker.invokeConfigurationMethod(ConfigInvoker.java:400)
	at org.testng.internal.invokers.ConfigInvoker.invokeConfigurations(ConfigInvoker.java:333)
	at org.testng.internal.invokers.TestMethodWorker.invokeBeforeClassMethods(TestMethodWorker.java:188)
	at org.testng.internal.invokers.TestMethodWorker.run(TestMethodWorker.java:128)
	at java.base/java.util.ArrayList.forEach(ArrayList.java:1596)
	at org.testng.TestRunner.privateRun(TestRunner.java:741)
	at org.testng.TestRunner.run(TestRunner.java:616)
	at org.testng.SuiteRunner.runTest(SuiteRunner.java:421)
	at org.testng.SuiteRunner$SuiteWorker.run(SuiteRunner.java:463)
	at org.testng.internal.thread.ThreadUtil.lambda$execute$0(ThreadUtil.java:64)
	at java.base/java.util.concurrent.FutureTask.run$$$capture(FutureTask.java:317)
	at java.base/java.util.concurrent.FutureTask.run(FutureTask.java)
	at java.base/java.util.concurrent.ThreadPoolExecutor.runWorker(ThreadPoolExecutor.java:1144)
	at java.base/java.util.concurrent.ThreadPoolExecutor$Worker.run(ThreadPoolExecutor.java:642)
	at java.base/java.lang.Thread.run(Thread.java:1583)
2026-01-18 15:08:58.479 INFO  listeners.Listener1 - onTestStart -> isPulseRateFieldPresent
2026-01-18 15:08:58.480 WARN  listeners.Listener1 - onTestSkipped -> isPulseRateFieldPresent
java.lang.NullPointerException: Cannot invoke "org.openqa.selenium.SearchContext.findElement(org.openqa.selenium.By)" because "this.searchContext" is null
	at org.openqa.selenium.support.pagefactory.DefaultElementLocator.findElement(DefaultElementLocator.java:68)
	at org.openqa.selenium.support.pagefactory.internal.LocatingElementHandler.invoke(LocatingElementHandler.java:38)
	at jdk.proxy2/jdk.proxy2.$Proxy20.click(Unknown Source)
	at pages.TopNavigation.goToBloodPressure(TopNavigation.java:82)
	at tests.BloodPressurePageValidationTest.setUp(BloodPressurePageValidationTest.java:27)
	at java.base/jdk.internal.reflect.DirectMethodHandleAccessor.invoke(DirectMethodHandleAccessor.java:103)
	at java.base/java.lang.reflect.Method.invoke(Method.java:580)
	at org.testng.internal.invokers.MethodInvocationHelper.invokeMethod(MethodInvocationHelper.java:141)
	at org.testng.internal.invokers.MethodInvocationHelper.invokeMethodConsideringTimeout(MethodInvocationHelper.java:71)
	at org.testng.internal.invokers.ConfigInvoker.invokeConfigurationMethod(ConfigInvoker.java:400)
	at org.testng.internal.invokers.ConfigInvoker.invokeConfigurations(ConfigInvoker.java:333)
	at org.testng.internal.invokers.TestMethodWorker.invokeBeforeClassMethods(TestMethodWorker.java:188)
	at org.testng.internal.invokers.TestMethodWorker.run(TestMethodWorker.java:128)
	at java.base/java.util.ArrayList.forEach(ArrayList.java:1596)
	at org.testng.TestRunner.privateRun(TestRunner.java:741)
	at org.testng.TestRunner.run(TestRunner.java:616)
	at org.testng.SuiteRunner.runTest(SuiteRunner.java:421)
	at org.testng.SuiteRunner$SuiteWorker.run(SuiteRunner.java:463)
	at org.testng.internal.thread.ThreadUtil.lambda$execute$0(ThreadUtil.java:64)
	at java.base/java.util.concurrent.FutureTask.run$$$capture(FutureTask.java:317)
	at java.base/java.util.concurrent.FutureTask.run(FutureTask.java)
	at java.base/java.util.concurrent.ThreadPoolExecutor.runWorker(ThreadPoolExecutor.java:1144)
	at java.base/java.util.concurrent.ThreadPoolExecutor$Worker.run(ThreadPoolExecutor.java:642)
	at java.base/java.lang.Thread.run(Thread.java:1583)
2026-01-18 15:08:58.481 INFO  listeners.Listener1 - onTestStart -> isLogoTextPresent
2026-01-18 15:08:58.481 WARN  listeners.Listener1 - onTestSkipped -> isLogoTextPresent
java.lang.NullPointerException: Cannot invoke "org.openqa.selenium.SearchContext.findElement(org.openqa.selenium.By)" because "this.searchContext" is null
	at org.openqa.selenium.support.pagefactory.DefaultElementLocator.findElement(DefaultElementLocator.java:68)
	at org.openqa.selenium.support.pagefactory.internal.LocatingElementHandler.invoke(LocatingElementHandler.java:38)
	at jdk.proxy2/jdk.proxy2.$Proxy20.click(Unknown Source)
	at pages.TopNavigation.goToBloodPressure(TopNavigation.java:82)
	at tests.BloodPressurePageValidationTest.setUp(BloodPressurePageValidationTest.java:27)
	at java.base/jdk.internal.reflect.DirectMethodHandleAccessor.invoke(DirectMethodHandleAccessor.java:103)
	at java.base/java.lang.reflect.Method.invoke(Method.java:580)
	at org.testng.internal.invokers.MethodInvocationHelper.invokeMethod(MethodInvocationHelper.java:141)
	at org.testng.internal.invokers.MethodInvocationHelper.invokeMethodConsideringTimeout(MethodInvocationHelper.java:71)
	at org.testng.internal.invokers.ConfigInvoker.invokeConfigurationMethod(ConfigInvoker.java:400)
	at org.testng.internal.invokers.ConfigInvoker.invokeConfigurations(ConfigInvoker.java:333)
	at org.testng.internal.invokers.TestMethodWorker.invokeBeforeClassMethods(TestMethodWorker.java:188)
	at org.testng.internal.invokers.TestMethodWorker.run(TestMethodWorker.java:128)
	at java.base/java.util.ArrayList.forEach(ArrayList.java:1596)
	at org.testng.TestRunner.privateRun(TestRunner.java:741)
	at org.testng.TestRunner.run(TestRunner.java:616)
	at org.testng.SuiteRunner.runTest(SuiteRunner.java:421)
	at org.testng.SuiteRunner$SuiteWorker.run(SuiteRunner.java:463)
	at org.testng.internal.thread.ThreadUtil.lambda$execute$0(ThreadUtil.java:64)
	at java.base/java.util.concurrent.FutureTask.run$$$capture(FutureTask.java:317)
	at java.base/java.util.concurrent.FutureTask.run(FutureTask.java)
	at java.base/java.util.concurrent.ThreadPoolExecutor.runWorker(ThreadPoolExecutor.java:1144)
	at java.base/java.util.concurrent.ThreadPoolExecutor$Worker.run(ThreadPoolExecutor.java:642)
	at java.base/java.lang.Thread.run(Thread.java:1583)
2026-01-18 15:08:58.488 INFO  listeners.Listener1 - onTestStart -> gotoHeartPulse
2026-01-18 15:08:58.488 WARN  listeners.Listener1 - onTestSkipped -> gotoHeartPulse
java.lang.NullPointerException: Cannot invoke "org.openqa.selenium.SearchContext.findElement(org.openqa.selenium.By)" because "this.searchContext" is null
	at org.openqa.selenium.support.pagefactory.DefaultElementLocator.findElement(DefaultElementLocator.java:68)
	at org.openqa.selenium.support.pagefactory.internal.LocatingElementHandler.invoke(LocatingElementHandler.java:38)
	at jdk.proxy2/jdk.proxy2.$Proxy20.click(Unknown Source)
	at pages.TopNavigation.goToBloodPressure(TopNavigation.java:82)
	at tests.BloodPressurePageValidationTest.setUp(BloodPressurePageValidationTest.java:27)
	at java.base/jdk.internal.reflect.DirectMethodHandleAccessor.invoke(DirectMethodHandleAccessor.java:103)
	at java.base/java.lang.reflect.Method.invoke(Method.java:580)
	at org.testng.internal.invokers.MethodInvocationHelper.invokeMethod(MethodInvocationHelper.java:141)
	at org.testng.internal.invokers.MethodInvocationHelper.invokeMethodConsideringTimeout(MethodInvocationHelper.java:71)
	at org.testng.internal.invokers.ConfigInvoker.invokeConfigurationMethod(ConfigInvoker.java:400)
	at org.testng.internal.invokers.ConfigInvoker.invokeConfigurations(ConfigInvoker.java:333)
	at org.testng.internal.invokers.TestMethodWorker.invokeBeforeClassMethods(TestMethodWorker.java:188)
	at org.testng.internal.invokers.TestMethodWorker.run(TestMethodWorker.java:128)
	at java.base/java.util.ArrayList.forEach(ArrayList.java:1596)
	at org.testng.TestRunner.privateRun(TestRunner.java:741)
	at org.testng.TestRunner.run(TestRunner.java:616)
	at org.testng.SuiteRunner.runTest(SuiteRunner.java:421)
	at org.testng.SuiteRunner$SuiteWorker.run(SuiteRunner.java:463)
	at org.testng.internal.thread.ThreadUtil.lambda$execute$0(ThreadUtil.java:64)
	at java.base/java.util.concurrent.FutureTask.run$$$capture(FutureTask.java:317)
	at java.base/java.util.concurrent.FutureTask.run(FutureTask.java)
	at java.base/java.util.concurrent.ThreadPoolExecutor.runWorker(ThreadPoolExecutor.java:1144)
	at java.base/java.util.concurrent.ThreadPoolExecutor$Worker.run(ThreadPoolExecutor.java:642)
	at java.base/java.lang.Thread.run(Thread.java:1583)
2026-01-18 15:08:58.490 INFO  listeners.Listener1 - onTestStart -> isLogoTextPresent
2026-01-18 15:08:58.501 WARN  listeners.Listener1 - onTestSkipped -> isLogoTextPresent
java.lang.NullPointerException: Cannot invoke "org.openqa.selenium.SearchContext.findElement(org.openqa.selenium.By)" because "this.searchContext" is null
	at org.openqa.selenium.support.pagefactory.DefaultElementLocator.findElement(DefaultElementLocator.java:68)
	at org.openqa.selenium.support.pagefactory.internal.LocatingElementHandler.invoke(LocatingElementHandler.java:38)
	at jdk.proxy2/jdk.proxy2.$Proxy20.click(Unknown Source)
	at pages.TopNavigation.goToBloodPressure(TopNavigation.java:82)
	at tests.BloodPressurePageValidationTest.setUp(BloodPressurePageValidationTest.java:27)
	at java.base/jdk.internal.reflect.DirectMethodHandleAccessor.invoke(DirectMethodHandleAccessor.java:103)
	at java.base/java.lang.reflect.Method.invoke(Method.java:580)
	at org.testng.internal.invokers.MethodInvocationHelper.invokeMethod(MethodInvocationHelper.java:141)
	at org.testng.internal.invokers.MethodInvocationHelper.invokeMethodConsideringTimeout(MethodInvocationHelper.java:71)
	at org.testng.internal.invokers.ConfigInvoker.invokeConfigurationMethod(ConfigInvoker.java:400)
	at org.testng.internal.invokers.ConfigInvoker.invokeConfigurations(ConfigInvoker.java:333)
	at org.testng.internal.invokers.TestMethodWorker.invokeBeforeClassMethods(TestMethodWorker.java:188)
	at org.testng.internal.invokers.TestMethodWorker.run(TestMethodWorker.java:128)
	at java.base/java.util.ArrayList.forEach(ArrayList.java:1596)
	at org.testng.TestRunner.privateRun(TestRunner.java:741)
	at org.testng.TestRunner.run(TestRunner.java:616)
	at org.testng.SuiteRunner.runTest(SuiteRunner.java:421)
	at org.testng.SuiteRunner$SuiteWorker.run(SuiteRunner.java:463)
	at org.testng.internal.thread.ThreadUtil.lambda$execute$0(ThreadUtil.java:64)
	at java.base/java.util.concurrent.FutureTask.run$$$capture(FutureTask.java:317)
	at java.base/java.util.concurrent.FutureTask.run(FutureTask.java)
	at java.base/java.util.concurrent.ThreadPoolExecutor.runWorker(ThreadPoolExecutor.java:1144)
	at java.base/java.util.concurrent.ThreadPoolExecutor$Worker.run(ThreadPoolExecutor.java:642)
	at java.base/java.lang.Thread.run(Thread.java:1583)
2026-01-18 15:08:58.512 INFO  listeners.Listener1 - onTestStart -> gotoTeamDetails
2026-01-18 15:08:58.513 INFO  listeners.Listener1 - onTestStart -> gotoHeartPulse
2026-01-18 15:08:58.513 WARN  listeners.Listener1 - onTestSkipped -> gotoTeamDetails
java.lang.NullPointerException: Cannot invoke "org.openqa.selenium.SearchContext.findElement(org.openqa.selenium.By)" because "this.searchContext" is null
	at org.openqa.selenium.support.pagefactory.DefaultElementLocator.findElement(DefaultElementLocator.java:68)
	at org.openqa.selenium.support.pagefactory.internal.LocatingElementHandler.invoke(LocatingElementHandler.java:38)
	at jdk.proxy2/jdk.proxy2.$Proxy20.click(Unknown Source)
	at pages.TopNavigation.goToBloodPressure(TopNavigation.java:82)
	at tests.BloodPressurePageValidationTest.setUp(BloodPressurePageValidationTest.java:27)
	at java.base/jdk.internal.reflect.DirectMethodHandleAccessor.invoke(DirectMethodHandleAccessor.java:103)
	at java.base/java.lang.reflect.Method.invoke(Method.java:580)
	at org.testng.internal.invokers.MethodInvocationHelper.invokeMethod(MethodInvocationHelper.java:141)
	at org.testng.internal.invokers.MethodInvocationHelper.invokeMethodConsideringTimeout(MethodInvocationHelper.java:71)
	at org.testng.internal.invokers.ConfigInvoker.invokeConfigurationMethod(ConfigInvoker.java:400)
	at org.testng.internal.invokers.ConfigInvoker.invokeConfigurations(ConfigInvoker.java:333)
	at org.testng.internal.invokers.TestMethodWorker.invokeBeforeClassMethods(TestMethodWorker.java:188)
	at org.testng.internal.invokers.TestMethodWorker.run(TestMethodWorker.java:128)
	at java.base/java.util.ArrayList.forEach(ArrayList.java:1596)
	at org.testng.TestRunner.privateRun(TestRunner.java:741)
	at org.testng.TestRunner.run(TestRunner.java:616)
	at org.testng.SuiteRunner.runTest(SuiteRunner.java:421)
	at org.testng.SuiteRunner$SuiteWorker.run(SuiteRunner.java:463)
	at org.testng.internal.thread.ThreadUtil.lambda$execute$0(ThreadUtil.java:64)
	at java.base/java.util.concurrent.FutureTask.run$$$capture(FutureTask.java:317)
	at java.base/java.util.concurrent.FutureTask.run(FutureTask.java)
	at java.base/java.util.concurrent.ThreadPoolExecutor.runWorker(ThreadPoolExecutor.java:1144)
	at java.base/java.util.concurrent.ThreadPoolExecutor$Worker.run(ThreadPoolExecutor.java:642)
	at java.base/java.lang.Thread.run(Thread.java:1583)
2026-01-18 15:08:58.523 WARN  listeners.Listener1 - onTestSkipped -> gotoHeartPulse
java.lang.NullPointerException: Cannot invoke "org.openqa.selenium.SearchContext.findElement(org.openqa.selenium.By)" because "this.searchContext" is null
	at org.openqa.selenium.support.pagefactory.DefaultElementLocator.findElement(DefaultElementLocator.java:68)
	at org.openqa.selenium.support.pagefactory.internal.LocatingElementHandler.invoke(LocatingElementHandler.java:38)
	at jdk.proxy2/jdk.proxy2.$Proxy20.click(Unknown Source)
	at pages.TopNavigation.goToBloodPressure(TopNavigation.java:82)
	at tests.BloodPressurePageValidationTest.setUp(BloodPressurePageValidationTest.java:27)
	at java.base/jdk.internal.reflect.DirectMethodHandleAccessor.invoke(DirectMethodHandleAccessor.java:103)
	at java.base/java.lang.reflect.Method.invoke(Method.java:580)
	at org.testng.internal.invokers.MethodInvocationHelper.invokeMethod(MethodInvocationHelper.java:141)
	at org.testng.internal.invokers.MethodInvocationHelper.invokeMethodConsideringTimeout(MethodInvocationHelper.java:71)
	at org.testng.internal.invokers.ConfigInvoker.invokeConfigurationMethod(ConfigInvoker.java:400)
	at org.testng.internal.invokers.ConfigInvoker.invokeConfigurations(ConfigInvoker.java:333)
	at org.testng.internal.invokers.TestMethodWorker.invokeBeforeClassMethods(TestMethodWorker.java:188)
	at org.testng.internal.invokers.TestMethodWorker.run(TestMethodWorker.java:128)
	at java.base/java.util.ArrayList.forEach(ArrayList.java:1596)
	at org.testng.TestRunner.privateRun(TestRunner.java:741)
	at org.testng.TestRunner.run(TestRunner.java:616)
	at org.testng.SuiteRunner.runTest(SuiteRunner.java:421)
	at org.testng.SuiteRunner$SuiteWorker.run(SuiteRunner.java:463)
	at org.testng.internal.thread.ThreadUtil.lambda$execute$0(ThreadUtil.java:64)
	at java.base/java.util.concurrent.FutureTask.run$$$capture(FutureTask.java:317)
	at java.base/java.util.concurrent.FutureTask.run(FutureTask.java)
	at java.base/java.util.concurrent.ThreadPoolExecutor.runWorker(ThreadPoolExecutor.java:1144)
	at java.base/java.util.concurrent.ThreadPoolExecutor$Worker.run(ThreadPoolExecutor.java:642)
	at java.base/java.lang.Thread.run(Thread.java:1583)
2026-01-18 15:08:58.531 INFO  listeners.Listener1 - onTestStart -> gotoHome
2026-01-18 15:08:58.531 WARN  listeners.Listener1 - onTestSkipped -> gotoHome
java.lang.Throwable: Method tests.BloodPressurePageValidationTest.gotoHome() on instance tests.BloodPressurePageValidationTest@3d484181 depends on not successfully finished methods 
[tests.BloodPressurePageValidationTest.isInfoPresent() on instance tests.BloodPressurePageValidationTest@3d484181]
	at org.testng.internal.invokers.TestInvoker.invokeTestMethods(TestInvoker.java:159)
	at org.testng.internal.invokers.TestMethodWorker.invokeTestMethods(TestMethodWorker.java:154)
	at org.testng.internal.invokers.TestMethodWorker.run(TestMethodWorker.java:134)
	at java.base/java.util.ArrayList.forEach(ArrayList.java:1596)
	at org.testng.TestRunner.privateRun(TestRunner.java:741)
	at org.testng.TestRunner.run(TestRunner.java:616)
	at org.testng.SuiteRunner.runTest(SuiteRunner.java:421)
	at org.testng.SuiteRunner$SuiteWorker.run(SuiteRunner.java:463)
	at org.testng.internal.thread.ThreadUtil.lambda$execute$0(ThreadUtil.java:64)
	at java.base/java.util.concurrent.FutureTask.run$$$capture(FutureTask.java:317)
	at java.base/java.util.concurrent.FutureTask.run(FutureTask.java)
	at java.base/java.util.concurrent.ThreadPoolExecutor.runWorker(ThreadPoolExecutor.java:1144)
	at java.base/java.util.concurrent.ThreadPoolExecutor$Worker.run(ThreadPoolExecutor.java:642)
	at java.base/java.lang.Thread.run(Thread.java:1583)
2026-01-18 15:08:58.532 INFO  listeners.Listener1 - onTestStart -> gotoTeamDetails
2026-01-18 15:08:58.545 WARN  listeners.Listener1 - onTestSkipped -> gotoTeamDetails
java.lang.NullPointerException: Cannot invoke "org.openqa.selenium.SearchContext.findElement(org.openqa.selenium.By)" because "this.searchContext" is null
	at org.openqa.selenium.support.pagefactory.DefaultElementLocator.findElement(DefaultElementLocator.java:68)
	at org.openqa.selenium.support.pagefactory.internal.LocatingElementHandler.invoke(LocatingElementHandler.java:38)
	at jdk.proxy2/jdk.proxy2.$Proxy20.click(Unknown Source)
	at pages.TopNavigation.goToBloodPressure(TopNavigation.java:82)
	at tests.BloodPressurePageValidationTest.setUp(BloodPressurePageValidationTest.java:27)
	at java.base/jdk.internal.reflect.DirectMethodHandleAccessor.invoke(DirectMethodHandleAccessor.java:103)
	at java.base/java.lang.reflect.Method.invoke(Method.java:580)
	at org.testng.internal.invokers.MethodInvocationHelper.invokeMethod(MethodInvocationHelper.java:141)
	at org.testng.internal.invokers.MethodInvocationHelper.invokeMethodConsideringTimeout(MethodInvocationHelper.java:71)
	at org.testng.internal.invokers.ConfigInvoker.invokeConfigurationMethod(ConfigInvoker.java:400)
	at org.testng.internal.invokers.ConfigInvoker.invokeConfigurations(ConfigInvoker.java:333)
	at org.testng.internal.invokers.TestMethodWorker.invokeBeforeClassMethods(TestMethodWorker.java:188)
	at org.testng.internal.invokers.TestMethodWorker.run(TestMethodWorker.java:128)
	at java.base/java.util.ArrayList.forEach(ArrayList.java:1596)
	at org.testng.TestRunner.privateRun(TestRunner.java:741)
	at org.testng.TestRunner.run(TestRunner.java:616)
	at org.testng.SuiteRunner.runTest(SuiteRunner.java:421)
	at org.testng.SuiteRunner$SuiteWorker.run(SuiteRunner.java:463)
	at org.testng.internal.thread.ThreadUtil.lambda$execute$0(ThreadUtil.java:64)
	at java.base/java.util.concurrent.FutureTask.run$$$capture(FutureTask.java:317)
	at java.base/java.util.concurrent.FutureTask.run(FutureTask.java)
	at java.base/java.util.concurrent.ThreadPoolExecutor.runWorker(ThreadPoolExecutor.java:1144)
	at java.base/java.util.concurrent.ThreadPoolExecutor$Worker.run(ThreadPoolExecutor.java:642)
	at java.base/java.lang.Thread.run(Thread.java:1583)
2026-01-18 15:08:58.549 INFO  listeners.Listener1 - onTestStart -> gotoHome
2026-01-18 15:08:58.550 WARN  listeners.Listener1 - onTestSkipped -> gotoHome
java.lang.NullPointerException: Cannot invoke "org.openqa.selenium.SearchContext.findElement(org.openqa.selenium.By)" because "this.searchContext" is null
	at org.openqa.selenium.support.pagefactory.DefaultElementLocator.findElement(DefaultElementLocator.java:68)
	at org.openqa.selenium.support.pagefactory.internal.LocatingElementHandler.invoke(LocatingElementHandler.java:38)
	at jdk.proxy2/jdk.proxy2.$Proxy20.click(Unknown Source)
	at pages.TopNavigation.goToBloodPressure(TopNavigation.java:82)
	at tests.BloodPressurePageValidationTest.setUp(BloodPressurePageValidationTest.java:27)
	at java.base/jdk.internal.reflect.DirectMethodHandleAccessor.invoke(DirectMethodHandleAccessor.java:103)
	at java.base/java.lang.reflect.Method.invoke(Method.java:580)
	at org.testng.internal.invokers.MethodInvocationHelper.invokeMethod(MethodInvocationHelper.java:141)
	at org.testng.internal.invokers.MethodInvocationHelper.invokeMethodConsideringTimeout(MethodInvocationHelper.java:71)
	at org.testng.internal.invokers.ConfigInvoker.invokeConfigurationMethod(ConfigInvoker.java:400)
	at org.testng.internal.invokers.ConfigInvoker.invokeConfigurations(ConfigInvoker.java:333)
	at org.testng.internal.invokers.TestMethodWorker.invokeBeforeClassMethods(TestMethodWorker.java:188)
	at org.testng.internal.invokers.TestMethodWorker.run(TestMethodWorker.java:128)
	at java.base/java.util.ArrayList.forEach(ArrayList.java:1596)
	at org.testng.TestRunner.privateRun(TestRunner.java:741)
	at org.testng.TestRunner.run(TestRunner.java:616)
	at org.testng.SuiteRunner.runTest(SuiteRunner.java:421)
	at org.testng.SuiteRunner$SuiteWorker.run(SuiteRunner.java:463)
	at org.testng.internal.thread.ThreadUtil.lambda$execute$0(ThreadUtil.java:64)
	at java.base/java.util.concurrent.FutureTask.run$$$capture(FutureTask.java:317)
	at java.base/java.util.concurrent.FutureTask.run(FutureTask.java)
	at java.base/java.util.concurrent.ThreadPoolExecutor.runWorker(ThreadPoolExecutor.java:1144)
	at java.base/java.util.concurrent.ThreadPoolExecutor$Worker.run(ThreadPoolExecutor.java:642)
	at java.base/java.lang.Thread.run(Thread.java:1583)
2026-01-18 15:08:58.554 INFO  listeners.Listener1 - onTestStart -> gotoHome
2026-01-18 15:08:58.566 WARN  listeners.Listener1 - onTestSkipped -> gotoHome
java.lang.Throwable: Method tests.BloodPressurePageValidationTest.gotoHome() on instance tests.BloodPressurePageValidationTest@7a138fc5 depends on not successfully finished methods 
[tests.BloodPressurePageValidationTest.isInfoPresent() on instance tests.BloodPressurePageValidationTest@7a138fc5]
	at org.testng.internal.invokers.TestInvoker.invokeTestMethods(TestInvoker.java:159)
	at org.testng.internal.invokers.TestMethodWorker.invokeTestMethods(TestMethodWorker.java:154)
	at org.testng.internal.invokers.TestMethodWorker.run(TestMethodWorker.java:134)
	at java.base/java.util.ArrayList.forEach(ArrayList.java:1596)
	at org.testng.TestRunner.privateRun(TestRunner.java:741)
	at org.testng.TestRunner.run(TestRunner.java:616)
	at org.testng.SuiteRunner.runTest(SuiteRunner.java:421)
	at org.testng.SuiteRunner$SuiteWorker.run(SuiteRunner.java:463)
	at org.testng.internal.thread.ThreadUtil.lambda$execute$0(ThreadUtil.java:64)
	at java.base/java.util.concurrent.FutureTask.run$$$capture(FutureTask.java:317)
	at java.base/java.util.concurrent.FutureTask.run(FutureTask.java)
	at java.base/java.util.concurrent.ThreadPoolExecutor.runWorker(ThreadPoolExecutor.java:1144)
	at java.base/java.util.concurrent.ThreadPoolExecutor$Worker.run(ThreadPoolExecutor.java:642)
	at java.base/java.lang.Thread.run(Thread.java:1583)
2026-01-18 15:08:58.570 INFO  listeners.Listener1 - onTestStart -> gotoHome
2026-01-18 15:08:58.575 INFO  listeners.Listener1 - onTestStart -> gotoHome
2026-01-18 15:08:58.574 WARN  listeners.Listener1 - onTestSkipped -> gotoHome
java.lang.NullPointerException: Cannot invoke "org.openqa.selenium.SearchContext.findElement(org.openqa.selenium.By)" because "this.searchContext" is null
	at org.openqa.selenium.support.pagefactory.DefaultElementLocator.findElement(DefaultElementLocator.java:68)
	at org.openqa.selenium.support.pagefactory.internal.LocatingElementHandler.invoke(LocatingElementHandler.java:38)
	at jdk.proxy2/jdk.proxy2.$Proxy20.click(Unknown Source)
	at pages.TopNavigation.goToBloodPressure(TopNavigation.java:82)
	at tests.BloodPressurePageValidationTest.setUp(BloodPressurePageValidationTest.java:27)
	at java.base/jdk.internal.reflect.DirectMethodHandleAccessor.invoke(DirectMethodHandleAccessor.java:103)
	at java.base/java.lang.reflect.Method.invoke(Method.java:580)
	at org.testng.internal.invokers.MethodInvocationHelper.invokeMethod(MethodInvocationHelper.java:141)
	at org.testng.internal.invokers.MethodInvocationHelper.invokeMethodConsideringTimeout(MethodInvocationHelper.java:71)
	at org.testng.internal.invokers.ConfigInvoker.invokeConfigurationMethod(ConfigInvoker.java:400)
	at org.testng.internal.invokers.ConfigInvoker.invokeConfigurations(ConfigInvoker.java:333)
	at org.testng.internal.invokers.TestMethodWorker.invokeBeforeClassMethods(TestMethodWorker.java:188)
	at org.testng.internal.invokers.TestMethodWorker.run(TestMethodWorker.java:128)
	at java.base/java.util.ArrayList.forEach(ArrayList.java:1596)
	at org.testng.TestRunner.privateRun(TestRunner.java:741)
	at org.testng.TestRunner.run(TestRunner.java:616)
	at org.testng.SuiteRunner.runTest(SuiteRunner.java:421)
	at org.testng.SuiteRunner$SuiteWorker.run(SuiteRunner.java:463)
	at org.testng.internal.thread.ThreadUtil.lambda$execute$0(ThreadUtil.java:64)
	at java.base/java.util.concurrent.FutureTask.run$$$capture(FutureTask.java:317)
	at java.base/java.util.concurrent.FutureTask.run(FutureTask.java)
	at java.base/java.util.concurrent.ThreadPoolExecutor.runWorker(ThreadPoolExecutor.java:1144)
	at java.base/java.util.concurrent.ThreadPoolExecutor$Worker.run(ThreadPoolExecutor.java:642)
	at java.base/java.lang.Thread.run(Thread.java:1583)
2026-01-18 15:08:58.596 WARN  listeners.Listener1 - onTestSkipped -> gotoHome
java.lang.NullPointerException: Cannot invoke "org.openqa.selenium.SearchContext.findElement(org.openqa.selenium.By)" because "this.searchContext" is null
	at org.openqa.selenium.support.pagefactory.DefaultElementLocator.findElement(DefaultElementLocator.java:68)
	at org.openqa.selenium.support.pagefactory.internal.LocatingElementHandler.invoke(LocatingElementHandler.java:38)
	at jdk.proxy2/jdk.proxy2.$Proxy20.click(Unknown Source)
	at pages.TopNavigation.goToBloodPressure(TopNavigation.java:82)
	at tests.BloodPressurePageValidationTest.setUp(BloodPressurePageValidationTest.java:27)
	at java.base/jdk.internal.reflect.DirectMethodHandleAccessor.invoke(DirectMethodHandleAccessor.java:103)
	at java.base/java.lang.reflect.Method.invoke(Method.java:580)
	at org.testng.internal.invokers.MethodInvocationHelper.invokeMethod(MethodInvocationHelper.java:141)
	at org.testng.internal.invokers.MethodInvocationHelper.invokeMethodConsideringTimeout(MethodInvocationHelper.java:71)
	at org.testng.internal.invokers.ConfigInvoker.invokeConfigurationMethod(ConfigInvoker.java:400)
	at org.testng.internal.invokers.ConfigInvoker.invokeConfigurations(ConfigInvoker.java:333)
	at org.testng.internal.invokers.TestMethodWorker.invokeBeforeClassMethods(TestMethodWorker.java:188)
	at org.testng.internal.invokers.TestMethodWorker.run(TestMethodWorker.java:128)
	at java.base/java.util.ArrayList.forEach(ArrayList.java:1596)
	at org.testng.TestRunner.privateRun(TestRunner.java:741)
	at org.testng.TestRunner.run(TestRunner.java:616)
	at org.testng.SuiteRunner.runTest(SuiteRunner.java:421)
	at org.testng.SuiteRunner$SuiteWorker.run(SuiteRunner.java:463)
	at org.testng.internal.thread.ThreadUtil.lambda$execute$0(ThreadUtil.java:64)
	at java.base/java.util.concurrent.FutureTask.run$$$capture(FutureTask.java:317)
	at java.base/java.util.concurrent.FutureTask.run(FutureTask.java)
	at java.base/java.util.concurrent.ThreadPoolExecutor.runWorker(ThreadPoolExecutor.java:1144)
	at java.base/java.util.concurrent.ThreadPoolExecutor$Worker.run(ThreadPoolExecutor.java:642)
	at java.base/java.lang.Thread.run(Thread.java:1583)
2026-01-18 15:08:58.603 INFO  listeners.Listener1 - onTestStart -> isBloodPressureFieldPresent
2026-01-18 15:08:58.603 INFO  listeners.Listener1 - onTestStart -> gotoHome
2026-01-18 15:08:58.603 WARN  listeners.Listener1 - onTestSkipped -> isBloodPressureFieldPresent
java.lang.NullPointerException: Cannot invoke "org.openqa.selenium.SearchContext.findElement(org.openqa.selenium.By)" because "this.searchContext" is null
	at org.openqa.selenium.support.pagefactory.DefaultElementLocator.findElement(DefaultElementLocator.java:68)
	at org.openqa.selenium.support.pagefactory.internal.LocatingElementHandler.invoke(LocatingElementHandler.java:38)
	at jdk.proxy2/jdk.proxy2.$Proxy20.click(Unknown Source)
	at pages.TopNavigation.goToBloodPressure(TopNavigation.java:82)
	at tests.BloodPressurePageValidationTest.setUp(BloodPressurePageValidationTest.java:27)
	at java.base/jdk.internal.reflect.DirectMethodHandleAccessor.invoke(DirectMethodHandleAccessor.java:103)
	at java.base/java.lang.reflect.Method.invoke(Method.java:580)
	at org.testng.internal.invokers.MethodInvocationHelper.invokeMethod(MethodInvocationHelper.java:141)
	at org.testng.internal.invokers.MethodInvocationHelper.invokeMethodConsideringTimeout(MethodInvocationHelper.java:71)
	at org.testng.internal.invokers.ConfigInvoker.invokeConfigurationMethod(ConfigInvoker.java:400)
	at org.testng.internal.invokers.ConfigInvoker.invokeConfigurations(ConfigInvoker.java:333)
	at org.testng.internal.invokers.TestMethodWorker.invokeBeforeClassMethods(TestMethodWorker.java:188)
	at org.testng.internal.invokers.TestMethodWorker.run(TestMethodWorker.java:128)
	at java.base/java.util.ArrayList.forEach(ArrayList.java:1596)
	at org.testng.TestRunner.privateRun(TestRunner.java:741)
	at org.testng.TestRunner.run(TestRunner.java:616)
	at org.testng.SuiteRunner.runTest(SuiteRunner.java:421)
	at org.testng.SuiteRunner$SuiteWorker.run(SuiteRunner.java:463)
	at org.testng.internal.thread.ThreadUtil.lambda$execute$0(ThreadUtil.java:64)
	at java.base/java.util.concurrent.FutureTask.run$$$capture(FutureTask.java:317)
	at java.base/java.util.concurrent.FutureTask.run(FutureTask.java)
	at java.base/java.util.concurrent.ThreadPoolExecutor.runWorker(ThreadPoolExecutor.java:1144)
	at java.base/java.util.concurrent.ThreadPoolExecutor$Worker.run(ThreadPoolExecutor.java:642)
	at java.base/java.lang.Thread.run(Thread.java:1583)
2026-01-18 15:08:58.613 WARN  listeners.Listener1 - onTestSkipped -> gotoHome
java.lang.NullPointerException: Cannot invoke "org.openqa.selenium.SearchContext.findElement(org.openqa.selenium.By)" because "this.searchContext" is null
	at org.openqa.selenium.support.pagefactory.DefaultElementLocator.findElement(DefaultElementLocator.java:68)
	at org.openqa.selenium.support.pagefactory.internal.LocatingElementHandler.invoke(LocatingElementHandler.java:38)
	at jdk.proxy2/jdk.proxy2.$Proxy20.click(Unknown Source)
	at pages.TopNavigation.goToBloodPressure(TopNavigation.java:82)
	at tests.BloodPressurePageValidationTest.setUp(BloodPressurePageValidationTest.java:27)
	at java.base/jdk.internal.reflect.DirectMethodHandleAccessor.invoke(DirectMethodHandleAccessor.java:103)
	at java.base/java.lang.reflect.Method.invoke(Method.java:580)
	at org.testng.internal.invokers.MethodInvocationHelper.invokeMethod(MethodInvocationHelper.java:141)
	at org.testng.internal.invokers.MethodInvocationHelper.invokeMethodConsideringTimeout(MethodInvocationHelper.java:71)
	at org.testng.internal.invokers.ConfigInvoker.invokeConfigurationMethod(ConfigInvoker.java:400)
	at org.testng.internal.invokers.ConfigInvoker.invokeConfigurations(ConfigInvoker.java:333)
	at org.testng.internal.invokers.TestMethodWorker.invokeBeforeClassMethods(TestMethodWorker.java:188)
	at org.testng.internal.invokers.TestMethodWorker.run(TestMethodWorker.java:128)
	at java.base/java.util.ArrayList.forEach(ArrayList.java:1596)
	at org.testng.TestRunner.privateRun(TestRunner.java:741)
	at org.testng.TestRunner.run(TestRunner.java:616)
	at org.testng.SuiteRunner.runTest(SuiteRunner.java:421)
	at org.testng.SuiteRunner$SuiteWorker.run(SuiteRunner.java:463)
	at org.testng.internal.thread.ThreadUtil.lambda$execute$0(ThreadUtil.java:64)
	at java.base/java.util.concurrent.FutureTask.run$$$capture(FutureTask.java:317)
	at java.base/java.util.concurrent.FutureTask.run(FutureTask.java)
	at java.base/java.util.concurrent.ThreadPoolExecutor.runWorker(ThreadPoolExecutor.java:1144)
	at java.base/java.util.concurrent.ThreadPoolExecutor$Worker.run(ThreadPoolExecutor.java:642)
	at java.base/java.lang.Thread.run(Thread.java:1583)
2026-01-18 15:08:58.621 INFO  listeners.Listener1 - onTestStart -> isResultBoxPresent
2026-01-18 15:08:58.621 INFO  listeners.Listener1 - onTestStart -> isBloodPressureFieldPresent
2026-01-18 15:08:58.628 WARN  listeners.Listener1 - onTestSkipped -> isResultBoxPresent
java.lang.NullPointerException: Cannot invoke "org.openqa.selenium.SearchContext.findElement(org.openqa.selenium.By)" because "this.searchContext" is null
	at org.openqa.selenium.support.pagefactory.DefaultElementLocator.findElement(DefaultElementLocator.java:68)
	at org.openqa.selenium.support.pagefactory.internal.LocatingElementHandler.invoke(LocatingElementHandler.java:38)
	at jdk.proxy2/jdk.proxy2.$Proxy20.click(Unknown Source)
	at pages.TopNavigation.goToBloodPressure(TopNavigation.java:82)
	at tests.BloodPressurePageValidationTest.setUp(BloodPressurePageValidationTest.java:27)
	at java.base/jdk.internal.reflect.DirectMethodHandleAccessor.invoke(DirectMethodHandleAccessor.java:103)
	at java.base/java.lang.reflect.Method.invoke(Method.java:580)
	at org.testng.internal.invokers.MethodInvocationHelper.invokeMethod(MethodInvocationHelper.java:141)
	at org.testng.internal.invokers.MethodInvocationHelper.invokeMethodConsideringTimeout(MethodInvocationHelper.java:71)
	at org.testng.internal.invokers.ConfigInvoker.invokeConfigurationMethod(ConfigInvoker.java:400)
	at org.testng.internal.invokers.ConfigInvoker.invokeConfigurations(ConfigInvoker.java:333)
	at org.testng.internal.invokers.TestMethodWorker.invokeBeforeClassMethods(TestMethodWorker.java:188)
	at org.testng.internal.invokers.TestMethodWorker.run(TestMethodWorker.java:128)
	at java.base/java.util.ArrayList.forEach(ArrayList.java:1596)
	at org.testng.TestRunner.privateRun(TestRunner.java:741)
	at org.testng.TestRunner.run(TestRunner.java:616)
	at org.testng.SuiteRunner.runTest(SuiteRunner.java:421)
	at org.testng.SuiteRunner$SuiteWorker.run(SuiteRunner.java:463)
	at org.testng.internal.thread.ThreadUtil.lambda$execute$0(ThreadUtil.java:64)
	at java.base/java.util.concurrent.FutureTask.run$$$capture(FutureTask.java:317)
	at java.base/java.util.concurrent.FutureTask.run(FutureTask.java)
	at java.base/java.util.concurrent.ThreadPoolExecutor.runWorker(ThreadPoolExecutor.java:1144)
	at java.base/java.util.concurrent.ThreadPoolExecutor$Worker.run(ThreadPoolExecutor.java:642)
	at java.base/java.lang.Thread.run(Thread.java:1583)
2026-01-18 15:08:58.628 WARN  listeners.Listener1 - onTestSkipped -> isBloodPressureFieldPresent
java.lang.NullPointerException: Cannot invoke "org.openqa.selenium.SearchContext.findElement(org.openqa.selenium.By)" because "this.searchContext" is null
	at org.openqa.selenium.support.pagefactory.DefaultElementLocator.findElement(DefaultElementLocator.java:68)
	at org.openqa.selenium.support.pagefactory.internal.LocatingElementHandler.invoke(LocatingElementHandler.java:38)
	at jdk.proxy2/jdk.proxy2.$Proxy20.click(Unknown Source)
	at pages.TopNavigation.goToBloodPressure(TopNavigation.java:82)
	at tests.BloodPressurePageValidationTest.setUp(BloodPressurePageValidationTest.java:27)
	at java.base/jdk.internal.reflect.DirectMethodHandleAccessor.invoke(DirectMethodHandleAccessor.java:103)
	at java.base/java.lang.reflect.Method.invoke(Method.java:580)
	at org.testng.internal.invokers.MethodInvocationHelper.invokeMethod(MethodInvocationHelper.java:141)
	at org.testng.internal.invokers.MethodInvocationHelper.invokeMethodConsideringTimeout(MethodInvocationHelper.java:71)
	at org.testng.internal.invokers.ConfigInvoker.invokeConfigurationMethod(ConfigInvoker.java:400)
	at org.testng.internal.invokers.ConfigInvoker.invokeConfigurations(ConfigInvoker.java:333)
	at org.testng.internal.invokers.TestMethodWorker.invokeBeforeClassMethods(TestMethodWorker.java:188)
	at org.testng.internal.invokers.TestMethodWorker.run(TestMethodWorker.java:128)
	at java.base/java.util.ArrayList.forEach(ArrayList.java:1596)
	at org.testng.TestRunner.privateRun(TestRunner.java:741)
	at org.testng.TestRunner.run(TestRunner.java:616)
	at org.testng.SuiteRunner.runTest(SuiteRunner.java:421)
	at org.testng.SuiteRunner$SuiteWorker.run(SuiteRunner.java:463)
	at org.testng.internal.thread.ThreadUtil.lambda$execute$0(ThreadUtil.java:64)
	at java.base/java.util.concurrent.FutureTask.run$$$capture(FutureTask.java:317)
	at java.base/java.util.concurrent.FutureTask.run(FutureTask.java)
	at java.base/java.util.concurrent.ThreadPoolExecutor.runWorker(ThreadPoolExecutor.java:1144)
	at java.base/java.util.concurrent.ThreadPoolExecutor$Worker.run(ThreadPoolExecutor.java:642)
	at java.base/java.lang.Thread.run(Thread.java:1583)
2026-01-18 15:08:58.652 INFO  listeners.Listener1 - onTestStart -> gotoBloodPressure
2026-01-18 15:08:58.652 WARN  listeners.Listener1 - onTestSkipped -> gotoBloodPressure
java.lang.NullPointerException: Cannot invoke "org.openqa.selenium.SearchContext.findElement(org.openqa.selenium.By)" because "this.searchContext" is null
	at org.openqa.selenium.support.pagefactory.DefaultElementLocator.findElement(DefaultElementLocator.java:68)
	at org.openqa.selenium.support.pagefactory.internal.LocatingElementHandler.invoke(LocatingElementHandler.java:38)
	at jdk.proxy2/jdk.proxy2.$Proxy20.click(Unknown Source)
	at pages.TopNavigation.goToBloodPressure(TopNavigation.java:82)
	at tests.BloodPressurePageValidationTest.setUp(BloodPressurePageValidationTest.java:27)
	at java.base/jdk.internal.reflect.DirectMethodHandleAccessor.invoke(DirectMethodHandleAccessor.java:103)
	at java.base/java.lang.reflect.Method.invoke(Method.java:580)
	at org.testng.internal.invokers.MethodInvocationHelper.invokeMethod(MethodInvocationHelper.java:141)
	at org.testng.internal.invokers.MethodInvocationHelper.invokeMethodConsideringTimeout(MethodInvocationHelper.java:71)
	at org.testng.internal.invokers.ConfigInvoker.invokeConfigurationMethod(ConfigInvoker.java:400)
	at org.testng.internal.invokers.ConfigInvoker.invokeConfigurations(ConfigInvoker.java:333)
	at org.testng.internal.invokers.TestMethodWorker.invokeBeforeClassMethods(TestMethodWorker.java:188)
	at org.testng.internal.invokers.TestMethodWorker.run(TestMethodWorker.java:128)
	at java.base/java.util.ArrayList.forEach(ArrayList.java:1596)
	at org.testng.TestRunner.privateRun(TestRunner.java:741)
	at org.testng.TestRunner.run(TestRunner.java:616)
	at org.testng.SuiteRunner.runTest(SuiteRunner.java:421)
	at org.testng.SuiteRunner$SuiteWorker.run(SuiteRunner.java:463)
	at org.testng.internal.thread.ThreadUtil.lambda$execute$0(ThreadUtil.java:64)
	at java.base/java.util.concurrent.FutureTask.run$$$capture(FutureTask.java:317)
	at java.base/java.util.concurrent.FutureTask.run(FutureTask.java)
	at java.base/java.util.concurrent.ThreadPoolExecutor.runWorker(ThreadPoolExecutor.java:1144)
	at java.base/java.util.concurrent.ThreadPoolExecutor$Worker.run(ThreadPoolExecutor.java:642)
	at java.base/java.lang.Thread.run(Thread.java:1583)
2026-01-18 15:08:58.654 INFO  listeners.Listener1 - onTestStart -> isResultBoxPresent
2026-01-18 15:08:58.654 WARN  listeners.Listener1 - onTestSkipped -> isResultBoxPresent
java.lang.NullPointerException: Cannot invoke "org.openqa.selenium.SearchContext.findElement(org.openqa.selenium.By)" because "this.searchContext" is null
	at org.openqa.selenium.support.pagefactory.DefaultElementLocator.findElement(DefaultElementLocator.java:68)
	at org.openqa.selenium.support.pagefactory.internal.LocatingElementHandler.invoke(LocatingElementHandler.java:38)
	at jdk.proxy2/jdk.proxy2.$Proxy20.click(Unknown Source)
	at pages.TopNavigation.goToBloodPressure(TopNavigation.java:82)
	at tests.BloodPressurePageValidationTest.setUp(BloodPressurePageValidationTest.java:27)
	at java.base/jdk.internal.reflect.DirectMethodHandleAccessor.invoke(DirectMethodHandleAccessor.java:103)
	at java.base/java.lang.reflect.Method.invoke(Method.java:580)
	at org.testng.internal.invokers.MethodInvocationHelper.invokeMethod(MethodInvocationHelper.java:141)
	at org.testng.internal.invokers.MethodInvocationHelper.invokeMethodConsideringTimeout(MethodInvocationHelper.java:71)
	at org.testng.internal.invokers.ConfigInvoker.invokeConfigurationMethod(ConfigInvoker.java:400)
	at org.testng.internal.invokers.ConfigInvoker.invokeConfigurations(ConfigInvoker.java:333)
	at org.testng.internal.invokers.TestMethodWorker.invokeBeforeClassMethods(TestMethodWorker.java:188)
	at org.testng.internal.invokers.TestMethodWorker.run(TestMethodWorker.java:128)
	at java.base/java.util.ArrayList.forEach(ArrayList.java:1596)
	at org.testng.TestRunner.privateRun(TestRunner.java:741)
	at org.testng.TestRunner.run(TestRunner.java:616)
	at org.testng.SuiteRunner.runTest(SuiteRunner.java:421)
	at org.testng.SuiteRunner$SuiteWorker.run(SuiteRunner.java:463)
	at org.testng.internal.thread.ThreadUtil.lambda$execute$0(ThreadUtil.java:64)
	at java.base/java.util.concurrent.FutureTask.run$$$capture(FutureTask.java:317)
	at java.base/java.util.concurrent.FutureTask.run(FutureTask.java)
	at java.base/java.util.concurrent.ThreadPoolExecutor.runWorker(ThreadPoolExecutor.java:1144)
	at java.base/java.util.concurrent.ThreadPoolExecutor$Worker.run(ThreadPoolExecutor.java:642)
	at java.base/java.lang.Thread.run(Thread.java:1583)
2026-01-18 15:08:58.669 INFO  listeners.Listener1 - onTestStart -> gotoHeartPulse
2026-01-18 15:08:58.672 INFO  listeners.Listener1 - onTestStart -> gotoBloodPressure
2026-01-18 15:08:58.670 WARN  listeners.Listener1 - onTestSkipped -> gotoHeartPulse
java.lang.Throwable: Method tests.BloodPressurePageValidationTest.gotoHeartPulse() on instance tests.BloodPressurePageValidationTest@3d484181 depends on not successfully finished methods 
[tests.BloodPressurePageValidationTest.gotoHome() on instance tests.BloodPressurePageValidationTest@3d484181]
	at org.testng.internal.invokers.TestInvoker.invokeTestMethods(TestInvoker.java:159)
	at org.testng.internal.invokers.TestMethodWorker.invokeTestMethods(TestMethodWorker.java:154)
	at org.testng.internal.invokers.TestMethodWorker.run(TestMethodWorker.java:134)
	at java.base/java.util.ArrayList.forEach(ArrayList.java:1596)
	at org.testng.TestRunner.privateRun(TestRunner.java:741)
	at org.testng.TestRunner.run(TestRunner.java:616)
	at org.testng.SuiteRunner.runTest(SuiteRunner.java:421)
	at org.testng.SuiteRunner$SuiteWorker.run(SuiteRunner.java:463)
	at org.testng.internal.thread.ThreadUtil.lambda$execute$0(ThreadUtil.java:64)
	at java.base/java.util.concurrent.FutureTask.run$$$capture(FutureTask.java:317)
	at java.base/java.util.concurrent.FutureTask.run(FutureTask.java)
	at java.base/java.util.concurrent.ThreadPoolExecutor.runWorker(ThreadPoolExecutor.java:1144)
	at java.base/java.util.concurrent.ThreadPoolExecutor$Worker.run(ThreadPoolExecutor.java:642)
	at java.base/java.lang.Thread.run(Thread.java:1583)
2026-01-18 15:08:58.673 WARN  listeners.Listener1 - onTestSkipped -> gotoBloodPressure
java.lang.NullPointerException: Cannot invoke "org.openqa.selenium.SearchContext.findElement(org.openqa.selenium.By)" because "this.searchContext" is null
	at org.openqa.selenium.support.pagefactory.DefaultElementLocator.findElement(DefaultElementLocator.java:68)
	at org.openqa.selenium.support.pagefactory.internal.LocatingElementHandler.invoke(LocatingElementHandler.java:38)
	at jdk.proxy2/jdk.proxy2.$Proxy20.click(Unknown Source)
	at pages.TopNavigation.goToBloodPressure(TopNavigation.java:82)
	at tests.BloodPressurePageValidationTest.setUp(BloodPressurePageValidationTest.java:27)
	at java.base/jdk.internal.reflect.DirectMethodHandleAccessor.invoke(DirectMethodHandleAccessor.java:103)
	at java.base/java.lang.reflect.Method.invoke(Method.java:580)
	at org.testng.internal.invokers.MethodInvocationHelper.invokeMethod(MethodInvocationHelper.java:141)
	at org.testng.internal.invokers.MethodInvocationHelper.invokeMethodConsideringTimeout(MethodInvocationHelper.java:71)
	at org.testng.internal.invokers.ConfigInvoker.invokeConfigurationMethod(ConfigInvoker.java:400)
	at org.testng.internal.invokers.ConfigInvoker.invokeConfigurations(ConfigInvoker.java:333)
	at org.testng.internal.invokers.TestMethodWorker.invokeBeforeClassMethods(TestMethodWorker.java:188)
	at org.testng.internal.invokers.TestMethodWorker.run(TestMethodWorker.java:128)
	at java.base/java.util.ArrayList.forEach(ArrayList.java:1596)
	at org.testng.TestRunner.privateRun(TestRunner.java:741)
	at org.testng.TestRunner.run(TestRunner.java:616)
	at org.testng.SuiteRunner.runTest(SuiteRunner.java:421)
	at org.testng.SuiteRunner$SuiteWorker.run(SuiteRunner.java:463)
	at org.testng.internal.thread.ThreadUtil.lambda$execute$0(ThreadUtil.java:64)
	at java.base/java.util.concurrent.FutureTask.run$$$capture(FutureTask.java:317)
	at java.base/java.util.concurrent.FutureTask.run(FutureTask.java)
	at java.base/java.util.concurrent.ThreadPoolExecutor.runWorker(ThreadPoolExecutor.java:1144)
	at java.base/java.util.concurrent.ThreadPoolExecutor$Worker.run(ThreadPoolExecutor.java:642)
	at java.base/java.lang.Thread.run(Thread.java:1583)
2026-01-18 15:08:58.681 INFO  listeners.Listener1 - onTestStart -> gotoHeartPulse
2026-01-18 15:08:58.683 WARN  listeners.Listener1 - onTestSkipped -> gotoHeartPulse
java.lang.NullPointerException: Cannot invoke "org.openqa.selenium.SearchContext.findElement(org.openqa.selenium.By)" because "this.searchContext" is null
	at org.openqa.selenium.support.pagefactory.DefaultElementLocator.findElement(DefaultElementLocator.java:68)
	at org.openqa.selenium.support.pagefactory.internal.LocatingElementHandler.invoke(LocatingElementHandler.java:38)
	at jdk.proxy2/jdk.proxy2.$Proxy20.click(Unknown Source)
	at pages.TopNavigation.goToBloodPressure(TopNavigation.java:82)
	at tests.BloodPressurePageValidationTest.setUp(BloodPressurePageValidationTest.java:27)
	at java.base/jdk.internal.reflect.DirectMethodHandleAccessor.invoke(DirectMethodHandleAccessor.java:103)
	at java.base/java.lang.reflect.Method.invoke(Method.java:580)
	at org.testng.internal.invokers.MethodInvocationHelper.invokeMethod(MethodInvocationHelper.java:141)
	at org.testng.internal.invokers.MethodInvocationHelper.invokeMethodConsideringTimeout(MethodInvocationHelper.java:71)
	at org.testng.internal.invokers.ConfigInvoker.invokeConfigurationMethod(ConfigInvoker.java:400)
	at org.testng.internal.invokers.ConfigInvoker.invokeConfigurations(ConfigInvoker.java:333)
	at org.testng.internal.invokers.TestMethodWorker.invokeBeforeClassMethods(TestMethodWorker.java:188)
	at org.testng.internal.invokers.TestMethodWorker.run(TestMethodWorker.java:128)
	at java.base/java.util.ArrayList.forEach(ArrayList.java:1596)
	at org.testng.TestRunner.privateRun(TestRunner.java:741)
	at org.testng.TestRunner.run(TestRunner.java:616)
	at org.testng.SuiteRunner.runTest(SuiteRunner.java:421)
	at org.testng.SuiteRunner$SuiteWorker.run(SuiteRunner.java:463)
	at org.testng.internal.thread.ThreadUtil.lambda$execute$0(ThreadUtil.java:64)
	at java.base/java.util.concurrent.FutureTask.run$$$capture(FutureTask.java:317)
	at java.base/java.util.concurrent.FutureTask.run(FutureTask.java)
	at java.base/java.util.concurrent.ThreadPoolExecutor.runWorker(ThreadPoolExecutor.java:1144)
	at java.base/java.util.concurrent.ThreadPoolExecutor$Worker.run(ThreadPoolExecutor.java:642)
	at java.base/java.lang.Thread.run(Thread.java:1583)
2026-01-18 15:08:58.686 INFO  listeners.Listener1 - onTestStart -> gotoHeartPulse
2026-01-18 15:08:58.686 WARN  listeners.Listener1 - onTestSkipped -> gotoHeartPulse
java.lang.Throwable: Method tests.BloodPressurePageValidationTest.gotoHeartPulse() on instance tests.BloodPressurePageValidationTest@7a138fc5 depends on not successfully finished methods 
[tests.BloodPressurePageValidationTest.gotoHome() on instance tests.BloodPressurePageValidationTest@7a138fc5]
	at org.testng.internal.invokers.TestInvoker.invokeTestMethods(TestInvoker.java:159)
	at org.testng.internal.invokers.TestMethodWorker.invokeTestMethods(TestMethodWorker.java:154)
	at org.testng.internal.invokers.TestMethodWorker.run(TestMethodWorker.java:134)
	at java.base/java.util.ArrayList.forEach(ArrayList.java:1596)
	at org.testng.TestRunner.privateRun(TestRunner.java:741)
	at org.testng.TestRunner.run(TestRunner.java:616)
	at org.testng.SuiteRunner.runTest(SuiteRunner.java:421)
	at org.testng.SuiteRunner$SuiteWorker.run(SuiteRunner.java:463)
	at org.testng.internal.thread.ThreadUtil.lambda$execute$0(ThreadUtil.java:64)
	at java.base/java.util.concurrent.FutureTask.run$$$capture(FutureTask.java:317)
	at java.base/java.util.concurrent.FutureTask.run(FutureTask.java)
	at java.base/java.util.concurrent.ThreadPoolExecutor.runWorker(ThreadPoolExecutor.java:1144)
	at java.base/java.util.concurrent.ThreadPoolExecutor$Worker.run(ThreadPoolExecutor.java:642)
	at java.base/java.lang.Thread.run(Thread.java:1583)
2026-01-18 15:08:58.708 INFO  listeners.Listener1 - onTestStart -> gotoBloodPressure
2026-01-18 15:08:58.710 WARN  listeners.Listener1 - onTestSkipped -> gotoBloodPressure
java.lang.NullPointerException: Cannot invoke "org.openqa.selenium.SearchContext.findElement(org.openqa.selenium.By)" because "this.searchContext" is null
	at org.openqa.selenium.support.pagefactory.DefaultElementLocator.findElement(DefaultElementLocator.java:68)
	at org.openqa.selenium.support.pagefactory.internal.LocatingElementHandler.invoke(LocatingElementHandler.java:38)
	at jdk.proxy2/jdk.proxy2.$Proxy20.click(Unknown Source)
	at pages.TopNavigation.goToBloodPressure(TopNavigation.java:82)
	at tests.BloodPressurePageValidationTest.setUp(BloodPressurePageValidationTest.java:27)
	at java.base/jdk.internal.reflect.DirectMethodHandleAccessor.invoke(DirectMethodHandleAccessor.java:103)
	at java.base/java.lang.reflect.Method.invoke(Method.java:580)
	at org.testng.internal.invokers.MethodInvocationHelper.invokeMethod(MethodInvocationHelper.java:141)
	at org.testng.internal.invokers.MethodInvocationHelper.invokeMethodConsideringTimeout(MethodInvocationHelper.java:71)
	at org.testng.internal.invokers.ConfigInvoker.invokeConfigurationMethod(ConfigInvoker.java:400)
	at org.testng.internal.invokers.ConfigInvoker.invokeConfigurations(ConfigInvoker.java:333)
	at org.testng.internal.invokers.TestMethodWorker.invokeBeforeClassMethods(TestMethodWorker.java:188)
	at org.testng.internal.invokers.TestMethodWorker.run(TestMethodWorker.java:128)
	at java.base/java.util.ArrayList.forEach(ArrayList.java:1596)
	at org.testng.TestRunner.privateRun(TestRunner.java:741)
	at org.testng.TestRunner.run(TestRunner.java:616)
	at org.testng.SuiteRunner.runTest(SuiteRunner.java:421)
	at org.testng.SuiteRunner$SuiteWorker.run(SuiteRunner.java:463)
	at org.testng.internal.thread.ThreadUtil.lambda$execute$0(ThreadUtil.java:64)
	at java.base/java.util.concurrent.FutureTask.run$$$capture(FutureTask.java:317)
	at java.base/java.util.concurrent.FutureTask.run(FutureTask.java)
	at java.base/java.util.concurrent.ThreadPoolExecutor.runWorker(ThreadPoolExecutor.java:1144)
	at java.base/java.util.concurrent.ThreadPoolExecutor$Worker.run(ThreadPoolExecutor.java:642)
	at java.base/java.lang.Thread.run(Thread.java:1583)
2026-01-18 15:08:58.710 INFO  listeners.Listener1 - onTestStart -> gotoHeartPulse
2026-01-18 15:08:58.711 WARN  listeners.Listener1 - onTestSkipped -> gotoHeartPulse
java.lang.NullPointerException: Cannot invoke "org.openqa.selenium.SearchContext.findElement(org.openqa.selenium.By)" because "this.searchContext" is null
	at org.openqa.selenium.support.pagefactory.DefaultElementLocator.findElement(DefaultElementLocator.java:68)
	at org.openqa.selenium.support.pagefactory.internal.LocatingElementHandler.invoke(LocatingElementHandler.java:38)
	at jdk.proxy2/jdk.proxy2.$Proxy20.click(Unknown Source)
	at pages.TopNavigation.goToBloodPressure(TopNavigation.java:82)
	at tests.BloodPressurePageValidationTest.setUp(BloodPressurePageValidationTest.java:27)
	at java.base/jdk.internal.reflect.DirectMethodHandleAccessor.invoke(DirectMethodHandleAccessor.java:103)
	at java.base/java.lang.reflect.Method.invoke(Method.java:580)
	at org.testng.internal.invokers.MethodInvocationHelper.invokeMethod(MethodInvocationHelper.java:141)
	at org.testng.internal.invokers.MethodInvocationHelper.invokeMethodConsideringTimeout(MethodInvocationHelper.java:71)
	at org.testng.internal.invokers.ConfigInvoker.invokeConfigurationMethod(ConfigInvoker.java:400)
	at org.testng.internal.invokers.ConfigInvoker.invokeConfigurations(ConfigInvoker.java:333)
	at org.testng.internal.invokers.TestMethodWorker.invokeBeforeClassMethods(TestMethodWorker.java:188)
	at org.testng.internal.invokers.TestMethodWorker.run(TestMethodWorker.java:128)
	at java.base/java.util.ArrayList.forEach(ArrayList.java:1596)
	at org.testng.TestRunner.privateRun(TestRunner.java:741)
	at org.testng.TestRunner.run(TestRunner.java:616)
	at org.testng.SuiteRunner.runTest(SuiteRunner.java:421)
	at org.testng.SuiteRunner$SuiteWorker.run(SuiteRunner.java:463)
	at org.testng.internal.thread.ThreadUtil.lambda$execute$0(ThreadUtil.java:64)
	at java.base/java.util.concurrent.FutureTask.run$$$capture(FutureTask.java:317)
	at java.base/java.util.concurrent.FutureTask.run(FutureTask.java)
	at java.base/java.util.concurrent.ThreadPoolExecutor.runWorker(ThreadPoolExecutor.java:1144)
	at java.base/java.util.concurrent.ThreadPoolExecutor$Worker.run(ThreadPoolExecutor.java:642)
	at java.base/java.lang.Thread.run(Thread.java:1583)
2026-01-18 15:08:58.725 INFO  listeners.Listener1 - onTestStart -> isCalculateButtonPresentAndClickable
2026-01-18 15:08:58.726 WARN  listeners.Listener1 - onTestSkipped -> isCalculateButtonPresentAndClickable
java.lang.NullPointerException: Cannot invoke "org.openqa.selenium.SearchContext.findElement(org.openqa.selenium.By)" because "this.searchContext" is null
	at org.openqa.selenium.support.pagefactory.DefaultElementLocator.findElement(DefaultElementLocator.java:68)
	at org.openqa.selenium.support.pagefactory.internal.LocatingElementHandler.invoke(LocatingElementHandler.java:38)
	at jdk.proxy2/jdk.proxy2.$Proxy20.click(Unknown Source)
	at pages.TopNavigation.goToBloodPressure(TopNavigation.java:82)
	at tests.BloodPressurePageValidationTest.setUp(BloodPressurePageValidationTest.java:27)
	at java.base/jdk.internal.reflect.DirectMethodHandleAccessor.invoke(DirectMethodHandleAccessor.java:103)
	at java.base/java.lang.reflect.Method.invoke(Method.java:580)
	at org.testng.internal.invokers.MethodInvocationHelper.invokeMethod(MethodInvocationHelper.java:141)
	at org.testng.internal.invokers.MethodInvocationHelper.invokeMethodConsideringTimeout(MethodInvocationHelper.java:71)
	at org.testng.internal.invokers.ConfigInvoker.invokeConfigurationMethod(ConfigInvoker.java:400)
	at org.testng.internal.invokers.ConfigInvoker.invokeConfigurations(ConfigInvoker.java:333)
	at org.testng.internal.invokers.TestMethodWorker.invokeBeforeClassMethods(TestMethodWorker.java:188)
	at org.testng.internal.invokers.TestMethodWorker.run(TestMethodWorker.java:128)
	at java.base/java.util.ArrayList.forEach(ArrayList.java:1596)
	at org.testng.TestRunner.privateRun(TestRunner.java:741)
	at org.testng.TestRunner.run(TestRunner.java:616)
	at org.testng.SuiteRunner.runTest(SuiteRunner.java:421)
	at org.testng.SuiteRunner$SuiteWorker.run(SuiteRunner.java:463)
	at org.testng.internal.thread.ThreadUtil.lambda$execute$0(ThreadUtil.java:64)
	at java.base/java.util.concurrent.FutureTask.run$$$capture(FutureTask.java:317)
	at java.base/java.util.concurrent.FutureTask.run(FutureTask.java)
	at java.base/java.util.concurrent.ThreadPoolExecutor.runWorker(ThreadPoolExecutor.java:1144)
	at java.base/java.util.concurrent.ThreadPoolExecutor$Worker.run(ThreadPoolExecutor.java:642)
	at java.base/java.lang.Thread.run(Thread.java:1583)
2026-01-18 15:08:58.729 INFO  listeners.Listener1 - onTestStart -> gotoBloodPressure
2026-01-18 15:08:58.732 INFO  listeners.Listener1 - onTestStart -> isHeadingPresent
2026-01-18 15:08:58.730 WARN  listeners.Listener1 - onTestSkipped -> gotoBloodPressure
java.lang.NullPointerException: Cannot invoke "org.openqa.selenium.SearchContext.findElement(org.openqa.selenium.By)" because "this.searchContext" is null
	at org.openqa.selenium.support.pagefactory.DefaultElementLocator.findElement(DefaultElementLocator.java:68)
	at org.openqa.selenium.support.pagefactory.internal.LocatingElementHandler.invoke(LocatingElementHandler.java:38)
	at jdk.proxy2/jdk.proxy2.$Proxy20.click(Unknown Source)
	at pages.TopNavigation.goToBloodPressure(TopNavigation.java:82)
	at tests.BloodPressurePageValidationTest.setUp(BloodPressurePageValidationTest.java:27)
	at java.base/jdk.internal.reflect.DirectMethodHandleAccessor.invoke(DirectMethodHandleAccessor.java:103)
	at java.base/java.lang.reflect.Method.invoke(Method.java:580)
	at org.testng.internal.invokers.MethodInvocationHelper.invokeMethod(MethodInvocationHelper.java:141)
	at org.testng.internal.invokers.MethodInvocationHelper.invokeMethodConsideringTimeout(MethodInvocationHelper.java:71)
	at org.testng.internal.invokers.ConfigInvoker.invokeConfigurationMethod(ConfigInvoker.java:400)
	at org.testng.internal.invokers.ConfigInvoker.invokeConfigurations(ConfigInvoker.java:333)
	at org.testng.internal.invokers.TestMethodWorker.invokeBeforeClassMethods(TestMethodWorker.java:188)
	at org.testng.internal.invokers.TestMethodWorker.run(TestMethodWorker.java:128)
	at java.base/java.util.ArrayList.forEach(ArrayList.java:1596)
	at org.testng.TestRunner.privateRun(TestRunner.java:741)
	at org.testng.TestRunner.run(TestRunner.java:616)
	at org.testng.SuiteRunner.runTest(SuiteRunner.java:421)
	at org.testng.SuiteRunner$SuiteWorker.run(SuiteRunner.java:463)
	at org.testng.internal.thread.ThreadUtil.lambda$execute$0(ThreadUtil.java:64)
	at java.base/java.util.concurrent.FutureTask.run$$$capture(FutureTask.java:317)
	at java.base/java.util.concurrent.FutureTask.run(FutureTask.java)
	at java.base/java.util.concurrent.ThreadPoolExecutor.runWorker(ThreadPoolExecutor.java:1144)
	at java.base/java.util.concurrent.ThreadPoolExecutor$Worker.run(ThreadPoolExecutor.java:642)
	at java.base/java.lang.Thread.run(Thread.java:1583)
2026-01-18 15:08:58.736 WARN  listeners.Listener1 - onTestSkipped -> isHeadingPresent
java.lang.NullPointerException: Cannot invoke "org.openqa.selenium.SearchContext.findElement(org.openqa.selenium.By)" because "this.searchContext" is null
	at org.openqa.selenium.support.pagefactory.DefaultElementLocator.findElement(DefaultElementLocator.java:68)
	at org.openqa.selenium.support.pagefactory.internal.LocatingElementHandler.invoke(LocatingElementHandler.java:38)
	at jdk.proxy2/jdk.proxy2.$Proxy20.click(Unknown Source)
	at pages.TopNavigation.goToBloodPressure(TopNavigation.java:82)
	at tests.BloodPressurePageValidationTest.setUp(BloodPressurePageValidationTest.java:27)
	at java.base/jdk.internal.reflect.DirectMethodHandleAccessor.invoke(DirectMethodHandleAccessor.java:103)
	at java.base/java.lang.reflect.Method.invoke(Method.java:580)
	at org.testng.internal.invokers.MethodInvocationHelper.invokeMethod(MethodInvocationHelper.java:141)
	at org.testng.internal.invokers.MethodInvocationHelper.invokeMethodConsideringTimeout(MethodInvocationHelper.java:71)
	at org.testng.internal.invokers.ConfigInvoker.invokeConfigurationMethod(ConfigInvoker.java:400)
	at org.testng.internal.invokers.ConfigInvoker.invokeConfigurations(ConfigInvoker.java:333)
	at org.testng.internal.invokers.TestMethodWorker.invokeBeforeClassMethods(TestMethodWorker.java:188)
	at org.testng.internal.invokers.TestMethodWorker.run(TestMethodWorker.java:128)
	at java.base/java.util.ArrayList.forEach(ArrayList.java:1596)
	at org.testng.TestRunner.privateRun(TestRunner.java:741)
	at org.testng.TestRunner.run(TestRunner.java:616)
	at org.testng.SuiteRunner.runTest(SuiteRunner.java:421)
	at org.testng.SuiteRunner$SuiteWorker.run(SuiteRunner.java:463)
	at org.testng.internal.thread.ThreadUtil.lambda$execute$0(ThreadUtil.java:64)
	at java.base/java.util.concurrent.FutureTask.run$$$capture(FutureTask.java:317)
	at java.base/java.util.concurrent.FutureTask.run(FutureTask.java)
	at java.base/java.util.concurrent.ThreadPoolExecutor.runWorker(ThreadPoolExecutor.java:1144)
	at java.base/java.util.concurrent.ThreadPoolExecutor$Worker.run(ThreadPoolExecutor.java:642)
	at java.base/java.lang.Thread.run(Thread.java:1583)
2026-01-18 15:08:58.743 INFO  listeners.Listener1 - onTestStart -> gotoAgeFactor
2026-01-18 15:08:58.743 INFO  listeners.Listener1 - onTestStart -> isCalculateButtonPresentAndClickable
2026-01-18 15:08:58.756 WARN  listeners.Listener1 - onTestSkipped -> isCalculateButtonPresentAndClickable
java.lang.NullPointerException: Cannot invoke "org.openqa.selenium.SearchContext.findElement(org.openqa.selenium.By)" because "this.searchContext" is null
	at org.openqa.selenium.support.pagefactory.DefaultElementLocator.findElement(DefaultElementLocator.java:68)
	at org.openqa.selenium.support.pagefactory.internal.LocatingElementHandler.invoke(LocatingElementHandler.java:38)
	at jdk.proxy2/jdk.proxy2.$Proxy20.click(Unknown Source)
	at pages.TopNavigation.goToBloodPressure(TopNavigation.java:82)
	at tests.BloodPressurePageValidationTest.setUp(BloodPressurePageValidationTest.java:27)
	at java.base/jdk.internal.reflect.DirectMethodHandleAccessor.invoke(DirectMethodHandleAccessor.java:103)
	at java.base/java.lang.reflect.Method.invoke(Method.java:580)
	at org.testng.internal.invokers.MethodInvocationHelper.invokeMethod(MethodInvocationHelper.java:141)
	at org.testng.internal.invokers.MethodInvocationHelper.invokeMethodConsideringTimeout(MethodInvocationHelper.java:71)
	at org.testng.internal.invokers.ConfigInvoker.invokeConfigurationMethod(ConfigInvoker.java:400)
	at org.testng.internal.invokers.ConfigInvoker.invokeConfigurations(ConfigInvoker.java:333)
	at org.testng.internal.invokers.TestMethodWorker.invokeBeforeClassMethods(TestMethodWorker.java:188)
	at org.testng.internal.invokers.TestMethodWorker.run(TestMethodWorker.java:128)
	at java.base/java.util.ArrayList.forEach(ArrayList.java:1596)
	at org.testng.TestRunner.privateRun(TestRunner.java:741)
	at org.testng.TestRunner.run(TestRunner.java:616)
	at org.testng.SuiteRunner.runTest(SuiteRunner.java:421)
	at org.testng.SuiteRunner$SuiteWorker.run(SuiteRunner.java:463)
	at org.testng.internal.thread.ThreadUtil.lambda$execute$0(ThreadUtil.java:64)
	at java.base/java.util.concurrent.FutureTask.run$$$capture(FutureTask.java:317)
	at java.base/java.util.concurrent.FutureTask.run(FutureTask.java)
	at java.base/java.util.concurrent.ThreadPoolExecutor.runWorker(ThreadPoolExecutor.java:1144)
	at java.base/java.util.concurrent.ThreadPoolExecutor$Worker.run(ThreadPoolExecutor.java:642)
	at java.base/java.lang.Thread.run(Thread.java:1583)
2026-01-18 15:08:58.756 WARN  listeners.Listener1 - onTestSkipped -> gotoAgeFactor
java.lang.NullPointerException: Cannot invoke "org.openqa.selenium.SearchContext.findElement(org.openqa.selenium.By)" because "this.searchContext" is null
	at org.openqa.selenium.support.pagefactory.DefaultElementLocator.findElement(DefaultElementLocator.java:68)
	at org.openqa.selenium.support.pagefactory.internal.LocatingElementHandler.invoke(LocatingElementHandler.java:38)
	at jdk.proxy2/jdk.proxy2.$Proxy20.click(Unknown Source)
	at pages.TopNavigation.goToBloodPressure(TopNavigation.java:82)
	at tests.BloodPressurePageValidationTest.setUp(BloodPressurePageValidationTest.java:27)
	at java.base/jdk.internal.reflect.DirectMethodHandleAccessor.invoke(DirectMethodHandleAccessor.java:103)
	at java.base/java.lang.reflect.Method.invoke(Method.java:580)
	at org.testng.internal.invokers.MethodInvocationHelper.invokeMethod(MethodInvocationHelper.java:141)
	at org.testng.internal.invokers.MethodInvocationHelper.invokeMethodConsideringTimeout(MethodInvocationHelper.java:71)
	at org.testng.internal.invokers.ConfigInvoker.invokeConfigurationMethod(ConfigInvoker.java:400)
	at org.testng.internal.invokers.ConfigInvoker.invokeConfigurations(ConfigInvoker.java:333)
	at org.testng.internal.invokers.TestMethodWorker.invokeBeforeClassMethods(TestMethodWorker.java:188)
	at org.testng.internal.invokers.TestMethodWorker.run(TestMethodWorker.java:128)
	at java.base/java.util.ArrayList.forEach(ArrayList.java:1596)
	at org.testng.TestRunner.privateRun(TestRunner.java:741)
	at org.testng.TestRunner.run(TestRunner.java:616)
	at org.testng.SuiteRunner.runTest(SuiteRunner.java:421)
	at org.testng.SuiteRunner$SuiteWorker.run(SuiteRunner.java:463)
	at org.testng.internal.thread.ThreadUtil.lambda$execute$0(ThreadUtil.java:64)
	at java.base/java.util.concurrent.FutureTask.run$$$capture(FutureTask.java:317)
	at java.base/java.util.concurrent.FutureTask.run(FutureTask.java)
	at java.base/java.util.concurrent.ThreadPoolExecutor.runWorker(ThreadPoolExecutor.java:1144)
	at java.base/java.util.concurrent.ThreadPoolExecutor$Worker.run(ThreadPoolExecutor.java:642)
	at java.base/java.lang.Thread.run(Thread.java:1583)
2026-01-18 15:08:58.778 INFO  listeners.Listener1 - onTestStart -> isHeadingPresent
2026-01-18 15:08:58.779 WARN  listeners.Listener1 - onTestSkipped -> isHeadingPresent
java.lang.NullPointerException: Cannot invoke "org.openqa.selenium.SearchContext.findElement(org.openqa.selenium.By)" because "this.searchContext" is null
	at org.openqa.selenium.support.pagefactory.DefaultElementLocator.findElement(DefaultElementLocator.java:68)
	at org.openqa.selenium.support.pagefactory.internal.LocatingElementHandler.invoke(LocatingElementHandler.java:38)
	at jdk.proxy2/jdk.proxy2.$Proxy20.click(Unknown Source)
	at pages.TopNavigation.goToBloodPressure(TopNavigation.java:82)
	at tests.BloodPressurePageValidationTest.setUp(BloodPressurePageValidationTest.java:27)
	at java.base/jdk.internal.reflect.DirectMethodHandleAccessor.invoke(DirectMethodHandleAccessor.java:103)
	at java.base/java.lang.reflect.Method.invoke(Method.java:580)
	at org.testng.internal.invokers.MethodInvocationHelper.invokeMethod(MethodInvocationHelper.java:141)
	at org.testng.internal.invokers.MethodInvocationHelper.invokeMethodConsideringTimeout(MethodInvocationHelper.java:71)
	at org.testng.internal.invokers.ConfigInvoker.invokeConfigurationMethod(ConfigInvoker.java:400)
	at org.testng.internal.invokers.ConfigInvoker.invokeConfigurations(ConfigInvoker.java:333)
	at org.testng.internal.invokers.TestMethodWorker.invokeBeforeClassMethods(TestMethodWorker.java:188)
	at org.testng.internal.invokers.TestMethodWorker.run(TestMethodWorker.java:128)
	at java.base/java.util.ArrayList.forEach(ArrayList.java:1596)
	at org.testng.TestRunner.privateRun(TestRunner.java:741)
	at org.testng.TestRunner.run(TestRunner.java:616)
	at org.testng.SuiteRunner.runTest(SuiteRunner.java:421)
	at org.testng.SuiteRunner$SuiteWorker.run(SuiteRunner.java:463)
	at org.testng.internal.thread.ThreadUtil.lambda$execute$0(ThreadUtil.java:64)
	at java.base/java.util.concurrent.FutureTask.run$$$capture(FutureTask.java:317)
	at java.base/java.util.concurrent.FutureTask.run(FutureTask.java)
	at java.base/java.util.concurrent.ThreadPoolExecutor.runWorker(ThreadPoolExecutor.java:1144)
	at java.base/java.util.concurrent.ThreadPoolExecutor$Worker.run(ThreadPoolExecutor.java:642)
	at java.base/java.lang.Thread.run(Thread.java:1583)
2026-01-18 15:08:58.780 INFO  listeners.Listener1 - onTestStart -> gotoAgeFactorPage
2026-01-18 15:08:58.780 WARN  listeners.Listener1 - onTestSkipped -> gotoAgeFactorPage
java.lang.Throwable: Method tests.BloodPressurePageValidationTest.gotoAgeFactorPage() on instance tests.BloodPressurePageValidationTest@3d484181 depends on not successfully finished methods 
[tests.BloodPressurePageValidationTest.gotoHeartPulse() on instance tests.BloodPressurePageValidationTest@3d484181]
	at org.testng.internal.invokers.TestInvoker.invokeTestMethods(TestInvoker.java:159)
	at org.testng.internal.invokers.TestMethodWorker.invokeTestMethods(TestMethodWorker.java:154)
	at org.testng.internal.invokers.TestMethodWorker.run(TestMethodWorker.java:134)
	at java.base/java.util.ArrayList.forEach(ArrayList.java:1596)
	at org.testng.TestRunner.privateRun(TestRunner.java:741)
	at org.testng.TestRunner.run(TestRunner.java:616)
	at org.testng.SuiteRunner.runTest(SuiteRunner.java:421)
	at org.testng.SuiteRunner$SuiteWorker.run(SuiteRunner.java:463)
	at org.testng.internal.thread.ThreadUtil.lambda$execute$0(ThreadUtil.java:64)
	at java.base/java.util.concurrent.FutureTask.run$$$capture(FutureTask.java:317)
	at java.base/java.util.concurrent.FutureTask.run(FutureTask.java)
	at java.base/java.util.concurrent.ThreadPoolExecutor.runWorker(ThreadPoolExecutor.java:1144)
	at java.base/java.util.concurrent.ThreadPoolExecutor$Worker.run(ThreadPoolExecutor.java:642)
	at java.base/java.lang.Thread.run(Thread.java:1583)
2026-01-18 15:08:58.787 INFO  listeners.Listener1 - onTestStart -> gotoAgeFactor
2026-01-18 15:08:58.788 WARN  listeners.Listener1 - onTestSkipped -> gotoAgeFactor
java.lang.NullPointerException: Cannot invoke "org.openqa.selenium.SearchContext.findElement(org.openqa.selenium.By)" because "this.searchContext" is null
	at org.openqa.selenium.support.pagefactory.DefaultElementLocator.findElement(DefaultElementLocator.java:68)
	at org.openqa.selenium.support.pagefactory.internal.LocatingElementHandler.invoke(LocatingElementHandler.java:38)
	at jdk.proxy2/jdk.proxy2.$Proxy20.click(Unknown Source)
	at pages.TopNavigation.goToBloodPressure(TopNavigation.java:82)
	at tests.BloodPressurePageValidationTest.setUp(BloodPressurePageValidationTest.java:27)
	at java.base/jdk.internal.reflect.DirectMethodHandleAccessor.invoke(DirectMethodHandleAccessor.java:103)
	at java.base/java.lang.reflect.Method.invoke(Method.java:580)
	at org.testng.internal.invokers.MethodInvocationHelper.invokeMethod(MethodInvocationHelper.java:141)
	at org.testng.internal.invokers.MethodInvocationHelper.invokeMethodConsideringTimeout(MethodInvocationHelper.java:71)
	at org.testng.internal.invokers.ConfigInvoker.invokeConfigurationMethod(ConfigInvoker.java:400)
	at org.testng.internal.invokers.ConfigInvoker.invokeConfigurations(ConfigInvoker.java:333)
	at org.testng.internal.invokers.TestMethodWorker.invokeBeforeClassMethods(TestMethodWorker.java:188)
	at org.testng.internal.invokers.TestMethodWorker.run(TestMethodWorker.java:128)
	at java.base/java.util.ArrayList.forEach(ArrayList.java:1596)
	at org.testng.TestRunner.privateRun(TestRunner.java:741)
	at org.testng.TestRunner.run(TestRunner.java:616)
	at org.testng.SuiteRunner.runTest(SuiteRunner.java:421)
	at org.testng.SuiteRunner$SuiteWorker.run(SuiteRunner.java:463)
	at org.testng.internal.thread.ThreadUtil.lambda$execute$0(ThreadUtil.java:64)
	at java.base/java.util.concurrent.FutureTask.run$$$capture(FutureTask.java:317)
	at java.base/java.util.concurrent.FutureTask.run(FutureTask.java)
	at java.base/java.util.concurrent.ThreadPoolExecutor.runWorker(ThreadPoolExecutor.java:1144)
	at java.base/java.util.concurrent.ThreadPoolExecutor$Worker.run(ThreadPoolExecutor.java:642)
	at java.base/java.lang.Thread.run(Thread.java:1583)
2026-01-18 15:08:58.791 INFO  listeners.Listener1 - onTestStart -> gotoBloodPressure
2026-01-18 15:08:58.791 WARN  listeners.Listener1 - onTestSkipped -> gotoBloodPressure
java.lang.NullPointerException: Cannot invoke "org.openqa.selenium.SearchContext.findElement(org.openqa.selenium.By)" because "this.searchContext" is null
	at org.openqa.selenium.support.pagefactory.DefaultElementLocator.findElement(DefaultElementLocator.java:68)
	at org.openqa.selenium.support.pagefactory.internal.LocatingElementHandler.invoke(LocatingElementHandler.java:38)
	at jdk.proxy2/jdk.proxy2.$Proxy20.click(Unknown Source)
	at pages.TopNavigation.goToBloodPressure(TopNavigation.java:82)
	at tests.BloodPressurePageValidationTest.setUp(BloodPressurePageValidationTest.java:27)
	at java.base/jdk.internal.reflect.DirectMethodHandleAccessor.invoke(DirectMethodHandleAccessor.java:103)
	at java.base/java.lang.reflect.Method.invoke(Method.java:580)
	at org.testng.internal.invokers.MethodInvocationHelper.invokeMethod(MethodInvocationHelper.java:141)
	at org.testng.internal.invokers.MethodInvocationHelper.invokeMethodConsideringTimeout(MethodInvocationHelper.java:71)
	at org.testng.internal.invokers.ConfigInvoker.invokeConfigurationMethod(ConfigInvoker.java:400)
	at org.testng.internal.invokers.ConfigInvoker.invokeConfigurations(ConfigInvoker.java:333)
	at org.testng.internal.invokers.TestMethodWorker.invokeBeforeClassMethods(TestMethodWorker.java:188)
	at org.testng.internal.invokers.TestMethodWorker.run(TestMethodWorker.java:128)
	at java.base/java.util.ArrayList.forEach(ArrayList.java:1596)
	at org.testng.TestRunner.privateRun(TestRunner.java:741)
	at org.testng.TestRunner.run(TestRunner.java:616)
	at org.testng.SuiteRunner.runTest(SuiteRunner.java:421)
	at org.testng.SuiteRunner$SuiteWorker.run(SuiteRunner.java:463)
	at org.testng.internal.thread.ThreadUtil.lambda$execute$0(ThreadUtil.java:64)
	at java.base/java.util.concurrent.FutureTask.run$$$capture(FutureTask.java:317)
	at java.base/java.util.concurrent.FutureTask.run(FutureTask.java)
	at java.base/java.util.concurrent.ThreadPoolExecutor.runWorker(ThreadPoolExecutor.java:1144)
	at java.base/java.util.concurrent.ThreadPoolExecutor$Worker.run(ThreadPoolExecutor.java:642)
	at java.base/java.lang.Thread.run(Thread.java:1583)
2026-01-18 15:08:58.796 INFO  listeners.Listener1 - onTestStart -> gotoAgeFactorPage
2026-01-18 15:08:58.800 INFO  listeners.Listener1 - onTestStart -> gotoHeartPulse
2026-01-18 15:08:58.798 WARN  listeners.Listener1 - onTestSkipped -> gotoAgeFactorPage
java.lang.Throwable: Method tests.BloodPressurePageValidationTest.gotoAgeFactorPage() on instance tests.BloodPressurePageValidationTest@7a138fc5 depends on not successfully finished methods 
[tests.BloodPressurePageValidationTest.gotoHeartPulse() on instance tests.BloodPressurePageValidationTest@7a138fc5]
	at org.testng.internal.invokers.TestInvoker.invokeTestMethods(TestInvoker.java:159)
	at org.testng.internal.invokers.TestMethodWorker.invokeTestMethods(TestMethodWorker.java:154)
	at org.testng.internal.invokers.TestMethodWorker.run(TestMethodWorker.java:134)
	at java.base/java.util.ArrayList.forEach(ArrayList.java:1596)
	at org.testng.TestRunner.privateRun(TestRunner.java:741)
	at org.testng.TestRunner.run(TestRunner.java:616)
	at org.testng.SuiteRunner.runTest(SuiteRunner.java:421)
	at org.testng.SuiteRunner$SuiteWorker.run(SuiteRunner.java:463)
	at org.testng.internal.thread.ThreadUtil.lambda$execute$0(ThreadUtil.java:64)
	at java.base/java.util.concurrent.FutureTask.run$$$capture(FutureTask.java:317)
	at java.base/java.util.concurrent.FutureTask.run(FutureTask.java)
	at java.base/java.util.concurrent.ThreadPoolExecutor.runWorker(ThreadPoolExecutor.java:1144)
	at java.base/java.util.concurrent.ThreadPoolExecutor$Worker.run(ThreadPoolExecutor.java:642)
	at java.base/java.lang.Thread.run(Thread.java:1583)
2026-01-18 15:08:58.812 WARN  listeners.Listener1 - onTestSkipped -> gotoHeartPulse
java.lang.NullPointerException: Cannot invoke "org.openqa.selenium.SearchContext.findElement(org.openqa.selenium.By)" because "this.searchContext" is null
	at org.openqa.selenium.support.pagefactory.DefaultElementLocator.findElement(DefaultElementLocator.java:68)
	at org.openqa.selenium.support.pagefactory.internal.LocatingElementHandler.invoke(LocatingElementHandler.java:38)
	at jdk.proxy2/jdk.proxy2.$Proxy20.click(Unknown Source)
	at pages.TopNavigation.goToBloodPressure(TopNavigation.java:82)
	at tests.BloodPressurePageValidationTest.setUp(BloodPressurePageValidationTest.java:27)
	at java.base/jdk.internal.reflect.DirectMethodHandleAccessor.invoke(DirectMethodHandleAccessor.java:103)
	at java.base/java.lang.reflect.Method.invoke(Method.java:580)
	at org.testng.internal.invokers.MethodInvocationHelper.invokeMethod(MethodInvocationHelper.java:141)
	at org.testng.internal.invokers.MethodInvocationHelper.invokeMethodConsideringTimeout(MethodInvocationHelper.java:71)
	at org.testng.internal.invokers.ConfigInvoker.invokeConfigurationMethod(ConfigInvoker.java:400)
	at org.testng.internal.invokers.ConfigInvoker.invokeConfigurations(ConfigInvoker.java:333)
	at org.testng.internal.invokers.TestMethodWorker.invokeBeforeClassMethods(TestMethodWorker.java:188)
	at org.testng.internal.invokers.TestMethodWorker.run(TestMethodWorker.java:128)
	at java.base/java.util.ArrayList.forEach(ArrayList.java:1596)
	at org.testng.TestRunner.privateRun(TestRunner.java:741)
	at org.testng.TestRunner.run(TestRunner.java:616)
	at org.testng.SuiteRunner.runTest(SuiteRunner.java:421)
	at org.testng.SuiteRunner$SuiteWorker.run(SuiteRunner.java:463)
	at org.testng.internal.thread.ThreadUtil.lambda$execute$0(ThreadUtil.java:64)
	at java.base/java.util.concurrent.FutureTask.run$$$capture(FutureTask.java:317)
	at java.base/java.util.concurrent.FutureTask.run(FutureTask.java)
	at java.base/java.util.concurrent.ThreadPoolExecutor.runWorker(ThreadPoolExecutor.java:1144)
	at java.base/java.util.concurrent.ThreadPoolExecutor$Worker.run(ThreadPoolExecutor.java:642)
	at java.base/java.lang.Thread.run(Thread.java:1583)
2026-01-18 15:08:58.819 INFO  listeners.Listener1 - onTestStart -> gotoBloodPressure
2026-01-18 15:08:58.819 ERROR tests.CalculatorFunctionalityTest - Failed to read Excel data: Cannot invoke "utils.ExcelDataManager.dataFetch()" because "this.df" is null
2026-01-18 15:08:58.822 ERROR listeners.Listener1 - onTestFailure -> sendData
java.lang.RuntimeException: java.lang.RuntimeException: Failed to read Excel data
	at org.testng.internal.invokers.MethodInvocationHelper.invokeMethodNoCheckedException(MethodInvocationHelper.java:58)
	at org.testng.internal.invokers.MethodInvocationHelper.invokeDataProvider(MethodInvocationHelper.java:159)
	at org.testng.internal.Parameters.handleParameters(Parameters.java:809)
	at org.testng.internal.Parameters.handleParameters(Parameters.java:734)
	at org.testng.internal.invokers.ParameterHandler.handleParameters(ParameterHandler.java:72)
	at org.testng.internal.invokers.ParameterHandler.createParameters(ParameterHandler.java:51)
	at org.testng.internal.invokers.TestInvoker$MethodInvocationAgent.invoke(TestInvoker.java:949)
	at org.testng.internal.invokers.TestInvoker.invokeTestMethods(TestInvoker.java:203)
	at org.testng.internal.invokers.TestMethodWorker.invokeTestMethods(TestMethodWorker.java:154)
	at org.testng.internal.invokers.TestMethodWorker.run(TestMethodWorker.java:134)
	at java.base/java.util.ArrayList.forEach(ArrayList.java:1596)
	at org.testng.TestRunner.privateRun(TestRunner.java:741)
	at org.testng.TestRunner.run(TestRunner.java:616)
	at org.testng.SuiteRunner.runTest(SuiteRunner.java:421)
	at org.testng.SuiteRunner$SuiteWorker.run(SuiteRunner.java:463)
	at org.testng.internal.thread.ThreadUtil.lambda$execute$0(ThreadUtil.java:64)
	at java.base/java.util.concurrent.FutureTask.run$$$capture(FutureTask.java:317)
	at java.base/java.util.concurrent.FutureTask.run(FutureTask.java)
	at java.base/java.util.concurrent.ThreadPoolExecutor.runWorker(ThreadPoolExecutor.java:1144)
	at java.base/java.util.concurrent.ThreadPoolExecutor$Worker.run(ThreadPoolExecutor.java:642)
	at java.base/java.lang.Thread.run(Thread.java:1583)
Caused by: java.lang.RuntimeException: Failed to read Excel data
	at tests.CalculatorFunctionalityTest.fieldData(CalculatorFunctionalityTest.java:222)
	at java.base/jdk.internal.reflect.DirectMethodHandleAccessor.invoke(DirectMethodHandleAccessor.java:103)
	at java.base/java.lang.reflect.Method.invoke(Method.java:580)
	at org.testng.internal.invokers.MethodInvocationHelper.invokeMethod(MethodInvocationHelper.java:141)
	at org.testng.internal.invokers.MethodInvocationHelper.invokeMethod(MethodInvocationHelper.java:86)
	at org.testng.internal.invokers.MethodInvocationHelper.invokeMethodNoCheckedException(MethodInvocationHelper.java:54)
	... 20 common frames omitted
Caused by: java.lang.NullPointerException: Cannot invoke "utils.ExcelDataManager.dataFetch()" because "this.df" is null
	at tests.CalculatorFunctionalityTest.fieldData(CalculatorFunctionalityTest.java:216)
	... 25 common frames omitted
2026-01-18 15:08:58.826 INFO  listeners.Listener1 - No pre-submit screenshot path provided by the test.
2026-01-18 15:08:58.823 WARN  listeners.Listener1 - onTestSkipped -> gotoBloodPressure
java.lang.NullPointerException: Cannot invoke "org.openqa.selenium.SearchContext.findElement(org.openqa.selenium.By)" because "this.searchContext" is null
	at org.openqa.selenium.support.pagefactory.DefaultElementLocator.findElement(DefaultElementLocator.java:68)
	at org.openqa.selenium.support.pagefactory.internal.LocatingElementHandler.invoke(LocatingElementHandler.java:38)
	at jdk.proxy2/jdk.proxy2.$Proxy20.click(Unknown Source)
	at pages.TopNavigation.goToBloodPressure(TopNavigation.java:82)
	at tests.BloodPressurePageValidationTest.setUp(BloodPressurePageValidationTest.java:27)
	at java.base/jdk.internal.reflect.DirectMethodHandleAccessor.invoke(DirectMethodHandleAccessor.java:103)
	at java.base/java.lang.reflect.Method.invoke(Method.java:580)
	at org.testng.internal.invokers.MethodInvocationHelper.invokeMethod(MethodInvocationHelper.java:141)
	at org.testng.internal.invokers.MethodInvocationHelper.invokeMethodConsideringTimeout(MethodInvocationHelper.java:71)
	at org.testng.internal.invokers.ConfigInvoker.invokeConfigurationMethod(ConfigInvoker.java:400)
	at org.testng.internal.invokers.ConfigInvoker.invokeConfigurations(ConfigInvoker.java:333)
	at org.testng.internal.invokers.TestMethodWorker.invokeBeforeClassMethods(TestMethodWorker.java:188)
	at org.testng.internal.invokers.TestMethodWorker.run(TestMethodWorker.java:128)
	at java.base/java.util.ArrayList.forEach(ArrayList.java:1596)
	at org.testng.TestRunner.privateRun(TestRunner.java:741)
	at org.testng.TestRunner.run(TestRunner.java:616)
	at org.testng.SuiteRunner.runTest(SuiteRunner.java:421)
	at org.testng.SuiteRunner$SuiteWorker.run(SuiteRunner.java:463)
	at org.testng.internal.thread.ThreadUtil.lambda$execute$0(ThreadUtil.java:64)
	at java.base/java.util.concurrent.FutureTask.run$$$capture(FutureTask.java:317)
	at java.base/java.util.concurrent.FutureTask.run(FutureTask.java)
	at java.base/java.util.concurrent.ThreadPoolExecutor.runWorker(ThreadPoolExecutor.java:1144)
	at java.base/java.util.concurrent.ThreadPoolExecutor$Worker.run(ThreadPoolExecutor.java:642)
	at java.base/java.lang.Thread.run(Thread.java:1583)
2026-01-18 15:08:58.837 INFO  listeners.Listener1 - No failure screenshot path provided by the test.
2026-01-18 15:08:58.843 INFO  listeners.Listener1 - onTestStart -> gotoHeartPulse
2026-01-18 15:08:58.843 WARN  listeners.Listener1 - onTestSkipped -> gotoHeartPulse
java.lang.NullPointerException: Cannot invoke "org.openqa.selenium.SearchContext.findElement(org.openqa.selenium.By)" because "this.searchContext" is null
	at org.openqa.selenium.support.pagefactory.DefaultElementLocator.findElement(DefaultElementLocator.java:68)
	at org.openqa.selenium.support.pagefactory.internal.LocatingElementHandler.invoke(LocatingElementHandler.java:38)
	at jdk.proxy2/jdk.proxy2.$Proxy20.click(Unknown Source)
	at pages.TopNavigation.goToBloodPressure(TopNavigation.java:82)
	at tests.BloodPressurePageValidationTest.setUp(BloodPressurePageValidationTest.java:27)
	at java.base/jdk.internal.reflect.DirectMethodHandleAccessor.invoke(DirectMethodHandleAccessor.java:103)
	at java.base/java.lang.reflect.Method.invoke(Method.java:580)
	at org.testng.internal.invokers.MethodInvocationHelper.invokeMethod(MethodInvocationHelper.java:141)
	at org.testng.internal.invokers.MethodInvocationHelper.invokeMethodConsideringTimeout(MethodInvocationHelper.java:71)
	at org.testng.internal.invokers.ConfigInvoker.invokeConfigurationMethod(ConfigInvoker.java:400)
	at org.testng.internal.invokers.ConfigInvoker.invokeConfigurations(ConfigInvoker.java:333)
	at org.testng.internal.invokers.TestMethodWorker.invokeBeforeClassMethods(TestMethodWorker.java:188)
	at org.testng.internal.invokers.TestMethodWorker.run(TestMethodWorker.java:128)
	at java.base/java.util.ArrayList.forEach(ArrayList.java:1596)
	at org.testng.TestRunner.privateRun(TestRunner.java:741)
	at org.testng.TestRunner.run(TestRunner.java:616)
	at org.testng.SuiteRunner.runTest(SuiteRunner.java:421)
	at org.testng.SuiteRunner$SuiteWorker.run(SuiteRunner.java:463)
	at org.testng.internal.thread.ThreadUtil.lambda$execute$0(ThreadUtil.java:64)
	at java.base/java.util.concurrent.FutureTask.run$$$capture(FutureTask.java:317)
	at java.base/java.util.concurrent.FutureTask.run(FutureTask.java)
	at java.base/java.util.concurrent.ThreadPoolExecutor.runWorker(ThreadPoolExecutor.java:1144)
	at java.base/java.util.concurrent.ThreadPoolExecutor$Worker.run(ThreadPoolExecutor.java:642)
	at java.base/java.lang.Thread.run(Thread.java:1583)
2026-01-18 15:08:58.850 ERROR tests.CalculatorFunctionalityTest - Failed to read Excel data: Cannot invoke "utils.ExcelDataManager.dataFetch()" because "this.df" is null
2026-01-18 15:08:58.852 INFO  listeners.Listener1 - onTestStart -> isResultDisplayed
2026-01-18 15:08:58.850 ERROR listeners.Listener1 - onTestFailure -> sendData
java.lang.RuntimeException: java.lang.RuntimeException: Failed to read Excel data
	at org.testng.internal.invokers.MethodInvocationHelper.invokeMethodNoCheckedException(MethodInvocationHelper.java:58)
	at org.testng.internal.invokers.MethodInvocationHelper.invokeDataProvider(MethodInvocationHelper.java:159)
	at org.testng.internal.Parameters.handleParameters(Parameters.java:809)
	at org.testng.internal.Parameters.handleParameters(Parameters.java:734)
	at org.testng.internal.invokers.ParameterHandler.handleParameters(ParameterHandler.java:72)
	at org.testng.internal.invokers.ParameterHandler.createParameters(ParameterHandler.java:51)
	at org.testng.internal.invokers.TestInvoker$MethodInvocationAgent.invoke(TestInvoker.java:949)
	at org.testng.internal.invokers.TestInvoker.invokeTestMethods(TestInvoker.java:203)
	at org.testng.internal.invokers.TestMethodWorker.invokeTestMethods(TestMethodWorker.java:154)
	at org.testng.internal.invokers.TestMethodWorker.run(TestMethodWorker.java:134)
	at java.base/java.util.ArrayList.forEach(ArrayList.java:1596)
	at org.testng.TestRunner.privateRun(TestRunner.java:741)
	at org.testng.TestRunner.run(TestRunner.java:616)
	at org.testng.SuiteRunner.runTest(SuiteRunner.java:421)
	at org.testng.SuiteRunner$SuiteWorker.run(SuiteRunner.java:463)
	at org.testng.internal.thread.ThreadUtil.lambda$execute$0(ThreadUtil.java:64)
	at java.base/java.util.concurrent.FutureTask.run$$$capture(FutureTask.java:317)
	at java.base/java.util.concurrent.FutureTask.run(FutureTask.java)
	at java.base/java.util.concurrent.ThreadPoolExecutor.runWorker(ThreadPoolExecutor.java:1144)
	at java.base/java.util.concurrent.ThreadPoolExecutor$Worker.run(ThreadPoolExecutor.java:642)
	at java.base/java.lang.Thread.run(Thread.java:1583)
Caused by: java.lang.RuntimeException: Failed to read Excel data
	at tests.CalculatorFunctionalityTest.fieldData(CalculatorFunctionalityTest.java:222)
	at java.base/jdk.internal.reflect.DirectMethodHandleAccessor.invoke(DirectMethodHandleAccessor.java:103)
	at java.base/java.lang.reflect.Method.invoke(Method.java:580)
	at org.testng.internal.invokers.MethodInvocationHelper.invokeMethod(MethodInvocationHelper.java:141)
	at org.testng.internal.invokers.MethodInvocationHelper.invokeMethod(MethodInvocationHelper.java:86)
	at org.testng.internal.invokers.MethodInvocationHelper.invokeMethodNoCheckedException(MethodInvocationHelper.java:54)
	... 20 common frames omitted
Caused by: java.lang.NullPointerException: Cannot invoke "utils.ExcelDataManager.dataFetch()" because "this.df" is null
	at tests.CalculatorFunctionalityTest.fieldData(CalculatorFunctionalityTest.java:216)
	... 25 common frames omitted
2026-01-18 15:08:58.853 WARN  listeners.Listener1 - onTestSkipped -> isResultDisplayed
java.lang.NullPointerException: Cannot invoke "org.openqa.selenium.SearchContext.findElement(org.openqa.selenium.By)" because "this.searchContext" is null
	at org.openqa.selenium.support.pagefactory.DefaultElementLocator.findElement(DefaultElementLocator.java:68)
	at org.openqa.selenium.support.pagefactory.internal.LocatingElementHandler.invoke(LocatingElementHandler.java:38)
	at jdk.proxy2/jdk.proxy2.$Proxy20.click(Unknown Source)
	at pages.TopNavigation.goToBloodPressure(TopNavigation.java:82)
	at tests.BloodPressurePageValidationTest.setUp(BloodPressurePageValidationTest.java:27)
	at java.base/jdk.internal.reflect.DirectMethodHandleAccessor.invoke(DirectMethodHandleAccessor.java:103)
	at java.base/java.lang.reflect.Method.invoke(Method.java:580)
	at org.testng.internal.invokers.MethodInvocationHelper.invokeMethod(MethodInvocationHelper.java:141)
	at org.testng.internal.invokers.MethodInvocationHelper.invokeMethodConsideringTimeout(MethodInvocationHelper.java:71)
	at org.testng.internal.invokers.ConfigInvoker.invokeConfigurationMethod(ConfigInvoker.java:400)
	at org.testng.internal.invokers.ConfigInvoker.invokeConfigurations(ConfigInvoker.java:333)
	at org.testng.internal.invokers.TestMethodWorker.invokeBeforeClassMethods(TestMethodWorker.java:188)
	at org.testng.internal.invokers.TestMethodWorker.run(TestMethodWorker.java:128)
	at java.base/java.util.ArrayList.forEach(ArrayList.java:1596)
	at org.testng.TestRunner.privateRun(TestRunner.java:741)
	at org.testng.TestRunner.run(TestRunner.java:616)
	at org.testng.SuiteRunner.runTest(SuiteRunner.java:421)
	at org.testng.SuiteRunner$SuiteWorker.run(SuiteRunner.java:463)
	at org.testng.internal.thread.ThreadUtil.lambda$execute$0(ThreadUtil.java:64)
	at java.base/java.util.concurrent.FutureTask.run$$$capture(FutureTask.java:317)
	at java.base/java.util.concurrent.FutureTask.run(FutureTask.java)
	at java.base/java.util.concurrent.ThreadPoolExecutor.runWorker(ThreadPoolExecutor.java:1144)
	at java.base/java.util.concurrent.ThreadPoolExecutor$Worker.run(ThreadPoolExecutor.java:642)
	at java.base/java.lang.Thread.run(Thread.java:1583)
2026-01-18 15:08:58.854 INFO  listeners.Listener1 - No pre-submit screenshot path provided by the test.
2026-01-18 15:08:58.864 INFO  listeners.Listener1 - No failure screenshot path provided by the test.
2026-01-18 15:08:58.872 INFO  listeners.Listener1 - onTestStart -> gotoTeamDetails
2026-01-18 15:08:58.880 WARN  listeners.Listener1 - onTestSkipped -> gotoTeamDetails
java.lang.NullPointerException: Cannot invoke "org.openqa.selenium.SearchContext.findElement(org.openqa.selenium.By)" because "this.searchContext" is null
	at org.openqa.selenium.support.pagefactory.DefaultElementLocator.findElement(DefaultElementLocator.java:68)
	at org.openqa.selenium.support.pagefactory.internal.LocatingElementHandler.invoke(LocatingElementHandler.java:38)
	at jdk.proxy2/jdk.proxy2.$Proxy20.click(Unknown Source)
	at pages.TopNavigation.goToBloodPressure(TopNavigation.java:82)
	at tests.BloodPressurePageValidationTest.setUp(BloodPressurePageValidationTest.java:27)
	at java.base/jdk.internal.reflect.DirectMethodHandleAccessor.invoke(DirectMethodHandleAccessor.java:103)
	at java.base/java.lang.reflect.Method.invoke(Method.java:580)
	at org.testng.internal.invokers.MethodInvocationHelper.invokeMethod(MethodInvocationHelper.java:141)
	at org.testng.internal.invokers.MethodInvocationHelper.invokeMethodConsideringTimeout(MethodInvocationHelper.java:71)
	at org.testng.internal.invokers.ConfigInvoker.invokeConfigurationMethod(ConfigInvoker.java:400)
	at org.testng.internal.invokers.ConfigInvoker.invokeConfigurations(ConfigInvoker.java:333)
	at org.testng.internal.invokers.TestMethodWorker.invokeBeforeClassMethods(TestMethodWorker.java:188)
	at org.testng.internal.invokers.TestMethodWorker.run(TestMethodWorker.java:128)
	at java.base/java.util.ArrayList.forEach(ArrayList.java:1596)
	at org.testng.TestRunner.privateRun(TestRunner.java:741)
	at org.testng.TestRunner.run(TestRunner.java:616)
	at org.testng.SuiteRunner.runTest(SuiteRunner.java:421)
	at org.testng.SuiteRunner$SuiteWorker.run(SuiteRunner.java:463)
	at org.testng.internal.thread.ThreadUtil.lambda$execute$0(ThreadUtil.java:64)
	at java.base/java.util.concurrent.FutureTask.run$$$capture(FutureTask.java:317)
	at java.base/java.util.concurrent.FutureTask.run(FutureTask.java)
	at java.base/java.util.concurrent.ThreadPoolExecutor.runWorker(ThreadPoolExecutor.java:1144)
	at java.base/java.util.concurrent.ThreadPoolExecutor$Worker.run(ThreadPoolExecutor.java:642)
	at java.base/java.lang.Thread.run(Thread.java:1583)
2026-01-18 15:08:58.881 INFO  listeners.Listener1 - onTestStart -> isResultDisplayed
2026-01-18 15:08:58.881 WARN  listeners.Listener1 - onTestSkipped -> isResultDisplayed
java.lang.NullPointerException: Cannot invoke "org.openqa.selenium.SearchContext.findElement(org.openqa.selenium.By)" because "this.searchContext" is null
	at org.openqa.selenium.support.pagefactory.DefaultElementLocator.findElement(DefaultElementLocator.java:68)
	at org.openqa.selenium.support.pagefactory.internal.LocatingElementHandler.invoke(LocatingElementHandler.java:38)
	at jdk.proxy2/jdk.proxy2.$Proxy20.click(Unknown Source)
	at pages.TopNavigation.goToBloodPressure(TopNavigation.java:82)
	at tests.BloodPressurePageValidationTest.setUp(BloodPressurePageValidationTest.java:27)
	at java.base/jdk.internal.reflect.DirectMethodHandleAccessor.invoke(DirectMethodHandleAccessor.java:103)
	at java.base/java.lang.reflect.Method.invoke(Method.java:580)
	at org.testng.internal.invokers.MethodInvocationHelper.invokeMethod(MethodInvocationHelper.java:141)
	at org.testng.internal.invokers.MethodInvocationHelper.invokeMethodConsideringTimeout(MethodInvocationHelper.java:71)
	at org.testng.internal.invokers.ConfigInvoker.invokeConfigurationMethod(ConfigInvoker.java:400)
	at org.testng.internal.invokers.ConfigInvoker.invokeConfigurations(ConfigInvoker.java:333)
	at org.testng.internal.invokers.TestMethodWorker.invokeBeforeClassMethods(TestMethodWorker.java:188)
	at org.testng.internal.invokers.TestMethodWorker.run(TestMethodWorker.java:128)
	at java.base/java.util.ArrayList.forEach(ArrayList.java:1596)
	at org.testng.TestRunner.privateRun(TestRunner.java:741)
	at org.testng.TestRunner.run(TestRunner.java:616)
	at org.testng.SuiteRunner.runTest(SuiteRunner.java:421)
	at org.testng.SuiteRunner$SuiteWorker.run(SuiteRunner.java:463)
	at org.testng.internal.thread.ThreadUtil.lambda$execute$0(ThreadUtil.java:64)
	at java.base/java.util.concurrent.FutureTask.run$$$capture(FutureTask.java:317)
	at java.base/java.util.concurrent.FutureTask.run(FutureTask.java)
	at java.base/java.util.concurrent.ThreadPoolExecutor.runWorker(ThreadPoolExecutor.java:1144)
	at java.base/java.util.concurrent.ThreadPoolExecutor$Worker.run(ThreadPoolExecutor.java:642)
	at java.base/java.lang.Thread.run(Thread.java:1583)
2026-01-18 15:08:58.889 INFO  listeners.Listener1 - onTestStart -> gotoTeamDetails
2026-01-18 15:08:58.890 WARN  listeners.Listener1 - onTestSkipped -> gotoTeamDetails
java.lang.Throwable: Method tests.BloodPressurePageValidationTest.gotoTeamDetails() on instance tests.BloodPressurePageValidationTest@3d484181 depends on not successfully finished methods 
[tests.BloodPressurePageValidationTest.gotoAgeFactorPage() on instance tests.BloodPressurePageValidationTest@3d484181]
	at org.testng.internal.invokers.TestInvoker.invokeTestMethods(TestInvoker.java:159)
	at org.testng.internal.invokers.TestMethodWorker.invokeTestMethods(TestMethodWorker.java:154)
	at org.testng.internal.invokers.TestMethodWorker.run(TestMethodWorker.java:134)
	at java.base/java.util.ArrayList.forEach(ArrayList.java:1596)
	at org.testng.TestRunner.privateRun(TestRunner.java:741)
	at org.testng.TestRunner.run(TestRunner.java:616)
	at org.testng.SuiteRunner.runTest(SuiteRunner.java:421)
	at org.testng.SuiteRunner$SuiteWorker.run(SuiteRunner.java:463)
	at org.testng.internal.thread.ThreadUtil.lambda$execute$0(ThreadUtil.java:64)
	at java.base/java.util.concurrent.FutureTask.run$$$capture(FutureTask.java:317)
	at java.base/java.util.concurrent.FutureTask.run(FutureTask.java)
	at java.base/java.util.concurrent.ThreadPoolExecutor.runWorker(ThreadPoolExecutor.java:1144)
	at java.base/java.util.concurrent.ThreadPoolExecutor$Worker.run(ThreadPoolExecutor.java:642)
	at java.base/java.lang.Thread.run(Thread.java:1583)
2026-01-18 15:08:58.894 INFO  listeners.Listener1 - onTestStart -> gotoTeamDetails
2026-01-18 15:08:58.894 WARN  listeners.Listener1 - onTestSkipped -> gotoTeamDetails
java.lang.NullPointerException: Cannot invoke "org.openqa.selenium.SearchContext.findElement(org.openqa.selenium.By)" because "this.searchContext" is null
	at org.openqa.selenium.support.pagefactory.DefaultElementLocator.findElement(DefaultElementLocator.java:68)
	at org.openqa.selenium.support.pagefactory.internal.LocatingElementHandler.invoke(LocatingElementHandler.java:38)
	at jdk.proxy2/jdk.proxy2.$Proxy20.click(Unknown Source)
	at pages.TopNavigation.goToBloodPressure(TopNavigation.java:82)
	at tests.BloodPressurePageValidationTest.setUp(BloodPressurePageValidationTest.java:27)
	at java.base/jdk.internal.reflect.DirectMethodHandleAccessor.invoke(DirectMethodHandleAccessor.java:103)
	at java.base/java.lang.reflect.Method.invoke(Method.java:580)
	at org.testng.internal.invokers.MethodInvocationHelper.invokeMethod(MethodInvocationHelper.java:141)
	at org.testng.internal.invokers.MethodInvocationHelper.invokeMethodConsideringTimeout(MethodInvocationHelper.java:71)
	at org.testng.internal.invokers.ConfigInvoker.invokeConfigurationMethod(ConfigInvoker.java:400)
	at org.testng.internal.invokers.ConfigInvoker.invokeConfigurations(ConfigInvoker.java:333)
	at org.testng.internal.invokers.TestMethodWorker.invokeBeforeClassMethods(TestMethodWorker.java:188)
	at org.testng.internal.invokers.TestMethodWorker.run(TestMethodWorker.java:128)
	at java.base/java.util.ArrayList.forEach(ArrayList.java:1596)
	at org.testng.TestRunner.privateRun(TestRunner.java:741)
	at org.testng.TestRunner.run(TestRunner.java:616)
	at org.testng.SuiteRunner.runTest(SuiteRunner.java:421)
	at org.testng.SuiteRunner$SuiteWorker.run(SuiteRunner.java:463)
	at org.testng.internal.thread.ThreadUtil.lambda$execute$0(ThreadUtil.java:64)
	at java.base/java.util.concurrent.FutureTask.run$$$capture(FutureTask.java:317)
	at java.base/java.util.concurrent.FutureTask.run(FutureTask.java)
	at java.base/java.util.concurrent.ThreadPoolExecutor.runWorker(ThreadPoolExecutor.java:1144)
	at java.base/java.util.concurrent.ThreadPoolExecutor$Worker.run(ThreadPoolExecutor.java:642)
	at java.base/java.lang.Thread.run(Thread.java:1583)
2026-01-18 15:08:58.895 INFO  listeners.Listener1 - onTestStart -> gotoTeamDetails
2026-01-18 15:08:58.895 WARN  listeners.Listener1 - onTestSkipped -> gotoTeamDetails
java.lang.NullPointerException: Cannot invoke "org.openqa.selenium.SearchContext.findElement(org.openqa.selenium.By)" because "this.searchContext" is null
	at org.openqa.selenium.support.pagefactory.DefaultElementLocator.findElement(DefaultElementLocator.java:68)
	at org.openqa.selenium.support.pagefactory.internal.LocatingElementHandler.invoke(LocatingElementHandler.java:38)
	at jdk.proxy2/jdk.proxy2.$Proxy20.click(Unknown Source)
	at pages.TopNavigation.goToBloodPressure(TopNavigation.java:82)
	at tests.BloodPressurePageValidationTest.setUp(BloodPressurePageValidationTest.java:27)
	at java.base/jdk.internal.reflect.DirectMethodHandleAccessor.invoke(DirectMethodHandleAccessor.java:103)
	at java.base/java.lang.reflect.Method.invoke(Method.java:580)
	at org.testng.internal.invokers.MethodInvocationHelper.invokeMethod(MethodInvocationHelper.java:141)
	at org.testng.internal.invokers.MethodInvocationHelper.invokeMethodConsideringTimeout(MethodInvocationHelper.java:71)
	at org.testng.internal.invokers.ConfigInvoker.invokeConfigurationMethod(ConfigInvoker.java:400)
	at org.testng.internal.invokers.ConfigInvoker.invokeConfigurations(ConfigInvoker.java:333)
	at org.testng.internal.invokers.TestMethodWorker.invokeBeforeClassMethods(TestMethodWorker.java:188)
	at org.testng.internal.invokers.TestMethodWorker.run(TestMethodWorker.java:128)
	at java.base/java.util.ArrayList.forEach(ArrayList.java:1596)
	at org.testng.TestRunner.privateRun(TestRunner.java:741)
	at org.testng.TestRunner.run(TestRunner.java:616)
	at org.testng.SuiteRunner.runTest(SuiteRunner.java:421)
	at org.testng.SuiteRunner$SuiteWorker.run(SuiteRunner.java:463)
	at org.testng.internal.thread.ThreadUtil.lambda$execute$0(ThreadUtil.java:64)
	at java.base/java.util.concurrent.FutureTask.run$$$capture(FutureTask.java:317)
	at java.base/java.util.concurrent.FutureTask.run(FutureTask.java)
	at java.base/java.util.concurrent.ThreadPoolExecutor.runWorker(ThreadPoolExecutor.java:1144)
	at java.base/java.util.concurrent.ThreadPoolExecutor$Worker.run(ThreadPoolExecutor.java:642)
	at java.base/java.lang.Thread.run(Thread.java:1583)
2026-01-18 15:08:58.902 INFO  listeners.Listener1 - onTestStart -> gotoTeamDetails
2026-01-18 15:08:58.904 WARN  listeners.Listener1 - onTestSkipped -> gotoTeamDetails
java.lang.Throwable: Method tests.BloodPressurePageValidationTest.gotoTeamDetails() on instance tests.BloodPressurePageValidationTest@7a138fc5 depends on not successfully finished methods 
[tests.BloodPressurePageValidationTest.gotoAgeFactorPage() on instance tests.BloodPressurePageValidationTest@7a138fc5]
	at org.testng.internal.invokers.TestInvoker.invokeTestMethods(TestInvoker.java:159)
	at org.testng.internal.invokers.TestMethodWorker.invokeTestMethods(TestMethodWorker.java:154)
	at org.testng.internal.invokers.TestMethodWorker.run(TestMethodWorker.java:134)
	at java.base/java.util.ArrayList.forEach(ArrayList.java:1596)
	at org.testng.TestRunner.privateRun(TestRunner.java:741)
	at org.testng.TestRunner.run(TestRunner.java:616)
	at org.testng.SuiteRunner.runTest(SuiteRunner.java:421)
	at org.testng.SuiteRunner$SuiteWorker.run(SuiteRunner.java:463)
	at org.testng.internal.thread.ThreadUtil.lambda$execute$0(ThreadUtil.java:64)
	at java.base/java.util.concurrent.FutureTask.run$$$capture(FutureTask.java:317)
	at java.base/java.util.concurrent.FutureTask.run(FutureTask.java)
	at java.base/java.util.concurrent.ThreadPoolExecutor.runWorker(ThreadPoolExecutor.java:1144)
	at java.base/java.util.concurrent.ThreadPoolExecutor$Worker.run(ThreadPoolExecutor.java:642)
	at java.base/java.lang.Thread.run(Thread.java:1583)
2026-01-18 15:08:58.905 INFO  listeners.Listener1 - onTestStart -> gotoAgeFactor
2026-01-18 15:08:58.905 WARN  listeners.Listener1 - onTestSkipped -> gotoAgeFactor
java.lang.NullPointerException: Cannot invoke "org.openqa.selenium.SearchContext.findElement(org.openqa.selenium.By)" because "this.searchContext" is null
	at org.openqa.selenium.support.pagefactory.DefaultElementLocator.findElement(DefaultElementLocator.java:68)
	at org.openqa.selenium.support.pagefactory.internal.LocatingElementHandler.invoke(LocatingElementHandler.java:38)
	at jdk.proxy2/jdk.proxy2.$Proxy20.click(Unknown Source)
	at pages.TopNavigation.goToBloodPressure(TopNavigation.java:82)
	at tests.BloodPressurePageValidationTest.setUp(BloodPressurePageValidationTest.java:27)
	at java.base/jdk.internal.reflect.DirectMethodHandleAccessor.invoke(DirectMethodHandleAccessor.java:103)
	at java.base/java.lang.reflect.Method.invoke(Method.java:580)
	at org.testng.internal.invokers.MethodInvocationHelper.invokeMethod(MethodInvocationHelper.java:141)
	at org.testng.internal.invokers.MethodInvocationHelper.invokeMethodConsideringTimeout(MethodInvocationHelper.java:71)
	at org.testng.internal.invokers.ConfigInvoker.invokeConfigurationMethod(ConfigInvoker.java:400)
	at org.testng.internal.invokers.ConfigInvoker.invokeConfigurations(ConfigInvoker.java:333)
	at org.testng.internal.invokers.TestMethodWorker.invokeBeforeClassMethods(TestMethodWorker.java:188)
	at org.testng.internal.invokers.TestMethodWorker.run(TestMethodWorker.java:128)
	at java.base/java.util.ArrayList.forEach(ArrayList.java:1596)
	at org.testng.TestRunner.privateRun(TestRunner.java:741)
	at org.testng.TestRunner.run(TestRunner.java:616)
	at org.testng.SuiteRunner.runTest(SuiteRunner.java:421)
	at org.testng.SuiteRunner$SuiteWorker.run(SuiteRunner.java:463)
	at org.testng.internal.thread.ThreadUtil.lambda$execute$0(ThreadUtil.java:64)
	at java.base/java.util.concurrent.FutureTask.run$$$capture(FutureTask.java:317)
	at java.base/java.util.concurrent.FutureTask.run(FutureTask.java)
	at java.base/java.util.concurrent.ThreadPoolExecutor.runWorker(ThreadPoolExecutor.java:1144)
	at java.base/java.util.concurrent.ThreadPoolExecutor$Worker.run(ThreadPoolExecutor.java:642)
	at java.base/java.lang.Thread.run(Thread.java:1583)
2026-01-18 15:08:58.908 INFO  listeners.Listener1 - onTestStart -> gotoTeamDetails
2026-01-18 15:08:58.908 WARN  listeners.Listener1 - onTestSkipped -> gotoTeamDetails
java.lang.NullPointerException: Cannot invoke "org.openqa.selenium.SearchContext.findElement(org.openqa.selenium.By)" because "this.searchContext" is null
	at org.openqa.selenium.support.pagefactory.DefaultElementLocator.findElement(DefaultElementLocator.java:68)
	at org.openqa.selenium.support.pagefactory.internal.LocatingElementHandler.invoke(LocatingElementHandler.java:38)
	at jdk.proxy2/jdk.proxy2.$Proxy20.click(Unknown Source)
	at pages.TopNavigation.goToBloodPressure(TopNavigation.java:82)
	at tests.BloodPressurePageValidationTest.setUp(BloodPressurePageValidationTest.java:27)
	at java.base/jdk.internal.reflect.DirectMethodHandleAccessor.invoke(DirectMethodHandleAccessor.java:103)
	at java.base/java.lang.reflect.Method.invoke(Method.java:580)
	at org.testng.internal.invokers.MethodInvocationHelper.invokeMethod(MethodInvocationHelper.java:141)
	at org.testng.internal.invokers.MethodInvocationHelper.invokeMethodConsideringTimeout(MethodInvocationHelper.java:71)
	at org.testng.internal.invokers.ConfigInvoker.invokeConfigurationMethod(ConfigInvoker.java:400)
	at org.testng.internal.invokers.ConfigInvoker.invokeConfigurations(ConfigInvoker.java:333)
	at org.testng.internal.invokers.TestMethodWorker.invokeBeforeClassMethods(TestMethodWorker.java:188)
	at org.testng.internal.invokers.TestMethodWorker.run(TestMethodWorker.java:128)
	at java.base/java.util.ArrayList.forEach(ArrayList.java:1596)
	at org.testng.TestRunner.privateRun(TestRunner.java:741)
	at org.testng.TestRunner.run(TestRunner.java:616)
	at org.testng.SuiteRunner.runTest(SuiteRunner.java:421)
	at org.testng.SuiteRunner$SuiteWorker.run(SuiteRunner.java:463)
	at org.testng.internal.thread.ThreadUtil.lambda$execute$0(ThreadUtil.java:64)
	at java.base/java.util.concurrent.FutureTask.run$$$capture(FutureTask.java:317)
	at java.base/java.util.concurrent.FutureTask.run(FutureTask.java)
	at java.base/java.util.concurrent.ThreadPoolExecutor.runWorker(ThreadPoolExecutor.java:1144)
	at java.base/java.util.concurrent.ThreadPoolExecutor$Worker.run(ThreadPoolExecutor.java:642)
	at java.base/java.lang.Thread.run(Thread.java:1583)
2026-01-18 15:08:58.912 INFO  listeners.Listener1 - onTestStart -> isFeedbackBoxdisplayed
2026-01-18 15:08:58.920 WARN  listeners.Listener1 - onTestSkipped -> isFeedbackBoxdisplayed
java.lang.NullPointerException: Cannot invoke "org.openqa.selenium.SearchContext.findElement(org.openqa.selenium.By)" because "this.searchContext" is null
	at org.openqa.selenium.support.pagefactory.DefaultElementLocator.findElement(DefaultElementLocator.java:68)
	at org.openqa.selenium.support.pagefactory.internal.LocatingElementHandler.invoke(LocatingElementHandler.java:38)
	at jdk.proxy2/jdk.proxy2.$Proxy20.click(Unknown Source)
	at pages.TopNavigation.goToBloodPressure(TopNavigation.java:82)
	at tests.BloodPressurePageValidationTest.setUp(BloodPressurePageValidationTest.java:27)
	at java.base/jdk.internal.reflect.DirectMethodHandleAccessor.invoke(DirectMethodHandleAccessor.java:103)
	at java.base/java.lang.reflect.Method.invoke(Method.java:580)
	at org.testng.internal.invokers.MethodInvocationHelper.invokeMethod(MethodInvocationHelper.java:141)
	at org.testng.internal.invokers.MethodInvocationHelper.invokeMethodConsideringTimeout(MethodInvocationHelper.java:71)
	at org.testng.internal.invokers.ConfigInvoker.invokeConfigurationMethod(ConfigInvoker.java:400)
	at org.testng.internal.invokers.ConfigInvoker.invokeConfigurations(ConfigInvoker.java:333)
	at org.testng.internal.invokers.TestMethodWorker.invokeBeforeClassMethods(TestMethodWorker.java:188)
	at org.testng.internal.invokers.TestMethodWorker.run(TestMethodWorker.java:128)
	at java.base/java.util.ArrayList.forEach(ArrayList.java:1596)
	at org.testng.TestRunner.privateRun(TestRunner.java:741)
	at org.testng.TestRunner.run(TestRunner.java:616)
	at org.testng.SuiteRunner.runTest(SuiteRunner.java:421)
	at org.testng.SuiteRunner$SuiteWorker.run(SuiteRunner.java:463)
	at org.testng.internal.thread.ThreadUtil.lambda$execute$0(ThreadUtil.java:64)
	at java.base/java.util.concurrent.FutureTask.run$$$capture(FutureTask.java:317)
	at java.base/java.util.concurrent.FutureTask.run(FutureTask.java)
	at java.base/java.util.concurrent.ThreadPoolExecutor.runWorker(ThreadPoolExecutor.java:1144)
	at java.base/java.util.concurrent.ThreadPoolExecutor$Worker.run(ThreadPoolExecutor.java:642)
	at java.base/java.lang.Thread.run(Thread.java:1583)
2026-01-18 15:08:58.924 INFO  listeners.Listener1 - Flushing ExtentReports...
2026-01-18 15:08:58.926 INFO  listeners.Listener1 - onTestStart -> gotoAgeFactor
2026-01-18 15:08:58.926 WARN  listeners.Listener1 - onTestSkipped -> gotoAgeFactor
java.lang.NullPointerException: Cannot invoke "org.openqa.selenium.SearchContext.findElement(org.openqa.selenium.By)" because "this.searchContext" is null
	at org.openqa.selenium.support.pagefactory.DefaultElementLocator.findElement(DefaultElementLocator.java:68)
	at org.openqa.selenium.support.pagefactory.internal.LocatingElementHandler.invoke(LocatingElementHandler.java:38)
	at jdk.proxy2/jdk.proxy2.$Proxy20.click(Unknown Source)
	at pages.TopNavigation.goToBloodPressure(TopNavigation.java:82)
	at tests.BloodPressurePageValidationTest.setUp(BloodPressurePageValidationTest.java:27)
	at java.base/jdk.internal.reflect.DirectMethodHandleAccessor.invoke(DirectMethodHandleAccessor.java:103)
	at java.base/java.lang.reflect.Method.invoke(Method.java:580)
	at org.testng.internal.invokers.MethodInvocationHelper.invokeMethod(MethodInvocationHelper.java:141)
	at org.testng.internal.invokers.MethodInvocationHelper.invokeMethodConsideringTimeout(MethodInvocationHelper.java:71)
	at org.testng.internal.invokers.ConfigInvoker.invokeConfigurationMethod(ConfigInvoker.java:400)
	at org.testng.internal.invokers.ConfigInvoker.invokeConfigurations(ConfigInvoker.java:333)
	at org.testng.internal.invokers.TestMethodWorker.invokeBeforeClassMethods(TestMethodWorker.java:188)
	at org.testng.internal.invokers.TestMethodWorker.run(TestMethodWorker.java:128)
	at java.base/java.util.ArrayList.forEach(ArrayList.java:1596)
	at org.testng.TestRunner.privateRun(TestRunner.java:741)
	at org.testng.TestRunner.run(TestRunner.java:616)
	at org.testng.SuiteRunner.runTest(SuiteRunner.java:421)
	at org.testng.SuiteRunner$SuiteWorker.run(SuiteRunner.java:463)
	at org.testng.internal.thread.ThreadUtil.lambda$execute$0(ThreadUtil.java:64)
	at java.base/java.util.concurrent.FutureTask.run$$$capture(FutureTask.java:317)
	at java.base/java.util.concurrent.FutureTask.run(FutureTask.java)
	at java.base/java.util.concurrent.ThreadPoolExecutor.runWorker(ThreadPoolExecutor.java:1144)
	at java.base/java.util.concurrent.ThreadPoolExecutor$Worker.run(ThreadPoolExecutor.java:642)
	at java.base/java.lang.Thread.run(Thread.java:1583)
2026-01-18 15:08:58.945 INFO  listeners.Listener1 - onTestStart -> isFeedbackBoxdisplayed
2026-01-18 15:08:58.945 WARN  listeners.Listener1 - onTestSkipped -> isFeedbackBoxdisplayed
java.lang.NullPointerException: Cannot invoke "org.openqa.selenium.SearchContext.findElement(org.openqa.selenium.By)" because "this.searchContext" is null
	at org.openqa.selenium.support.pagefactory.DefaultElementLocator.findElement(DefaultElementLocator.java:68)
	at org.openqa.selenium.support.pagefactory.internal.LocatingElementHandler.invoke(LocatingElementHandler.java:38)
	at jdk.proxy2/jdk.proxy2.$Proxy20.click(Unknown Source)
	at pages.TopNavigation.goToBloodPressure(TopNavigation.java:82)
	at tests.BloodPressurePageValidationTest.setUp(BloodPressurePageValidationTest.java:27)
	at java.base/jdk.internal.reflect.DirectMethodHandleAccessor.invoke(DirectMethodHandleAccessor.java:103)
	at java.base/java.lang.reflect.Method.invoke(Method.java:580)
	at org.testng.internal.invokers.MethodInvocationHelper.invokeMethod(MethodInvocationHelper.java:141)
	at org.testng.internal.invokers.MethodInvocationHelper.invokeMethodConsideringTimeout(MethodInvocationHelper.java:71)
	at org.testng.internal.invokers.ConfigInvoker.invokeConfigurationMethod(ConfigInvoker.java:400)
	at org.testng.internal.invokers.ConfigInvoker.invokeConfigurations(ConfigInvoker.java:333)
	at org.testng.internal.invokers.TestMethodWorker.invokeBeforeClassMethods(TestMethodWorker.java:188)
	at org.testng.internal.invokers.TestMethodWorker.run(TestMethodWorker.java:128)
	at java.base/java.util.ArrayList.forEach(ArrayList.java:1596)
	at org.testng.TestRunner.privateRun(TestRunner.java:741)
	at org.testng.TestRunner.run(TestRunner.java:616)
	at org.testng.SuiteRunner.runTest(SuiteRunner.java:421)
	at org.testng.SuiteRunner$SuiteWorker.run(SuiteRunner.java:463)
	at org.testng.internal.thread.ThreadUtil.lambda$execute$0(ThreadUtil.java:64)
	at java.base/java.util.concurrent.FutureTask.run$$$capture(FutureTask.java:317)
	at java.base/java.util.concurrent.FutureTask.run(FutureTask.java)
	at java.base/java.util.concurrent.ThreadPoolExecutor.runWorker(ThreadPoolExecutor.java:1144)
	at java.base/java.util.concurrent.ThreadPoolExecutor$Worker.run(ThreadPoolExecutor.java:642)
	at java.base/java.lang.Thread.run(Thread.java:1583)
2026-01-18 15:08:58.949 INFO  listeners.Listener1 - Flushing ExtentReports...
2026-01-18 15:09:00.011 INFO  listeners.Listener1 - ExtentReports flushed successfully
2026-01-18 15:09:00.011 INFO  listeners.Listener1 - Cleared testMap. Listener finished.
2026-01-18 15:09:00.019 INFO  listeners.Listener1 - ExtentReports flushed successfully
2026-01-18 15:09:00.019 INFO  listeners.Listener1 - Cleared testMap. Listener finished.
2026-01-18 15:09:00.064 ERROR io.qameta.allure.AllureLifecycle - Could not update test container: container with uuid d7e25994-84f8-475c-86d7-b18501a6c249 not found
2026-01-18 15:09:00.064 ERROR io.qameta.allure.AllureLifecycle - Could not update test container: container with uuid 2f05ab92-17a2-4adf-9dc3-a82e03775922 not found
2026-01-18 15:10:35.077 INFO  org.testng.internal.Utils - [TestNG] Running:
  C:\Users\2457157\IdeaProjects\HealthIndexCalculator\project.xml

2026-01-18 15:10:35.150 INFO  listeners.Listener1 - Initializing ExtentReports. Report path: C:\Users\2457157\IdeaProjects\HealthIndexCalculator/reports/file
2026-01-18 15:10:35.150 INFO  listeners.Listener1 - Initializing ExtentReports. Report path: C:\Users\2457157\IdeaProjects\HealthIndexCalculator/reports/file
2026-01-18 15:10:35.730 INFO  listeners.Listener1 - System info set: Browser=chrome
2026-01-18 15:10:35.730 INFO  listeners.Listener1 - System info set: Browser=edge
2026-01-18 15:10:35.730 INFO  listeners.Listener1 - ExtentReports initialization complete
2026-01-18 15:10:35.730 INFO  listeners.Listener1 - ExtentReports initialization complete
2026-01-18 15:10:35.875 INFO  tests.UrlValidationTest - Starting WebDriver and navigating to Home: https://hackvyatharth.github.io/Vitalguard_Team_Vanguardians/
2026-01-18 15:10:35.875 INFO  tests.UrlValidationTest - Starting WebDriver and navigating to Home: https://hackvyatharth.github.io/Vitalguard_Team_Vanguardians/
2026-01-18 15:10:42.186 INFO  tests.UrlValidationTest - edge Browser started
2026-01-18 15:10:43.163 INFO  tests.UrlValidationTest - chrome Browser started
2026-01-18 15:10:43.617 INFO  tests.UrlValidationTest - Initializing page objects: TopNavigation, HomePage
2026-01-18 15:10:43.860 INFO  tests.UrlValidationTest - Setup completed for UrlValidationTest
2026-01-18 15:10:44.583 INFO  listeners.Listener1 - onTestStart -> isURLWorking
2026-01-18 15:10:44.733 INFO  tests.UrlValidationTest - === Starting 'isURLWorking' test ===
2026-01-18 15:10:45.384 INFO  tests.UrlValidationTest - Initializing page objects: TopNavigation, HomePage
2026-01-18 15:10:45.395 INFO  tests.UrlValidationTest - Setup completed for UrlValidationTest
2026-01-18 15:10:45.433 INFO  listeners.Listener1 - onTestStart -> isURLWorking
2026-01-18 15:10:45.450 INFO  tests.UrlValidationTest - === Starting 'isURLWorking' test ===
2026-01-18 15:10:47.683 INFO  tests.UrlValidationTest - NavBar present? true
2026-01-18 15:10:47.683 INFO  tests.UrlValidationTest - Left image present? true
2026-01-18 15:10:47.683 INFO  tests.UrlValidationTest - Calculator present? true
2026-01-18 15:10:47.699 INFO  tests.UrlValidationTest - PASS: Home page loaded successfully with all required elements
2026-01-18 15:10:47.699 INFO  tests.UrlValidationTest - === Completed 'isURLWorking' test ===
2026-01-18 15:10:47.717 INFO  listeners.Listener1 - onTestSuccess -> isURLWorking
2026-01-18 15:10:47.814 INFO  tests.UrlValidationTest - NavBar present? true
2026-01-18 15:10:47.814 INFO  tests.UrlValidationTest - Left image present? true
2026-01-18 15:10:47.814 INFO  tests.UrlValidationTest - Calculator present? true
2026-01-18 15:10:47.814 INFO  tests.UrlValidationTest - PASS: Home page loaded successfully with all required elements
2026-01-18 15:10:47.814 INFO  tests.UrlValidationTest - === Completed 'isURLWorking' test ===
2026-01-18 15:10:47.822 INFO  listeners.Listener1 - onTestSuccess -> isURLWorking
2026-01-18 15:10:48.270 INFO  tests.UrlValidationTest - Tearing down webdriver
2026-01-18 15:10:48.270 INFO  tests.UrlValidationTest - Tearing down webdriver
2026-01-18 15:10:54.424 INFO  tests.UrlValidationTest - WebDriver quit successfully
2026-01-18 15:10:54.432 INFO  tests.HeartPulsePageValidationTest - Starting WebDriver and navigating to Home: https://hackvyatharth.github.io/Vitalguard_Team_Vanguardians/
2026-01-18 15:10:54.876 INFO  tests.UrlValidationTest - WebDriver quit successfully
2026-01-18 15:10:54.879 INFO  tests.HeartPulsePageValidationTest - Starting WebDriver and navigating to Home: https://hackvyatharth.github.io/Vitalguard_Team_Vanguardians/
2026-01-18 15:10:58.024 INFO  tests.HeartPulsePageValidationTest - chrome Browser started
2026-01-18 15:10:58.839 INFO  tests.HeartPulsePageValidationTest - Initializing HeartPulsePage and TopNavigation with driver ChromeDriver: chrome on windows (4ccec918d7106f1dfc8542a13f9b3db0)
2026-01-18 15:10:58.863 INFO  tests.HeartPulsePageValidationTest - Navigating to 'Heart Pulse' via top navigation
2026-01-18 15:10:59.149 INFO  tests.HeartPulsePageValidationTest - edge Browser started
2026-01-18 15:10:59.493 INFO  tests.HeartPulsePageValidationTest - Arrived at Heart Pulse page. Current URL: https://hackvyatharth.github.io/Vitalguard_Team_Vanguardians/#pulseRate
2026-01-18 15:10:59.588 INFO  listeners.Listener1 - onTestStart -> isHeadingPresent
2026-01-18 15:10:59.596 INFO  tests.HeartPulsePageValidationTest - Checking Heart Pulse page heading presence
2026-01-18 15:10:59.823 INFO  tests.HeartPulsePageValidationTest - Initializing HeartPulsePage and TopNavigation with driver EdgeDriver: MicrosoftEdge on windows (ec032f2658a6efd3dd9a7e12de2a4928)
2026-01-18 15:10:59.833 INFO  tests.HeartPulsePageValidationTest - Navigating to 'Heart Pulse' via top navigation
2026-01-18 15:10:59.917 INFO  tests.HeartPulsePageValidationTest - 'isHeadingPresent' assertion passed
2026-01-18 15:10:59.917 INFO  listeners.Listener1 - onTestSuccess -> isHeadingPresent
2026-01-18 15:10:59.937 INFO  listeners.Listener1 - onTestStart -> isTopNavPresent
2026-01-18 15:10:59.937 INFO  tests.HeartPulsePageValidationTest - Verifying top navigation presence on Heart Pulse page
2026-01-18 15:11:00.203 INFO  tests.HeartPulsePageValidationTest - Arrived at Heart Pulse page. Current URL: https://hackvyatharth.github.io/Vitalguard_Team_Vanguardians/#pulseRate
2026-01-18 15:11:00.249 INFO  listeners.Listener1 - onTestStart -> isHeadingPresent
2026-01-18 15:11:00.249 INFO  tests.HeartPulsePageValidationTest - Checking Heart Pulse page heading presence
2026-01-18 15:11:00.435 INFO  tests.HeartPulsePageValidationTest - 'isHeadingPresent' assertion passed
2026-01-18 15:11:00.435 INFO  listeners.Listener1 - onTestSuccess -> isHeadingPresent
2026-01-18 15:11:00.454 INFO  listeners.Listener1 - onTestStart -> isTopNavPresent
2026-01-18 15:11:00.456 INFO  tests.HeartPulsePageValidationTest - Verifying top navigation presence on Heart Pulse page
2026-01-18 15:11:00.777 INFO  tests.HeartPulsePageValidationTest - 'isTopNavPresent' assertion passed
2026-01-18 15:11:00.784 INFO  listeners.Listener1 - onTestSuccess -> isTopNavPresent
2026-01-18 15:11:00.817 INFO  tests.HomePageValidationTest - Starting WebDriver and navigating to Home: https://hackvyatharth.github.io/Vitalguard_Team_Vanguardians/
2026-01-18 15:11:01.150 INFO  tests.HeartPulsePageValidationTest - 'isTopNavPresent' assertion passed
2026-01-18 15:11:01.150 INFO  listeners.Listener1 - onTestSuccess -> isTopNavPresent
2026-01-18 15:11:01.167 INFO  tests.HomePageValidationTest - Starting WebDriver and navigating to Home: https://hackvyatharth.github.io/Vitalguard_Team_Vanguardians/
2026-01-18 15:11:08.792 INFO  tests.HomePageValidationTest - chrome Browser started
2026-01-18 15:11:09.983 INFO  tests.HomePageValidationTest - Initializing HomePage and TopNavigation with driver
2026-01-18 15:11:09.985 INFO  tests.HomePageValidationTest - Navigating to Home page via TopNavigation.goToHome()
2026-01-18 15:11:10.151 INFO  tests.HomePageValidationTest - edge Browser started
2026-01-18 15:11:10.789 INFO  tests.HomePageValidationTest - Arrived at Home page. Current URL: https://hackvyatharth.github.io/Vitalguard_Team_Vanguardians/#container
2026-01-18 15:11:10.829 INFO  listeners.Listener1 - onTestStart -> isTopNavPresent
2026-01-18 15:11:10.833 INFO  tests.HomePageValidationTest - === Starting 'isTopNavPresent' test ===
2026-01-18 15:11:11.583 INFO  tests.HomePageValidationTest - PASS: Top navigation is present
2026-01-18 15:11:11.583 INFO  tests.HomePageValidationTest - === Completed 'isTopNavPresent' test ===
2026-01-18 15:11:11.583 INFO  listeners.Listener1 - onTestSuccess -> isTopNavPresent
2026-01-18 15:11:11.599 INFO  listeners.Listener1 - onTestStart -> gotoHome
2026-01-18 15:11:11.599 INFO  tests.HeartPulsePageValidationTest - Navigating to Home from Heart Pulse page
2026-01-18 15:11:15.073 INFO  tests.HeartPulsePageValidationTest - URL after goToHome(): https://hackvyatharth.github.io/Vitalguard_Team_Vanguardians/#container
2026-01-18 15:11:15.089 INFO  tests.HeartPulsePageValidationTest - 'gotoHome' assertion passed
2026-01-18 15:11:15.089 INFO  listeners.Listener1 - onTestSuccess -> gotoHome
2026-01-18 15:11:15.093 INFO  t.BloodPressurePageValidationTest - Starting WebDriver and navigating to Home: https://hackvyatharth.github.io/Vitalguard_Team_Vanguardians/
2026-01-18 15:11:15.545 INFO  tests.HomePageValidationTest - Initializing HomePage and TopNavigation with driver
2026-01-18 15:11:15.546 INFO  tests.HomePageValidationTest - Navigating to Home page via TopNavigation.goToHome()
2026-01-18 15:11:16.404 INFO  tests.HomePageValidationTest - Arrived at Home page. Current URL: https://hackvyatharth.github.io/Vitalguard_Team_Vanguardians/#container
2026-01-18 15:11:16.428 INFO  listeners.Listener1 - onTestStart -> isTopNavPresent
2026-01-18 15:11:16.430 INFO  tests.HomePageValidationTest - === Starting 'isTopNavPresent' test ===
2026-01-18 15:11:17.082 INFO  tests.HomePageValidationTest - PASS: Top navigation is present
2026-01-18 15:11:17.082 INFO  tests.HomePageValidationTest - === Completed 'isTopNavPresent' test ===
2026-01-18 15:11:17.098 INFO  listeners.Listener1 - onTestSuccess -> isTopNavPresent
2026-01-18 15:11:17.098 INFO  listeners.Listener1 - onTestStart -> gotoHome
2026-01-18 15:11:17.098 INFO  tests.HeartPulsePageValidationTest - Navigating to Home from Heart Pulse page
2026-01-18 15:11:17.653 INFO  t.BloodPressurePageValidationTest - chrome Browser started
2026-01-18 15:11:17.859 INFO  tests.HeartPulsePageValidationTest - URL after goToHome(): https://hackvyatharth.github.io/Vitalguard_Team_Vanguardians/#container
2026-01-18 15:11:17.859 INFO  tests.HeartPulsePageValidationTest - 'gotoHome' assertion passed
2026-01-18 15:11:17.859 INFO  listeners.Listener1 - onTestSuccess -> gotoHome
2026-01-18 15:11:17.866 INFO  t.BloodPressurePageValidationTest - Starting WebDriver and navigating to Home: https://hackvyatharth.github.io/Vitalguard_Team_Vanguardians/
2026-01-18 15:11:18.568 INFO  t.BloodPressurePageValidationTest - Initializing BloodPressurePage and TopNavigation...
2026-01-18 15:11:18.584 INFO  t.BloodPressurePageValidationTest - Navigating to 'Blood Pressure' via top navigation...
2026-01-18 15:11:19.276 INFO  t.BloodPressurePageValidationTest - Arrived at Blood Pressure page. Current URL: https://hackvyatharth.github.io/Vitalguard_Team_Vanguardians/#bloodPressure
2026-01-18 15:11:19.372 INFO  listeners.Listener1 - onTestStart -> isTopNavPresent
2026-01-18 15:11:19.374 INFO  t.BloodPressurePageValidationTest - === Starting 'isTopNavPresent' test ===
2026-01-18 15:11:21.688 INFO  t.BloodPressurePageValidationTest - edge Browser started
2026-01-18 15:11:21.946 INFO  t.BloodPressurePageValidationTest - PASS: Top navigation presence assertion passed.
2026-01-18 15:11:21.946 INFO  t.BloodPressurePageValidationTest - === Completed 'isTopNavPresent' test ===
2026-01-18 15:11:21.949 INFO  listeners.Listener1 - onTestSuccess -> isTopNavPresent
2026-01-18 15:11:21.950 INFO  tests.AgeFactorPageValidationTest - Starting WebDriver and navigating to Home: https://hackvyatharth.github.io/Vitalguard_Team_Vanguardians/
2026-01-18 15:11:22.129 INFO  t.BloodPressurePageValidationTest - Initializing BloodPressurePage and TopNavigation...
2026-01-18 15:11:22.134 INFO  t.BloodPressurePageValidationTest - Navigating to 'Blood Pressure' via top navigation...
2026-01-18 15:11:22.415 INFO  t.BloodPressurePageValidationTest - Arrived at Blood Pressure page. Current URL: https://hackvyatharth.github.io/Vitalguard_Team_Vanguardians/#bloodPressure
2026-01-18 15:11:22.427 INFO  listeners.Listener1 - onTestStart -> isTopNavPresent
2026-01-18 15:11:22.427 INFO  t.BloodPressurePageValidationTest - === Starting 'isTopNavPresent' test ===
2026-01-18 15:11:22.659 INFO  t.BloodPressurePageValidationTest - PASS: Top navigation presence assertion passed.
2026-01-18 15:11:22.659 INFO  t.BloodPressurePageValidationTest - === Completed 'isTopNavPresent' test ===
2026-01-18 15:11:22.659 INFO  listeners.Listener1 - onTestSuccess -> isTopNavPresent
2026-01-18 15:11:22.666 INFO  tests.AgeFactorPageValidationTest - Starting WebDriver and navigating to Home: https://hackvyatharth.github.io/Vitalguard_Team_Vanguardians/
2026-01-18 15:11:24.904 INFO  tests.AgeFactorPageValidationTest - chrome Browser started
2026-01-18 15:11:25.490 INFO  tests.AgeFactorPageValidationTest - Initializing AgeFactorPage and TopNavigation for driver: ChromeDriver: chrome on windows (31451bfd183cec82a659d67b9201dd8d)
2026-01-18 15:11:25.500 INFO  tests.AgeFactorPageValidationTest - Navigating to 'Age Factor' via top navigation
2026-01-18 15:11:25.925 INFO  tests.AgeFactorPageValidationTest - Arrived at Age factor page
2026-01-18 15:11:25.973 INFO  listeners.Listener1 - onTestStart -> isTopNavPresent
2026-01-18 15:11:25.979 INFO  tests.AgeFactorPageValidationTest - Verifying top navigation presence on Age Factor page
2026-01-18 15:11:28.448 INFO  tests.AgeFactorPageValidationTest - edge Browser started
2026-01-18 15:11:28.920 INFO  tests.AgeFactorPageValidationTest - Initializing AgeFactorPage and TopNavigation for driver: EdgeDriver: MicrosoftEdge on windows (b5ecaf65fb507a5b6a093a287a34f1bd)
2026-01-18 15:11:28.924 INFO  tests.AgeFactorPageValidationTest - Navigating to 'Age Factor' via top navigation
2026-01-18 15:11:29.134 INFO  tests.AgeFactorPageValidationTest - Arrived at Age factor page
2026-01-18 15:11:29.159 INFO  listeners.Listener1 - onTestStart -> isTopNavPresent
2026-01-18 15:11:29.161 INFO  tests.AgeFactorPageValidationTest - Verifying top navigation presence on Age Factor page
2026-01-18 15:11:29.526 INFO  tests.AgeFactorPageValidationTest - PASS: Top navigation presence assertion passed
2026-01-18 15:11:29.526 INFO  listeners.Listener1 - onTestSuccess -> isTopNavPresent
2026-01-18 15:11:29.537 INFO  tests.TeamDetailsPageValidationTest - Starting WebDriver and navigating to Home: https://hackvyatharth.github.io/Vitalguard_Team_Vanguardians/
2026-01-18 15:11:33.248 INFO  tests.AgeFactorPageValidationTest - PASS: Top navigation presence assertion passed
2026-01-18 15:11:33.250 INFO  listeners.Listener1 - onTestSuccess -> isTopNavPresent
2026-01-18 15:11:33.272 INFO  tests.TeamDetailsPageValidationTest - Starting WebDriver and navigating to Home: https://hackvyatharth.github.io/Vitalguard_Team_Vanguardians/
2026-01-18 15:11:36.746 INFO  tests.TeamDetailsPageValidationTest - edge Browser started
2026-01-18 15:11:37.116 INFO  tests.TeamDetailsPageValidationTest - Initializing page objects: TeamDetails, TopNavigation
2026-01-18 15:11:37.118 INFO  tests.TeamDetailsPageValidationTest - Navigating to Team Details page via TopNavigation
2026-01-18 15:11:37.249 INFO  tests.TeamDetailsPageValidationTest - Setup completed for TeamDetailsPageValidationTest
2026-01-18 15:11:37.261 INFO  listeners.Listener1 - onTestStart -> isTopNavPresent
2026-01-18 15:11:37.261 INFO  tests.TeamDetailsPageValidationTest - === Starting 'isTopNavPresent' test ===
2026-01-18 15:11:37.458 INFO  tests.TeamDetailsPageValidationTest - Top navigation present? true
2026-01-18 15:11:37.460 INFO  tests.TeamDetailsPageValidationTest - PASS: Top navigation is present
2026-01-18 15:11:37.460 INFO  tests.TeamDetailsPageValidationTest - === Completed 'isTopNavPresent' test ===
2026-01-18 15:11:37.460 INFO  listeners.Listener1 - onTestSuccess -> isTopNavPresent
2026-01-18 15:11:37.464 INFO  tests.CalculatorFunctionalityTest - Starting WebDriver and navigating to Home: https://hackvyatharth.github.io/Vitalguard_Team_Vanguardians/
2026-01-18 15:11:41.679 INFO  tests.TeamDetailsPageValidationTest - chrome Browser started
2026-01-18 15:11:42.844 INFO  tests.TeamDetailsPageValidationTest - Initializing page objects: TeamDetails, TopNavigation
2026-01-18 15:11:42.860 INFO  tests.TeamDetailsPageValidationTest - Navigating to Team Details page via TopNavigation
2026-01-18 15:11:43.805 INFO  tests.TeamDetailsPageValidationTest - Setup completed for TeamDetailsPageValidationTest
2026-01-18 15:11:43.847 INFO  listeners.Listener1 - onTestStart -> isTopNavPresent
2026-01-18 15:11:43.854 INFO  tests.TeamDetailsPageValidationTest - === Starting 'isTopNavPresent' test ===
2026-01-18 15:11:44.118 INFO  tests.CalculatorFunctionalityTest - edge Browser started
2026-01-18 15:11:44.966 INFO  tests.TeamDetailsPageValidationTest - Top navigation present? true
2026-01-18 15:11:44.966 INFO  tests.TeamDetailsPageValidationTest - PASS: Top navigation is present
2026-01-18 15:11:44.968 INFO  tests.TeamDetailsPageValidationTest - === Completed 'isTopNavPresent' test ===
2026-01-18 15:11:44.971 INFO  listeners.Listener1 - onTestSuccess -> isTopNavPresent
2026-01-18 15:11:44.985 INFO  tests.CalculatorFunctionalityTest - Starting WebDriver and navigating to Home: https://hackvyatharth.github.io/Vitalguard_Team_Vanguardians/
2026-01-18 15:11:45.634 INFO  tests.CalculatorFunctionalityTest - Initializing CalculatorForm, ExcelDataManager, TopNavigation
2026-01-18 15:11:46.911 INFO  tests.CalculatorFunctionalityTest - Setup complete for CalculatorFunctionalityTest
2026-01-18 15:11:46.933 INFO  listeners.Listener1 - onTestStart -> isFormHeadingPresent
2026-01-18 15:11:46.933 INFO  tests.CalculatorFunctionalityTest - Verifying form heading presence
2026-01-18 15:11:47.499 INFO  tests.CalculatorFunctionalityTest - Form Heading assertion passed
2026-01-18 15:11:47.499 INFO  listeners.Listener1 - onTestSuccess -> isFormHeadingPresent
2026-01-18 15:11:47.509 INFO  tests.ResultsPageUiTest - Starting WebDriver and navigating to Home: https://hackvyatharth.github.io/Vitalguard_Team_Vanguardians/
2026-01-18 15:11:55.251 INFO  tests.CalculatorFunctionalityTest - chrome Browser started
2026-01-18 15:11:55.911 INFO  tests.CalculatorFunctionalityTest - Initializing CalculatorForm, ExcelDataManager, TopNavigation
2026-01-18 15:11:55.914 INFO  tests.CalculatorFunctionalityTest - Setup complete for CalculatorFunctionalityTest
2026-01-18 15:11:55.946 INFO  listeners.Listener1 - onTestStart -> isFormHeadingPresent
2026-01-18 15:11:55.958 INFO  tests.CalculatorFunctionalityTest - Verifying form heading presence
2026-01-18 15:11:56.522 INFO  tests.CalculatorFunctionalityTest - Form Heading assertion passed
2026-01-18 15:11:56.522 INFO  listeners.Listener1 - onTestSuccess -> isFormHeadingPresent
2026-01-18 15:11:56.575 INFO  tests.ResultsPageUiTest - Starting WebDriver and navigating to Home: https://hackvyatharth.github.io/Vitalguard_Team_Vanguardians/
2026-01-18 15:11:59.595 INFO  tests.ResultsPageUiTest - edge Browser started
2026-01-18 15:12:00.407 INFO  tests.ResultsPageUiTest - Initializing page objects: TopNavigation, CalculatorForm, ResultPage
2026-01-18 15:12:00.453 INFO  tests.ResultsPageUiTest - Page objects initialized successfully
2026-01-18 15:12:00.465 INFO  tests.ResultsPageUiTest - Providing data for 'resultPageCheck'
2026-01-18 15:12:00.471 INFO  tests.ResultsPageUiTest - Data provided: 1 row(s)
2026-01-18 15:12:00.504 INFO  listeners.Listener1 - onTestStart -> resultPageCheck
2026-01-18 15:12:00.513 INFO  listeners.Listener1 - Parameters for resultPageCheck: [20, 67, 120/80]
2026-01-18 15:12:00.538 INFO  tests.ResultsPageUiTest - === Starting 'resultPageCheck' test ===
2026-01-18 15:12:00.538 INFO  tests.ResultsPageUiTest - Input data -> Age: 20, Pulse: 67, BP: 120/80
2026-01-18 15:12:00.595 INFO  tests.ResultsPageUiTest - Entering age
2026-01-18 15:12:02.253 INFO  tests.ResultsPageUiTest - Entering pulse
2026-01-18 15:12:04.246 INFO  tests.ResultsPageUiTest - Entering blood pressure
2026-01-18 15:12:05.300 INFO  tests.ResultsPageUiTest - Clicking Calculate
2026-01-18 15:12:06.963 INFO  tests.ResultsPageUiTest - Locating feedback text area
2026-01-18 15:12:07.100 INFO  tests.ResultsPageUiTest - Computing scroll metrics: scrollHeight vs clientHeight
2026-01-18 15:12:07.434 INFO  tests.ResultsPageUiTest - scrollHeight: 120
2026-01-18 15:12:07.445 INFO  tests.ResultsPageUiTest - clientHeight: 76
2026-01-18 15:12:07.460 INFO  tests.ResultsPageUiTest - Is feedback textarea scrollable? true
2026-01-18 15:12:07.476 INFO  tests.ResultsPageUiTest - PASS: The result text box is scrollable
2026-01-18 15:12:07.508 INFO  tests.ResultsPageUiTest - Checking CSS 'resize' property
2026-01-18 15:12:07.717 INFO  tests.ResultsPageUiTest - resize CSS value: vertical
2026-01-18 15:12:07.733 INFO  tests.ResultsPageUiTest - Is feedback textarea resizable? true
2026-01-18 15:12:07.733 INFO  tests.ResultsPageUiTest - PASS: The result textbox is resizable
2026-01-18 15:12:07.750 INFO  tests.ResultsPageUiTest - Asserting all soft assertions
2026-01-18 15:12:07.750 INFO  tests.ResultsPageUiTest - === Completed 'resultPageCheck' test ===
2026-01-18 15:12:07.750 INFO  listeners.Listener1 - onTestSuccess -> resultPageCheck
2026-01-18 15:12:07.935 INFO  listeners.Listener1 - onTestStart -> isLeftImagePresent
2026-01-18 15:12:07.961 INFO  tests.HomePageValidationTest - === Starting 'isLeftImagePresent' test ===
2026-01-18 15:12:10.241 INFO  tests.ResultsPageUiTest - chrome Browser started
2026-01-18 15:12:11.172 INFO  tests.ResultsPageUiTest - Initializing page objects: TopNavigation, CalculatorForm, ResultPage
2026-01-18 15:12:11.206 INFO  tests.ResultsPageUiTest - Page objects initialized successfully
2026-01-18 15:12:11.206 INFO  tests.ResultsPageUiTest - Providing data for 'resultPageCheck'
2026-01-18 15:12:11.221 INFO  tests.ResultsPageUiTest - Data provided: 1 row(s)
2026-01-18 15:12:11.228 INFO  listeners.Listener1 - onTestStart -> resultPageCheck
2026-01-18 15:12:11.236 INFO  listeners.Listener1 - Parameters for resultPageCheck: [20, 67, 120/80]
2026-01-18 15:12:11.236 INFO  tests.ResultsPageUiTest - === Starting 'resultPageCheck' test ===
2026-01-18 15:12:11.244 INFO  tests.ResultsPageUiTest - Input data -> Age: 20, Pulse: 67, BP: 120/80
2026-01-18 15:12:11.244 INFO  tests.ResultsPageUiTest - Entering age
2026-01-18 15:12:12.576 INFO  tests.ResultsPageUiTest - Entering pulse
2026-01-18 15:12:13.294 INFO  tests.ResultsPageUiTest - Entering blood pressure
2026-01-18 15:12:14.067 INFO  tests.ResultsPageUiTest - Clicking Calculate
2026-01-18 15:12:15.107 INFO  tests.ResultsPageUiTest - Locating feedback text area
2026-01-18 15:12:15.158 INFO  tests.ResultsPageUiTest - Computing scroll metrics: scrollHeight vs clientHeight
2026-01-18 15:12:15.247 INFO  tests.ResultsPageUiTest - scrollHeight: 120
2026-01-18 15:12:15.253 INFO  tests.ResultsPageUiTest - clientHeight: 76
2026-01-18 15:12:15.253 INFO  tests.ResultsPageUiTest - Is feedback textarea scrollable? true
2026-01-18 15:12:15.253 INFO  tests.ResultsPageUiTest - PASS: The result text box is scrollable
2026-01-18 15:12:15.253 INFO  tests.ResultsPageUiTest - Checking CSS 'resize' property
2026-01-18 15:12:15.307 INFO  tests.ResultsPageUiTest - resize CSS value: vertical
2026-01-18 15:12:15.307 INFO  tests.ResultsPageUiTest - Is feedback textarea resizable? true
2026-01-18 15:12:15.307 INFO  tests.ResultsPageUiTest - PASS: The result textbox is resizable
2026-01-18 15:12:15.307 INFO  tests.ResultsPageUiTest - Asserting all soft assertions
2026-01-18 15:12:15.307 INFO  tests.ResultsPageUiTest - === Completed 'resultPageCheck' test ===
2026-01-18 15:12:15.307 INFO  listeners.Listener1 - onTestSuccess -> resultPageCheck
2026-01-18 15:12:15.386 INFO  listeners.Listener1 - onTestStart -> isLeftImagePresent
2026-01-18 15:12:15.400 INFO  tests.HomePageValidationTest - === Starting 'isLeftImagePresent' test ===
2026-01-18 15:12:35.578 INFO  tests.HomePageValidationTest - PASS: Left image is present
2026-01-18 15:12:35.578 INFO  tests.HomePageValidationTest - === Completed 'isLeftImagePresent' test ===
2026-01-18 15:12:35.578 INFO  listeners.Listener1 - onTestSuccess -> isLeftImagePresent
2026-01-18 15:12:35.610 INFO  listeners.Listener1 - onTestStart -> gotoBloodPressure
2026-01-18 15:12:35.610 INFO  tests.HeartPulsePageValidationTest - Navigating to Blood Pressure from Heart Pulse page
2026-01-18 15:12:44.624 INFO  tests.HeartPulsePageValidationTest - URL after goToBloodPressure(): https://hackvyatharth.github.io/Vitalguard_Team_Vanguardians/#bloodPressure
2026-01-18 15:12:44.624 INFO  tests.HeartPulsePageValidationTest - 'gotoBloodPressure' assertion passed
2026-01-18 15:12:44.624 INFO  listeners.Listener1 - onTestSuccess -> gotoBloodPressure
2026-01-18 15:12:44.632 INFO  listeners.Listener1 - onTestStart -> isHeadingPresent
2026-01-18 15:12:44.632 INFO  t.BloodPressurePageValidationTest - === Starting 'isHeadingPresent' test ===
2026-01-18 15:12:44.884 INFO  t.BloodPressurePageValidationTest - PASS: Heading presence assertion passed.
2026-01-18 15:12:44.884 INFO  t.BloodPressurePageValidationTest - === Completed 'isHeadingPresent' test ===
2026-01-18 15:12:44.884 INFO  listeners.Listener1 - onTestSuccess -> isHeadingPresent
2026-01-18 15:12:44.898 INFO  listeners.Listener1 - onTestStart -> isHeadingPresent
2026-01-18 15:12:44.898 INFO  tests.AgeFactorPageValidationTest - Checking Age Factor page heading presence (and style if applicable)
2026-01-18 15:12:44.976 INFO  tests.AgeFactorPageValidationTest - PASS: Heading presence assertion passed
2026-01-18 15:12:44.976 INFO  listeners.Listener1 - onTestSuccess -> isHeadingPresent
2026-01-18 15:12:44.984 INFO  listeners.Listener1 - onTestStart -> isHeadingPresent
2026-01-18 15:12:44.984 INFO  tests.TeamDetailsPageValidationTest - === Starting 'isHeadingPresent' test ===
2026-01-18 15:12:45.074 INFO  tests.TeamDetailsPageValidationTest - Heading present? true
2026-01-18 15:12:45.074 INFO  tests.TeamDetailsPageValidationTest - PASS: Heading is present
2026-01-18 15:12:45.074 INFO  tests.TeamDetailsPageValidationTest - === Completed 'isHeadingPresent' test ===
2026-01-18 15:12:45.074 INFO  listeners.Listener1 - onTestSuccess -> isHeadingPresent
2026-01-18 15:12:45.077 INFO  listeners.Listener1 - onTestStart -> isAgeFieldPresent
2026-01-18 15:12:45.079 INFO  tests.CalculatorFunctionalityTest - Verifying age field presence
2026-01-18 15:12:45.143 INFO  tests.CalculatorFunctionalityTest - Age field presence assertion passed
2026-01-18 15:12:45.143 INFO  listeners.Listener1 - onTestSuccess -> isAgeFieldPresent
2026-01-18 15:12:45.150 INFO  listeners.Listener1 - onTestStart -> isLogoPresent
2026-01-18 15:12:45.150 INFO  tests.ResultsPageUiTest - === Starting 'isLogoPresent' test ===
2026-01-18 15:12:45.183 INFO  tests.ResultsPageUiTest - Logo present? true
2026-01-18 15:12:45.183 INFO  tests.ResultsPageUiTest - PASS: Logo is visible
2026-01-18 15:12:45.183 INFO  tests.ResultsPageUiTest - === Completed 'isLogoPresent' test ===
2026-01-18 15:12:45.183 INFO  listeners.Listener1 - onTestSuccess -> isLogoPresent
2026-01-18 15:12:45.183 INFO  listeners.Listener1 - onTestStart -> isCalculatorPresent
2026-01-18 15:12:45.183 INFO  tests.HomePageValidationTest - === Starting 'isCalculatorPresent' test ===
2026-01-18 15:12:45.316 INFO  tests.HomePageValidationTest - PASS: Calculator is present
2026-01-18 15:12:45.316 INFO  tests.HomePageValidationTest - === Completed 'isCalculatorPresent' test ===
2026-01-18 15:12:45.316 INFO  listeners.Listener1 - onTestSuccess -> isCalculatorPresent
2026-01-18 15:12:45.327 INFO  listeners.Listener1 - onTestStart -> gotoAgeFactor
2026-01-18 15:12:45.329 INFO  tests.HeartPulsePageValidationTest - Navigating to Age Factor from Heart Pulse page
2026-01-18 15:12:45.500 INFO  tests.HomePageValidationTest - PASS: Left image is present
2026-01-18 15:12:45.500 INFO  tests.HomePageValidationTest - === Completed 'isLeftImagePresent' test ===
2026-01-18 15:12:45.501 INFO  listeners.Listener1 - onTestSuccess -> isLeftImagePresent
2026-01-18 15:12:45.505 INFO  listeners.Listener1 - onTestStart -> gotoBloodPressure
2026-01-18 15:12:45.505 INFO  tests.HeartPulsePageValidationTest - Navigating to Blood Pressure from Heart Pulse page
2026-01-18 15:12:45.622 INFO  tests.HeartPulsePageValidationTest - URL after goToAgeFactor(): https://hackvyatharth.github.io/Vitalguard_Team_Vanguardians/#ageFactor
2026-01-18 15:12:45.622 INFO  tests.HeartPulsePageValidationTest - 'gotoAgeFactor' assertion passed
2026-01-18 15:12:45.622 INFO  listeners.Listener1 - onTestSuccess -> gotoAgeFactor
2026-01-18 15:12:45.630 INFO  listeners.Listener1 - onTestStart -> isInfoPresent
2026-01-18 15:12:45.630 INFO  t.BloodPressurePageValidationTest - === Starting 'isInfoPresent' test ===
2026-01-18 15:12:45.699 INFO  tests.HeartPulsePageValidationTest - URL after goToBloodPressure(): https://hackvyatharth.github.io/Vitalguard_Team_Vanguardians/#bloodPressure
2026-01-18 15:12:45.699 INFO  tests.HeartPulsePageValidationTest - 'gotoBloodPressure' assertion passed
2026-01-18 15:12:45.699 INFO  listeners.Listener1 - onTestSuccess -> gotoBloodPressure
2026-01-18 15:12:45.710 INFO  t.BloodPressurePageValidationTest - PASS: Information block presence assertion passed.
2026-01-18 15:12:45.710 INFO  t.BloodPressurePageValidationTest - === Completed 'isInfoPresent' test ===
2026-01-18 15:12:45.710 INFO  listeners.Listener1 - onTestSuccess -> isInfoPresent
2026-01-18 15:12:45.711 INFO  listeners.Listener1 - onTestStart -> isHeadingPresent
2026-01-18 15:12:45.711 INFO  t.BloodPressurePageValidationTest - === Starting 'isHeadingPresent' test ===
2026-01-18 15:12:45.716 INFO  listeners.Listener1 - onTestStart -> isInfoPresent
2026-01-18 15:12:45.718 INFO  tests.AgeFactorPageValidationTest - Validating informational block (white text per spec) on Age Factor page
2026-01-18 15:12:45.783 INFO  tests.AgeFactorPageValidationTest - PASS: Info block presence assertion passed
2026-01-18 15:12:45.783 INFO  listeners.Listener1 - onTestSuccess -> isInfoPresent
2026-01-18 15:12:45.799 INFO  listeners.Listener1 - onTestStart -> isTeamDetailsPresent
2026-01-18 15:12:45.801 INFO  tests.TeamDetailsPageValidationTest - === Starting 'isTeamDetailsPresent' test ===
2026-01-18 15:12:45.814 INFO  t.BloodPressurePageValidationTest - PASS: Heading presence assertion passed.
2026-01-18 15:12:45.814 INFO  t.BloodPressurePageValidationTest - === Completed 'isHeadingPresent' test ===
2026-01-18 15:12:45.814 INFO  listeners.Listener1 - onTestSuccess -> isHeadingPresent
2026-01-18 15:12:45.816 INFO  listeners.Listener1 - onTestStart -> isHeadingPresent
2026-01-18 15:12:45.816 INFO  tests.AgeFactorPageValidationTest - Checking Age Factor page heading presence (and style if applicable)
2026-01-18 15:12:45.863 INFO  tests.TeamDetailsPageValidationTest - Team details present? true
2026-01-18 15:12:45.863 INFO  tests.TeamDetailsPageValidationTest - PASS: Team details are displayed
2026-01-18 15:12:45.863 INFO  tests.TeamDetailsPageValidationTest - === Completed 'isTeamDetailsPresent' test ===
2026-01-18 15:12:45.863 INFO  listeners.Listener1 - onTestSuccess -> isTeamDetailsPresent
2026-01-18 15:12:45.869 INFO  listeners.Listener1 - onTestStart -> isPulseRateFieldPresent
2026-01-18 15:12:45.870 INFO  tests.CalculatorFunctionalityTest - Verifying pulse field presence
2026-01-18 15:12:45.930 INFO  tests.CalculatorFunctionalityTest - Pulse field presence assertion passed
2026-01-18 15:12:45.930 INFO  listeners.Listener1 - onTestSuccess -> isPulseRateFieldPresent
2026-01-18 15:12:45.939 INFO  listeners.Listener1 - onTestStart -> isLogoTextPresent
2026-01-18 15:12:45.939 INFO  tests.ResultsPageUiTest - === Starting 'isLogoTextPresent' test ===
2026-01-18 15:12:45.967 INFO  tests.ResultsPageUiTest - Logo text present? true
2026-01-18 15:12:45.967 INFO  tests.ResultsPageUiTest - PASS: Logo text is visible
2026-01-18 15:12:45.967 INFO  tests.ResultsPageUiTest - === Completed 'isLogoTextPresent' test ===
2026-01-18 15:12:45.967 INFO  listeners.Listener1 - onTestSuccess -> isLogoTextPresent
2026-01-18 15:12:45.974 INFO  listeners.Listener1 - onTestStart -> gotoHeartPulse
2026-01-18 15:12:45.974 INFO  tests.HomePageValidationTest - Navigating to HeartPulse from Home page
2026-01-18 15:12:46.128 INFO  tests.HomePageValidationTest - URL after goToHeartPulse(): https://hackvyatharth.github.io/Vitalguard_Team_Vanguardians/#pulseRate
2026-01-18 15:12:46.128 INFO  tests.HomePageValidationTest - PASS: 'gotoHeartPulse' assertion passed
2026-01-18 15:12:46.128 INFO  listeners.Listener1 - onTestSuccess -> gotoHeartPulse
2026-01-18 15:12:46.134 INFO  listeners.Listener1 - onTestStart -> gotoTeamDetails
2026-01-18 15:12:46.134 INFO  tests.HeartPulsePageValidationTest - Navigating to Team Details from Heart Pulse page
2026-01-18 15:12:46.182 INFO  tests.AgeFactorPageValidationTest - PASS: Heading presence assertion passed
2026-01-18 15:12:46.182 INFO  listeners.Listener1 - onTestSuccess -> isHeadingPresent
2026-01-18 15:12:46.192 INFO  listeners.Listener1 - onTestStart -> isHeadingPresent
2026-01-18 15:12:46.192 INFO  tests.TeamDetailsPageValidationTest - === Starting 'isHeadingPresent' test ===
2026-01-18 15:12:46.242 INFO  tests.TeamDetailsPageValidationTest - Heading present? true
2026-01-18 15:12:46.242 INFO  tests.TeamDetailsPageValidationTest - PASS: Heading is present
2026-01-18 15:12:46.242 INFO  tests.TeamDetailsPageValidationTest - === Completed 'isHeadingPresent' test ===
2026-01-18 15:12:46.242 INFO  listeners.Listener1 - onTestSuccess -> isHeadingPresent
2026-01-18 15:12:46.248 INFO  listeners.Listener1 - onTestStart -> isAgeFieldPresent
2026-01-18 15:12:46.250 INFO  tests.CalculatorFunctionalityTest - Verifying age field presence
2026-01-18 15:12:46.305 INFO  tests.CalculatorFunctionalityTest - Age field presence assertion passed
2026-01-18 15:12:46.305 INFO  listeners.Listener1 - onTestSuccess -> isAgeFieldPresent
2026-01-18 15:12:46.310 INFO  tests.HeartPulsePageValidationTest - URL after goToTeamDetails(): https://hackvyatharth.github.io/Vitalguard_Team_Vanguardians/#foot
2026-01-18 15:12:46.310 INFO  tests.HeartPulsePageValidationTest - 'gotoTeamDetails' assertion passed
2026-01-18 15:12:46.311 INFO  listeners.Listener1 - onTestSuccess -> gotoTeamDetails
2026-01-18 15:12:46.311 INFO  listeners.Listener1 - onTestStart -> isLogoPresent
2026-01-18 15:12:46.311 INFO  tests.ResultsPageUiTest - === Starting 'isLogoPresent' test ===
2026-01-18 15:12:46.316 INFO  tests.HeartPulsePageValidationTest - Tearing down webdriver
2026-01-18 15:12:46.364 INFO  tests.ResultsPageUiTest - Logo present? true
2026-01-18 15:12:46.365 INFO  tests.ResultsPageUiTest - PASS: Logo is visible
2026-01-18 15:12:46.365 INFO  tests.ResultsPageUiTest - === Completed 'isLogoPresent' test ===
2026-01-18 15:12:46.365 INFO  listeners.Listener1 - onTestSuccess -> isLogoPresent
2026-01-18 15:12:46.368 INFO  listeners.Listener1 - onTestStart -> isCalculatorPresent
2026-01-18 15:12:46.373 INFO  tests.HomePageValidationTest - === Starting 'isCalculatorPresent' test ===
2026-01-18 15:12:46.509 INFO  tests.HomePageValidationTest - PASS: Calculator is present
2026-01-18 15:12:46.509 INFO  tests.HomePageValidationTest - === Completed 'isCalculatorPresent' test ===
2026-01-18 15:12:46.509 INFO  listeners.Listener1 - onTestSuccess -> isCalculatorPresent
2026-01-18 15:12:46.509 INFO  listeners.Listener1 - onTestStart -> gotoAgeFactor
2026-01-18 15:12:46.509 INFO  tests.HeartPulsePageValidationTest - Navigating to Age Factor from Heart Pulse page
2026-01-18 15:12:46.754 INFO  tests.HeartPulsePageValidationTest - URL after goToAgeFactor(): https://hackvyatharth.github.io/Vitalguard_Team_Vanguardians/#ageFactor
2026-01-18 15:12:46.754 INFO  tests.HeartPulsePageValidationTest - 'gotoAgeFactor' assertion passed
2026-01-18 15:12:46.754 INFO  listeners.Listener1 - onTestSuccess -> gotoAgeFactor
2026-01-18 15:12:46.767 INFO  listeners.Listener1 - onTestStart -> isInfoPresent
2026-01-18 15:12:46.767 INFO  t.BloodPressurePageValidationTest - === Starting 'isInfoPresent' test ===
2026-01-18 15:12:46.850 INFO  t.BloodPressurePageValidationTest - PASS: Information block presence assertion passed.
2026-01-18 15:12:46.850 INFO  t.BloodPressurePageValidationTest - === Completed 'isInfoPresent' test ===
2026-01-18 15:12:46.850 INFO  listeners.Listener1 - onTestSuccess -> isInfoPresent
2026-01-18 15:12:46.863 INFO  listeners.Listener1 - onTestStart -> isInfoPresent
2026-01-18 15:12:46.864 INFO  tests.AgeFactorPageValidationTest - Validating informational block (white text per spec) on Age Factor page
2026-01-18 15:12:46.944 INFO  tests.AgeFactorPageValidationTest - PASS: Info block presence assertion passed
2026-01-18 15:12:46.944 INFO  listeners.Listener1 - onTestSuccess -> isInfoPresent
2026-01-18 15:12:46.948 INFO  listeners.Listener1 - onTestStart -> isTeamDetailsPresent
2026-01-18 15:12:46.948 INFO  tests.TeamDetailsPageValidationTest - === Starting 'isTeamDetailsPresent' test ===
2026-01-18 15:12:47.014 INFO  tests.TeamDetailsPageValidationTest - Team details present? true
2026-01-18 15:12:47.014 INFO  tests.TeamDetailsPageValidationTest - PASS: Team details are displayed
2026-01-18 15:12:47.014 INFO  tests.TeamDetailsPageValidationTest - === Completed 'isTeamDetailsPresent' test ===
2026-01-18 15:12:47.014 INFO  listeners.Listener1 - onTestSuccess -> isTeamDetailsPresent
2026-01-18 15:12:47.020 INFO  listeners.Listener1 - onTestStart -> isPulseRateFieldPresent
2026-01-18 15:12:47.020 INFO  tests.CalculatorFunctionalityTest - Verifying pulse field presence
2026-01-18 15:12:47.077 INFO  tests.CalculatorFunctionalityTest - Pulse field presence assertion passed
2026-01-18 15:12:47.077 INFO  listeners.Listener1 - onTestSuccess -> isPulseRateFieldPresent
2026-01-18 15:12:47.085 INFO  listeners.Listener1 - onTestStart -> isLogoTextPresent
2026-01-18 15:12:47.085 INFO  tests.ResultsPageUiTest - === Starting 'isLogoTextPresent' test ===
2026-01-18 15:12:47.118 INFO  tests.ResultsPageUiTest - Logo text present? true
2026-01-18 15:12:47.118 INFO  tests.ResultsPageUiTest - PASS: Logo text is visible
2026-01-18 15:12:47.118 INFO  tests.ResultsPageUiTest - === Completed 'isLogoTextPresent' test ===
2026-01-18 15:12:47.120 INFO  listeners.Listener1 - onTestSuccess -> isLogoTextPresent
2026-01-18 15:12:47.123 INFO  listeners.Listener1 - onTestStart -> gotoHeartPulse
2026-01-18 15:12:47.123 INFO  tests.HomePageValidationTest - Navigating to HeartPulse from Home page
2026-01-18 15:12:47.325 INFO  tests.HomePageValidationTest - URL after goToHeartPulse(): https://hackvyatharth.github.io/Vitalguard_Team_Vanguardians/#pulseRate
2026-01-18 15:12:47.325 INFO  tests.HomePageValidationTest - PASS: 'gotoHeartPulse' assertion passed
2026-01-18 15:12:47.325 INFO  listeners.Listener1 - onTestSuccess -> gotoHeartPulse
2026-01-18 15:12:47.332 INFO  listeners.Listener1 - onTestStart -> gotoTeamDetails
2026-01-18 15:12:47.334 INFO  tests.HeartPulsePageValidationTest - Navigating to Team Details from Heart Pulse page
2026-01-18 15:12:47.582 INFO  tests.HeartPulsePageValidationTest - URL after goToTeamDetails(): https://hackvyatharth.github.io/Vitalguard_Team_Vanguardians/#foot
2026-01-18 15:12:47.582 INFO  tests.HeartPulsePageValidationTest - 'gotoTeamDetails' assertion passed
2026-01-18 15:12:47.582 INFO  listeners.Listener1 - onTestSuccess -> gotoTeamDetails
2026-01-18 15:12:47.582 INFO  tests.HeartPulsePageValidationTest - Tearing down webdriver
2026-01-18 15:13:00.997 INFO  tests.HeartPulsePageValidationTest - WebDriver quit successfully
2026-01-18 15:13:00.999 INFO  listeners.Listener1 - onTestStart -> gotoHome
2026-01-18 15:13:00.999 INFO  t.BloodPressurePageValidationTest - Navigating to Home via BloodPressurePage.goToHome()...
2026-01-18 15:13:02.062 INFO  t.BloodPressurePageValidationTest - URL after goToHome(): https://hackvyatharth.github.io/Vitalguard_Team_Vanguardians/#container
2026-01-18 15:13:02.062 INFO  t.BloodPressurePageValidationTest - PASS: Home navigation assertion passed.
2026-01-18 15:13:02.062 INFO  listeners.Listener1 - onTestSuccess -> gotoHome
2026-01-18 15:13:02.067 INFO  listeners.Listener1 - onTestStart -> gotoHome
2026-01-18 15:13:02.067 INFO  tests.AgeFactorPageValidationTest - Navigating to Home via AgeFactorPage.goToHome()
2026-01-18 15:13:03.049 INFO  tests.AgeFactorPageValidationTest - PASS: Home navigation assertion passed
2026-01-18 15:13:03.049 INFO  listeners.Listener1 - onTestSuccess -> gotoHome
2026-01-18 15:13:03.050 INFO  listeners.Listener1 - onTestStart -> gotoHome
2026-01-18 15:13:03.050 INFO  tests.TeamDetailsPageValidationTest - === Starting 'gotoHome' test ===
2026-01-18 15:13:03.540 INFO  tests.TeamDetailsPageValidationTest - Current URL after gotoHome(): https://hackvyatharth.github.io/Vitalguard_Team_Vanguardians/#container
2026-01-18 15:13:03.540 INFO  tests.TeamDetailsPageValidationTest - PASS: 'gotoHome' assertion passed (URL contains '#container')
2026-01-18 15:13:03.540 INFO  tests.TeamDetailsPageValidationTest - === Completed 'gotoHome' test ===
2026-01-18 15:13:03.540 INFO  listeners.Listener1 - onTestSuccess -> gotoHome
2026-01-18 15:13:03.785 INFO  listeners.Listener1 - onTestStart -> isBloodPressureFieldPresent
2026-01-18 15:13:03.796 INFO  tests.CalculatorFunctionalityTest - Verifying BP field presence
2026-01-18 15:13:03.977 INFO  tests.CalculatorFunctionalityTest - BP field presence assertion passed
2026-01-18 15:13:03.977 INFO  listeners.Listener1 - onTestSuccess -> isBloodPressureFieldPresent
2026-01-18 15:13:03.982 INFO  listeners.Listener1 - onTestStart -> isResultBoxPresent
2026-01-18 15:13:03.985 INFO  tests.ResultsPageUiTest - === Starting 'isResultBoxPresent' test ===
2026-01-18 15:13:04.081 INFO  tests.ResultsPageUiTest - Result box present? true
2026-01-18 15:13:04.081 INFO  tests.ResultsPageUiTest - PASS: Result box is visible
2026-01-18 15:13:04.081 INFO  tests.ResultsPageUiTest - === Completed 'isResultBoxPresent' test ===
2026-01-18 15:13:04.081 INFO  listeners.Listener1 - onTestSuccess -> isResultBoxPresent
2026-01-18 15:13:04.088 INFO  listeners.Listener1 - onTestStart -> gotoBloodPressure
2026-01-18 15:13:04.088 INFO  tests.HomePageValidationTest - Navigating to Blood Pressure from Home page
2026-01-18 15:13:06.919 INFO  tests.HomePageValidationTest - URL after goToBloodPressure(): https://hackvyatharth.github.io/Vitalguard_Team_Vanguardians/#bloodPressure
2026-01-18 15:13:06.919 INFO  tests.HomePageValidationTest - PASS: 'gotoBloodPressure' assertion passed
2026-01-18 15:13:06.919 INFO  listeners.Listener1 - onTestSuccess -> gotoBloodPressure
2026-01-18 15:13:06.931 INFO  listeners.Listener1 - onTestStart -> gotoHeartPulse
2026-01-18 15:13:06.932 INFO  t.BloodPressurePageValidationTest - Navigating to Heart Pulse via BloodPressurePage.goToHeartPulse()...
2026-01-18 15:13:09.366 INFO  t.BloodPressurePageValidationTest - URL after goToHeartPulse(): https://hackvyatharth.github.io/Vitalguard_Team_Vanguardians/#pulseRate
2026-01-18 15:13:09.366 INFO  t.BloodPressurePageValidationTest - PASS: Heart Pulse navigation assertion passed.
2026-01-18 15:13:09.366 INFO  listeners.Listener1 - onTestSuccess -> gotoHeartPulse
2026-01-18 15:13:09.366 INFO  listeners.Listener1 - onTestStart -> gotoHeartPulse
2026-01-18 15:13:09.366 INFO  tests.AgeFactorPageValidationTest - Navigating to Heart Pulse via AgeFactorPage.goToHeartPulse()
2026-01-18 15:13:10.310 INFO  tests.AgeFactorPageValidationTest - PASS: Heart Pulse navigation assertion passed
2026-01-18 15:13:10.310 INFO  listeners.Listener1 - onTestSuccess -> gotoHeartPulse
2026-01-18 15:13:10.315 INFO  listeners.Listener1 - onTestStart -> gotoBloodPressure
2026-01-18 15:13:10.317 INFO  tests.TeamDetailsPageValidationTest - === Starting 'gotoBloodPressure' test ===
2026-01-18 15:13:10.843 INFO  tests.TeamDetailsPageValidationTest - Current URL after gotoBloodPressure(): https://hackvyatharth.github.io/Vitalguard_Team_Vanguardians/#bloodPressure
2026-01-18 15:13:10.843 INFO  tests.TeamDetailsPageValidationTest - PASS: 'gotoBloodPressure' assertion passed (URL contains '#bloodPressure')
2026-01-18 15:13:10.843 INFO  tests.TeamDetailsPageValidationTest - === Completed 'gotoBloodPressure' test ===
2026-01-18 15:13:10.843 INFO  listeners.Listener1 - onTestSuccess -> gotoBloodPressure
2026-01-18 15:13:10.849 INFO  listeners.Listener1 - onTestStart -> isCalculateButtonPresentAndClickable
2026-01-18 15:13:10.849 INFO  tests.CalculatorFunctionalityTest - Verifying Calculate Button presence and Clickability
2026-01-18 15:13:11.263 INFO  tests.CalculatorFunctionalityTest - Calculate button presence & clickability assertion passed
2026-01-18 15:13:11.263 INFO  listeners.Listener1 - onTestSuccess -> isCalculateButtonPresentAndClickable
2026-01-18 15:13:11.268 INFO  listeners.Listener1 - onTestStart -> isHeadingPresent
2026-01-18 15:13:11.268 INFO  tests.ResultsPageUiTest - === Starting 'isHeadingPresent' test ===
2026-01-18 15:13:11.371 INFO  tests.ResultsPageUiTest - Heading present? true
2026-01-18 15:13:11.371 INFO  tests.ResultsPageUiTest - PASS: Heading is visible
2026-01-18 15:13:11.371 INFO  tests.ResultsPageUiTest - === Completed 'isHeadingPresent' test ===
2026-01-18 15:13:11.371 INFO  listeners.Listener1 - onTestSuccess -> isHeadingPresent
2026-01-18 15:13:11.384 INFO  listeners.Listener1 - onTestStart -> gotoAgeFactor
2026-01-18 15:13:11.385 INFO  tests.HomePageValidationTest - Navigating to Age Factor from Home page
2026-01-18 15:13:13.322 INFO  tests.HomePageValidationTest - URL after goToAgeFactor(): https://hackvyatharth.github.io/Vitalguard_Team_Vanguardians/#ageFactor
2026-01-18 15:13:13.322 INFO  tests.HomePageValidationTest - PASS: 'gotoAgeFactor' assertion passed
2026-01-18 15:13:13.322 INFO  listeners.Listener1 - onTestSuccess -> gotoAgeFactor
2026-01-18 15:13:13.333 INFO  listeners.Listener1 - onTestStart -> gotoAgeFactorPage
2026-01-18 15:13:13.333 INFO  t.BloodPressurePageValidationTest - Navigating to Age Factor via BloodPressurePage.goToAgeFactor()...
2026-01-18 15:13:15.793 INFO  t.BloodPressurePageValidationTest - URL after goToAgeFactor(): https://hackvyatharth.github.io/Vitalguard_Team_Vanguardians/#ageFactor
2026-01-18 15:13:15.793 INFO  t.BloodPressurePageValidationTest - PASS: Age Factor navigation assertion passed.
2026-01-18 15:13:15.793 INFO  listeners.Listener1 - onTestSuccess -> gotoAgeFactorPage
2026-01-18 15:13:15.800 INFO  listeners.Listener1 - onTestStart -> gotoBloodPressure
2026-01-18 15:13:15.800 INFO  tests.AgeFactorPageValidationTest - Navigating to Blood Pressure via AgeFactorPage.goToBloodPressure()
2026-01-18 15:13:16.462 INFO  tests.AgeFactorPageValidationTest - PASS: Blood Pressure navigation assertion passed
2026-01-18 15:13:16.462 INFO  listeners.Listener1 - onTestSuccess -> gotoBloodPressure
2026-01-18 15:13:16.470 INFO  listeners.Listener1 - onTestStart -> gotoHeartPulse
2026-01-18 15:13:16.472 INFO  tests.TeamDetailsPageValidationTest - === Starting 'gotoHeartPulse' test ===
2026-01-18 15:13:16.953 INFO  tests.TeamDetailsPageValidationTest - Current URL after gotoHeartPulse(): https://hackvyatharth.github.io/Vitalguard_Team_Vanguardians/#pulseRate
2026-01-18 15:13:16.953 INFO  tests.TeamDetailsPageValidationTest - PASS: 'gotoHeartPulse' assertion passed (URL contains '#pulseRate')
2026-01-18 15:13:16.953 INFO  tests.TeamDetailsPageValidationTest - === Completed 'gotoHeartPulse' test ===
2026-01-18 15:13:16.956 INFO  listeners.Listener1 - onTestSuccess -> gotoHeartPulse
2026-01-18 15:13:18.819 INFO  tests.CalculatorFunctionalityTest - Loaded {} data rows from Excel
2026-01-18 15:13:18.829 INFO  listeners.Listener1 - onTestStart -> sendData
2026-01-18 15:13:18.829 INFO  listeners.Listener1 - Parameters for sendData: ["", "", "", negative]
2026-01-18 15:13:18.833 INFO  tests.CalculatorFunctionalityTest - Executing data row: age='""', pulse='""', bp='""', testType='negative'
2026-01-18 15:13:19.049 INFO  tests.HeartPulsePageValidationTest - WebDriver quit successfully
2026-01-18 15:13:19.049 INFO  listeners.Listener1 - onTestStart -> gotoHome
2026-01-18 15:13:19.063 INFO  t.BloodPressurePageValidationTest - Navigating to Home via BloodPressurePage.goToHome()...
2026-01-18 15:13:20.620 INFO  t.BloodPressurePageValidationTest - URL after goToHome(): https://hackvyatharth.github.io/Vitalguard_Team_Vanguardians/#container
2026-01-18 15:13:20.620 INFO  t.BloodPressurePageValidationTest - PASS: Home navigation assertion passed.
2026-01-18 15:13:20.620 INFO  listeners.Listener1 - onTestSuccess -> gotoHome
2026-01-18 15:13:20.620 INFO  listeners.Listener1 - onTestStart -> gotoHome
2026-01-18 15:13:20.620 INFO  tests.AgeFactorPageValidationTest - Navigating to Home via AgeFactorPage.goToHome()
2026-01-18 15:13:21.451 INFO  tests.CalculatorFunctionalityTest - Clicking Calculate
2026-01-18 15:13:22.038 INFO  tests.CalculatorFunctionalityTest - Alert detected after submit
2026-01-18 15:13:22.099 INFO  tests.CalculatorFunctionalityTest - Negative case: navigatedToResult=false
2026-01-18 15:13:22.099 INFO  listeners.Listener1 - onTestSuccess -> sendData
2026-01-18 15:13:22.099 INFO  listeners.Listener1 - Deleting pre-submit screenshot for passed test: C:\Users\2457157\IdeaProjects\HealthIndexCalculator\reports\screenshots\age_____pulse_____bp_____type_negative_before_20260118_151321_428.png
2026-01-18 15:13:22.145 INFO  listeners.Listener1 - onTestStart -> sendData
2026-01-18 15:13:22.145 INFO  listeners.Listener1 - Parameters for sendData: [0, 60, 70/31, negative]
2026-01-18 15:13:22.152 INFO  tests.CalculatorFunctionalityTest - Executing data row: age='0', pulse='60', bp='70/31', testType='negative'
2026-01-18 15:13:22.207 INFO  tests.AgeFactorPageValidationTest - PASS: Home navigation assertion passed
2026-01-18 15:13:22.207 INFO  listeners.Listener1 - onTestSuccess -> gotoHome
2026-01-18 15:13:22.229 INFO  listeners.Listener1 - onTestStart -> gotoHome
2026-01-18 15:13:22.234 INFO  tests.TeamDetailsPageValidationTest - === Starting 'gotoHome' test ===
2026-01-18 15:13:22.890 INFO  tests.TeamDetailsPageValidationTest - Current URL after gotoHome(): https://hackvyatharth.github.io/Vitalguard_Team_Vanguardians/#container
2026-01-18 15:13:22.890 INFO  tests.TeamDetailsPageValidationTest - PASS: 'gotoHome' assertion passed (URL contains '#container')
2026-01-18 15:13:22.890 INFO  tests.TeamDetailsPageValidationTest - === Completed 'gotoHome' test ===
2026-01-18 15:13:22.890 INFO  listeners.Listener1 - onTestSuccess -> gotoHome
2026-01-18 15:13:22.917 INFO  listeners.Listener1 - onTestStart -> isBloodPressureFieldPresent
2026-01-18 15:13:22.917 INFO  tests.CalculatorFunctionalityTest - Verifying BP field presence
2026-01-18 15:13:23.203 INFO  tests.CalculatorFunctionalityTest - BP field presence assertion passed
2026-01-18 15:13:23.203 INFO  listeners.Listener1 - onTestSuccess -> isBloodPressureFieldPresent
2026-01-18 15:13:23.233 INFO  listeners.Listener1 - onTestStart -> isResultBoxPresent
2026-01-18 15:13:23.233 INFO  tests.ResultsPageUiTest - === Starting 'isResultBoxPresent' test ===
2026-01-18 15:13:23.384 INFO  tests.ResultsPageUiTest - Result box present? true
2026-01-18 15:13:23.384 INFO  tests.ResultsPageUiTest - PASS: Result box is visible
2026-01-18 15:13:23.384 INFO  tests.ResultsPageUiTest - === Completed 'isResultBoxPresent' test ===
2026-01-18 15:13:23.384 INFO  listeners.Listener1 - onTestSuccess -> isResultBoxPresent
2026-01-18 15:13:23.419 INFO  listeners.Listener1 - onTestStart -> gotoBloodPressure
2026-01-18 15:13:23.419 INFO  tests.HomePageValidationTest - Navigating to Blood Pressure from Home page
2026-01-18 15:13:24.434 INFO  tests.CalculatorFunctionalityTest - Clicking Calculate
2026-01-18 15:13:25.058 INFO  tests.CalculatorFunctionalityTest - Alert detected after submit
2026-01-18 15:13:25.116 INFO  tests.CalculatorFunctionalityTest - Negative case: navigatedToResult=false
2026-01-18 15:13:25.116 INFO  listeners.Listener1 - onTestSuccess -> sendData
2026-01-18 15:13:25.116 INFO  listeners.Listener1 - Deleting pre-submit screenshot for passed test: C:\Users\2457157\IdeaProjects\HealthIndexCalculator\reports\screenshots\age_0__pulse_60__bp_70_31__type_negative_before_20260118_151324_416.png
2026-01-18 15:13:25.156 INFO  listeners.Listener1 - onTestStart -> sendData
2026-01-18 15:13:25.156 INFO  listeners.Listener1 - Parameters for sendData: [1, 72, 120/81, positive]
2026-01-18 15:13:25.156 INFO  tests.CalculatorFunctionalityTest - Executing data row: age='1', pulse='72', bp='120/81', testType='positive'
2026-01-18 15:13:28.382 INFO  tests.CalculatorFunctionalityTest - Clicking Calculate
2026-01-18 15:13:32.569 INFO  tests.HomePageValidationTest - URL after goToBloodPressure(): https://hackvyatharth.github.io/Vitalguard_Team_Vanguardians/#bloodPressure
2026-01-18 15:13:32.569 INFO  tests.HomePageValidationTest - PASS: 'gotoBloodPressure' assertion passed
2026-01-18 15:13:32.569 INFO  listeners.Listener1 - onTestSuccess -> gotoBloodPressure
2026-01-18 15:13:32.584 INFO  listeners.Listener1 - onTestStart -> gotoHeartPulse
2026-01-18 15:13:32.586 INFO  t.BloodPressurePageValidationTest - Navigating to Heart Pulse via BloodPressurePage.goToHeartPulse()...
2026-01-18 15:13:33.312 INFO  tests.CalculatorFunctionalityTest - No alert branch: navigatedToResult=true
2026-01-18 15:13:33.313 INFO  tests.CalculatorFunctionalityTest - Positive case passed: navigated; returning Home via logo text
2026-01-18 15:13:34.491 INFO  tests.CalculatorFunctionalityTest - Clicked 'VitalGuard' logo text to return Home
2026-01-18 15:13:34.491 INFO  listeners.Listener1 - onTestSuccess -> sendData
2026-01-18 15:13:34.491 INFO  listeners.Listener1 - Deleting pre-submit screenshot for passed test: C:\Users\2457157\IdeaProjects\HealthIndexCalculator\reports\screenshots\age_1__pulse_72__bp_120_81__type_positive_before_20260118_151328_342.png
2026-01-18 15:13:34.499 INFO  listeners.Listener1 - onTestStart -> sendData
2026-01-18 15:13:34.499 INFO  listeners.Listener1 - Parameters for sendData: [69.5, -25, 160/91, negative]
2026-01-18 15:13:34.499 INFO  tests.CalculatorFunctionalityTest - Executing data row: age='69.5', pulse='-25', bp='160/91', testType='negative'
2026-01-18 15:13:36.983 INFO  tests.CalculatorFunctionalityTest - Clicking Calculate
2026-01-18 15:13:37.266 INFO  t.BloodPressurePageValidationTest - URL after goToHeartPulse(): https://hackvyatharth.github.io/Vitalguard_Team_Vanguardians/#pulseRate
2026-01-18 15:13:37.266 INFO  t.BloodPressurePageValidationTest - PASS: Heart Pulse navigation assertion passed.
2026-01-18 15:13:37.266 INFO  listeners.Listener1 - onTestSuccess -> gotoHeartPulse
2026-01-18 15:13:37.293 INFO  listeners.Listener1 - onTestStart -> gotoHeartPulse
2026-01-18 15:13:37.293 INFO  tests.AgeFactorPageValidationTest - Navigating to Heart Pulse via AgeFactorPage.goToHeartPulse()
2026-01-18 15:13:40.921 INFO  tests.CalculatorFunctionalityTest - No alert branch: navigatedToResult=true
2026-01-18 15:13:40.977 INFO  tests.AgeFactorPageValidationTest - PASS: Heart Pulse navigation assertion passed
2026-01-18 15:13:40.977 INFO  listeners.Listener1 - onTestSuccess -> gotoHeartPulse
2026-01-18 15:13:41.004 INFO  listeners.Listener1 - onTestStart -> gotoBloodPressure
2026-01-18 15:13:41.006 INFO  tests.TeamDetailsPageValidationTest - === Starting 'gotoBloodPressure' test ===
2026-01-18 15:13:41.718 INFO  tests.TeamDetailsPageValidationTest - Current URL after gotoBloodPressure(): https://hackvyatharth.github.io/Vitalguard_Team_Vanguardians/#bloodPressure
2026-01-18 15:13:41.718 INFO  tests.TeamDetailsPageValidationTest - PASS: 'gotoBloodPressure' assertion passed (URL contains '#bloodPressure')
2026-01-18 15:13:41.718 INFO  tests.TeamDetailsPageValidationTest - === Completed 'gotoBloodPressure' test ===
2026-01-18 15:13:41.718 INFO  listeners.Listener1 - onTestSuccess -> gotoBloodPressure
2026-01-18 15:13:41.831 INFO  listeners.Listener1 - onTestStart -> isCalculateButtonPresentAndClickable
2026-01-18 15:13:41.866 INFO  tests.CalculatorFunctionalityTest - Verifying Calculate Button presence and Clickability
2026-01-18 15:13:42.112 ERROR tests.CalculatorFunctionalityTest - Negative case failed: navigated without alert
2026-01-18 15:13:42.878 INFO  tests.CalculatorFunctionalityTest - Calculate button presence & clickability assertion passed
2026-01-18 15:13:42.878 INFO  listeners.Listener1 - onTestSuccess -> isCalculateButtonPresentAndClickable
2026-01-18 15:13:42.902 INFO  listeners.Listener1 - onTestStart -> isHeadingPresent
2026-01-18 15:13:42.902 INFO  tests.ResultsPageUiTest - === Starting 'isHeadingPresent' test ===
2026-01-18 15:13:42.969 ERROR listeners.Listener1 - onTestFailure -> sendData
java.lang.AssertionError: The following asserts failed:
	NEGATIVE input incorrectly navigated to Result page without showing any alert.
	at org.testng.asserts.SoftAssert.assertAll(SoftAssert.java:46)
	at org.testng.asserts.SoftAssert.assertAll(SoftAssert.java:30)
	at tests.CalculatorFunctionalityTest.sendData(CalculatorFunctionalityTest.java:200)
	at java.base/jdk.internal.reflect.DirectMethodHandleAccessor.invoke(DirectMethodHandleAccessor.java:103)
	at java.base/java.lang.reflect.Method.invoke(Method.java:580)
	at org.testng.internal.invokers.MethodInvocationHelper.invokeMethod(MethodInvocationHelper.java:141)
	at org.testng.internal.invokers.TestInvoker.invokeMethod(TestInvoker.java:687)
	at org.testng.internal.invokers.TestInvoker.invokeTestMethod(TestInvoker.java:230)
	at org.testng.internal.invokers.MethodRunner.runInSequence(MethodRunner.java:63)
	at org.testng.internal.invokers.TestInvoker$MethodInvocationAgent.invoke(TestInvoker.java:995)
	at org.testng.internal.invokers.TestInvoker.invokeTestMethods(TestInvoker.java:203)
	at org.testng.internal.invokers.TestMethodWorker.invokeTestMethods(TestMethodWorker.java:154)
	at org.testng.internal.invokers.TestMethodWorker.run(TestMethodWorker.java:134)
	at java.base/java.util.ArrayList.forEach(ArrayList.java:1596)
	at org.testng.TestRunner.privateRun(TestRunner.java:741)
	at org.testng.TestRunner.run(TestRunner.java:616)
	at org.testng.SuiteRunner.runTest(SuiteRunner.java:421)
	at org.testng.SuiteRunner$SuiteWorker.run(SuiteRunner.java:463)
	at org.testng.internal.thread.ThreadUtil.lambda$execute$0(ThreadUtil.java:64)
	at java.base/java.util.concurrent.FutureTask.run$$$capture(FutureTask.java:317)
	at java.base/java.util.concurrent.FutureTask.run(FutureTask.java)
	at java.base/java.util.concurrent.ThreadPoolExecutor.runWorker(ThreadPoolExecutor.java:1144)
	at java.base/java.util.concurrent.ThreadPoolExecutor$Worker.run(ThreadPoolExecutor.java:642)
	at java.base/java.lang.Thread.run(Thread.java:1583)
2026-01-18 15:13:43.000 INFO  tests.ResultsPageUiTest - Heading present? true
2026-01-18 15:13:43.000 INFO  tests.ResultsPageUiTest - PASS: Heading is visible
2026-01-18 15:13:43.000 INFO  tests.ResultsPageUiTest - === Completed 'isHeadingPresent' test ===
2026-01-18 15:13:43.000 INFO  listeners.Listener1 - onTestSuccess -> isHeadingPresent
2026-01-18 15:13:43.033 INFO  listeners.Listener1 - onTestStart -> gotoAgeFactor
2026-01-18 15:13:43.033 INFO  tests.HomePageValidationTest - Navigating to Age Factor from Home page
2026-01-18 15:13:43.053 INFO  listeners.Listener1 - Attaching pre-submit screenshot: C:\Users\2457157\IdeaProjects\HealthIndexCalculator\reports\screenshots\age_69.5__pulse_-25__bp_160_91__type_negative_before_20260118_151336_958.png
2026-01-18 15:13:43.069 INFO  listeners.Listener1 - Attaching failure screenshot: C:\Users\2457157\IdeaProjects\HealthIndexCalculator\reports\screenshots\age_69.5__pulse_-25__bp_160_91__type_negative_failed_no_alert_20260118_151340_921.png
2026-01-18 15:13:43.133 INFO  listeners.Listener1 - onTestStart -> sendData
2026-01-18 15:13:43.143 INFO  listeners.Listener1 - Parameters for sendData: [120, Seventy Two, 0/0, negative]
2026-01-18 15:13:43.143 INFO  tests.CalculatorFunctionalityTest - Executing data row: age='120', pulse='Seventy Two', bp='0/0', testType='negative'
2026-01-18 15:13:44.972 INFO  tests.HomePageValidationTest - URL after goToAgeFactor(): https://hackvyatharth.github.io/Vitalguard_Team_Vanguardians/#ageFactor
2026-01-18 15:13:44.972 INFO  tests.HomePageValidationTest - PASS: 'gotoAgeFactor' assertion passed
2026-01-18 15:13:44.972 INFO  listeners.Listener1 - onTestSuccess -> gotoAgeFactor
2026-01-18 15:13:44.999 INFO  listeners.Listener1 - onTestStart -> gotoAgeFactorPage
2026-01-18 15:13:44.999 INFO  t.BloodPressurePageValidationTest - Navigating to Age Factor via BloodPressurePage.goToAgeFactor()...
2026-01-18 15:13:45.583 INFO  tests.CalculatorFunctionalityTest - Clicking Calculate
2026-01-18 15:13:46.142 INFO  tests.CalculatorFunctionalityTest - Alert detected after submit
2026-01-18 15:13:46.200 INFO  tests.CalculatorFunctionalityTest - Negative case: navigatedToResult=false
2026-01-18 15:13:46.200 INFO  listeners.Listener1 - onTestSuccess -> sendData
2026-01-18 15:13:46.200 INFO  listeners.Listener1 - Deleting pre-submit screenshot for passed test: C:\Users\2457157\IdeaProjects\HealthIndexCalculator\reports\screenshots\age_120__pulse_Seventy_Two__bp_0_0__type_negative_before_20260118_151345_566.png
2026-01-18 15:13:46.700 INFO  listeners.Listener1 - onTestStart -> sendData
2026-01-18 15:13:46.700 INFO  listeners.Listener1 - Parameters for sendData: [121, @$%, 0/0, negative]
2026-01-18 15:13:46.720 INFO  tests.CalculatorFunctionalityTest - Executing data row: age='121', pulse='@$%', bp='0/0', testType='negative'
2026-01-18 15:13:48.878 INFO  t.BloodPressurePageValidationTest - URL after goToAgeFactor(): https://hackvyatharth.github.io/Vitalguard_Team_Vanguardians/#ageFactor
2026-01-18 15:13:48.878 INFO  t.BloodPressurePageValidationTest - PASS: Age Factor navigation assertion passed.
2026-01-18 15:13:48.886 INFO  listeners.Listener1 - onTestSuccess -> gotoAgeFactorPage
2026-01-18 15:13:48.905 INFO  listeners.Listener1 - onTestStart -> gotoBloodPressure
2026-01-18 15:13:48.905 INFO  tests.AgeFactorPageValidationTest - Navigating to Blood Pressure via AgeFactorPage.goToBloodPressure()
2026-01-18 15:13:49.029 INFO  tests.CalculatorFunctionalityTest - Clicking Calculate
2026-01-18 15:13:49.623 INFO  tests.CalculatorFunctionalityTest - Alert detected after submit
2026-01-18 15:13:49.683 INFO  tests.CalculatorFunctionalityTest - Negative case: navigatedToResult=false
2026-01-18 15:13:49.683 INFO  listeners.Listener1 - onTestSuccess -> sendData
2026-01-18 15:13:49.683 INFO  listeners.Listener1 - Deleting pre-submit screenshot for passed test: C:\Users\2457157\IdeaProjects\HealthIndexCalculator\reports\screenshots\age_121__pulse______bp_0_0__type_negative_before_20260118_151349_016.png
2026-01-18 15:13:49.707 INFO  listeners.Listener1 - onTestStart -> sendData
2026-01-18 15:13:49.707 INFO  listeners.Listener1 - Parameters for sendData: [120.5, 80yrs, 1000/1000, negative]
2026-01-18 15:13:49.712 INFO  tests.CalculatorFunctionalityTest - Executing data row: age='120.5', pulse='80yrs', bp='1000/1000', testType='negative'
2026-01-18 15:13:50.799 INFO  tests.AgeFactorPageValidationTest - PASS: Blood Pressure navigation assertion passed
2026-01-18 15:13:50.810 INFO  listeners.Listener1 - onTestSuccess -> gotoBloodPressure
2026-01-18 15:13:50.829 INFO  listeners.Listener1 - onTestStart -> gotoHeartPulse
2026-01-18 15:13:50.837 INFO  tests.TeamDetailsPageValidationTest - === Starting 'gotoHeartPulse' test ===
2026-01-18 15:13:51.599 INFO  tests.TeamDetailsPageValidationTest - Current URL after gotoHeartPulse(): https://hackvyatharth.github.io/Vitalguard_Team_Vanguardians/#pulseRate
2026-01-18 15:13:51.599 INFO  tests.TeamDetailsPageValidationTest - PASS: 'gotoHeartPulse' assertion passed (URL contains '#pulseRate')
2026-01-18 15:13:51.599 INFO  tests.TeamDetailsPageValidationTest - === Completed 'gotoHeartPulse' test ===
2026-01-18 15:13:51.599 INFO  listeners.Listener1 - onTestSuccess -> gotoHeartPulse
2026-01-18 15:13:52.428 INFO  tests.CalculatorFunctionalityTest - Loaded {} data rows from Excel
2026-01-18 15:13:52.446 INFO  listeners.Listener1 - onTestStart -> sendData
2026-01-18 15:13:52.452 INFO  listeners.Listener1 - Parameters for sendData: ["", "", "", negative]
2026-01-18 15:13:52.457 INFO  tests.CalculatorFunctionalityTest - Executing data row: age='""', pulse='""', bp='""', testType='negative'
2026-01-18 15:13:52.836 INFO  tests.CalculatorFunctionalityTest - Clicking Calculate
2026-01-18 15:13:53.973 INFO  tests.CalculatorFunctionalityTest - Alert detected after submit
2026-01-18 15:13:54.143 INFO  tests.CalculatorFunctionalityTest - Negative case: navigatedToResult=false
2026-01-18 15:13:54.143 INFO  listeners.Listener1 - onTestSuccess -> sendData
2026-01-18 15:13:54.143 INFO  listeners.Listener1 - Deleting pre-submit screenshot for passed test: C:\Users\2457157\IdeaProjects\HealthIndexCalculator\reports\screenshots\age_120.5__pulse_80yrs__bp_1000_1000__type_negative_before_20260118_151352_825.png
2026-01-18 15:13:54.185 INFO  listeners.Listener1 - onTestStart -> sendData
2026-01-18 15:13:54.185 INFO  listeners.Listener1 - Parameters for sendData: [abc, 1000, abc, negative]
2026-01-18 15:13:54.199 INFO  tests.CalculatorFunctionalityTest - Executing data row: age='abc', pulse='1000', bp='abc', testType='negative'
2026-01-18 15:13:59.036 INFO  tests.CalculatorFunctionalityTest - Clicking Calculate
2026-01-18 15:13:59.278 INFO  tests.CalculatorFunctionalityTest - Clicking Calculate
2026-01-18 15:14:00.097 INFO  tests.CalculatorFunctionalityTest - Alert detected after submit
2026-01-18 15:14:00.217 INFO  tests.CalculatorFunctionalityTest - Negative case: navigatedToResult=false
2026-01-18 15:14:00.217 INFO  listeners.Listener1 - onTestSuccess -> sendData
2026-01-18 15:14:00.217 INFO  listeners.Listener1 - Deleting pre-submit screenshot for passed test: C:\Users\2457157\IdeaProjects\HealthIndexCalculator\reports\screenshots\age_abc__pulse_1000__bp_abc__type_negative_before_20260118_151359_026.png
2026-01-18 15:14:00.285 INFO  listeners.Listener1 - onTestStart -> sendData
2026-01-18 15:14:00.285 INFO  listeners.Listener1 - Parameters for sendData: [@#, 65.5, abc/abc, negative]
2026-01-18 15:14:00.293 INFO  tests.CalculatorFunctionalityTest - Executing data row: age='@#', pulse='65.5', bp='abc/abc', testType='negative'
2026-01-18 15:14:00.783 INFO  tests.CalculatorFunctionalityTest - Alert detected after submit
2026-01-18 15:14:00.902 INFO  tests.CalculatorFunctionalityTest - Negative case: navigatedToResult=false
2026-01-18 15:14:00.902 INFO  listeners.Listener1 - onTestSuccess -> sendData
2026-01-18 15:14:09.652 INFO  tests.CalculatorFunctionalityTest - Clicking Calculate
2026-01-18 15:14:09.652 INFO  listeners.Listener1 - Deleting pre-submit screenshot for passed test: C:\Users\2457157\IdeaProjects\HealthIndexCalculator\reports\screenshots\age_____pulse_____bp_____type_negative_before_20260118_151359_269.png
2026-01-18 15:14:09.784 INFO  listeners.Listener1 - onTestStart -> sendData
2026-01-18 15:14:09.784 INFO  listeners.Listener1 - Parameters for sendData: [0, 60, 70/31, negative]
2026-01-18 15:14:09.803 INFO  tests.CalculatorFunctionalityTest - Executing data row: age='0', pulse='60', bp='70/31', testType='negative'
2026-01-18 15:14:10.612 INFO  tests.CalculatorFunctionalityTest - Alert detected after submit
2026-01-18 15:14:10.653 INFO  tests.CalculatorFunctionalityTest - Negative case: navigatedToResult=false
2026-01-18 15:14:10.663 INFO  listeners.Listener1 - onTestSuccess -> sendData
2026-01-18 15:14:10.668 INFO  listeners.Listener1 - Deleting pre-submit screenshot for passed test: C:\Users\2457157\IdeaProjects\HealthIndexCalculator\reports\screenshots\age_____pulse_65.5__bp_abc_abc__type_negative_before_20260118_151405_533.png
2026-01-18 15:14:10.689 INFO  listeners.Listener1 - onTestStart -> sendData
2026-01-18 15:14:10.691 INFO  listeners.Listener1 - Parameters for sendData: [e, "", *(@), negative]
2026-01-18 15:14:10.691 INFO  tests.CalculatorFunctionalityTest - Executing data row: age='e', pulse='""', bp='*(@)', testType='negative'
2026-01-18 15:14:14.457 INFO  tests.CalculatorFunctionalityTest - Clicking Calculate
2026-01-18 15:14:14.504 INFO  tests.CalculatorFunctionalityTest - Clicking Calculate
2026-01-18 15:14:15.304 INFO  tests.CalculatorFunctionalityTest - Alert detected after submit
2026-01-18 15:14:15.369 INFO  tests.CalculatorFunctionalityTest - Negative case: navigatedToResult=false
2026-01-18 15:14:15.369 INFO  listeners.Listener1 - onTestSuccess -> sendData
2026-01-18 15:14:15.369 INFO  listeners.Listener1 - Deleting pre-submit screenshot for passed test: C:\Users\2457157\IdeaProjects\HealthIndexCalculator\reports\screenshots\age_e__pulse_____bp_______type_negative_before_20260118_151414_440.png
2026-01-18 15:14:15.403 INFO  listeners.Listener1 - onTestStart -> sendData
2026-01-18 15:14:15.403 INFO  listeners.Listener1 - Parameters for sendData: [-1, 55, -1, negative]
2026-01-18 15:14:15.403 INFO  tests.CalculatorFunctionalityTest - Executing data row: age='-1', pulse='55', bp='-1', testType='negative'
2026-01-18 15:14:15.529 INFO  tests.CalculatorFunctionalityTest - Alert detected after submit
2026-01-18 15:14:15.629 INFO  tests.CalculatorFunctionalityTest - Negative case: navigatedToResult=false
2026-01-18 15:14:15.631 INFO  listeners.Listener1 - onTestSuccess -> sendData
2026-01-18 15:14:15.631 INFO  listeners.Listener1 - Deleting pre-submit screenshot for passed test: C:\Users\2457157\IdeaProjects\HealthIndexCalculator\reports\screenshots\age_0__pulse_60__bp_70_31__type_negative_before_20260118_151414_469.png
2026-01-18 15:14:15.666 INFO  listeners.Listener1 - onTestStart -> sendData
2026-01-18 15:14:15.666 INFO  listeners.Listener1 - Parameters for sendData: [1, 72, 120/81, positive]
2026-01-18 15:14:15.666 INFO  tests.CalculatorFunctionalityTest - Executing data row: age='1', pulse='72', bp='120/81', testType='positive'
2026-01-18 15:14:18.351 INFO  tests.CalculatorFunctionalityTest - Clicking Calculate
2026-01-18 15:14:18.434 INFO  tests.CalculatorFunctionalityTest - Clicking Calculate
2026-01-18 15:14:19.269 INFO  tests.CalculatorFunctionalityTest - Alert detected after submit
2026-01-18 15:14:19.318 INFO  tests.CalculatorFunctionalityTest - Negative case: navigatedToResult=false
2026-01-18 15:14:19.318 INFO  listeners.Listener1 - onTestSuccess -> sendData
2026-01-18 15:14:19.318 INFO  listeners.Listener1 - Deleting pre-submit screenshot for passed test: C:\Users\2457157\IdeaProjects\HealthIndexCalculator\reports\screenshots\age_-1__pulse_55__bp_-1__type_negative_before_20260118_151418_404.png
2026-01-18 15:14:19.353 INFO  listeners.Listener1 - onTestStart -> sendData
2026-01-18 15:14:19.353 INFO  listeners.Listener1 - Parameters for sendData: [35, 80, 80/120, negative]
2026-01-18 15:14:19.353 INFO  tests.CalculatorFunctionalityTest - Executing data row: age='35', pulse='80', bp='80/120', testType='negative'
2026-01-18 15:14:22.551 INFO  tests.CalculatorFunctionalityTest - Clicking Calculate
2026-01-18 15:14:23.404 INFO  tests.CalculatorFunctionalityTest - No alert branch: navigatedToResult=true
2026-01-18 15:14:23.404 INFO  tests.CalculatorFunctionalityTest - Positive case passed: navigated; returning Home via logo text
2026-01-18 15:14:24.646 INFO  tests.CalculatorFunctionalityTest - Clicked 'VitalGuard' logo text to return Home
2026-01-18 15:14:24.649 INFO  listeners.Listener1 - onTestSuccess -> sendData
2026-01-18 15:14:24.658 INFO  listeners.Listener1 - Deleting pre-submit screenshot for passed test: C:\Users\2457157\IdeaProjects\HealthIndexCalculator\reports\screenshots\age_1__pulse_72__bp_120_81__type_positive_before_20260118_151418_336.png
2026-01-18 15:14:24.724 INFO  listeners.Listener1 - onTestStart -> sendData
2026-01-18 15:14:24.724 INFO  listeners.Listener1 - Parameters for sendData: [69.5, -25, 160/91, negative]
2026-01-18 15:14:24.728 INFO  tests.CalculatorFunctionalityTest - Executing data row: age='69.5', pulse='-25', bp='160/91', testType='negative'
2026-01-18 15:14:27.287 INFO  tests.CalculatorFunctionalityTest - No alert branch: navigatedToResult=true
2026-01-18 15:14:28.145 ERROR tests.CalculatorFunctionalityTest - Negative case failed: navigated without alert
2026-01-18 15:14:29.254 ERROR listeners.Listener1 - onTestFailure -> sendData
java.lang.AssertionError: The following asserts failed:
	NEGATIVE input incorrectly navigated to Result page without showing any alert.
	at org.testng.asserts.SoftAssert.assertAll(SoftAssert.java:46)
	at org.testng.asserts.SoftAssert.assertAll(SoftAssert.java:30)
	at tests.CalculatorFunctionalityTest.sendData(CalculatorFunctionalityTest.java:200)
	at java.base/jdk.internal.reflect.DirectMethodHandleAccessor.invoke(DirectMethodHandleAccessor.java:103)
	at java.base/java.lang.reflect.Method.invoke(Method.java:580)
	at org.testng.internal.invokers.MethodInvocationHelper.invokeMethod(MethodInvocationHelper.java:141)
	at org.testng.internal.invokers.TestInvoker.invokeMethod(TestInvoker.java:687)
	at org.testng.internal.invokers.TestInvoker.invokeTestMethod(TestInvoker.java:230)
	at org.testng.internal.invokers.MethodRunner.runInSequence(MethodRunner.java:63)
	at org.testng.internal.invokers.TestInvoker$MethodInvocationAgent.invoke(TestInvoker.java:995)
	at org.testng.internal.invokers.TestInvoker.invokeTestMethods(TestInvoker.java:203)
	at org.testng.internal.invokers.TestMethodWorker.invokeTestMethods(TestMethodWorker.java:154)
	at org.testng.internal.invokers.TestMethodWorker.run(TestMethodWorker.java:134)
	at java.base/java.util.ArrayList.forEach(ArrayList.java:1596)
	at org.testng.TestRunner.privateRun(TestRunner.java:741)
	at org.testng.TestRunner.run(TestRunner.java:616)
	at org.testng.SuiteRunner.runTest(SuiteRunner.java:421)
	at org.testng.SuiteRunner$SuiteWorker.run(SuiteRunner.java:463)
	at org.testng.internal.thread.ThreadUtil.lambda$execute$0(ThreadUtil.java:64)
	at java.base/java.util.concurrent.FutureTask.run$$$capture(FutureTask.java:317)
	at java.base/java.util.concurrent.FutureTask.run(FutureTask.java)
	at java.base/java.util.concurrent.ThreadPoolExecutor.runWorker(ThreadPoolExecutor.java:1144)
	at java.base/java.util.concurrent.ThreadPoolExecutor$Worker.run(ThreadPoolExecutor.java:642)
	at java.base/java.lang.Thread.run(Thread.java:1583)
2026-01-18 15:14:29.265 INFO  listeners.Listener1 - Attaching pre-submit screenshot: C:\Users\2457157\IdeaProjects\HealthIndexCalculator\reports\screenshots\age_35__pulse_80__bp_80_120__type_negative_before_20260118_151422_534.png
2026-01-18 15:14:29.272 INFO  listeners.Listener1 - Attaching failure screenshot: C:\Users\2457157\IdeaProjects\HealthIndexCalculator\reports\screenshots\age_35__pulse_80__bp_80_120__type_negative_failed_no_alert_20260118_151427_287.png
2026-01-18 15:14:29.836 INFO  tests.CalculatorFunctionalityTest - Clicking Calculate
2026-01-18 15:14:33.878 INFO  tests.CalculatorFunctionalityTest - No alert branch: navigatedToResult=true
2026-01-18 15:14:34.752 ERROR tests.CalculatorFunctionalityTest - Negative case failed: navigated without alert
2026-01-18 15:14:35.315 ERROR listeners.Listener1 - onTestFailure -> sendData
java.lang.AssertionError: The following asserts failed:
	NEGATIVE input incorrectly navigated to Result page without showing any alert.
	at org.testng.asserts.SoftAssert.assertAll(SoftAssert.java:46)
	at org.testng.asserts.SoftAssert.assertAll(SoftAssert.java:30)
	at tests.CalculatorFunctionalityTest.sendData(CalculatorFunctionalityTest.java:200)
	at java.base/jdk.internal.reflect.DirectMethodHandleAccessor.invoke(DirectMethodHandleAccessor.java:103)
	at java.base/java.lang.reflect.Method.invoke(Method.java:580)
	at org.testng.internal.invokers.MethodInvocationHelper.invokeMethod(MethodInvocationHelper.java:141)
	at org.testng.internal.invokers.TestInvoker.invokeMethod(TestInvoker.java:687)
	at org.testng.internal.invokers.TestInvoker.invokeTestMethod(TestInvoker.java:230)
	at org.testng.internal.invokers.MethodRunner.runInSequence(MethodRunner.java:63)
	at org.testng.internal.invokers.TestInvoker$MethodInvocationAgent.invoke(TestInvoker.java:995)
	at org.testng.internal.invokers.TestInvoker.invokeTestMethods(TestInvoker.java:203)
	at org.testng.internal.invokers.TestMethodWorker.invokeTestMethods(TestMethodWorker.java:154)
	at org.testng.internal.invokers.TestMethodWorker.run(TestMethodWorker.java:134)
	at java.base/java.util.ArrayList.forEach(ArrayList.java:1596)
	at org.testng.TestRunner.privateRun(TestRunner.java:741)
	at org.testng.TestRunner.run(TestRunner.java:616)
	at org.testng.SuiteRunner.runTest(SuiteRunner.java:421)
	at org.testng.SuiteRunner$SuiteWorker.run(SuiteRunner.java:463)
	at org.testng.internal.thread.ThreadUtil.lambda$execute$0(ThreadUtil.java:64)
	at java.base/java.util.concurrent.FutureTask.run$$$capture(FutureTask.java:317)
	at java.base/java.util.concurrent.FutureTask.run(FutureTask.java)
	at java.base/java.util.concurrent.ThreadPoolExecutor.runWorker(ThreadPoolExecutor.java:1144)
	at java.base/java.util.concurrent.ThreadPoolExecutor$Worker.run(ThreadPoolExecutor.java:642)
	at java.base/java.lang.Thread.run(Thread.java:1583)
2026-01-18 15:14:35.322 INFO  listeners.Listener1 - Attaching pre-submit screenshot: C:\Users\2457157\IdeaProjects\HealthIndexCalculator\reports\screenshots\age_69.5__pulse_-25__bp_160_91__type_negative_before_20260118_151429_821.png
2026-01-18 15:14:35.324 INFO  listeners.Listener1 - Attaching failure screenshot: C:\Users\2457157\IdeaProjects\HealthIndexCalculator\reports\screenshots\age_69.5__pulse_-25__bp_160_91__type_negative_failed_no_alert_20260118_151433_878.png
2026-01-18 15:14:38.319 INFO  listeners.Listener1 - onTestStart -> sendData
2026-01-18 15:14:38.319 INFO  listeners.Listener1 - Parameters for sendData: [42, 70, 0/100, negative]
2026-01-18 15:14:38.339 INFO  tests.CalculatorFunctionalityTest - Executing data row: age='42', pulse='70', bp='0/100', testType='negative'
2026-01-18 15:14:38.351 INFO  listeners.Listener1 - onTestStart -> sendData
2026-01-18 15:14:39.637 INFO  listeners.Listener1 - Parameters for sendData: [120, Seventy Two, 0/0, negative]
2026-01-18 15:14:39.637 INFO  tests.CalculatorFunctionalityTest - Executing data row: age='120', pulse='Seventy Two', bp='0/0', testType='negative'
2026-01-18 15:14:43.983 INFO  tests.CalculatorFunctionalityTest - Clicking Calculate
2026-01-18 15:14:43.983 INFO  tests.CalculatorFunctionalityTest - Clicking Calculate
2026-01-18 15:14:46.437 INFO  tests.CalculatorFunctionalityTest - Alert detected after submit
2026-01-18 15:14:46.585 INFO  tests.CalculatorFunctionalityTest - Negative case: navigatedToResult=false
2026-01-18 15:14:46.585 INFO  listeners.Listener1 - onTestSuccess -> sendData
2026-01-18 15:14:46.585 INFO  listeners.Listener1 - Deleting pre-submit screenshot for passed test: C:\Users\2457157\IdeaProjects\HealthIndexCalculator\reports\screenshots\age_120__pulse_Seventy_Two__bp_0_0__type_negative_before_20260118_151443_827.png
2026-01-18 15:14:46.650 INFO  listeners.Listener1 - onTestStart -> sendData
2026-01-18 15:14:46.650 INFO  listeners.Listener1 - Parameters for sendData: [121, @$%, 0/0, negative]
2026-01-18 15:14:46.662 INFO  tests.CalculatorFunctionalityTest - Executing data row: age='121', pulse='@$%', bp='0/0', testType='negative'
2026-01-18 15:14:49.303 INFO  tests.CalculatorFunctionalityTest - No alert branch: navigatedToResult=true
2026-01-18 15:14:49.452 INFO  tests.CalculatorFunctionalityTest - Clicking Calculate
2026-01-18 15:14:50.300 ERROR tests.CalculatorFunctionalityTest - Negative case failed: navigated without alert
2026-01-18 15:14:50.402 INFO  tests.CalculatorFunctionalityTest - Alert detected after submit
2026-01-18 15:14:50.482 INFO  tests.CalculatorFunctionalityTest - Negative case: navigatedToResult=false
2026-01-18 15:14:50.484 INFO  listeners.Listener1 - onTestSuccess -> sendData
2026-01-18 15:14:50.484 INFO  listeners.Listener1 - Deleting pre-submit screenshot for passed test: C:\Users\2457157\IdeaProjects\HealthIndexCalculator\reports\screenshots\age_121__pulse______bp_0_0__type_negative_before_20260118_151449_435.png
2026-01-18 15:14:50.537 INFO  listeners.Listener1 - onTestStart -> sendData
2026-01-18 15:14:50.537 INFO  listeners.Listener1 - Parameters for sendData: [120.5, 80yrs, 1000/1000, negative]
2026-01-18 15:14:50.537 INFO  tests.CalculatorFunctionalityTest - Executing data row: age='120.5', pulse='80yrs', bp='1000/1000', testType='negative'
2026-01-18 15:14:52.926 ERROR listeners.Listener1 - onTestFailure -> sendData
java.lang.AssertionError: The following asserts failed:
	NEGATIVE input incorrectly navigated to Result page without showing any alert.
	at org.testng.asserts.SoftAssert.assertAll(SoftAssert.java:46)
	at org.testng.asserts.SoftAssert.assertAll(SoftAssert.java:30)
	at tests.CalculatorFunctionalityTest.sendData(CalculatorFunctionalityTest.java:200)
	at java.base/jdk.internal.reflect.DirectMethodHandleAccessor.invoke(DirectMethodHandleAccessor.java:103)
	at java.base/java.lang.reflect.Method.invoke(Method.java:580)
	at org.testng.internal.invokers.MethodInvocationHelper.invokeMethod(MethodInvocationHelper.java:141)
	at org.testng.internal.invokers.TestInvoker.invokeMethod(TestInvoker.java:687)
	at org.testng.internal.invokers.TestInvoker.invokeTestMethod(TestInvoker.java:230)
	at org.testng.internal.invokers.MethodRunner.runInSequence(MethodRunner.java:63)
	at org.testng.internal.invokers.TestInvoker$MethodInvocationAgent.invoke(TestInvoker.java:995)
	at org.testng.internal.invokers.TestInvoker.invokeTestMethods(TestInvoker.java:203)
	at org.testng.internal.invokers.TestMethodWorker.invokeTestMethods(TestMethodWorker.java:154)
	at org.testng.internal.invokers.TestMethodWorker.run(TestMethodWorker.java:134)
	at java.base/java.util.ArrayList.forEach(ArrayList.java:1596)
	at org.testng.TestRunner.privateRun(TestRunner.java:741)
	at org.testng.TestRunner.run(TestRunner.java:616)
	at org.testng.SuiteRunner.runTest(SuiteRunner.java:421)
	at org.testng.SuiteRunner$SuiteWorker.run(SuiteRunner.java:463)
	at org.testng.internal.thread.ThreadUtil.lambda$execute$0(ThreadUtil.java:64)
	at java.base/java.util.concurrent.FutureTask.run$$$capture(FutureTask.java:317)
	at java.base/java.util.concurrent.FutureTask.run(FutureTask.java)
	at java.base/java.util.concurrent.ThreadPoolExecutor.runWorker(ThreadPoolExecutor.java:1144)
	at java.base/java.util.concurrent.ThreadPoolExecutor$Worker.run(ThreadPoolExecutor.java:642)
	at java.base/java.lang.Thread.run(Thread.java:1583)
2026-01-18 15:14:52.932 INFO  listeners.Listener1 - Attaching pre-submit screenshot: C:\Users\2457157\IdeaProjects\HealthIndexCalculator\reports\screenshots\age_42__pulse_70__bp_0_100__type_negative_before_20260118_151443_867.png
2026-01-18 15:14:52.932 INFO  listeners.Listener1 - Attaching failure screenshot: C:\Users\2457157\IdeaProjects\HealthIndexCalculator\reports\screenshots\age_42__pulse_70__bp_0_100__type_negative_failed_no_alert_20260118_151449_303.png
2026-01-18 15:14:52.998 INFO  listeners.Listener1 - onTestStart -> sendData
2026-01-18 15:14:52.998 INFO  listeners.Listener1 - Parameters for sendData: [55, 100, 122/0, negative]
2026-01-18 15:14:52.998 INFO  tests.CalculatorFunctionalityTest - Executing data row: age='55', pulse='100', bp='122/0', testType='negative'
2026-01-18 15:14:54.225 INFO  tests.CalculatorFunctionalityTest - Clicking Calculate
2026-01-18 15:14:54.633 INFO  tests.CalculatorFunctionalityTest - Alert detected after submit
2026-01-18 15:14:54.714 INFO  tests.CalculatorFunctionalityTest - Negative case: navigatedToResult=false
2026-01-18 15:14:54.714 INFO  listeners.Listener1 - onTestSuccess -> sendData
2026-01-18 15:14:54.714 INFO  listeners.Listener1 - Deleting pre-submit screenshot for passed test: C:\Users\2457157\IdeaProjects\HealthIndexCalculator\reports\screenshots\age_120.5__pulse_80yrs__bp_1000_1000__type_negative_before_20260118_151454_215.png
2026-01-18 15:14:54.768 INFO  listeners.Listener1 - onTestStart -> sendData
2026-01-18 15:14:54.768 INFO  listeners.Listener1 - Parameters for sendData: [abc, 1000, abc, negative]
2026-01-18 15:14:54.776 INFO  tests.CalculatorFunctionalityTest - Executing data row: age='abc', pulse='1000', bp='abc', testType='negative'
2026-01-18 15:14:56.202 INFO  tests.CalculatorFunctionalityTest - Clicking Calculate
2026-01-18 15:14:59.569 INFO  tests.CalculatorFunctionalityTest - Clicking Calculate
2026-01-18 15:15:00.388 INFO  tests.CalculatorFunctionalityTest - Alert detected after submit
2026-01-18 15:15:00.500 INFO  tests.CalculatorFunctionalityTest - Negative case: navigatedToResult=false
2026-01-18 15:15:00.500 INFO  listeners.Listener1 - onTestSuccess -> sendData
2026-01-18 15:15:00.511 INFO  listeners.Listener1 - Deleting pre-submit screenshot for passed test: C:\Users\2457157\IdeaProjects\HealthIndexCalculator\reports\screenshots\age_abc__pulse_1000__bp_abc__type_negative_before_20260118_151459_553.png
2026-01-18 15:15:00.544 INFO  listeners.Listener1 - onTestStart -> sendData
2026-01-18 15:15:00.544 INFO  listeners.Listener1 - Parameters for sendData: [@#, 65.5, abc/abc, negative]
2026-01-18 15:15:00.550 INFO  tests.CalculatorFunctionalityTest - Executing data row: age='@#', pulse='65.5', bp='abc/abc', testType='negative'
2026-01-18 15:15:01.118 INFO  tests.CalculatorFunctionalityTest - No alert branch: navigatedToResult=true
2026-01-18 15:15:02.270 ERROR tests.CalculatorFunctionalityTest - Negative case failed: navigated without alert
2026-01-18 15:15:04.970 INFO  tests.CalculatorFunctionalityTest - Clicking Calculate
2026-01-18 15:15:05.694 INFO  tests.CalculatorFunctionalityTest - Alert detected after submit
2026-01-18 15:15:05.833 INFO  tests.CalculatorFunctionalityTest - Negative case: navigatedToResult=false
2026-01-18 15:15:05.833 INFO  listeners.Listener1 - onTestSuccess -> sendData
2026-01-18 15:15:05.833 INFO  listeners.Listener1 - Deleting pre-submit screenshot for passed test: C:\Users\2457157\IdeaProjects\HealthIndexCalculator\reports\screenshots\age_____pulse_65.5__bp_abc_abc__type_negative_before_20260118_151504_952.png
2026-01-18 15:15:05.944 INFO  listeners.Listener1 - onTestStart -> sendData
2026-01-18 15:15:05.951 INFO  listeners.Listener1 - Parameters for sendData: [e, "", *(@), negative]
2026-01-18 15:15:05.966 INFO  tests.CalculatorFunctionalityTest - Executing data row: age='e', pulse='""', bp='*(@)', testType='negative'
2026-01-18 15:15:06.909 ERROR listeners.Listener1 - onTestFailure -> sendData
java.lang.AssertionError: The following asserts failed:
	NEGATIVE input incorrectly navigated to Result page without showing any alert.
	at org.testng.asserts.SoftAssert.assertAll(SoftAssert.java:46)
	at org.testng.asserts.SoftAssert.assertAll(SoftAssert.java:30)
	at tests.CalculatorFunctionalityTest.sendData(CalculatorFunctionalityTest.java:200)
	at java.base/jdk.internal.reflect.DirectMethodHandleAccessor.invoke(DirectMethodHandleAccessor.java:103)
	at java.base/java.lang.reflect.Method.invoke(Method.java:580)
	at org.testng.internal.invokers.MethodInvocationHelper.invokeMethod(MethodInvocationHelper.java:141)
	at org.testng.internal.invokers.TestInvoker.invokeMethod(TestInvoker.java:687)
	at org.testng.internal.invokers.TestInvoker.invokeTestMethod(TestInvoker.java:230)
	at org.testng.internal.invokers.MethodRunner.runInSequence(MethodRunner.java:63)
	at org.testng.internal.invokers.TestInvoker$MethodInvocationAgent.invoke(TestInvoker.java:995)
	at org.testng.internal.invokers.TestInvoker.invokeTestMethods(TestInvoker.java:203)
	at org.testng.internal.invokers.TestMethodWorker.invokeTestMethods(TestMethodWorker.java:154)
	at org.testng.internal.invokers.TestMethodWorker.run(TestMethodWorker.java:134)
	at java.base/java.util.ArrayList.forEach(ArrayList.java:1596)
	at org.testng.TestRunner.privateRun(TestRunner.java:741)
	at org.testng.TestRunner.run(TestRunner.java:616)
	at org.testng.SuiteRunner.runTest(SuiteRunner.java:421)
	at org.testng.SuiteRunner$SuiteWorker.run(SuiteRunner.java:463)
	at org.testng.internal.thread.ThreadUtil.lambda$execute$0(ThreadUtil.java:64)
	at java.base/java.util.concurrent.FutureTask.run$$$capture(FutureTask.java:317)
	at java.base/java.util.concurrent.FutureTask.run(FutureTask.java)
	at java.base/java.util.concurrent.ThreadPoolExecutor.runWorker(ThreadPoolExecutor.java:1144)
	at java.base/java.util.concurrent.ThreadPoolExecutor$Worker.run(ThreadPoolExecutor.java:642)
	at java.base/java.lang.Thread.run(Thread.java:1583)
2026-01-18 15:15:06.925 INFO  listeners.Listener1 - Attaching pre-submit screenshot: C:\Users\2457157\IdeaProjects\HealthIndexCalculator\reports\screenshots\age_55__pulse_100__bp_122_0__type_negative_before_20260118_151456_195.png
2026-01-18 15:15:06.925 INFO  listeners.Listener1 - Attaching failure screenshot: C:\Users\2457157\IdeaProjects\HealthIndexCalculator\reports\screenshots\age_55__pulse_100__bp_122_0__type_negative_failed_no_alert_20260118_151501_129.png
2026-01-18 15:15:07.616 INFO  listeners.Listener1 - onTestStart -> sendData
2026-01-18 15:15:07.616 INFO  listeners.Listener1 - Parameters for sendData: [63, 65, 120/120, negative]
2026-01-18 15:15:07.633 INFO  tests.CalculatorFunctionalityTest - Executing data row: age='63', pulse='65', bp='120/120', testType='negative'
2026-01-18 15:15:10.132 INFO  tests.CalculatorFunctionalityTest - Clicking Calculate
2026-01-18 15:15:10.791 INFO  tests.CalculatorFunctionalityTest - Alert detected after submit
2026-01-18 15:15:10.883 INFO  tests.CalculatorFunctionalityTest - Negative case: navigatedToResult=false
2026-01-18 15:15:10.883 INFO  listeners.Listener1 - onTestSuccess -> sendData
2026-01-18 15:15:10.883 INFO  listeners.Listener1 - Deleting pre-submit screenshot for passed test: C:\Users\2457157\IdeaProjects\HealthIndexCalculator\reports\screenshots\age_e__pulse_____bp_______type_negative_before_20260118_151510_102.png
2026-01-18 15:15:10.926 INFO  listeners.Listener1 - onTestStart -> sendData
2026-01-18 15:15:10.926 INFO  listeners.Listener1 - Parameters for sendData: [-1, 55, -1, negative]
2026-01-18 15:15:10.926 INFO  tests.CalculatorFunctionalityTest - Executing data row: age='-1', pulse='55', bp='-1', testType='negative'
2026-01-18 15:15:11.918 INFO  tests.CalculatorFunctionalityTest - Clicking Calculate
2026-01-18 15:15:14.510 INFO  tests.CalculatorFunctionalityTest - Clicking Calculate
2026-01-18 15:15:15.202 INFO  tests.CalculatorFunctionalityTest - Alert detected after submit
2026-01-18 15:15:15.279 INFO  tests.CalculatorFunctionalityTest - Negative case: navigatedToResult=false
2026-01-18 15:15:15.279 INFO  listeners.Listener1 - onTestSuccess -> sendData
2026-01-18 15:15:15.279 INFO  listeners.Listener1 - Deleting pre-submit screenshot for passed test: C:\Users\2457157\IdeaProjects\HealthIndexCalculator\reports\screenshots\age_-1__pulse_55__bp_-1__type_negative_before_20260118_151514_502.png
2026-01-18 15:15:15.329 INFO  listeners.Listener1 - onTestStart -> sendData
2026-01-18 15:15:15.334 INFO  listeners.Listener1 - Parameters for sendData: [35, 80, 80/120, negative]
2026-01-18 15:15:15.342 INFO  tests.CalculatorFunctionalityTest - Executing data row: age='35', pulse='80', bp='80/120', testType='negative'
2026-01-18 15:15:18.082 INFO  tests.CalculatorFunctionalityTest - Clicking Calculate
2026-01-18 15:15:18.434 INFO  tests.CalculatorFunctionalityTest - No alert branch: navigatedToResult=true
2026-01-18 15:15:19.403 ERROR tests.CalculatorFunctionalityTest - Negative case failed: navigated without alert
2026-01-18 15:15:20.009 ERROR listeners.Listener1 - onTestFailure -> sendData
java.lang.AssertionError: The following asserts failed:
	NEGATIVE input incorrectly navigated to Result page without showing any alert.
	at org.testng.asserts.SoftAssert.assertAll(SoftAssert.java:46)
	at org.testng.asserts.SoftAssert.assertAll(SoftAssert.java:30)
	at tests.CalculatorFunctionalityTest.sendData(CalculatorFunctionalityTest.java:200)
	at java.base/jdk.internal.reflect.DirectMethodHandleAccessor.invoke(DirectMethodHandleAccessor.java:103)
	at java.base/java.lang.reflect.Method.invoke(Method.java:580)
	at org.testng.internal.invokers.MethodInvocationHelper.invokeMethod(MethodInvocationHelper.java:141)
	at org.testng.internal.invokers.TestInvoker.invokeMethod(TestInvoker.java:687)
	at org.testng.internal.invokers.TestInvoker.invokeTestMethod(TestInvoker.java:230)
	at org.testng.internal.invokers.MethodRunner.runInSequence(MethodRunner.java:63)
	at org.testng.internal.invokers.TestInvoker$MethodInvocationAgent.invoke(TestInvoker.java:995)
	at org.testng.internal.invokers.TestInvoker.invokeTestMethods(TestInvoker.java:203)
	at org.testng.internal.invokers.TestMethodWorker.invokeTestMethods(TestMethodWorker.java:154)
	at org.testng.internal.invokers.TestMethodWorker.run(TestMethodWorker.java:134)
	at java.base/java.util.ArrayList.forEach(ArrayList.java:1596)
	at org.testng.TestRunner.privateRun(TestRunner.java:741)
	at org.testng.TestRunner.run(TestRunner.java:616)
	at org.testng.SuiteRunner.runTest(SuiteRunner.java:421)
	at org.testng.SuiteRunner$SuiteWorker.run(SuiteRunner.java:463)
	at org.testng.internal.thread.ThreadUtil.lambda$execute$0(ThreadUtil.java:64)
	at java.base/java.util.concurrent.FutureTask.run$$$capture(FutureTask.java:317)
	at java.base/java.util.concurrent.FutureTask.run(FutureTask.java)
	at java.base/java.util.concurrent.ThreadPoolExecutor.runWorker(ThreadPoolExecutor.java:1144)
	at java.base/java.util.concurrent.ThreadPoolExecutor$Worker.run(ThreadPoolExecutor.java:642)
	at java.base/java.lang.Thread.run(Thread.java:1583)
2026-01-18 15:15:20.018 INFO  listeners.Listener1 - Attaching pre-submit screenshot: C:\Users\2457157\IdeaProjects\HealthIndexCalculator\reports\screenshots\age_63__pulse_65__bp_120_120__type_negative_before_20260118_151511_902.png
2026-01-18 15:15:20.018 INFO  listeners.Listener1 - Attaching failure screenshot: C:\Users\2457157\IdeaProjects\HealthIndexCalculator\reports\screenshots\age_63__pulse_65__bp_120_120__type_negative_failed_no_alert_20260118_151518_434.png
2026-01-18 15:15:20.052 INFO  listeners.Listener1 - onTestStart -> sendData
2026-01-18 15:15:20.062 INFO  listeners.Listener1 - Parameters for sendData: [29, 75, 120/, negative]
2026-01-18 15:15:20.068 INFO  tests.CalculatorFunctionalityTest - Executing data row: age='29', pulse='75', bp='120/', testType='negative'
2026-01-18 15:15:22.206 INFO  tests.CalculatorFunctionalityTest - No alert branch: navigatedToResult=true
2026-01-18 15:15:22.949 INFO  tests.CalculatorFunctionalityTest - Clicking Calculate
2026-01-18 15:15:23.852 INFO  tests.CalculatorFunctionalityTest - Alert detected after submit
2026-01-18 15:15:23.861 ERROR tests.CalculatorFunctionalityTest - Negative case failed: navigated without alert
2026-01-18 15:15:23.967 INFO  tests.CalculatorFunctionalityTest - Negative case: navigatedToResult=false
2026-01-18 15:15:23.967 INFO  listeners.Listener1 - onTestSuccess -> sendData
2026-01-18 15:15:23.967 INFO  listeners.Listener1 - Deleting pre-submit screenshot for passed test: C:\Users\2457157\IdeaProjects\HealthIndexCalculator\reports\screenshots\age_29__pulse_75__bp_120___type_negative_before_20260118_151522_936.png
2026-01-18 15:15:24.007 INFO  listeners.Listener1 - onTestStart -> sendData
2026-01-18 15:15:24.007 INFO  listeners.Listener1 - Parameters for sendData: [31, 68, /80, negative]
2026-01-18 15:15:24.018 INFO  tests.CalculatorFunctionalityTest - Executing data row: age='31', pulse='68', bp='/80', testType='negative'
2026-01-18 15:15:24.703 ERROR listeners.Listener1 - onTestFailure -> sendData
java.lang.AssertionError: The following asserts failed:
	NEGATIVE input incorrectly navigated to Result page without showing any alert.
	at org.testng.asserts.SoftAssert.assertAll(SoftAssert.java:46)
	at org.testng.asserts.SoftAssert.assertAll(SoftAssert.java:30)
	at tests.CalculatorFunctionalityTest.sendData(CalculatorFunctionalityTest.java:200)
	at java.base/jdk.internal.reflect.DirectMethodHandleAccessor.invoke(DirectMethodHandleAccessor.java:103)
	at java.base/java.lang.reflect.Method.invoke(Method.java:580)
	at org.testng.internal.invokers.MethodInvocationHelper.invokeMethod(MethodInvocationHelper.java:141)
	at org.testng.internal.invokers.TestInvoker.invokeMethod(TestInvoker.java:687)
	at org.testng.internal.invokers.TestInvoker.invokeTestMethod(TestInvoker.java:230)
	at org.testng.internal.invokers.MethodRunner.runInSequence(MethodRunner.java:63)
	at org.testng.internal.invokers.TestInvoker$MethodInvocationAgent.invoke(TestInvoker.java:995)
	at org.testng.internal.invokers.TestInvoker.invokeTestMethods(TestInvoker.java:203)
	at org.testng.internal.invokers.TestMethodWorker.invokeTestMethods(TestMethodWorker.java:154)
	at org.testng.internal.invokers.TestMethodWorker.run(TestMethodWorker.java:134)
	at java.base/java.util.ArrayList.forEach(ArrayList.java:1596)
	at org.testng.TestRunner.privateRun(TestRunner.java:741)
	at org.testng.TestRunner.run(TestRunner.java:616)
	at org.testng.SuiteRunner.runTest(SuiteRunner.java:421)
	at org.testng.SuiteRunner$SuiteWorker.run(SuiteRunner.java:463)
	at org.testng.internal.thread.ThreadUtil.lambda$execute$0(ThreadUtil.java:64)
	at java.base/java.util.concurrent.FutureTask.run$$$capture(FutureTask.java:317)
	at java.base/java.util.concurrent.FutureTask.run(FutureTask.java)
	at java.base/java.util.concurrent.ThreadPoolExecutor.runWorker(ThreadPoolExecutor.java:1144)
	at java.base/java.util.concurrent.ThreadPoolExecutor$Worker.run(ThreadPoolExecutor.java:642)
	at java.base/java.lang.Thread.run(Thread.java:1583)
2026-01-18 15:15:24.703 INFO  listeners.Listener1 - Attaching pre-submit screenshot: C:\Users\2457157\IdeaProjects\HealthIndexCalculator\reports\screenshots\age_35__pulse_80__bp_80_120__type_negative_before_20260118_151518_065.png
2026-01-18 15:15:24.703 INFO  listeners.Listener1 - Attaching failure screenshot: C:\Users\2457157\IdeaProjects\HealthIndexCalculator\reports\screenshots\age_35__pulse_80__bp_80_120__type_negative_failed_no_alert_20260118_151522_206.png
2026-01-18 15:15:24.716 INFO  listeners.Listener1 - onTestStart -> sendData
2026-01-18 15:15:24.716 INFO  listeners.Listener1 - Parameters for sendData: [42, 70, 0/100, negative]
2026-01-18 15:15:24.727 INFO  tests.CalculatorFunctionalityTest - Executing data row: age='42', pulse='70', bp='0/100', testType='negative'
2026-01-18 15:15:26.769 INFO  tests.CalculatorFunctionalityTest - Clicking Calculate
2026-01-18 15:15:27.870 INFO  tests.CalculatorFunctionalityTest - Alert detected after submit
2026-01-18 15:15:27.935 INFO  tests.CalculatorFunctionalityTest - Negative case: navigatedToResult=false
2026-01-18 15:15:27.945 INFO  listeners.Listener1 - onTestSuccess -> sendData
2026-01-18 15:15:27.952 INFO  listeners.Listener1 - Deleting pre-submit screenshot for passed test: C:\Users\2457157\IdeaProjects\HealthIndexCalculator\reports\screenshots\age_31__pulse_68__bp__80__type_negative_before_20260118_151526_733.png
2026-01-18 15:15:27.993 INFO  listeners.Listener1 - onTestStart -> sendData
2026-01-18 15:15:28.002 INFO  listeners.Listener1 - Parameters for sendData: [25, 72, 118/76, positive]
2026-01-18 15:15:28.002 INFO  tests.CalculatorFunctionalityTest - Executing data row: age='25', pulse='72', bp='118/76', testType='positive'
2026-01-18 15:15:29.255 INFO  tests.CalculatorFunctionalityTest - Clicking Calculate
2026-01-18 15:15:32.121 INFO  tests.CalculatorFunctionalityTest - Clicking Calculate
2026-01-18 15:15:33.242 INFO  tests.CalculatorFunctionalityTest - No alert branch: navigatedToResult=true
2026-01-18 15:15:34.100 ERROR tests.CalculatorFunctionalityTest - Negative case failed: navigated without alert
2026-01-18 15:15:36.245 INFO  tests.CalculatorFunctionalityTest - No alert branch: navigatedToResult=true
2026-01-18 15:15:36.250 INFO  tests.CalculatorFunctionalityTest - Positive case passed: navigated; returning Home via logo text
2026-01-18 15:15:38.090 ERROR listeners.Listener1 - onTestFailure -> sendData
java.lang.AssertionError: The following asserts failed:
	NEGATIVE input incorrectly navigated to Result page without showing any alert.
	at org.testng.asserts.SoftAssert.assertAll(SoftAssert.java:46)
	at org.testng.asserts.SoftAssert.assertAll(SoftAssert.java:30)
	at tests.CalculatorFunctionalityTest.sendData(CalculatorFunctionalityTest.java:200)
	at java.base/jdk.internal.reflect.DirectMethodHandleAccessor.invoke(DirectMethodHandleAccessor.java:103)
	at java.base/java.lang.reflect.Method.invoke(Method.java:580)
	at org.testng.internal.invokers.MethodInvocationHelper.invokeMethod(MethodInvocationHelper.java:141)
	at org.testng.internal.invokers.TestInvoker.invokeMethod(TestInvoker.java:687)
	at org.testng.internal.invokers.TestInvoker.invokeTestMethod(TestInvoker.java:230)
	at org.testng.internal.invokers.MethodRunner.runInSequence(MethodRunner.java:63)
	at org.testng.internal.invokers.TestInvoker$MethodInvocationAgent.invoke(TestInvoker.java:995)
	at org.testng.internal.invokers.TestInvoker.invokeTestMethods(TestInvoker.java:203)
	at org.testng.internal.invokers.TestMethodWorker.invokeTestMethods(TestMethodWorker.java:154)
	at org.testng.internal.invokers.TestMethodWorker.run(TestMethodWorker.java:134)
	at java.base/java.util.ArrayList.forEach(ArrayList.java:1596)
	at org.testng.TestRunner.privateRun(TestRunner.java:741)
	at org.testng.TestRunner.run(TestRunner.java:616)
	at org.testng.SuiteRunner.runTest(SuiteRunner.java:421)
	at org.testng.SuiteRunner$SuiteWorker.run(SuiteRunner.java:463)
	at org.testng.internal.thread.ThreadUtil.lambda$execute$0(ThreadUtil.java:64)
	at java.base/java.util.concurrent.FutureTask.run$$$capture(FutureTask.java:317)
	at java.base/java.util.concurrent.FutureTask.run(FutureTask.java)
	at java.base/java.util.concurrent.ThreadPoolExecutor.runWorker(ThreadPoolExecutor.java:1144)
	at java.base/java.util.concurrent.ThreadPoolExecutor$Worker.run(ThreadPoolExecutor.java:642)
	at java.base/java.lang.Thread.run(Thread.java:1583)
2026-01-18 15:15:38.090 INFO  listeners.Listener1 - Attaching pre-submit screenshot: C:\Users\2457157\IdeaProjects\HealthIndexCalculator\reports\screenshots\age_42__pulse_70__bp_0_100__type_negative_before_20260118_151529_231.png
2026-01-18 15:15:38.104 INFO  listeners.Listener1 - Attaching failure screenshot: C:\Users\2457157\IdeaProjects\HealthIndexCalculator\reports\screenshots\age_42__pulse_70__bp_0_100__type_negative_failed_no_alert_20260118_151533_244.png
2026-01-18 15:15:38.149 INFO  listeners.Listener1 - onTestStart -> sendData
2026-01-18 15:15:38.149 INFO  listeners.Listener1 - Parameters for sendData: [55, 100, 122/0, negative]
2026-01-18 15:15:38.169 INFO  tests.CalculatorFunctionalityTest - Executing data row: age='55', pulse='100', bp='122/0', testType='negative'
2026-01-18 15:15:40.672 INFO  tests.CalculatorFunctionalityTest - Clicked 'VitalGuard' logo text to return Home
2026-01-18 15:15:40.676 INFO  listeners.Listener1 - onTestSuccess -> sendData
2026-01-18 15:15:40.676 INFO  listeners.Listener1 - Deleting pre-submit screenshot for passed test: C:\Users\2457157\IdeaProjects\HealthIndexCalculator\reports\screenshots\age_25__pulse_72__bp_118_76__type_positive_before_20260118_151532_103.png
2026-01-18 15:15:40.716 INFO  listeners.Listener1 - onTestStart -> sendData
2026-01-18 15:15:40.716 INFO  listeners.Listener1 - Parameters for sendData: [34, 64, 110/70, positive]
2026-01-18 15:15:40.716 INFO  tests.CalculatorFunctionalityTest - Executing data row: age='34', pulse='64', bp='110/70', testType='positive'
2026-01-18 15:15:42.398 INFO  tests.CalculatorFunctionalityTest - Clicking Calculate
2026-01-18 15:15:46.102 INFO  tests.CalculatorFunctionalityTest - Clicking Calculate
2026-01-18 15:15:48.773 INFO  tests.CalculatorFunctionalityTest - No alert branch: navigatedToResult=true
2026-01-18 15:15:49.650 ERROR tests.CalculatorFunctionalityTest - Negative case failed: navigated without alert
2026-01-18 15:15:50.135 ERROR listeners.Listener1 - onTestFailure -> sendData
java.lang.AssertionError: The following asserts failed:
	NEGATIVE input incorrectly navigated to Result page without showing any alert.
	at org.testng.asserts.SoftAssert.assertAll(SoftAssert.java:46)
	at org.testng.asserts.SoftAssert.assertAll(SoftAssert.java:30)
	at tests.CalculatorFunctionalityTest.sendData(CalculatorFunctionalityTest.java:200)
	at java.base/jdk.internal.reflect.DirectMethodHandleAccessor.invoke(DirectMethodHandleAccessor.java:103)
	at java.base/java.lang.reflect.Method.invoke(Method.java:580)
	at org.testng.internal.invokers.MethodInvocationHelper.invokeMethod(MethodInvocationHelper.java:141)
	at org.testng.internal.invokers.TestInvoker.invokeMethod(TestInvoker.java:687)
	at org.testng.internal.invokers.TestInvoker.invokeTestMethod(TestInvoker.java:230)
	at org.testng.internal.invokers.MethodRunner.runInSequence(MethodRunner.java:63)
	at org.testng.internal.invokers.TestInvoker$MethodInvocationAgent.invoke(TestInvoker.java:995)
	at org.testng.internal.invokers.TestInvoker.invokeTestMethods(TestInvoker.java:203)
	at org.testng.internal.invokers.TestMethodWorker.invokeTestMethods(TestMethodWorker.java:154)
	at org.testng.internal.invokers.TestMethodWorker.run(TestMethodWorker.java:134)
	at java.base/java.util.ArrayList.forEach(ArrayList.java:1596)
	at org.testng.TestRunner.privateRun(TestRunner.java:741)
	at org.testng.TestRunner.run(TestRunner.java:616)
	at org.testng.SuiteRunner.runTest(SuiteRunner.java:421)
	at org.testng.SuiteRunner$SuiteWorker.run(SuiteRunner.java:463)
	at org.testng.internal.thread.ThreadUtil.lambda$execute$0(ThreadUtil.java:64)
	at java.base/java.util.concurrent.FutureTask.run$$$capture(FutureTask.java:317)
	at java.base/java.util.concurrent.FutureTask.run(FutureTask.java)
	at java.base/java.util.concurrent.ThreadPoolExecutor.runWorker(ThreadPoolExecutor.java:1144)
	at java.base/java.util.concurrent.ThreadPoolExecutor$Worker.run(ThreadPoolExecutor.java:642)
	at java.base/java.lang.Thread.run(Thread.java:1583)
2026-01-18 15:15:50.135 INFO  listeners.Listener1 - Attaching pre-submit screenshot: C:\Users\2457157\IdeaProjects\HealthIndexCalculator\reports\screenshots\age_55__pulse_100__bp_122_0__type_negative_before_20260118_151542_360.png
2026-01-18 15:15:50.135 INFO  listeners.Listener1 - Attaching failure screenshot: C:\Users\2457157\IdeaProjects\HealthIndexCalculator\reports\screenshots\age_55__pulse_100__bp_122_0__type_negative_failed_no_alert_20260118_151548_773.png
2026-01-18 15:15:50.169 INFO  listeners.Listener1 - onTestStart -> sendData
2026-01-18 15:15:50.169 INFO  listeners.Listener1 - Parameters for sendData: [63, 65, 120/120, negative]
2026-01-18 15:15:50.169 INFO  tests.CalculatorFunctionalityTest - Executing data row: age='63', pulse='65', bp='120/120', testType='negative'
2026-01-18 15:15:51.752 INFO  tests.CalculatorFunctionalityTest - No alert branch: navigatedToResult=true
2026-01-18 15:15:51.752 INFO  tests.CalculatorFunctionalityTest - Positive case passed: navigated; returning Home via logo text
2026-01-18 15:15:52.807 INFO  tests.CalculatorFunctionalityTest - Clicking Calculate
2026-01-18 15:15:52.908 INFO  tests.CalculatorFunctionalityTest - Clicked 'VitalGuard' logo text to return Home
2026-01-18 15:15:52.908 INFO  listeners.Listener1 - onTestSuccess -> sendData
2026-01-18 15:15:52.911 INFO  listeners.Listener1 - Deleting pre-submit screenshot for passed test: C:\Users\2457157\IdeaProjects\HealthIndexCalculator\reports\screenshots\age_34__pulse_64__bp_110_70__type_positive_before_20260118_151546_069.png
2026-01-18 15:15:52.959 INFO  listeners.Listener1 - onTestStart -> sendData
2026-01-18 15:15:52.966 INFO  listeners.Listener1 - Parameters for sendData: [47, 82, 130/85, positive]
2026-01-18 15:15:52.966 INFO  tests.CalculatorFunctionalityTest - Executing data row: age='47', pulse='82', bp='130/85', testType='positive'
2026-01-18 15:15:55.728 INFO  tests.CalculatorFunctionalityTest - Clicking Calculate
2026-01-18 15:15:57.032 INFO  tests.CalculatorFunctionalityTest - No alert branch: navigatedToResult=true
2026-01-18 15:15:57.753 ERROR tests.CalculatorFunctionalityTest - Negative case failed: navigated without alert
2026-01-18 15:15:58.037 ERROR listeners.Listener1 - onTestFailure -> sendData
java.lang.AssertionError: The following asserts failed:
	NEGATIVE input incorrectly navigated to Result page without showing any alert.
	at org.testng.asserts.SoftAssert.assertAll(SoftAssert.java:46)
	at org.testng.asserts.SoftAssert.assertAll(SoftAssert.java:30)
	at tests.CalculatorFunctionalityTest.sendData(CalculatorFunctionalityTest.java:200)
	at java.base/jdk.internal.reflect.DirectMethodHandleAccessor.invoke(DirectMethodHandleAccessor.java:103)
	at java.base/java.lang.reflect.Method.invoke(Method.java:580)
	at org.testng.internal.invokers.MethodInvocationHelper.invokeMethod(MethodInvocationHelper.java:141)
	at org.testng.internal.invokers.TestInvoker.invokeMethod(TestInvoker.java:687)
	at org.testng.internal.invokers.TestInvoker.invokeTestMethod(TestInvoker.java:230)
	at org.testng.internal.invokers.MethodRunner.runInSequence(MethodRunner.java:63)
	at org.testng.internal.invokers.TestInvoker$MethodInvocationAgent.invoke(TestInvoker.java:995)
	at org.testng.internal.invokers.TestInvoker.invokeTestMethods(TestInvoker.java:203)
	at org.testng.internal.invokers.TestMethodWorker.invokeTestMethods(TestMethodWorker.java:154)
	at org.testng.internal.invokers.TestMethodWorker.run(TestMethodWorker.java:134)
	at java.base/java.util.ArrayList.forEach(ArrayList.java:1596)
	at org.testng.TestRunner.privateRun(TestRunner.java:741)
	at org.testng.TestRunner.run(TestRunner.java:616)
	at org.testng.SuiteRunner.runTest(SuiteRunner.java:421)
	at org.testng.SuiteRunner$SuiteWorker.run(SuiteRunner.java:463)
	at org.testng.internal.thread.ThreadUtil.lambda$execute$0(ThreadUtil.java:64)
	at java.base/java.util.concurrent.FutureTask.run$$$capture(FutureTask.java:317)
	at java.base/java.util.concurrent.FutureTask.run(FutureTask.java)
	at java.base/java.util.concurrent.ThreadPoolExecutor.runWorker(ThreadPoolExecutor.java:1144)
	at java.base/java.util.concurrent.ThreadPoolExecutor$Worker.run(ThreadPoolExecutor.java:642)
	at java.base/java.lang.Thread.run(Thread.java:1583)
2026-01-18 15:15:58.039 INFO  listeners.Listener1 - Attaching pre-submit screenshot: C:\Users\2457157\IdeaProjects\HealthIndexCalculator\reports\screenshots\age_63__pulse_65__bp_120_120__type_negative_before_20260118_151552_775.png
2026-01-18 15:15:58.039 INFO  listeners.Listener1 - Attaching failure screenshot: C:\Users\2457157\IdeaProjects\HealthIndexCalculator\reports\screenshots\age_63__pulse_65__bp_120_120__type_negative_failed_no_alert_20260118_151557_045.png
2026-01-18 15:15:58.060 INFO  listeners.Listener1 - onTestStart -> sendData
2026-01-18 15:15:58.062 INFO  listeners.Listener1 - Parameters for sendData: [29, 75, 120/, negative]
2026-01-18 15:15:58.068 INFO  tests.CalculatorFunctionalityTest - Executing data row: age='29', pulse='75', bp='120/', testType='negative'
2026-01-18 15:15:59.754 INFO  tests.CalculatorFunctionalityTest - No alert branch: navigatedToResult=true
2026-01-18 15:15:59.754 INFO  tests.CalculatorFunctionalityTest - Positive case passed: navigated; returning Home via logo text
2026-01-18 15:15:59.900 INFO  tests.CalculatorFunctionalityTest - Clicking Calculate
2026-01-18 15:16:00.717 INFO  tests.CalculatorFunctionalityTest - Clicked 'VitalGuard' logo text to return Home
2026-01-18 15:16:00.725 INFO  listeners.Listener1 - onTestSuccess -> sendData
2026-01-18 15:16:00.725 INFO  listeners.Listener1 - Deleting pre-submit screenshot for passed test: C:\Users\2457157\IdeaProjects\HealthIndexCalculator\reports\screenshots\age_47__pulse_82__bp_130_85__type_positive_before_20260118_151555_716.png
2026-01-18 15:16:00.800 INFO  listeners.Listener1 - onTestStart -> sendData
2026-01-18 15:16:00.800 INFO  listeners.Listener1 - Parameters for sendData: [58, 96, 140/95, positive]
2026-01-18 15:16:00.800 INFO  tests.CalculatorFunctionalityTest - Executing data row: age='58', pulse='96', bp='140/95', testType='positive'
2026-01-18 15:16:01.067 INFO  tests.CalculatorFunctionalityTest - Alert detected after submit
2026-01-18 15:16:01.295 INFO  tests.CalculatorFunctionalityTest - Negative case: navigatedToResult=false
2026-01-18 15:16:01.298 INFO  listeners.Listener1 - onTestSuccess -> sendData
2026-01-18 15:16:01.300 INFO  listeners.Listener1 - Deleting pre-submit screenshot for passed test: C:\Users\2457157\IdeaProjects\HealthIndexCalculator\reports\screenshots\age_29__pulse_75__bp_120___type_negative_before_20260118_151559_892.png
2026-01-18 15:16:01.331 INFO  listeners.Listener1 - onTestStart -> sendData
2026-01-18 15:16:01.340 INFO  listeners.Listener1 - Parameters for sendData: [31, 68, /80, negative]
2026-01-18 15:16:01.351 INFO  tests.CalculatorFunctionalityTest - Executing data row: age='31', pulse='68', bp='/80', testType='negative'
2026-01-18 15:16:06.136 INFO  tests.CalculatorFunctionalityTest - Clicking Calculate
2026-01-18 15:16:06.150 INFO  tests.CalculatorFunctionalityTest - Clicking Calculate
2026-01-18 15:16:07.053 INFO  tests.CalculatorFunctionalityTest - Alert detected after submit
2026-01-18 15:16:07.121 INFO  tests.CalculatorFunctionalityTest - Negative case: navigatedToResult=false
2026-01-18 15:16:07.121 INFO  listeners.Listener1 - onTestSuccess -> sendData
2026-01-18 15:16:07.121 INFO  listeners.Listener1 - Deleting pre-submit screenshot for passed test: C:\Users\2457157\IdeaProjects\HealthIndexCalculator\reports\screenshots\age_31__pulse_68__bp__80__type_negative_before_20260118_151606_082.png
2026-01-18 15:16:07.178 INFO  listeners.Listener1 - onTestStart -> sendData
2026-01-18 15:16:07.181 INFO  listeners.Listener1 - Parameters for sendData: [25, 72, 118/76, positive]
2026-01-18 15:16:07.184 INFO  tests.CalculatorFunctionalityTest - Executing data row: age='25', pulse='72', bp='118/76', testType='positive'
2026-01-18 15:16:09.548 INFO  tests.CalculatorFunctionalityTest - Clicking Calculate
2026-01-18 15:16:10.366 INFO  tests.CalculatorFunctionalityTest - No alert branch: navigatedToResult=true
2026-01-18 15:16:10.366 INFO  tests.CalculatorFunctionalityTest - Positive case passed: navigated; returning Home via logo text
2026-01-18 15:16:11.083 INFO  tests.CalculatorFunctionalityTest - Clicked 'VitalGuard' logo text to return Home
2026-01-18 15:16:11.083 INFO  listeners.Listener1 - onTestSuccess -> sendData
2026-01-18 15:16:11.102 INFO  listeners.Listener1 - Deleting pre-submit screenshot for passed test: C:\Users\2457157\IdeaProjects\HealthIndexCalculator\reports\screenshots\age_58__pulse_96__bp_140_95__type_positive_before_20260118_151606_101.png
2026-01-18 15:16:11.134 INFO  listeners.Listener1 - onTestStart -> sendData
2026-01-18 15:16:11.134 INFO  listeners.Listener1 - Parameters for sendData: [72, 60, 150/100, positive]
2026-01-18 15:16:11.134 INFO  tests.CalculatorFunctionalityTest - Executing data row: age='72', pulse='60', bp='150/100', testType='positive'
2026-01-18 15:16:13.308 INFO  tests.CalculatorFunctionalityTest - No alert branch: navigatedToResult=true
2026-01-18 15:16:13.308 INFO  tests.CalculatorFunctionalityTest - Positive case passed: navigated; returning Home via logo text
2026-01-18 15:16:14.060 INFO  tests.CalculatorFunctionalityTest - Clicked 'VitalGuard' logo text to return Home
2026-01-18 15:16:14.060 INFO  listeners.Listener1 - onTestSuccess -> sendData
2026-01-18 15:16:14.062 INFO  listeners.Listener1 - Deleting pre-submit screenshot for passed test: C:\Users\2457157\IdeaProjects\HealthIndexCalculator\reports\screenshots\age_25__pulse_72__bp_118_76__type_positive_before_20260118_151609_540.png
2026-01-18 15:16:14.126 INFO  listeners.Listener1 - onTestStart -> sendData
2026-01-18 15:16:14.126 INFO  listeners.Listener1 - Parameters for sendData: [34, 64, 110/70, positive]
2026-01-18 15:16:14.135 INFO  tests.CalculatorFunctionalityTest - Executing data row: age='34', pulse='64', bp='110/70', testType='positive'
2026-01-18 15:16:14.781 INFO  tests.CalculatorFunctionalityTest - Clicking Calculate
2026-01-18 15:16:16.849 INFO  tests.CalculatorFunctionalityTest - Clicking Calculate
2026-01-18 15:16:18.634 INFO  tests.CalculatorFunctionalityTest - No alert branch: navigatedToResult=true
2026-01-18 15:16:18.634 INFO  tests.CalculatorFunctionalityTest - Positive case passed: navigated; returning Home via logo text
2026-01-18 15:16:19.465 INFO  tests.CalculatorFunctionalityTest - Clicked 'VitalGuard' logo text to return Home
2026-01-18 15:16:19.465 INFO  listeners.Listener1 - onTestSuccess -> sendData
2026-01-18 15:16:19.465 INFO  listeners.Listener1 - Deleting pre-submit screenshot for passed test: C:\Users\2457157\IdeaProjects\HealthIndexCalculator\reports\screenshots\age_72__pulse_60__bp_150_100__type_positive_before_20260118_151614_756.png
2026-01-18 15:16:19.519 INFO  listeners.Listener1 - onTestStart -> sendData
2026-01-18 15:16:19.519 INFO  listeners.Listener1 - Parameters for sendData: [5, 100, 95/60, positive]
2026-01-18 15:16:19.519 INFO  tests.CalculatorFunctionalityTest - Executing data row: age='5', pulse='100', bp='95/60', testType='positive'
2026-01-18 15:16:20.628 INFO  tests.CalculatorFunctionalityTest - No alert branch: navigatedToResult=true
2026-01-18 15:16:20.628 INFO  tests.CalculatorFunctionalityTest - Positive case passed: navigated; returning Home via logo text
2026-01-18 15:16:21.137 INFO  tests.CalculatorFunctionalityTest - Clicked 'VitalGuard' logo text to return Home
2026-01-18 15:16:21.137 INFO  listeners.Listener1 - onTestSuccess -> sendData
2026-01-18 15:16:21.137 INFO  listeners.Listener1 - Deleting pre-submit screenshot for passed test: C:\Users\2457157\IdeaProjects\HealthIndexCalculator\reports\screenshots\age_34__pulse_64__bp_110_70__type_positive_before_20260118_151616_833.png
2026-01-18 15:16:21.169 INFO  listeners.Listener1 - onTestStart -> sendData
2026-01-18 15:16:21.169 INFO  listeners.Listener1 - Parameters for sendData: [47, 82, 130/85, positive]
2026-01-18 15:16:21.178 INFO  tests.CalculatorFunctionalityTest - Executing data row: age='47', pulse='82', bp='130/85', testType='positive'
2026-01-18 15:16:22.666 INFO  tests.CalculatorFunctionalityTest - Clicking Calculate
2026-01-18 15:16:24.017 INFO  tests.CalculatorFunctionalityTest - Clicking Calculate
2026-01-18 15:16:26.949 INFO  tests.CalculatorFunctionalityTest - No alert branch: navigatedToResult=true
2026-01-18 15:16:26.958 INFO  tests.CalculatorFunctionalityTest - Positive case passed: navigated; returning Home via logo text
2026-01-18 15:16:28.196 INFO  tests.CalculatorFunctionalityTest - No alert branch: navigatedToResult=true
2026-01-18 15:16:28.196 INFO  tests.CalculatorFunctionalityTest - Positive case passed: navigated; returning Home via logo text
2026-01-18 15:16:28.220 INFO  tests.CalculatorFunctionalityTest - Clicked 'VitalGuard' logo text to return Home
2026-01-18 15:16:28.220 INFO  listeners.Listener1 - onTestSuccess -> sendData
2026-01-18 15:16:28.220 INFO  listeners.Listener1 - Deleting pre-submit screenshot for passed test: C:\Users\2457157\IdeaProjects\HealthIndexCalculator\reports\screenshots\age_5__pulse_100__bp_95_60__type_positive_before_20260118_151622_658.png
2026-01-18 15:16:28.271 INFO  listeners.Listener1 - onTestStart -> sendData
2026-01-18 15:16:28.271 INFO  listeners.Listener1 - Parameters for sendData: [88, 58, 160/70, positive]
2026-01-18 15:16:28.271 INFO  tests.CalculatorFunctionalityTest - Executing data row: age='88', pulse='58', bp='160/70', testType='positive'
2026-01-18 15:16:29.318 INFO  tests.CalculatorFunctionalityTest - Clicked 'VitalGuard' logo text to return Home
2026-01-18 15:16:29.327 INFO  listeners.Listener1 - onTestSuccess -> sendData
2026-01-18 15:16:29.327 INFO  listeners.Listener1 - Deleting pre-submit screenshot for passed test: C:\Users\2457157\IdeaProjects\HealthIndexCalculator\reports\screenshots\age_47__pulse_82__bp_130_85__type_positive_before_20260118_151624_009.png
2026-01-18 15:16:29.384 INFO  listeners.Listener1 - onTestStart -> sendData
2026-01-18 15:16:29.384 INFO  listeners.Listener1 - Parameters for sendData: [58, 96, 140/95, positive]
2026-01-18 15:16:29.384 INFO  tests.CalculatorFunctionalityTest - Executing data row: age='58', pulse='96', bp='140/95', testType='positive'
2026-01-18 15:16:33.485 INFO  tests.CalculatorFunctionalityTest - Clicking Calculate
2026-01-18 15:16:34.060 INFO  tests.CalculatorFunctionalityTest - Clicking Calculate
2026-01-18 15:16:38.469 INFO  tests.CalculatorFunctionalityTest - No alert branch: navigatedToResult=true
2026-01-18 15:16:38.469 INFO  tests.CalculatorFunctionalityTest - Positive case passed: navigated; returning Home via logo text
2026-01-18 15:16:38.560 INFO  tests.CalculatorFunctionalityTest - No alert branch: navigatedToResult=true
2026-01-18 15:16:38.560 INFO  tests.CalculatorFunctionalityTest - Positive case passed: navigated; returning Home via logo text
2026-01-18 15:16:39.475 INFO  tests.CalculatorFunctionalityTest - Clicked 'VitalGuard' logo text to return Home
2026-01-18 15:16:39.475 INFO  listeners.Listener1 - onTestSuccess -> sendData
2026-01-18 15:16:39.475 INFO  listeners.Listener1 - Deleting pre-submit screenshot for passed test: C:\Users\2457157\IdeaProjects\HealthIndexCalculator\reports\screenshots\age_88__pulse_58__bp_160_70__type_positive_before_20260118_151634_034.png
2026-01-18 15:16:39.552 INFO  listeners.Listener1 - onTestStart -> sendData
2026-01-18 15:16:39.552 INFO  listeners.Listener1 - Parameters for sendData: [40, 40, 90/50, positive]
2026-01-18 15:16:39.552 INFO  tests.CalculatorFunctionalityTest - Executing data row: age='40', pulse='40', bp='90/50', testType='positive'
2026-01-18 15:16:40.036 INFO  tests.CalculatorFunctionalityTest - Clicked 'VitalGuard' logo text to return Home
2026-01-18 15:16:40.036 INFO  listeners.Listener1 - onTestSuccess -> sendData
2026-01-18 15:16:40.036 INFO  listeners.Listener1 - Deleting pre-submit screenshot for passed test: C:\Users\2457157\IdeaProjects\HealthIndexCalculator\reports\screenshots\age_58__pulse_96__bp_140_95__type_positive_before_20260118_151633_453.png
2026-01-18 15:16:40.093 INFO  listeners.Listener1 - onTestStart -> sendData
2026-01-18 15:16:40.093 INFO  listeners.Listener1 - Parameters for sendData: [72, 60, 150/100, positive]
2026-01-18 15:16:40.106 INFO  tests.CalculatorFunctionalityTest - Executing data row: age='72', pulse='60', bp='150/100', testType='positive'
2026-01-18 15:16:42.892 INFO  tests.CalculatorFunctionalityTest - Clicking Calculate
2026-01-18 15:16:44.135 INFO  tests.CalculatorFunctionalityTest - Clicking Calculate
2026-01-18 15:16:47.714 INFO  tests.CalculatorFunctionalityTest - No alert branch: navigatedToResult=true
2026-01-18 15:16:47.714 INFO  tests.CalculatorFunctionalityTest - Positive case passed: navigated; returning Home via logo text
2026-01-18 15:16:48.504 INFO  tests.CalculatorFunctionalityTest - Clicked 'VitalGuard' logo text to return Home
2026-01-18 15:16:48.504 INFO  listeners.Listener1 - onTestSuccess -> sendData
2026-01-18 15:16:48.504 INFO  listeners.Listener1 - Deleting pre-submit screenshot for passed test: C:\Users\2457157\IdeaProjects\HealthIndexCalculator\reports\screenshots\age_40__pulse_40__bp_90_50__type_positive_before_20260118_151642_832.png
2026-01-18 15:16:48.571 INFO  listeners.Listener1 - onTestStart -> sendData
2026-01-18 15:16:48.571 INFO  listeners.Listener1 - Parameters for sendData: [40, 140, 170/110, negative]
2026-01-18 15:16:48.571 INFO  tests.CalculatorFunctionalityTest - Executing data row: age='40', pulse='140', bp='170/110', testType='negative'
2026-01-18 15:16:48.578 INFO  tests.CalculatorFunctionalityTest - No alert branch: navigatedToResult=true
2026-01-18 15:16:48.579 INFO  tests.CalculatorFunctionalityTest - Positive case passed: navigated; returning Home via logo text
2026-01-18 15:16:49.018 INFO  tests.CalculatorFunctionalityTest - Clicked 'VitalGuard' logo text to return Home
2026-01-18 15:16:49.018 INFO  listeners.Listener1 - onTestSuccess -> sendData
2026-01-18 15:16:49.018 INFO  listeners.Listener1 - Deleting pre-submit screenshot for passed test: C:\Users\2457157\IdeaProjects\HealthIndexCalculator\reports\screenshots\age_72__pulse_60__bp_150_100__type_positive_before_20260118_151644_104.png
2026-01-18 15:16:49.098 INFO  listeners.Listener1 - onTestStart -> sendData
2026-01-18 15:16:49.098 INFO  listeners.Listener1 - Parameters for sendData: [5, 100, 95/60, positive]
2026-01-18 15:16:49.098 INFO  tests.CalculatorFunctionalityTest - Executing data row: age='5', pulse='100', bp='95/60', testType='positive'
2026-01-18 15:16:51.009 INFO  tests.CalculatorFunctionalityTest - Clicking Calculate
2026-01-18 15:16:51.189 INFO  tests.CalculatorFunctionalityTest - Clicking Calculate
2026-01-18 15:16:54.747 INFO  tests.CalculatorFunctionalityTest - No alert branch: navigatedToResult=true
2026-01-18 15:16:54.747 INFO  tests.CalculatorFunctionalityTest - Positive case passed: navigated; returning Home via logo text
2026-01-18 15:16:54.867 INFO  tests.CalculatorFunctionalityTest - No alert branch: navigatedToResult=true
2026-01-18 15:16:55.411 INFO  tests.CalculatorFunctionalityTest - Clicked 'VitalGuard' logo text to return Home
2026-01-18 15:16:55.415 INFO  listeners.Listener1 - onTestSuccess -> sendData
2026-01-18 15:16:55.415 INFO  listeners.Listener1 - Deleting pre-submit screenshot for passed test: C:\Users\2457157\IdeaProjects\HealthIndexCalculator\reports\screenshots\age_5__pulse_100__bp_95_60__type_positive_before_20260118_151650_992.png
2026-01-18 15:16:55.434 INFO  listeners.Listener1 - onTestStart -> sendData
2026-01-18 15:16:55.434 INFO  listeners.Listener1 - Parameters for sendData: [88, 58, 160/70, positive]
2026-01-18 15:16:55.434 INFO  tests.CalculatorFunctionalityTest - Executing data row: age='88', pulse='58', bp='160/70', testType='positive'
2026-01-18 15:16:55.664 ERROR tests.CalculatorFunctionalityTest - Negative case failed: navigated without alert
2026-01-18 15:16:56.188 ERROR listeners.Listener1 - onTestFailure -> sendData
java.lang.AssertionError: The following asserts failed:
	NEGATIVE input incorrectly navigated to Result page without showing any alert.
	at org.testng.asserts.SoftAssert.assertAll(SoftAssert.java:46)
	at org.testng.asserts.SoftAssert.assertAll(SoftAssert.java:30)
	at tests.CalculatorFunctionalityTest.sendData(CalculatorFunctionalityTest.java:200)
	at java.base/jdk.internal.reflect.DirectMethodHandleAccessor.invoke(DirectMethodHandleAccessor.java:103)
	at java.base/java.lang.reflect.Method.invoke(Method.java:580)
	at org.testng.internal.invokers.MethodInvocationHelper.invokeMethod(MethodInvocationHelper.java:141)
	at org.testng.internal.invokers.TestInvoker.invokeMethod(TestInvoker.java:687)
	at org.testng.internal.invokers.TestInvoker.invokeTestMethod(TestInvoker.java:230)
	at org.testng.internal.invokers.MethodRunner.runInSequence(MethodRunner.java:63)
	at org.testng.internal.invokers.TestInvoker$MethodInvocationAgent.invoke(TestInvoker.java:995)
	at org.testng.internal.invokers.TestInvoker.invokeTestMethods(TestInvoker.java:203)
	at org.testng.internal.invokers.TestMethodWorker.invokeTestMethods(TestMethodWorker.java:154)
	at org.testng.internal.invokers.TestMethodWorker.run(TestMethodWorker.java:134)
	at java.base/java.util.ArrayList.forEach(ArrayList.java:1596)
	at org.testng.TestRunner.privateRun(TestRunner.java:741)
	at org.testng.TestRunner.run(TestRunner.java:616)
	at org.testng.SuiteRunner.runTest(SuiteRunner.java:421)
	at org.testng.SuiteRunner$SuiteWorker.run(SuiteRunner.java:463)
	at org.testng.internal.thread.ThreadUtil.lambda$execute$0(ThreadUtil.java:64)
	at java.base/java.util.concurrent.FutureTask.run$$$capture(FutureTask.java:317)
	at java.base/java.util.concurrent.FutureTask.run(FutureTask.java)
	at java.base/java.util.concurrent.ThreadPoolExecutor.runWorker(ThreadPoolExecutor.java:1144)
	at java.base/java.util.concurrent.ThreadPoolExecutor$Worker.run(ThreadPoolExecutor.java:642)
	at java.base/java.lang.Thread.run(Thread.java:1583)
2026-01-18 15:16:56.188 INFO  listeners.Listener1 - Attaching pre-submit screenshot: C:\Users\2457157\IdeaProjects\HealthIndexCalculator\reports\screenshots\age_40__pulse_140__bp_170_110__type_negative_before_20260118_151651_166.png
2026-01-18 15:16:56.188 INFO  listeners.Listener1 - Attaching failure screenshot: C:\Users\2457157\IdeaProjects\HealthIndexCalculator\reports\screenshots\age_40__pulse_140__bp_170_110__type_negative_failed_no_alert_20260118_151654_867.png
2026-01-18 15:16:57.542 INFO  tests.CalculatorFunctionalityTest - Clicking Calculate
2026-01-18 15:17:01.208 INFO  tests.CalculatorFunctionalityTest - No alert branch: navigatedToResult=true
2026-01-18 15:17:01.213 INFO  tests.CalculatorFunctionalityTest - Positive case passed: navigated; returning Home via logo text
2026-01-18 15:17:01.636 INFO  tests.CalculatorFunctionalityTest - Clicked 'VitalGuard' logo text to return Home
2026-01-18 15:17:01.636 INFO  listeners.Listener1 - onTestSuccess -> sendData
2026-01-18 15:17:01.636 INFO  listeners.Listener1 - Deleting pre-submit screenshot for passed test: C:\Users\2457157\IdeaProjects\HealthIndexCalculator\reports\screenshots\age_88__pulse_58__bp_160_70__type_positive_before_20260118_151657_535.png
2026-01-18 15:17:01.666 INFO  listeners.Listener1 - onTestStart -> sendData
2026-01-18 15:17:01.666 INFO  listeners.Listener1 - Parameters for sendData: [40, 40, 90/50, positive]
2026-01-18 15:17:01.666 INFO  tests.CalculatorFunctionalityTest - Executing data row: age='40', pulse='40', bp='90/50', testType='positive'
2026-01-18 15:17:04.598 INFO  tests.CalculatorFunctionalityTest - Clicking Calculate
2026-01-18 15:17:09.196 INFO  tests.CalculatorFunctionalityTest - No alert branch: navigatedToResult=true
2026-01-18 15:17:09.196 INFO  tests.CalculatorFunctionalityTest - Positive case passed: navigated; returning Home via logo text
2026-01-18 15:17:09.804 INFO  tests.CalculatorFunctionalityTest - Clicked 'VitalGuard' logo text to return Home
2026-01-18 15:17:09.804 INFO  listeners.Listener1 - onTestSuccess -> sendData
2026-01-18 15:17:09.814 INFO  listeners.Listener1 - Deleting pre-submit screenshot for passed test: C:\Users\2457157\IdeaProjects\HealthIndexCalculator\reports\screenshots\age_40__pulse_40__bp_90_50__type_positive_before_20260118_151704_580.png
2026-01-18 15:17:09.847 INFO  listeners.Listener1 - onTestStart -> sendData
2026-01-18 15:17:09.847 INFO  listeners.Listener1 - Parameters for sendData: [40, 140, 170/110, negative]
2026-01-18 15:17:09.847 INFO  tests.CalculatorFunctionalityTest - Executing data row: age='40', pulse='140', bp='170/110', testType='negative'
2026-01-18 15:17:12.407 INFO  tests.CalculatorFunctionalityTest - Clicking Calculate
2026-01-18 15:17:16.217 INFO  tests.CalculatorFunctionalityTest - No alert branch: navigatedToResult=true
2026-01-18 15:17:16.863 ERROR tests.CalculatorFunctionalityTest - Negative case failed: navigated without alert
2026-01-18 15:17:17.309 ERROR listeners.Listener1 - onTestFailure -> sendData
java.lang.AssertionError: The following asserts failed:
	NEGATIVE input incorrectly navigated to Result page without showing any alert.
	at org.testng.asserts.SoftAssert.assertAll(SoftAssert.java:46)
	at org.testng.asserts.SoftAssert.assertAll(SoftAssert.java:30)
	at tests.CalculatorFunctionalityTest.sendData(CalculatorFunctionalityTest.java:200)
	at java.base/jdk.internal.reflect.DirectMethodHandleAccessor.invoke(DirectMethodHandleAccessor.java:103)
	at java.base/java.lang.reflect.Method.invoke(Method.java:580)
	at org.testng.internal.invokers.MethodInvocationHelper.invokeMethod(MethodInvocationHelper.java:141)
	at org.testng.internal.invokers.TestInvoker.invokeMethod(TestInvoker.java:687)
	at org.testng.internal.invokers.TestInvoker.invokeTestMethod(TestInvoker.java:230)
	at org.testng.internal.invokers.MethodRunner.runInSequence(MethodRunner.java:63)
	at org.testng.internal.invokers.TestInvoker$MethodInvocationAgent.invoke(TestInvoker.java:995)
	at org.testng.internal.invokers.TestInvoker.invokeTestMethods(TestInvoker.java:203)
	at org.testng.internal.invokers.TestMethodWorker.invokeTestMethods(TestMethodWorker.java:154)
	at org.testng.internal.invokers.TestMethodWorker.run(TestMethodWorker.java:134)
	at java.base/java.util.ArrayList.forEach(ArrayList.java:1596)
	at org.testng.TestRunner.privateRun(TestRunner.java:741)
	at org.testng.TestRunner.run(TestRunner.java:616)
	at org.testng.SuiteRunner.runTest(SuiteRunner.java:421)
	at org.testng.SuiteRunner$SuiteWorker.run(SuiteRunner.java:463)
	at org.testng.internal.thread.ThreadUtil.lambda$execute$0(ThreadUtil.java:64)
	at java.base/java.util.concurrent.FutureTask.run$$$capture(FutureTask.java:317)
	at java.base/java.util.concurrent.FutureTask.run(FutureTask.java)
	at java.base/java.util.concurrent.ThreadPoolExecutor.runWorker(ThreadPoolExecutor.java:1144)
	at java.base/java.util.concurrent.ThreadPoolExecutor$Worker.run(ThreadPoolExecutor.java:642)
	at java.base/java.lang.Thread.run(Thread.java:1583)
2026-01-18 15:17:17.309 INFO  listeners.Listener1 - Attaching pre-submit screenshot: C:\Users\2457157\IdeaProjects\HealthIndexCalculator\reports\screenshots\age_40__pulse_140__bp_170_110__type_negative_before_20260118_151712_391.png
2026-01-18 15:17:17.315 INFO  listeners.Listener1 - Attaching failure screenshot: C:\Users\2457157\IdeaProjects\HealthIndexCalculator\reports\screenshots\age_40__pulse_140__bp_170_110__type_negative_failed_no_alert_20260118_151716_217.png
2026-01-18 15:17:29.284 INFO  tests.CalculatorFunctionalityTest - Tearing down webdriver
2026-01-18 15:17:29.284 INFO  tests.CalculatorFunctionalityTest - WebDriver quit successfully
2026-01-18 15:17:29.291 INFO  listeners.Listener1 - onTestStart -> isResultDisplayed
2026-01-18 15:17:29.291 INFO  tests.ResultsPageUiTest - === Starting 'isResultDisplayed' test ===
2026-01-18 15:17:29.375 INFO  tests.ResultsPageUiTest - Result displayed? true
2026-01-18 15:17:29.375 INFO  tests.ResultsPageUiTest - PASS: Result is displayed
2026-01-18 15:17:29.375 INFO  tests.ResultsPageUiTest - === Completed 'isResultDisplayed' test ===
2026-01-18 15:17:29.375 INFO  listeners.Listener1 - onTestSuccess -> isResultDisplayed
2026-01-18 15:17:29.394 INFO  listeners.Listener1 - onTestStart -> gotoTeamDetails
2026-01-18 15:17:29.394 INFO  tests.HomePageValidationTest - Navigating to Team Details from Home page
2026-01-18 15:17:29.977 INFO  tests.HomePageValidationTest - URL after goToTeamDetails(): https://hackvyatharth.github.io/Vitalguard_Team_Vanguardians/#foot
2026-01-18 15:17:29.993 INFO  tests.HomePageValidationTest - PASS: 'gotoTeamDetails' assertion passed
2026-01-18 15:17:29.993 INFO  listeners.Listener1 - onTestSuccess -> gotoTeamDetails
2026-01-18 15:17:29.997 INFO  tests.HomePageValidationTest - Tearing down webdriver
2026-01-18 15:17:44.366 INFO  tests.CalculatorFunctionalityTest - Tearing down webdriver
2026-01-18 15:17:44.366 INFO  tests.CalculatorFunctionalityTest - WebDriver quit successfully
2026-01-18 15:17:44.380 INFO  listeners.Listener1 - onTestStart -> isResultDisplayed
2026-01-18 15:17:44.380 INFO  tests.ResultsPageUiTest - === Starting 'isResultDisplayed' test ===
2026-01-18 15:17:44.477 INFO  tests.ResultsPageUiTest - Result displayed? true
2026-01-18 15:17:44.477 INFO  tests.ResultsPageUiTest - PASS: Result is displayed
2026-01-18 15:17:44.477 INFO  tests.ResultsPageUiTest - === Completed 'isResultDisplayed' test ===
2026-01-18 15:17:44.477 INFO  listeners.Listener1 - onTestSuccess -> isResultDisplayed
2026-01-18 15:17:44.493 INFO  listeners.Listener1 - onTestStart -> gotoTeamDetails
2026-01-18 15:17:44.493 INFO  tests.HomePageValidationTest - Navigating to Team Details from Home page
2026-01-18 15:17:44.962 INFO  tests.HomePageValidationTest - URL after goToTeamDetails(): https://hackvyatharth.github.io/Vitalguard_Team_Vanguardians/#foot
2026-01-18 15:17:44.962 INFO  tests.HomePageValidationTest - PASS: 'gotoTeamDetails' assertion passed
2026-01-18 15:17:44.962 INFO  listeners.Listener1 - onTestSuccess -> gotoTeamDetails
2026-01-18 15:17:44.962 INFO  tests.HomePageValidationTest - Tearing down webdriver
2026-01-18 15:17:45.528 INFO  tests.HomePageValidationTest - WebDriver quit successfully
2026-01-18 15:17:45.528 INFO  listeners.Listener1 - onTestStart -> gotoTeamDetails
2026-01-18 15:17:45.528 INFO  t.BloodPressurePageValidationTest - Navigating to Team Details via BloodPressurePage.goToTeamDetails()...
2026-01-18 15:17:46.058 INFO  t.BloodPressurePageValidationTest - URL after goToTeamDetails(): https://hackvyatharth.github.io/Vitalguard_Team_Vanguardians/#foot
2026-01-18 15:17:46.058 INFO  t.BloodPressurePageValidationTest - PASS: Team Details navigation assertion passed.
2026-01-18 15:17:46.058 INFO  listeners.Listener1 - onTestSuccess -> gotoTeamDetails
2026-01-18 15:17:46.058 INFO  t.BloodPressurePageValidationTest - Tearing down webdriver
2026-01-18 15:17:53.510 INFO  tests.HomePageValidationTest - WebDriver quit successfully
2026-01-18 15:17:53.513 INFO  listeners.Listener1 - onTestStart -> gotoTeamDetails
2026-01-18 15:17:53.513 INFO  t.BloodPressurePageValidationTest - Navigating to Team Details via BloodPressurePage.goToTeamDetails()...
2026-01-18 15:17:54.035 INFO  t.BloodPressurePageValidationTest - URL after goToTeamDetails(): https://hackvyatharth.github.io/Vitalguard_Team_Vanguardians/#foot
2026-01-18 15:17:54.035 INFO  t.BloodPressurePageValidationTest - PASS: Team Details navigation assertion passed.
2026-01-18 15:17:54.035 INFO  listeners.Listener1 - onTestSuccess -> gotoTeamDetails
2026-01-18 15:17:54.038 INFO  t.BloodPressurePageValidationTest - Tearing down webdriver
2026-01-18 15:17:54.214 INFO  t.BloodPressurePageValidationTest - WebDriver quit successfully
2026-01-18 15:17:54.216 INFO  listeners.Listener1 - onTestStart -> gotoTeamDetails
2026-01-18 15:17:54.216 INFO  tests.AgeFactorPageValidationTest - Navigating to Team Details via AgeFactorPage.goToTeamDetails()
2026-01-18 15:17:54.887 INFO  tests.AgeFactorPageValidationTest - PASS: Team Details navigation assertion passed
2026-01-18 15:17:54.887 INFO  listeners.Listener1 - onTestSuccess -> gotoTeamDetails
2026-01-18 15:17:54.903 INFO  tests.AgeFactorPageValidationTest - Tearing down webdriver
2026-01-18 15:18:03.398 INFO  t.BloodPressurePageValidationTest - WebDriver quit successfully
2026-01-18 15:18:03.401 INFO  listeners.Listener1 - onTestStart -> gotoTeamDetails
2026-01-18 15:18:03.407 INFO  tests.AgeFactorPageValidationTest - Navigating to Team Details via AgeFactorPage.goToTeamDetails()
2026-01-18 15:18:03.743 INFO  tests.AgeFactorPageValidationTest - WebDriver quit successfully
2026-01-18 15:18:03.748 INFO  listeners.Listener1 - onTestStart -> gotoAgeFactor
2026-01-18 15:18:03.750 INFO  tests.TeamDetailsPageValidationTest - === Starting 'gotoAgeFactor' test ===
2026-01-18 15:18:03.844 INFO  tests.AgeFactorPageValidationTest - PASS: Team Details navigation assertion passed
2026-01-18 15:18:03.844 INFO  listeners.Listener1 - onTestSuccess -> gotoTeamDetails
2026-01-18 15:18:03.850 INFO  tests.AgeFactorPageValidationTest - Tearing down webdriver
2026-01-18 15:18:04.195 INFO  tests.TeamDetailsPageValidationTest - Current URL after gotoAgeFactor(): https://hackvyatharth.github.io/Vitalguard_Team_Vanguardians/#ageFactor
2026-01-18 15:18:04.195 INFO  tests.TeamDetailsPageValidationTest - PASS: 'gotoAgeFactor' assertion passed (URL contains '#ageFactor')
2026-01-18 15:18:04.195 INFO  tests.TeamDetailsPageValidationTest - === Completed 'gotoAgeFactor' test ===
2026-01-18 15:18:04.195 INFO  listeners.Listener1 - onTestSuccess -> gotoAgeFactor
2026-01-18 15:18:04.195 INFO  tests.TeamDetailsPageValidationTest - Tearing down webdriver
2026-01-18 15:18:11.644 INFO  tests.AgeFactorPageValidationTest - WebDriver quit successfully
2026-01-18 15:18:11.650 INFO  listeners.Listener1 - onTestStart -> gotoAgeFactor
2026-01-18 15:18:11.652 INFO  tests.TeamDetailsPageValidationTest - === Starting 'gotoAgeFactor' test ===
2026-01-18 15:18:11.962 INFO  tests.TeamDetailsPageValidationTest - WebDriver quit successfully
2026-01-18 15:18:11.964 INFO  listeners.Listener1 - onTestStart -> isFeedbackBoxdisplayed
2026-01-18 15:18:11.964 INFO  tests.ResultsPageUiTest - === Starting 'isFeedbackBoxdisplayed' test ===
2026-01-18 15:18:11.994 INFO  tests.TeamDetailsPageValidationTest - Current URL after gotoAgeFactor(): https://hackvyatharth.github.io/Vitalguard_Team_Vanguardians/#ageFactor
2026-01-18 15:18:12.000 INFO  tests.TeamDetailsPageValidationTest - PASS: 'gotoAgeFactor' assertion passed (URL contains '#ageFactor')
2026-01-18 15:18:12.000 INFO  tests.TeamDetailsPageValidationTest - === Completed 'gotoAgeFactor' test ===
2026-01-18 15:18:12.000 INFO  listeners.Listener1 - onTestSuccess -> gotoAgeFactor
2026-01-18 15:18:12.004 INFO  tests.TeamDetailsPageValidationTest - Tearing down webdriver
2026-01-18 15:18:12.082 INFO  tests.ResultsPageUiTest - Feedback box present? true
2026-01-18 15:18:12.086 INFO  tests.ResultsPageUiTest - PASS: Feedback box is present
2026-01-18 15:18:12.086 INFO  tests.ResultsPageUiTest - === Completed 'isFeedbackBoxdisplayed' test ===
2026-01-18 15:18:12.086 INFO  listeners.Listener1 - onTestSuccess -> isFeedbackBoxdisplayed
2026-01-18 15:18:12.093 INFO  tests.ResultsPageUiTest - Tearing down webdriver
2026-01-18 15:18:17.768 INFO  tests.TeamDetailsPageValidationTest - WebDriver quit successfully
2026-01-18 15:18:17.768 INFO  listeners.Listener1 - onTestStart -> isFeedbackBoxdisplayed
2026-01-18 15:18:17.768 INFO  tests.ResultsPageUiTest - === Starting 'isFeedbackBoxdisplayed' test ===
2026-01-18 15:18:17.857 INFO  tests.ResultsPageUiTest - WebDriver quit successfully
2026-01-18 15:18:17.857 INFO  tests.ResultsPageUiTest - Feedback box present? true
2026-01-18 15:18:17.859 INFO  tests.ResultsPageUiTest - PASS: Feedback box is present
2026-01-18 15:18:17.859 INFO  tests.ResultsPageUiTest - === Completed 'isFeedbackBoxdisplayed' test ===
2026-01-18 15:18:17.859 INFO  listeners.Listener1 - Flushing ExtentReports...
2026-01-18 15:18:17.859 INFO  listeners.Listener1 - onTestSuccess -> isFeedbackBoxdisplayed
2026-01-18 15:18:17.868 INFO  tests.ResultsPageUiTest - Tearing down webdriver
2026-01-18 15:18:18.848 INFO  listeners.Listener1 - ExtentReports flushed successfully
2026-01-18 15:18:18.848 INFO  listeners.Listener1 - Cleared testMap. Listener finished.
2026-01-18 15:18:23.011 INFO  tests.ResultsPageUiTest - WebDriver quit successfully
2026-01-18 15:18:23.011 INFO  listeners.Listener1 - Flushing ExtentReports...
2026-01-18 15:18:23.184 INFO  listeners.Listener1 - ExtentReports flushed successfully
2026-01-18 15:18:23.184 INFO  listeners.Listener1 - Cleared testMap. Listener finished.
2026-01-18 15:34:29.046 INFO  org.testng.internal.Utils - [TestNG] Running:
  C:\Users\2457157\IdeaProjects\HealthIndexCalculator\project.xml

2026-01-18 15:34:29.112 INFO  listeners.Listener1 - Initializing ExtentReports. Report path: C:\Users\2457157\IdeaProjects\HealthIndexCalculator/reports/filename
2026-01-18 15:34:29.112 INFO  listeners.Listener1 - Initializing ExtentReports. Report path: C:\Users\2457157\IdeaProjects\HealthIndexCalculator/reports/filename
2026-01-18 15:34:29.520 INFO  listeners.Listener1 - System info set: Browser=chrome
2026-01-18 15:34:29.520 INFO  listeners.Listener1 - ExtentReports initialization complete
2026-01-18 15:34:29.520 INFO  listeners.Listener1 - System info set: Browser=edge
2026-01-18 15:34:29.520 INFO  listeners.Listener1 - ExtentReports initialization complete
2026-01-18 15:34:29.633 INFO  tests.UrlValidationTest - Starting WebDriver and navigating to Home: https://hackvyatharth.github.io/Vitalguard_Team_Vanguardians/
2026-01-18 15:34:29.633 INFO  tests.UrlValidationTest - Starting WebDriver and navigating to Home: https://hackvyatharth.github.io/Vitalguard_Team_Vanguardians/
2026-01-18 15:34:34.350 INFO  tests.UrlValidationTest - chrome Browser started
2026-01-18 15:34:34.545 INFO  tests.UrlValidationTest - edge Browser started
2026-01-18 15:34:35.360 INFO  tests.UrlValidationTest - Initializing page objects: TopNavigation, HomePage
2026-01-18 15:34:35.433 INFO  tests.UrlValidationTest - Initializing page objects: TopNavigation, HomePage
2026-01-18 15:34:35.489 INFO  tests.UrlValidationTest - Setup completed for UrlValidationTest
2026-01-18 15:34:35.489 INFO  tests.UrlValidationTest - Setup completed for UrlValidationTest
2026-01-18 15:34:35.665 INFO  listeners.Listener1 - onTestStart -> isURLWorking
2026-01-18 15:34:35.665 INFO  listeners.Listener1 - onTestStart -> isURLWorking
2026-01-18 15:34:35.696 INFO  tests.UrlValidationTest - === Starting 'isURLWorking' test ===
2026-01-18 15:34:35.696 INFO  tests.UrlValidationTest - === Starting 'isURLWorking' test ===
2026-01-18 15:34:36.621 INFO  tests.UrlValidationTest - NavBar present? true
2026-01-18 15:34:36.621 INFO  tests.UrlValidationTest - Left image present? true
2026-01-18 15:34:36.621 INFO  tests.UrlValidationTest - Calculator present? true
2026-01-18 15:34:36.632 INFO  tests.UrlValidationTest - PASS: Home page loaded successfully with all required elements
2026-01-18 15:34:36.632 INFO  tests.UrlValidationTest - === Completed 'isURLWorking' test ===
2026-01-18 15:34:36.638 INFO  listeners.Listener1 - onTestSuccess -> isURLWorking
2026-01-18 15:34:36.787 INFO  tests.UrlValidationTest - NavBar present? true
2026-01-18 15:34:36.787 INFO  tests.UrlValidationTest - Left image present? true
2026-01-18 15:34:36.801 INFO  tests.UrlValidationTest - Calculator present? true
2026-01-18 15:34:36.801 INFO  tests.UrlValidationTest - PASS: Home page loaded successfully with all required elements
2026-01-18 15:34:36.801 INFO  tests.UrlValidationTest - === Completed 'isURLWorking' test ===
2026-01-18 15:34:36.804 INFO  listeners.Listener1 - onTestSuccess -> isURLWorking
2026-01-18 15:34:37.080 INFO  tests.UrlValidationTest - Tearing down webdriver
2026-01-18 15:34:37.080 INFO  tests.UrlValidationTest - Tearing down webdriver
2026-01-18 15:34:40.956 INFO  tests.UrlValidationTest - WebDriver quit successfully
2026-01-18 15:34:40.962 INFO  tests.HeartPulsePageValidationTest - Starting WebDriver and navigating to Home: https://hackvyatharth.github.io/Vitalguard_Team_Vanguardians/
2026-01-18 15:34:41.137 INFO  tests.UrlValidationTest - WebDriver quit successfully
2026-01-18 15:34:41.137 INFO  tests.HeartPulsePageValidationTest - Starting WebDriver and navigating to Home: https://hackvyatharth.github.io/Vitalguard_Team_Vanguardians/
2026-01-18 15:34:43.946 INFO  tests.HeartPulsePageValidationTest - chrome Browser started
2026-01-18 15:34:44.790 INFO  tests.HeartPulsePageValidationTest - Initializing HeartPulsePage and TopNavigation with driver ChromeDriver: chrome on windows (48d246fa9c8ededb966a62229dff32ae)
2026-01-18 15:34:44.817 INFO  tests.HeartPulsePageValidationTest - Navigating to 'Heart Pulse' via top navigation
2026-01-18 15:34:45.248 INFO  tests.HeartPulsePageValidationTest - Arrived at Heart Pulse page. Current URL: https://hackvyatharth.github.io/Vitalguard_Team_Vanguardians/#pulseRate
2026-01-18 15:34:45.270 INFO  listeners.Listener1 - onTestStart -> isHeadingPresent
2026-01-18 15:34:45.284 INFO  tests.HeartPulsePageValidationTest - Checking Heart Pulse page heading presence
2026-01-18 15:34:45.309 INFO  tests.HeartPulsePageValidationTest - edge Browser started
2026-01-18 15:34:45.555 INFO  tests.HeartPulsePageValidationTest - 'isHeadingPresent' assertion passed
2026-01-18 15:34:45.557 INFO  listeners.Listener1 - onTestSuccess -> isHeadingPresent
2026-01-18 15:34:45.593 INFO  listeners.Listener1 - onTestStart -> isTopNavPresent
2026-01-18 15:34:45.593 INFO  tests.HeartPulsePageValidationTest - Verifying top navigation presence on Heart Pulse page
2026-01-18 15:34:45.804 INFO  tests.HeartPulsePageValidationTest - Initializing HeartPulsePage and TopNavigation with driver EdgeDriver: MicrosoftEdge on windows (780d6dd97ac1e38187de31873683cab7)
2026-01-18 15:34:45.804 INFO  tests.HeartPulsePageValidationTest - Navigating to 'Heart Pulse' via top navigation
2026-01-18 15:34:46.025 INFO  tests.HeartPulsePageValidationTest - Arrived at Heart Pulse page. Current URL: https://hackvyatharth.github.io/Vitalguard_Team_Vanguardians/#pulseRate
2026-01-18 15:34:46.049 INFO  listeners.Listener1 - onTestStart -> isHeadingPresent
2026-01-18 15:34:46.057 INFO  tests.HeartPulsePageValidationTest - Checking Heart Pulse page heading presence
2026-01-18 15:34:46.249 INFO  tests.HeartPulsePageValidationTest - 'isTopNavPresent' assertion passed
2026-01-18 15:34:46.249 INFO  listeners.Listener1 - onTestSuccess -> isTopNavPresent
2026-01-18 15:34:46.257 INFO  tests.HeartPulsePageValidationTest - 'isHeadingPresent' assertion passed
2026-01-18 15:34:46.257 INFO  listeners.Listener1 - onTestSuccess -> isHeadingPresent
2026-01-18 15:34:46.277 INFO  tests.HomePageValidationTest - Starting WebDriver and navigating to Home: https://hackvyatharth.github.io/Vitalguard_Team_Vanguardians/
2026-01-18 15:34:46.277 INFO  listeners.Listener1 - onTestStart -> isTopNavPresent
2026-01-18 15:34:46.283 INFO  tests.HeartPulsePageValidationTest - Verifying top navigation presence on Heart Pulse page
2026-01-18 15:34:47.021 INFO  tests.HeartPulsePageValidationTest - 'isTopNavPresent' assertion passed
2026-01-18 15:34:47.021 INFO  listeners.Listener1 - onTestSuccess -> isTopNavPresent
2026-01-18 15:34:47.037 INFO  tests.HomePageValidationTest - Starting WebDriver and navigating to Home: https://hackvyatharth.github.io/Vitalguard_Team_Vanguardians/
2026-01-18 15:34:51.911 INFO  tests.HomePageValidationTest - chrome Browser started
2026-01-18 15:34:52.424 INFO  tests.HomePageValidationTest - Initializing HomePage and TopNavigation with driver
2026-01-18 15:34:52.431 INFO  tests.HomePageValidationTest - Navigating to Home page via TopNavigation.goToHome()
2026-01-18 15:34:53.173 INFO  tests.HomePageValidationTest - Arrived at Home page. Current URL: https://hackvyatharth.github.io/Vitalguard_Team_Vanguardians/#container
2026-01-18 15:34:53.372 INFO  listeners.Listener1 - onTestStart -> isTopNavPresent
2026-01-18 15:34:53.387 INFO  tests.HomePageValidationTest - === Starting 'isTopNavPresent' test ===
2026-01-18 15:34:54.865 INFO  tests.HomePageValidationTest - PASS: Top navigation is present
2026-01-18 15:34:54.869 INFO  tests.HomePageValidationTest - === Completed 'isTopNavPresent' test ===
2026-01-18 15:34:54.872 INFO  listeners.Listener1 - onTestSuccess -> isTopNavPresent
2026-01-18 15:34:54.895 INFO  listeners.Listener1 - onTestStart -> gotoHome
2026-01-18 15:34:54.895 INFO  tests.HeartPulsePageValidationTest - Navigating to Home from Heart Pulse page
2026-01-18 15:34:55.078 INFO  tests.HomePageValidationTest - edge Browser started
2026-01-18 15:34:55.300 INFO  tests.HeartPulsePageValidationTest - URL after goToHome(): https://hackvyatharth.github.io/Vitalguard_Team_Vanguardians/#container
2026-01-18 15:34:55.300 INFO  tests.HeartPulsePageValidationTest - 'gotoHome' assertion passed
2026-01-18 15:34:55.306 INFO  listeners.Listener1 - onTestSuccess -> gotoHome
2026-01-18 15:34:55.325 INFO  t.BloodPressurePageValidationTest - Starting WebDriver and navigating to Home: https://hackvyatharth.github.io/Vitalguard_Team_Vanguardians/
2026-01-18 15:34:55.548 INFO  tests.HomePageValidationTest - Initializing HomePage and TopNavigation with driver
2026-01-18 15:34:55.553 INFO  tests.HomePageValidationTest - Navigating to Home page via TopNavigation.goToHome()
2026-01-18 15:34:56.035 INFO  tests.HomePageValidationTest - Arrived at Home page. Current URL: https://hackvyatharth.github.io/Vitalguard_Team_Vanguardians/#container
2026-01-18 15:34:56.067 INFO  listeners.Listener1 - onTestStart -> isTopNavPresent
2026-01-18 15:34:56.067 INFO  tests.HomePageValidationTest - === Starting 'isTopNavPresent' test ===
2026-01-18 15:34:56.660 INFO  tests.HomePageValidationTest - PASS: Top navigation is present
2026-01-18 15:34:56.660 INFO  tests.HomePageValidationTest - === Completed 'isTopNavPresent' test ===
2026-01-18 15:34:56.660 INFO  listeners.Listener1 - onTestSuccess -> isTopNavPresent
2026-01-18 15:34:56.687 INFO  listeners.Listener1 - onTestStart -> gotoHome
2026-01-18 15:34:56.687 INFO  tests.HeartPulsePageValidationTest - Navigating to Home from Heart Pulse page
2026-01-18 15:34:57.223 INFO  tests.HeartPulsePageValidationTest - URL after goToHome(): https://hackvyatharth.github.io/Vitalguard_Team_Vanguardians/#container
2026-01-18 15:34:57.223 INFO  tests.HeartPulsePageValidationTest - 'gotoHome' assertion passed
2026-01-18 15:34:57.224 INFO  listeners.Listener1 - onTestSuccess -> gotoHome
2026-01-18 15:34:57.234 INFO  t.BloodPressurePageValidationTest - Starting WebDriver and navigating to Home: https://hackvyatharth.github.io/Vitalguard_Team_Vanguardians/
2026-01-18 15:35:01.508 INFO  t.BloodPressurePageValidationTest - chrome Browser started
2026-01-18 15:35:02.128 INFO  t.BloodPressurePageValidationTest - Initializing BloodPressurePage and TopNavigation...
2026-01-18 15:35:02.156 INFO  t.BloodPressurePageValidationTest - Navigating to 'Blood Pressure' via top navigation...
2026-01-18 15:35:02.605 INFO  t.BloodPressurePageValidationTest - Arrived at Blood Pressure page. Current URL: https://hackvyatharth.github.io/Vitalguard_Team_Vanguardians/#bloodPressure
2026-01-18 15:35:02.715 INFO  listeners.Listener1 - onTestStart -> isTopNavPresent
2026-01-18 15:35:02.724 INFO  t.BloodPressurePageValidationTest - === Starting 'isTopNavPresent' test ===
2026-01-18 15:35:05.201 INFO  t.BloodPressurePageValidationTest - PASS: Top navigation presence assertion passed.
2026-01-18 15:35:05.201 INFO  t.BloodPressurePageValidationTest - === Completed 'isTopNavPresent' test ===
2026-01-18 15:35:05.205 INFO  listeners.Listener1 - onTestSuccess -> isTopNavPresent
2026-01-18 15:35:05.229 INFO  tests.AgeFactorPageValidationTest - Starting WebDriver and navigating to Home: https://hackvyatharth.github.io/Vitalguard_Team_Vanguardians/
2026-01-18 15:35:05.814 INFO  t.BloodPressurePageValidationTest - edge Browser started
2026-01-18 15:35:06.523 INFO  t.BloodPressurePageValidationTest - Initializing BloodPressurePage and TopNavigation...
2026-01-18 15:35:06.532 INFO  t.BloodPressurePageValidationTest - Navigating to 'Blood Pressure' via top navigation...
2026-01-18 15:35:06.915 INFO  t.BloodPressurePageValidationTest - Arrived at Blood Pressure page. Current URL: https://hackvyatharth.github.io/Vitalguard_Team_Vanguardians/#bloodPressure
2026-01-18 15:35:06.995 INFO  listeners.Listener1 - onTestStart -> isTopNavPresent
2026-01-18 15:35:06.995 INFO  t.BloodPressurePageValidationTest - === Starting 'isTopNavPresent' test ===
2026-01-18 15:35:07.835 INFO  t.BloodPressurePageValidationTest - PASS: Top navigation presence assertion passed.
2026-01-18 15:35:07.835 INFO  t.BloodPressurePageValidationTest - === Completed 'isTopNavPresent' test ===
2026-01-18 15:35:07.837 INFO  listeners.Listener1 - onTestSuccess -> isTopNavPresent
2026-01-18 15:35:07.846 INFO  tests.AgeFactorPageValidationTest - Starting WebDriver and navigating to Home: https://hackvyatharth.github.io/Vitalguard_Team_Vanguardians/
2026-01-18 15:35:14.275 INFO  tests.AgeFactorPageValidationTest - chrome Browser started
2026-01-18 15:35:14.900 INFO  tests.AgeFactorPageValidationTest - Initializing AgeFactorPage and TopNavigation for driver: ChromeDriver: chrome on windows (d6f00baa9f5ec62ff332785931b81b10)
2026-01-18 15:35:14.933 INFO  tests.AgeFactorPageValidationTest - Navigating to 'Age Factor' via top navigation
2026-01-18 15:35:15.511 INFO  tests.AgeFactorPageValidationTest - Arrived at Age factor page
2026-01-18 15:35:15.600 INFO  listeners.Listener1 - onTestStart -> isTopNavPresent
2026-01-18 15:35:15.609 INFO  tests.AgeFactorPageValidationTest - Verifying top navigation presence on Age Factor page
2026-01-18 15:35:16.653 INFO  tests.AgeFactorPageValidationTest - PASS: Top navigation presence assertion passed
2026-01-18 15:35:16.653 INFO  listeners.Listener1 - onTestSuccess -> isTopNavPresent
2026-01-18 15:35:16.671 INFO  tests.TeamDetailsPageValidationTest - Starting WebDriver and navigating to Home: https://hackvyatharth.github.io/Vitalguard_Team_Vanguardians/
2026-01-18 15:35:20.594 INFO  tests.AgeFactorPageValidationTest - edge Browser started
2026-01-18 15:35:21.281 INFO  tests.AgeFactorPageValidationTest - Initializing AgeFactorPage and TopNavigation for driver: EdgeDriver: MicrosoftEdge on windows (4724d0168eb8f3b8571d58d12585ba8e)
2026-01-18 15:35:21.287 INFO  tests.AgeFactorPageValidationTest - Navigating to 'Age Factor' via top navigation
2026-01-18 15:35:21.788 INFO  tests.AgeFactorPageValidationTest - Arrived at Age factor page
2026-01-18 15:35:21.900 INFO  listeners.Listener1 - onTestStart -> isTopNavPresent
2026-01-18 15:35:21.903 INFO  tests.AgeFactorPageValidationTest - Verifying top navigation presence on Age Factor page
2026-01-18 15:35:22.975 INFO  tests.AgeFactorPageValidationTest - PASS: Top navigation presence assertion passed
2026-01-18 15:35:22.975 INFO  listeners.Listener1 - onTestSuccess -> isTopNavPresent
2026-01-18 15:35:23.029 INFO  tests.TeamDetailsPageValidationTest - Starting WebDriver and navigating to Home: https://hackvyatharth.github.io/Vitalguard_Team_Vanguardians/
2026-01-18 15:35:27.675 INFO  tests.TeamDetailsPageValidationTest - chrome Browser started
2026-01-18 15:35:31.228 INFO  tests.TeamDetailsPageValidationTest - Initializing page objects: TeamDetails, TopNavigation
2026-01-18 15:35:31.276 INFO  tests.TeamDetailsPageValidationTest - Navigating to Team Details page via TopNavigation
2026-01-18 15:35:31.894 INFO  tests.TeamDetailsPageValidationTest - Setup completed for TeamDetailsPageValidationTest
2026-01-18 15:35:31.933 INFO  listeners.Listener1 - onTestStart -> isTopNavPresent
2026-01-18 15:35:31.935 INFO  tests.TeamDetailsPageValidationTest - === Starting 'isTopNavPresent' test ===
2026-01-18 15:35:32.751 INFO  tests.TeamDetailsPageValidationTest - Top navigation present? true
2026-01-18 15:35:32.751 INFO  tests.TeamDetailsPageValidationTest - PASS: Top navigation is present
2026-01-18 15:35:32.751 INFO  tests.TeamDetailsPageValidationTest - === Completed 'isTopNavPresent' test ===
2026-01-18 15:35:32.751 INFO  listeners.Listener1 - onTestSuccess -> isTopNavPresent
2026-01-18 15:35:32.777 INFO  tests.CalculatorFunctionalityTest - Starting WebDriver and navigating to Home: https://hackvyatharth.github.io/Vitalguard_Team_Vanguardians/
2026-01-18 15:35:39.193 INFO  tests.TeamDetailsPageValidationTest - edge Browser started
2026-01-18 15:35:39.982 INFO  tests.TeamDetailsPageValidationTest - Initializing page objects: TeamDetails, TopNavigation
2026-01-18 15:35:39.995 INFO  tests.TeamDetailsPageValidationTest - Navigating to Team Details page via TopNavigation
2026-01-18 15:35:41.208 INFO  tests.TeamDetailsPageValidationTest - Setup completed for TeamDetailsPageValidationTest
2026-01-18 15:35:41.235 INFO  listeners.Listener1 - onTestStart -> isTopNavPresent
2026-01-18 15:35:41.246 INFO  tests.TeamDetailsPageValidationTest - === Starting 'isTopNavPresent' test ===
2026-01-18 15:35:43.025 INFO  tests.TeamDetailsPageValidationTest - Top navigation present? true
2026-01-18 15:35:43.025 INFO  tests.TeamDetailsPageValidationTest - PASS: Top navigation is present
2026-01-18 15:35:43.025 INFO  tests.TeamDetailsPageValidationTest - === Completed 'isTopNavPresent' test ===
2026-01-18 15:35:43.025 INFO  listeners.Listener1 - onTestSuccess -> isTopNavPresent
2026-01-18 15:35:43.092 INFO  tests.CalculatorFunctionalityTest - Starting WebDriver and navigating to Home: https://hackvyatharth.github.io/Vitalguard_Team_Vanguardians/
2026-01-18 15:35:47.611 INFO  tests.CalculatorFunctionalityTest - chrome Browser started
2026-01-18 15:35:48.495 INFO  tests.CalculatorFunctionalityTest - Initializing CalculatorForm, ExcelDataManager, TopNavigation
2026-01-18 15:35:49.811 INFO  tests.CalculatorFunctionalityTest - Setup complete for CalculatorFunctionalityTest
2026-01-18 15:35:49.844 INFO  listeners.Listener1 - onTestStart -> isFormHeadingPresent
2026-01-18 15:35:49.844 INFO  tests.CalculatorFunctionalityTest - Verifying form heading presence
2026-01-18 15:35:50.946 INFO  tests.CalculatorFunctionalityTest - Form Heading assertion passed
2026-01-18 15:35:50.953 INFO  listeners.Listener1 - onTestSuccess -> isFormHeadingPresent
2026-01-18 15:35:50.977 INFO  tests.ResultsPageUiTest - Starting WebDriver and navigating to Home: https://hackvyatharth.github.io/Vitalguard_Team_Vanguardians/
2026-01-18 15:36:06.407 INFO  tests.CalculatorFunctionalityTest - edge Browser started
2026-01-18 15:36:14.700 INFO  tests.ResultsPageUiTest - chrome Browser started
2026-01-18 15:37:46.293 INFO  tests.CalculatorFunctionalityTest - Initializing CalculatorForm, ExcelDataManager, TopNavigation
2026-01-18 15:37:46.374 INFO  tests.CalculatorFunctionalityTest - Setup complete for CalculatorFunctionalityTest
2026-01-18 15:37:46.708 INFO  listeners.Listener1 - onTestStart -> isFormHeadingPresent
2026-01-18 15:37:46.776 INFO  tests.CalculatorFunctionalityTest - Verifying form heading presence
2026-01-18 15:37:49.929 INFO  tests.CalculatorFunctionalityTest - Form Heading assertion passed
2026-01-18 15:37:49.929 INFO  listeners.Listener1 - onTestSuccess -> isFormHeadingPresent
2026-01-18 15:37:50.082 INFO  tests.ResultsPageUiTest - Starting WebDriver and navigating to Home: https://hackvyatharth.github.io/Vitalguard_Team_Vanguardians/
2026-01-18 15:37:51.626 INFO  tests.ResultsPageUiTest - Initializing page objects: TopNavigation, CalculatorForm, ResultPage
2026-01-18 15:37:51.831 INFO  tests.ResultsPageUiTest - Page objects initialized successfully
2026-01-18 15:37:51.982 INFO  tests.ResultsPageUiTest - Providing data for 'resultPageCheck'
2026-01-18 15:37:51.984 INFO  tests.ResultsPageUiTest - Data provided: 1 row(s)
2026-01-18 15:37:52.128 INFO  listeners.Listener1 - onTestStart -> resultPageCheck
2026-01-18 15:37:52.128 INFO  listeners.Listener1 - Parameters for resultPageCheck: [20, 67, 120/80]
2026-01-18 15:37:52.191 INFO  tests.ResultsPageUiTest - === Starting 'resultPageCheck' test ===
2026-01-18 15:37:52.191 INFO  tests.ResultsPageUiTest - Input data -> Age: 20, Pulse: 67, BP: 120/80
2026-01-18 15:37:52.308 INFO  tests.ResultsPageUiTest - Entering age
2026-01-18 15:37:59.965 INFO  tests.ResultsPageUiTest - Entering pulse
2026-01-18 15:38:04.664 INFO  tests.ResultsPageUiTest - Entering blood pressure
2026-01-18 15:38:12.360 INFO  tests.ResultsPageUiTest - Clicking Calculate
2026-01-18 15:38:29.995 INFO  tests.ResultsPageUiTest - Locating feedback text area
2026-01-18 15:38:30.023 INFO  tests.ResultsPageUiTest - Computing scroll metrics: scrollHeight vs clientHeight
2026-01-18 15:38:30.080 INFO  tests.ResultsPageUiTest - scrollHeight: 120
2026-01-18 15:38:30.080 INFO  tests.ResultsPageUiTest - clientHeight: 76
2026-01-18 15:38:30.089 INFO  tests.ResultsPageUiTest - Is feedback textarea scrollable? true
2026-01-18 15:38:30.089 INFO  tests.ResultsPageUiTest - PASS: The result text box is scrollable
2026-01-18 15:38:30.089 INFO  tests.ResultsPageUiTest - Checking CSS 'resize' property
2026-01-18 15:38:30.282 INFO  tests.ResultsPageUiTest - resize CSS value: vertical
2026-01-18 15:38:30.282 INFO  tests.ResultsPageUiTest - Is feedback textarea resizable? true
2026-01-18 15:38:30.282 INFO  tests.ResultsPageUiTest - PASS: The result textbox is resizable
2026-01-18 15:38:30.282 INFO  tests.ResultsPageUiTest - Asserting all soft assertions
2026-01-18 15:38:30.282 INFO  tests.ResultsPageUiTest - === Completed 'resultPageCheck' test ===
2026-01-18 15:38:30.282 INFO  listeners.Listener1 - onTestSuccess -> resultPageCheck
2026-01-18 15:38:30.305 INFO  listeners.Listener1 - onTestStart -> isLeftImagePresent
2026-01-18 15:38:30.305 INFO  tests.HomePageValidationTest - === Starting 'isLeftImagePresent' test ===
2026-01-18 15:38:32.528 INFO  tests.HomePageValidationTest - PASS: Left image is present
2026-01-18 15:38:32.528 INFO  tests.HomePageValidationTest - === Completed 'isLeftImagePresent' test ===
2026-01-18 15:38:32.528 INFO  listeners.Listener1 - onTestSuccess -> isLeftImagePresent
2026-01-18 15:38:32.762 INFO  listeners.Listener1 - onTestStart -> gotoBloodPressure
2026-01-18 15:38:32.782 INFO  tests.HeartPulsePageValidationTest - Navigating to Blood Pressure from Heart Pulse page
2026-01-18 15:38:39.980 INFO  tests.HeartPulsePageValidationTest - URL after goToBloodPressure(): https://hackvyatharth.github.io/Vitalguard_Team_Vanguardians/#bloodPressure
2026-01-18 15:38:39.980 INFO  tests.HeartPulsePageValidationTest - 'gotoBloodPressure' assertion passed
2026-01-18 15:38:39.980 INFO  listeners.Listener1 - onTestSuccess -> gotoBloodPressure
2026-01-18 15:38:42.095 INFO  listeners.Listener1 - onTestStart -> isHeadingPresent
2026-01-18 15:38:42.095 INFO  t.BloodPressurePageValidationTest - === Starting 'isHeadingPresent' test ===
2026-01-18 15:38:49.675 INFO  t.BloodPressurePageValidationTest - PASS: Heading presence assertion passed.
2026-01-18 15:38:49.675 INFO  t.BloodPressurePageValidationTest - === Completed 'isHeadingPresent' test ===
2026-01-18 15:38:49.745 INFO  listeners.Listener1 - onTestSuccess -> isHeadingPresent
2026-01-18 15:38:50.645 INFO  listeners.Listener1 - onTestStart -> isHeadingPresent
2026-01-18 15:38:50.710 INFO  tests.AgeFactorPageValidationTest - Checking Age Factor page heading presence (and style if applicable)
2026-01-18 15:38:55.235 INFO  tests.AgeFactorPageValidationTest - PASS: Heading presence assertion passed
2026-01-18 15:38:55.235 INFO  listeners.Listener1 - onTestSuccess -> isHeadingPresent
2026-01-18 15:38:55.240 INFO  listeners.Listener1 - onTestStart -> isHeadingPresent
2026-01-18 15:38:55.240 INFO  tests.TeamDetailsPageValidationTest - === Starting 'isHeadingPresent' test ===
2026-01-18 15:38:58.836 INFO  tests.TeamDetailsPageValidationTest - Heading present? true
2026-01-18 15:38:58.836 INFO  tests.TeamDetailsPageValidationTest - PASS: Heading is present
2026-01-18 15:38:58.836 INFO  tests.TeamDetailsPageValidationTest - === Completed 'isHeadingPresent' test ===
2026-01-18 15:38:58.836 INFO  listeners.Listener1 - onTestSuccess -> isHeadingPresent
2026-01-18 15:38:58.848 INFO  listeners.Listener1 - onTestStart -> isAgeFieldPresent
2026-01-18 15:38:58.851 INFO  tests.CalculatorFunctionalityTest - Verifying age field presence
2026-01-18 15:39:03.777 INFO  tests.CalculatorFunctionalityTest - Age field presence assertion passed
2026-01-18 15:39:03.777 INFO  listeners.Listener1 - onTestSuccess -> isAgeFieldPresent
2026-01-18 15:39:03.788 INFO  listeners.Listener1 - onTestStart -> isLogoPresent
2026-01-18 15:39:03.790 INFO  tests.ResultsPageUiTest - === Starting 'isLogoPresent' test ===
2026-01-18 15:40:09.033 INFO  tests.ResultsPageUiTest - edge Browser started
2026-01-18 15:41:19.068 INFO  tests.ResultsPageUiTest - Initializing page objects: TopNavigation, CalculatorForm, ResultPage
2026-01-18 15:41:19.068 INFO  tests.ResultsPageUiTest - Page objects initialized successfully
2026-01-18 15:41:19.068 INFO  tests.ResultsPageUiTest - Providing data for 'resultPageCheck'
2026-01-18 15:41:19.068 INFO  tests.ResultsPageUiTest - Data provided: 1 row(s)
2026-01-18 15:41:19.076 INFO  listeners.Listener1 - onTestStart -> resultPageCheck
2026-01-18 15:41:19.076 INFO  listeners.Listener1 - Parameters for resultPageCheck: [20, 67, 120/80]
2026-01-18 15:41:19.076 INFO  tests.ResultsPageUiTest - === Starting 'resultPageCheck' test ===
2026-01-18 15:41:19.078 INFO  tests.ResultsPageUiTest - Input data -> Age: 20, Pulse: 67, BP: 120/80
2026-01-18 15:41:19.078 INFO  tests.ResultsPageUiTest - Entering age
2026-01-18 15:41:39.329 INFO  tests.ResultsPageUiTest - Logo present? true
2026-01-18 15:41:39.329 INFO  tests.ResultsPageUiTest - PASS: Logo is visible
2026-01-18 15:41:39.329 INFO  tests.ResultsPageUiTest - === Completed 'isLogoPresent' test ===
2026-01-18 15:41:39.329 INFO  listeners.Listener1 - onTestSuccess -> isLogoPresent
2026-01-18 15:41:39.585 INFO  tests.ResultsPageUiTest - Entering pulse
2026-01-18 15:41:40.197 INFO  tests.ResultsPageUiTest - Entering blood pressure
2026-01-18 15:41:40.819 INFO  tests.ResultsPageUiTest - Clicking Calculate
2026-01-18 15:41:41.466 INFO  listeners.Listener1 - onTestStart -> isCalculatorPresent
2026-01-18 15:41:41.468 INFO  tests.HomePageValidationTest - === Starting 'isCalculatorPresent' test ===
2026-01-18 15:41:45.945 INFO  tests.HomePageValidationTest - PASS: Calculator is present
2026-01-18 15:41:45.945 INFO  tests.HomePageValidationTest - === Completed 'isCalculatorPresent' test ===
2026-01-18 15:41:45.945 INFO  listeners.Listener1 - onTestSuccess -> isCalculatorPresent
2026-01-18 15:41:45.957 INFO  listeners.Listener1 - onTestStart -> gotoAgeFactor
2026-01-18 15:41:45.957 INFO  tests.HeartPulsePageValidationTest - Navigating to Age Factor from Heart Pulse page
2026-01-18 15:41:46.790 INFO  tests.HeartPulsePageValidationTest - URL after goToAgeFactor(): https://hackvyatharth.github.io/Vitalguard_Team_Vanguardians/#ageFactor
2026-01-18 15:41:46.790 INFO  tests.HeartPulsePageValidationTest - 'gotoAgeFactor' assertion passed
2026-01-18 15:41:46.790 INFO  listeners.Listener1 - onTestSuccess -> gotoAgeFactor
2026-01-18 15:41:46.799 INFO  listeners.Listener1 - onTestStart -> isInfoPresent
2026-01-18 15:41:46.799 INFO  t.BloodPressurePageValidationTest - === Starting 'isInfoPresent' test ===
2026-01-18 15:41:47.205 INFO  t.BloodPressurePageValidationTest - PASS: Information block presence assertion passed.
2026-01-18 15:41:47.205 INFO  t.BloodPressurePageValidationTest - === Completed 'isInfoPresent' test ===
2026-01-18 15:41:47.205 INFO  listeners.Listener1 - onTestSuccess -> isInfoPresent
2026-01-18 15:41:47.220 INFO  listeners.Listener1 - onTestStart -> isInfoPresent
2026-01-18 15:41:47.222 INFO  tests.AgeFactorPageValidationTest - Validating informational block (white text per spec) on Age Factor page
2026-01-18 15:41:48.987 INFO  tests.AgeFactorPageValidationTest - PASS: Info block presence assertion passed
2026-01-18 15:41:48.987 INFO  listeners.Listener1 - onTestSuccess -> isInfoPresent
2026-01-18 15:41:49.018 INFO  listeners.Listener1 - onTestStart -> isTeamDetailsPresent
2026-01-18 15:41:49.018 INFO  tests.TeamDetailsPageValidationTest - === Starting 'isTeamDetailsPresent' test ===
2026-01-18 15:41:49.050 INFO  tests.ResultsPageUiTest - Locating feedback text area
2026-01-18 15:41:49.129 INFO  tests.ResultsPageUiTest - Computing scroll metrics: scrollHeight vs clientHeight
2026-01-18 15:41:49.171 INFO  tests.ResultsPageUiTest - scrollHeight: 120
2026-01-18 15:41:49.171 INFO  tests.ResultsPageUiTest - clientHeight: 76
2026-01-18 15:41:49.177 INFO  tests.ResultsPageUiTest - Is feedback textarea scrollable? true
2026-01-18 15:41:49.177 INFO  tests.ResultsPageUiTest - PASS: The result text box is scrollable
2026-01-18 15:41:49.177 INFO  tests.ResultsPageUiTest - Checking CSS 'resize' property
2026-01-18 15:41:49.191 INFO  tests.TeamDetailsPageValidationTest - Team details present? true
2026-01-18 15:41:49.191 INFO  tests.TeamDetailsPageValidationTest - PASS: Team details are displayed
2026-01-18 15:41:49.191 INFO  tests.TeamDetailsPageValidationTest - === Completed 'isTeamDetailsPresent' test ===
2026-01-18 15:41:49.191 INFO  listeners.Listener1 - onTestSuccess -> isTeamDetailsPresent
2026-01-18 15:41:49.203 INFO  listeners.Listener1 - onTestStart -> isPulseRateFieldPresent
2026-01-18 15:41:49.203 INFO  tests.CalculatorFunctionalityTest - Verifying pulse field presence
2026-01-18 15:41:49.222 INFO  tests.ResultsPageUiTest - resize CSS value: vertical
2026-01-18 15:41:49.222 INFO  tests.ResultsPageUiTest - Is feedback textarea resizable? true
2026-01-18 15:41:49.222 INFO  tests.ResultsPageUiTest - PASS: The result textbox is resizable
2026-01-18 15:41:49.222 INFO  tests.ResultsPageUiTest - Asserting all soft assertions
2026-01-18 15:41:49.222 INFO  tests.ResultsPageUiTest - === Completed 'resultPageCheck' test ===
2026-01-18 15:41:49.222 INFO  listeners.Listener1 - onTestSuccess -> resultPageCheck
2026-01-18 15:41:49.222 INFO  listeners.Listener1 - onTestStart -> isLeftImagePresent
2026-01-18 15:41:49.222 INFO  tests.HomePageValidationTest - === Starting 'isLeftImagePresent' test ===
2026-01-18 15:41:49.335 INFO  tests.CalculatorFunctionalityTest - Pulse field presence assertion passed
2026-01-18 15:41:49.335 INFO  listeners.Listener1 - onTestSuccess -> isPulseRateFieldPresent
2026-01-18 15:41:49.341 INFO  listeners.Listener1 - onTestStart -> isLogoTextPresent
2026-01-18 15:41:49.341 INFO  tests.ResultsPageUiTest - === Starting 'isLogoTextPresent' test ===
2026-01-18 15:41:49.800 INFO  tests.HomePageValidationTest - PASS: Left image is present
2026-01-18 15:41:49.800 INFO  tests.HomePageValidationTest - === Completed 'isLeftImagePresent' test ===
2026-01-18 15:41:49.800 INFO  listeners.Listener1 - onTestSuccess -> isLeftImagePresent
2026-01-18 15:41:49.814 INFO  listeners.Listener1 - onTestStart -> gotoBloodPressure
2026-01-18 15:41:49.818 INFO  tests.HeartPulsePageValidationTest - Navigating to Blood Pressure from Heart Pulse page
2026-01-18 15:41:50.516 INFO  tests.ResultsPageUiTest - Logo text present? true
2026-01-18 15:41:50.516 INFO  tests.ResultsPageUiTest - PASS: Logo text is visible
2026-01-18 15:41:50.516 INFO  tests.ResultsPageUiTest - === Completed 'isLogoTextPresent' test ===
2026-01-18 15:41:50.516 INFO  listeners.Listener1 - onTestSuccess -> isLogoTextPresent
2026-01-18 15:41:50.520 INFO  listeners.Listener1 - onTestStart -> gotoHeartPulse
2026-01-18 15:41:50.520 INFO  tests.HomePageValidationTest - Navigating to HeartPulse from Home page
2026-01-18 15:41:50.995 INFO  tests.HeartPulsePageValidationTest - URL after goToBloodPressure(): https://hackvyatharth.github.io/Vitalguard_Team_Vanguardians/#bloodPressure
2026-01-18 15:41:50.995 INFO  tests.HeartPulsePageValidationTest - 'gotoBloodPressure' assertion passed
2026-01-18 15:41:50.997 INFO  listeners.Listener1 - onTestSuccess -> gotoBloodPressure
2026-01-18 15:41:50.997 INFO  listeners.Listener1 - onTestStart -> isHeadingPresent
2026-01-18 15:41:50.997 INFO  t.BloodPressurePageValidationTest - === Starting 'isHeadingPresent' test ===
2026-01-18 15:41:51.058 INFO  tests.HomePageValidationTest - URL after goToHeartPulse(): https://hackvyatharth.github.io/Vitalguard_Team_Vanguardians/#pulseRate
2026-01-18 15:41:51.058 INFO  tests.HomePageValidationTest - PASS: 'gotoHeartPulse' assertion passed
2026-01-18 15:41:51.058 INFO  listeners.Listener1 - onTestSuccess -> gotoHeartPulse
2026-01-18 15:41:51.064 INFO  listeners.Listener1 - onTestStart -> gotoTeamDetails
2026-01-18 15:41:51.064 INFO  tests.HeartPulsePageValidationTest - Navigating to Team Details from Heart Pulse page
2026-01-18 15:41:51.163 INFO  t.BloodPressurePageValidationTest - PASS: Heading presence assertion passed.
2026-01-18 15:41:51.163 INFO  t.BloodPressurePageValidationTest - === Completed 'isHeadingPresent' test ===
2026-01-18 15:41:51.163 INFO  listeners.Listener1 - onTestSuccess -> isHeadingPresent
2026-01-18 15:41:51.177 INFO  listeners.Listener1 - onTestStart -> isHeadingPresent
2026-01-18 15:41:51.177 INFO  tests.AgeFactorPageValidationTest - Checking Age Factor page heading presence (and style if applicable)
2026-01-18 15:41:51.372 INFO  tests.AgeFactorPageValidationTest - PASS: Heading presence assertion passed
2026-01-18 15:41:51.374 INFO  listeners.Listener1 - onTestSuccess -> isHeadingPresent
2026-01-18 15:41:51.379 INFO  listeners.Listener1 - onTestStart -> isHeadingPresent
2026-01-18 15:41:51.379 INFO  tests.TeamDetailsPageValidationTest - === Starting 'isHeadingPresent' test ===
2026-01-18 15:41:51.493 INFO  tests.HeartPulsePageValidationTest - URL after goToTeamDetails(): https://hackvyatharth.github.io/Vitalguard_Team_Vanguardians/#foot
2026-01-18 15:41:51.493 INFO  tests.HeartPulsePageValidationTest - 'gotoTeamDetails' assertion passed
2026-01-18 15:41:51.493 INFO  listeners.Listener1 - onTestSuccess -> gotoTeamDetails
2026-01-18 15:41:51.500 INFO  tests.HeartPulsePageValidationTest - Tearing down webdriver
2026-01-18 15:41:51.835 INFO  tests.TeamDetailsPageValidationTest - Heading present? true
2026-01-18 15:41:51.835 INFO  tests.TeamDetailsPageValidationTest - PASS: Heading is present
2026-01-18 15:41:51.835 INFO  tests.TeamDetailsPageValidationTest - === Completed 'isHeadingPresent' test ===
2026-01-18 15:41:51.835 INFO  listeners.Listener1 - onTestSuccess -> isHeadingPresent
2026-01-18 15:41:51.851 INFO  listeners.Listener1 - onTestStart -> isAgeFieldPresent
2026-01-18 15:41:51.851 INFO  tests.CalculatorFunctionalityTest - Verifying age field presence
2026-01-18 15:41:52.085 INFO  tests.CalculatorFunctionalityTest - Age field presence assertion passed
2026-01-18 15:41:52.085 INFO  listeners.Listener1 - onTestSuccess -> isAgeFieldPresent
2026-01-18 15:41:52.102 INFO  listeners.Listener1 - onTestStart -> isLogoPresent
2026-01-18 15:41:52.102 INFO  tests.ResultsPageUiTest - === Starting 'isLogoPresent' test ===
2026-01-18 15:41:52.195 INFO  tests.ResultsPageUiTest - Logo present? true
2026-01-18 15:41:52.195 INFO  tests.ResultsPageUiTest - PASS: Logo is visible
2026-01-18 15:41:52.195 INFO  tests.ResultsPageUiTest - === Completed 'isLogoPresent' test ===
2026-01-18 15:41:52.195 INFO  listeners.Listener1 - onTestSuccess -> isLogoPresent
2026-01-18 15:41:52.204 INFO  listeners.Listener1 - onTestStart -> isCalculatorPresent
2026-01-18 15:41:52.204 INFO  tests.HomePageValidationTest - === Starting 'isCalculatorPresent' test ===
2026-01-18 15:41:52.329 INFO  tests.HomePageValidationTest - PASS: Calculator is present
2026-01-18 15:41:52.329 INFO  tests.HomePageValidationTest - === Completed 'isCalculatorPresent' test ===
2026-01-18 15:41:52.329 INFO  listeners.Listener1 - onTestSuccess -> isCalculatorPresent
2026-01-18 15:41:52.342 INFO  listeners.Listener1 - onTestStart -> gotoAgeFactor
2026-01-18 15:41:52.342 INFO  tests.HeartPulsePageValidationTest - Navigating to Age Factor from Heart Pulse page
2026-01-18 15:41:52.817 INFO  tests.HeartPulsePageValidationTest - URL after goToAgeFactor(): https://hackvyatharth.github.io/Vitalguard_Team_Vanguardians/#ageFactor
2026-01-18 15:41:52.817 INFO  tests.HeartPulsePageValidationTest - 'gotoAgeFactor' assertion passed
2026-01-18 15:41:52.817 INFO  listeners.Listener1 - onTestSuccess -> gotoAgeFactor
2026-01-18 15:41:52.817 INFO  listeners.Listener1 - onTestStart -> isInfoPresent
2026-01-18 15:41:52.817 INFO  t.BloodPressurePageValidationTest - === Starting 'isInfoPresent' test ===
2026-01-18 15:41:52.987 INFO  t.BloodPressurePageValidationTest - PASS: Information block presence assertion passed.
2026-01-18 15:41:52.987 INFO  t.BloodPressurePageValidationTest - === Completed 'isInfoPresent' test ===
2026-01-18 15:41:52.987 INFO  listeners.Listener1 - onTestSuccess -> isInfoPresent
2026-01-18 15:41:52.992 INFO  listeners.Listener1 - onTestStart -> isInfoPresent
2026-01-18 15:41:52.992 INFO  tests.AgeFactorPageValidationTest - Validating informational block (white text per spec) on Age Factor page
2026-01-18 15:41:53.426 INFO  tests.AgeFactorPageValidationTest - PASS: Info block presence assertion passed
2026-01-18 15:41:53.428 INFO  listeners.Listener1 - onTestSuccess -> isInfoPresent
2026-01-18 15:41:53.433 INFO  listeners.Listener1 - onTestStart -> isTeamDetailsPresent
2026-01-18 15:41:53.433 INFO  tests.TeamDetailsPageValidationTest - === Starting 'isTeamDetailsPresent' test ===
2026-01-18 15:41:53.579 INFO  tests.TeamDetailsPageValidationTest - Team details present? true
2026-01-18 15:41:53.579 INFO  tests.TeamDetailsPageValidationTest - PASS: Team details are displayed
2026-01-18 15:41:53.579 INFO  tests.TeamDetailsPageValidationTest - === Completed 'isTeamDetailsPresent' test ===
2026-01-18 15:41:53.579 INFO  listeners.Listener1 - onTestSuccess -> isTeamDetailsPresent
2026-01-18 15:41:53.583 INFO  listeners.Listener1 - onTestStart -> isPulseRateFieldPresent
2026-01-18 15:41:53.583 INFO  tests.CalculatorFunctionalityTest - Verifying pulse field presence
2026-01-18 15:41:53.780 INFO  tests.CalculatorFunctionalityTest - Pulse field presence assertion passed
2026-01-18 15:41:53.782 INFO  listeners.Listener1 - onTestSuccess -> isPulseRateFieldPresent
2026-01-18 15:41:53.786 INFO  listeners.Listener1 - onTestStart -> isLogoTextPresent
2026-01-18 15:41:53.787 INFO  tests.ResultsPageUiTest - === Starting 'isLogoTextPresent' test ===
2026-01-18 15:41:53.940 INFO  tests.ResultsPageUiTest - Logo text present? true
2026-01-18 15:41:53.940 INFO  tests.ResultsPageUiTest - PASS: Logo text is visible
2026-01-18 15:41:53.940 INFO  tests.ResultsPageUiTest - === Completed 'isLogoTextPresent' test ===
2026-01-18 15:41:53.940 INFO  listeners.Listener1 - onTestSuccess -> isLogoTextPresent
2026-01-18 15:41:53.940 INFO  listeners.Listener1 - onTestStart -> gotoHeartPulse
2026-01-18 15:41:53.940 INFO  tests.HomePageValidationTest - Navigating to HeartPulse from Home page
2026-01-18 15:41:54.450 INFO  tests.HomePageValidationTest - URL after goToHeartPulse(): https://hackvyatharth.github.io/Vitalguard_Team_Vanguardians/#pulseRate
2026-01-18 15:41:54.450 INFO  tests.HomePageValidationTest - PASS: 'gotoHeartPulse' assertion passed
2026-01-18 15:41:54.450 INFO  listeners.Listener1 - onTestSuccess -> gotoHeartPulse
2026-01-18 15:41:54.453 INFO  listeners.Listener1 - onTestStart -> gotoTeamDetails
2026-01-18 15:41:54.453 INFO  tests.HeartPulsePageValidationTest - Navigating to Team Details from Heart Pulse page
2026-01-18 15:41:54.947 INFO  tests.HeartPulsePageValidationTest - URL after goToTeamDetails(): https://hackvyatharth.github.io/Vitalguard_Team_Vanguardians/#foot
2026-01-18 15:41:54.947 INFO  tests.HeartPulsePageValidationTest - 'gotoTeamDetails' assertion passed
2026-01-18 15:41:54.947 INFO  listeners.Listener1 - onTestSuccess -> gotoTeamDetails
2026-01-18 15:41:54.963 INFO  tests.HeartPulsePageValidationTest - Tearing down webdriver
2026-01-18 15:42:22.546 INFO  tests.HeartPulsePageValidationTest - WebDriver quit successfully
2026-01-18 15:42:22.571 INFO  listeners.Listener1 - onTestStart -> gotoHome
2026-01-18 15:42:22.573 INFO  t.BloodPressurePageValidationTest - Navigating to Home via BloodPressurePage.goToHome()...
2026-01-18 15:42:27.309 INFO  t.BloodPressurePageValidationTest - URL after goToHome(): https://hackvyatharth.github.io/Vitalguard_Team_Vanguardians/#container
2026-01-18 15:42:27.310 INFO  t.BloodPressurePageValidationTest - PASS: Home navigation assertion passed.
2026-01-18 15:42:27.311 INFO  listeners.Listener1 - onTestSuccess -> gotoHome
2026-01-18 15:42:27.325 INFO  listeners.Listener1 - onTestStart -> gotoHome
2026-01-18 15:42:27.327 INFO  tests.AgeFactorPageValidationTest - Navigating to Home via AgeFactorPage.goToHome()
2026-01-18 15:42:27.925 INFO  tests.AgeFactorPageValidationTest - PASS: Home navigation assertion passed
2026-01-18 15:42:27.926 INFO  listeners.Listener1 - onTestSuccess -> gotoHome
2026-01-18 15:42:27.942 INFO  listeners.Listener1 - onTestStart -> gotoHome
2026-01-18 15:42:27.944 INFO  tests.TeamDetailsPageValidationTest - === Starting 'gotoHome' test ===
2026-01-18 15:42:28.092 INFO  tests.HeartPulsePageValidationTest - WebDriver quit successfully
2026-01-18 15:42:28.101 INFO  listeners.Listener1 - onTestStart -> gotoHome
2026-01-18 15:42:28.102 INFO  t.BloodPressurePageValidationTest - Navigating to Home via BloodPressurePage.goToHome()...
2026-01-18 15:42:29.347 INFO  tests.TeamDetailsPageValidationTest - Current URL after gotoHome(): https://hackvyatharth.github.io/Vitalguard_Team_Vanguardians/#container
2026-01-18 15:42:29.347 INFO  tests.TeamDetailsPageValidationTest - PASS: 'gotoHome' assertion passed (URL contains '#container')
2026-01-18 15:42:29.348 INFO  tests.TeamDetailsPageValidationTest - === Completed 'gotoHome' test ===
2026-01-18 15:42:29.348 INFO  listeners.Listener1 - onTestSuccess -> gotoHome
2026-01-18 15:42:29.368 INFO  listeners.Listener1 - onTestStart -> isBloodPressureFieldPresent
2026-01-18 15:42:29.370 INFO  tests.CalculatorFunctionalityTest - Verifying BP field presence
2026-01-18 15:42:29.914 INFO  t.BloodPressurePageValidationTest - URL after goToHome(): https://hackvyatharth.github.io/Vitalguard_Team_Vanguardians/#container
2026-01-18 15:42:29.914 INFO  t.BloodPressurePageValidationTest - PASS: Home navigation assertion passed.
2026-01-18 15:42:29.914 INFO  listeners.Listener1 - onTestSuccess -> gotoHome
2026-01-18 15:42:29.938 INFO  listeners.Listener1 - onTestStart -> gotoHome
2026-01-18 15:42:29.939 INFO  tests.AgeFactorPageValidationTest - Navigating to Home via AgeFactorPage.goToHome()
2026-01-18 15:42:30.027 INFO  tests.CalculatorFunctionalityTest - BP field presence assertion passed
2026-01-18 15:42:30.027 INFO  listeners.Listener1 - onTestSuccess -> isBloodPressureFieldPresent
2026-01-18 15:42:30.042 INFO  listeners.Listener1 - onTestStart -> isResultBoxPresent
2026-01-18 15:42:30.042 INFO  tests.ResultsPageUiTest - === Starting 'isResultBoxPresent' test ===
2026-01-18 15:42:30.852 INFO  tests.ResultsPageUiTest - Result box present? true
2026-01-18 15:42:30.852 INFO  tests.ResultsPageUiTest - PASS: Result box is visible
2026-01-18 15:42:30.852 INFO  tests.ResultsPageUiTest - === Completed 'isResultBoxPresent' test ===
2026-01-18 15:42:30.853 INFO  listeners.Listener1 - onTestSuccess -> isResultBoxPresent
2026-01-18 15:42:31.007 INFO  listeners.Listener1 - onTestStart -> gotoBloodPressure
2026-01-18 15:42:31.019 INFO  tests.HomePageValidationTest - Navigating to Blood Pressure from Home page
2026-01-18 15:42:46.026 INFO  tests.AgeFactorPageValidationTest - PASS: Home navigation assertion passed
2026-01-18 15:42:46.195 INFO  listeners.Listener1 - onTestSuccess -> gotoHome
2026-01-18 15:42:46.208 INFO  listeners.Listener1 - onTestStart -> gotoHome
2026-01-18 15:42:46.210 INFO  tests.TeamDetailsPageValidationTest - === Starting 'gotoHome' test ===
2026-01-18 15:42:46.674 INFO  tests.HomePageValidationTest - URL after goToBloodPressure(): https://hackvyatharth.github.io/Vitalguard_Team_Vanguardians/#bloodPressure
2026-01-18 15:42:46.675 INFO  tests.HomePageValidationTest - PASS: 'gotoBloodPressure' assertion passed
2026-01-18 15:42:46.675 INFO  listeners.Listener1 - onTestSuccess -> gotoBloodPressure
2026-01-18 15:42:46.691 INFO  listeners.Listener1 - onTestStart -> gotoHeartPulse
2026-01-18 15:42:46.694 INFO  t.BloodPressurePageValidationTest - Navigating to Heart Pulse via BloodPressurePage.goToHeartPulse()...
2026-01-18 15:42:47.333 INFO  t.BloodPressurePageValidationTest - URL after goToHeartPulse(): https://hackvyatharth.github.io/Vitalguard_Team_Vanguardians/#pulseRate
2026-01-18 15:42:47.334 INFO  t.BloodPressurePageValidationTest - PASS: Heart Pulse navigation assertion passed.
2026-01-18 15:42:47.334 INFO  listeners.Listener1 - onTestSuccess -> gotoHeartPulse
2026-01-18 15:42:47.343 INFO  listeners.Listener1 - onTestStart -> gotoHeartPulse
2026-01-18 15:42:47.345 INFO  tests.AgeFactorPageValidationTest - Navigating to Heart Pulse via AgeFactorPage.goToHeartPulse()
2026-01-18 15:42:47.624 INFO  tests.TeamDetailsPageValidationTest - Current URL after gotoHome(): https://hackvyatharth.github.io/Vitalguard_Team_Vanguardians/#container
2026-01-18 15:42:47.625 INFO  tests.TeamDetailsPageValidationTest - PASS: 'gotoHome' assertion passed (URL contains '#container')
2026-01-18 15:42:47.625 INFO  tests.TeamDetailsPageValidationTest - === Completed 'gotoHome' test ===
2026-01-18 15:42:47.626 INFO  listeners.Listener1 - onTestSuccess -> gotoHome
2026-01-18 15:42:47.640 INFO  listeners.Listener1 - onTestStart -> isBloodPressureFieldPresent
2026-01-18 15:42:47.642 INFO  tests.CalculatorFunctionalityTest - Verifying BP field presence
2026-01-18 15:42:47.821 INFO  tests.CalculatorFunctionalityTest - BP field presence assertion passed
2026-01-18 15:42:47.822 INFO  listeners.Listener1 - onTestSuccess -> isBloodPressureFieldPresent
2026-01-18 15:42:47.835 INFO  listeners.Listener1 - onTestStart -> isResultBoxPresent
2026-01-18 15:42:47.836 INFO  tests.ResultsPageUiTest - === Starting 'isResultBoxPresent' test ===
2026-01-18 15:42:48.005 INFO  tests.ResultsPageUiTest - Result box present? true
2026-01-18 15:42:48.005 INFO  tests.ResultsPageUiTest - PASS: Result box is visible
2026-01-18 15:42:48.005 INFO  tests.ResultsPageUiTest - === Completed 'isResultBoxPresent' test ===
2026-01-18 15:42:48.006 INFO  listeners.Listener1 - onTestSuccess -> isResultBoxPresent
2026-01-18 15:42:48.018 INFO  listeners.Listener1 - onTestStart -> gotoBloodPressure
2026-01-18 15:42:48.019 INFO  tests.HomePageValidationTest - Navigating to Blood Pressure from Home page
2026-01-18 15:42:48.030 INFO  tests.AgeFactorPageValidationTest - PASS: Heart Pulse navigation assertion passed
2026-01-18 15:42:48.031 INFO  listeners.Listener1 - onTestSuccess -> gotoHeartPulse
2026-01-18 15:42:48.042 INFO  listeners.Listener1 - onTestStart -> gotoBloodPressure
2026-01-18 15:42:48.044 INFO  tests.TeamDetailsPageValidationTest - === Starting 'gotoBloodPressure' test ===
2026-01-18 15:42:48.469 INFO  tests.TeamDetailsPageValidationTest - Current URL after gotoBloodPressure(): https://hackvyatharth.github.io/Vitalguard_Team_Vanguardians/#bloodPressure
2026-01-18 15:42:48.469 INFO  tests.TeamDetailsPageValidationTest - PASS: 'gotoBloodPressure' assertion passed (URL contains '#bloodPressure')
2026-01-18 15:42:48.469 INFO  tests.TeamDetailsPageValidationTest - === Completed 'gotoBloodPressure' test ===
2026-01-18 15:42:48.470 INFO  listeners.Listener1 - onTestSuccess -> gotoBloodPressure
2026-01-18 15:42:48.479 INFO  listeners.Listener1 - onTestStart -> isCalculateButtonPresentAndClickable
2026-01-18 15:42:48.481 INFO  tests.CalculatorFunctionalityTest - Verifying Calculate Button presence and Clickability
2026-01-18 15:42:48.485 INFO  tests.HomePageValidationTest - URL after goToBloodPressure(): https://hackvyatharth.github.io/Vitalguard_Team_Vanguardians/#bloodPressure
2026-01-18 15:42:48.485 INFO  tests.HomePageValidationTest - PASS: 'gotoBloodPressure' assertion passed
2026-01-18 15:42:48.485 INFO  listeners.Listener1 - onTestSuccess -> gotoBloodPressure
2026-01-18 15:42:48.499 INFO  listeners.Listener1 - onTestStart -> gotoHeartPulse
2026-01-18 15:42:48.500 INFO  t.BloodPressurePageValidationTest - Navigating to Heart Pulse via BloodPressurePage.goToHeartPulse()...
2026-01-18 15:42:49.054 INFO  tests.CalculatorFunctionalityTest - Calculate button presence & clickability assertion passed
2026-01-18 15:42:49.055 INFO  listeners.Listener1 - onTestSuccess -> isCalculateButtonPresentAndClickable
2026-01-18 15:42:49.071 INFO  listeners.Listener1 - onTestStart -> isHeadingPresent
2026-01-18 15:42:49.074 INFO  tests.ResultsPageUiTest - === Starting 'isHeadingPresent' test ===
2026-01-18 15:42:49.239 INFO  tests.ResultsPageUiTest - Heading present? true
2026-01-18 15:42:49.240 INFO  tests.ResultsPageUiTest - PASS: Heading is visible
2026-01-18 15:42:49.240 INFO  tests.ResultsPageUiTest - === Completed 'isHeadingPresent' test ===
2026-01-18 15:42:49.242 INFO  listeners.Listener1 - onTestSuccess -> isHeadingPresent
2026-01-18 15:42:49.257 INFO  listeners.Listener1 - onTestStart -> gotoAgeFactor
2026-01-18 15:42:49.259 INFO  tests.HomePageValidationTest - Navigating to Age Factor from Home page
2026-01-18 15:42:49.497 INFO  t.BloodPressurePageValidationTest - URL after goToHeartPulse(): https://hackvyatharth.github.io/Vitalguard_Team_Vanguardians/#pulseRate
2026-01-18 15:42:49.498 INFO  t.BloodPressurePageValidationTest - PASS: Heart Pulse navigation assertion passed.
2026-01-18 15:42:49.498 INFO  listeners.Listener1 - onTestSuccess -> gotoHeartPulse
2026-01-18 15:42:49.509 INFO  listeners.Listener1 - onTestStart -> gotoHeartPulse
2026-01-18 15:42:49.512 INFO  tests.AgeFactorPageValidationTest - Navigating to Heart Pulse via AgeFactorPage.goToHeartPulse()
2026-01-18 15:42:49.980 INFO  tests.HomePageValidationTest - URL after goToAgeFactor(): https://hackvyatharth.github.io/Vitalguard_Team_Vanguardians/#ageFactor
2026-01-18 15:42:49.981 INFO  tests.HomePageValidationTest - PASS: 'gotoAgeFactor' assertion passed
2026-01-18 15:42:49.982 INFO  listeners.Listener1 - onTestSuccess -> gotoAgeFactor
2026-01-18 15:42:49.997 INFO  listeners.Listener1 - onTestStart -> gotoAgeFactorPage
2026-01-18 15:42:49.999 INFO  t.BloodPressurePageValidationTest - Navigating to Age Factor via BloodPressurePage.goToAgeFactor()...
2026-01-18 15:42:50.216 INFO  tests.AgeFactorPageValidationTest - PASS: Heart Pulse navigation assertion passed
2026-01-18 15:42:50.217 INFO  listeners.Listener1 - onTestSuccess -> gotoHeartPulse
2026-01-18 15:42:50.229 INFO  listeners.Listener1 - onTestStart -> gotoBloodPressure
2026-01-18 15:42:50.231 INFO  tests.TeamDetailsPageValidationTest - === Starting 'gotoBloodPressure' test ===
2026-01-18 15:42:51.074 INFO  t.BloodPressurePageValidationTest - URL after goToAgeFactor(): https://hackvyatharth.github.io/Vitalguard_Team_Vanguardians/#ageFactor
2026-01-18 15:42:51.075 INFO  t.BloodPressurePageValidationTest - PASS: Age Factor navigation assertion passed.
2026-01-18 15:42:51.075 INFO  listeners.Listener1 - onTestSuccess -> gotoAgeFactorPage
2026-01-18 15:42:51.087 INFO  listeners.Listener1 - onTestStart -> gotoBloodPressure
2026-01-18 15:42:51.089 INFO  tests.AgeFactorPageValidationTest - Navigating to Blood Pressure via AgeFactorPage.goToBloodPressure()
2026-01-18 15:42:51.138 INFO  tests.TeamDetailsPageValidationTest - Current URL after gotoBloodPressure(): https://hackvyatharth.github.io/Vitalguard_Team_Vanguardians/#bloodPressure
2026-01-18 15:42:51.138 INFO  tests.TeamDetailsPageValidationTest - PASS: 'gotoBloodPressure' assertion passed (URL contains '#bloodPressure')
2026-01-18 15:42:51.139 INFO  tests.TeamDetailsPageValidationTest - === Completed 'gotoBloodPressure' test ===
2026-01-18 15:42:51.139 INFO  listeners.Listener1 - onTestSuccess -> gotoBloodPressure
2026-01-18 15:42:51.195 INFO  listeners.Listener1 - onTestStart -> isCalculateButtonPresentAndClickable
2026-01-18 15:42:51.198 INFO  tests.CalculatorFunctionalityTest - Verifying Calculate Button presence and Clickability
2026-01-18 15:42:51.597 INFO  tests.AgeFactorPageValidationTest - PASS: Blood Pressure navigation assertion passed
2026-01-18 15:42:51.598 INFO  listeners.Listener1 - onTestSuccess -> gotoBloodPressure
2026-01-18 15:42:51.611 INFO  listeners.Listener1 - onTestStart -> gotoHeartPulse
2026-01-18 15:42:51.612 INFO  tests.TeamDetailsPageValidationTest - === Starting 'gotoHeartPulse' test ===
2026-01-18 15:42:51.689 INFO  tests.CalculatorFunctionalityTest - Calculate button presence & clickability assertion passed
2026-01-18 15:42:51.690 INFO  listeners.Listener1 - onTestSuccess -> isCalculateButtonPresentAndClickable
2026-01-18 15:42:51.705 INFO  listeners.Listener1 - onTestStart -> isHeadingPresent
2026-01-18 15:42:51.707 INFO  tests.ResultsPageUiTest - === Starting 'isHeadingPresent' test ===
2026-01-18 15:42:52.786 INFO  tests.ResultsPageUiTest - Heading present? true
2026-01-18 15:42:52.786 INFO  tests.ResultsPageUiTest - PASS: Heading is visible
2026-01-18 15:42:52.786 INFO  tests.ResultsPageUiTest - === Completed 'isHeadingPresent' test ===
2026-01-18 15:42:52.787 INFO  listeners.Listener1 - onTestSuccess -> isHeadingPresent
2026-01-18 15:42:52.796 INFO  listeners.Listener1 - onTestStart -> gotoAgeFactor
2026-01-18 15:42:52.798 INFO  tests.HomePageValidationTest - Navigating to Age Factor from Home page
2026-01-18 15:42:53.088 INFO  tests.TeamDetailsPageValidationTest - Current URL after gotoHeartPulse(): https://hackvyatharth.github.io/Vitalguard_Team_Vanguardians/#pulseRate
2026-01-18 15:42:53.089 INFO  tests.TeamDetailsPageValidationTest - PASS: 'gotoHeartPulse' assertion passed (URL contains '#pulseRate')
2026-01-18 15:42:53.090 INFO  tests.TeamDetailsPageValidationTest - === Completed 'gotoHeartPulse' test ===
2026-01-18 15:42:53.090 INFO  listeners.Listener1 - onTestSuccess -> gotoHeartPulse
2026-01-18 15:42:53.990 INFO  tests.HomePageValidationTest - URL after goToAgeFactor(): https://hackvyatharth.github.io/Vitalguard_Team_Vanguardians/#ageFactor
2026-01-18 15:42:53.992 INFO  tests.HomePageValidationTest - PASS: 'gotoAgeFactor' assertion passed
2026-01-18 15:42:53.993 INFO  listeners.Listener1 - onTestSuccess -> gotoAgeFactor
2026-01-18 15:42:54.018 INFO  listeners.Listener1 - onTestStart -> gotoAgeFactorPage
2026-01-18 15:42:54.019 INFO  t.BloodPressurePageValidationTest - Navigating to Age Factor via BloodPressurePage.goToAgeFactor()...
2026-01-18 15:42:54.942 INFO  t.BloodPressurePageValidationTest - URL after goToAgeFactor(): https://hackvyatharth.github.io/Vitalguard_Team_Vanguardians/#ageFactor
2026-01-18 15:42:54.942 INFO  t.BloodPressurePageValidationTest - PASS: Age Factor navigation assertion passed.
2026-01-18 15:42:54.943 INFO  listeners.Listener1 - onTestSuccess -> gotoAgeFactorPage
2026-01-18 15:42:54.955 INFO  listeners.Listener1 - onTestStart -> gotoBloodPressure
2026-01-18 15:42:54.956 INFO  tests.AgeFactorPageValidationTest - Navigating to Blood Pressure via AgeFactorPage.goToBloodPressure()
2026-01-18 15:42:55.961 INFO  tests.AgeFactorPageValidationTest - PASS: Blood Pressure navigation assertion passed
2026-01-18 15:42:55.961 INFO  listeners.Listener1 - onTestSuccess -> gotoBloodPressure
2026-01-18 15:42:55.975 INFO  listeners.Listener1 - onTestStart -> gotoHeartPulse
2026-01-18 15:42:55.976 INFO  tests.TeamDetailsPageValidationTest - === Starting 'gotoHeartPulse' test ===
2026-01-18 15:42:56.736 INFO  tests.CalculatorFunctionalityTest - Loaded {} data rows from Excel
2026-01-18 15:42:56.751 INFO  listeners.Listener1 - onTestStart -> sendData
2026-01-18 15:42:56.752 INFO  listeners.Listener1 - Parameters for sendData: ["", "", "", negative]
2026-01-18 15:42:56.766 INFO  tests.CalculatorFunctionalityTest - Executing data row: age='""', pulse='""', bp='""', testType='negative'
2026-01-18 15:42:58.959 INFO  tests.TeamDetailsPageValidationTest - Current URL after gotoHeartPulse(): https://hackvyatharth.github.io/Vitalguard_Team_Vanguardians/#pulseRate
2026-01-18 15:42:58.959 INFO  tests.TeamDetailsPageValidationTest - PASS: 'gotoHeartPulse' assertion passed (URL contains '#pulseRate')
2026-01-18 15:42:58.960 INFO  tests.TeamDetailsPageValidationTest - === Completed 'gotoHeartPulse' test ===
2026-01-18 15:42:58.961 INFO  listeners.Listener1 - onTestSuccess -> gotoHeartPulse
2026-01-18 15:42:59.189 INFO  tests.CalculatorFunctionalityTest - Loaded {} data rows from Excel
2026-01-18 15:42:59.196 INFO  listeners.Listener1 - onTestStart -> sendData
2026-01-18 15:42:59.198 INFO  listeners.Listener1 - Parameters for sendData: ["", "", "", negative]
2026-01-18 15:42:59.200 INFO  tests.CalculatorFunctionalityTest - Executing data row: age='""', pulse='""', bp='""', testType='negative'
2026-01-18 15:43:06.081 INFO  tests.CalculatorFunctionalityTest - Clicking Calculate
2026-01-18 15:43:06.495 INFO  tests.CalculatorFunctionalityTest - Alert detected after submit
2026-01-18 15:43:06.537 INFO  tests.CalculatorFunctionalityTest - Negative case: navigatedToResult=false
2026-01-18 15:43:06.537 INFO  listeners.Listener1 - onTestSuccess -> sendData
2026-01-18 15:43:06.537 INFO  listeners.Listener1 - Deleting pre-submit screenshot for passed test: C:\Users\2457157\IdeaProjects\HealthIndexCalculator\reports\screenshots\age_____pulse_____bp_____type_negative_before_20260118_154306_053.png
2026-01-18 15:43:06.736 INFO  listeners.Listener1 - onTestStart -> sendData
2026-01-18 15:43:06.736 INFO  listeners.Listener1 - Parameters for sendData: [0, 60, 70/31, negative]
2026-01-18 15:43:06.743 INFO  tests.CalculatorFunctionalityTest - Executing data row: age='0', pulse='60', bp='70/31', testType='negative'
2026-01-18 15:43:09.428 INFO  tests.CalculatorFunctionalityTest - Clicking Calculate
2026-01-18 15:43:10.064 INFO  tests.CalculatorFunctionalityTest - Alert detected after submit
2026-01-18 15:43:10.104 INFO  tests.CalculatorFunctionalityTest - Negative case: navigatedToResult=false
2026-01-18 15:43:10.105 INFO  listeners.Listener1 - onTestSuccess -> sendData
2026-01-18 15:43:10.105 INFO  listeners.Listener1 - Deleting pre-submit screenshot for passed test: C:\Users\2457157\IdeaProjects\HealthIndexCalculator\reports\screenshots\age_0__pulse_60__bp_70_31__type_negative_before_20260118_154309_404.png
2026-01-18 15:43:10.164 INFO  listeners.Listener1 - onTestStart -> sendData
2026-01-18 15:43:10.164 INFO  listeners.Listener1 - Parameters for sendData: [1, 72, 120/81, positive]
2026-01-18 15:43:10.165 INFO  tests.CalculatorFunctionalityTest - Executing data row: age='1', pulse='72', bp='120/81', testType='positive'
2026-01-18 15:43:11.524 INFO  tests.CalculatorFunctionalityTest - Clicking Calculate
2026-01-18 15:43:11.691 INFO  tests.CalculatorFunctionalityTest - Alert detected after submit
2026-01-18 15:43:11.710 INFO  tests.CalculatorFunctionalityTest - Negative case: navigatedToResult=false
2026-01-18 15:43:11.710 INFO  listeners.Listener1 - onTestSuccess -> sendData
2026-01-18 15:43:11.710 INFO  listeners.Listener1 - Deleting pre-submit screenshot for passed test: C:\Users\2457157\IdeaProjects\HealthIndexCalculator\reports\screenshots\age_____pulse_____bp_____type_negative_before_20260118_154311_524.png
2026-01-18 15:43:11.718 INFO  listeners.Listener1 - onTestStart -> sendData
2026-01-18 15:43:11.718 INFO  listeners.Listener1 - Parameters for sendData: [0, 60, 70/31, negative]
2026-01-18 15:43:11.718 INFO  tests.CalculatorFunctionalityTest - Executing data row: age='0', pulse='60', bp='70/31', testType='negative'
2026-01-18 15:43:12.234 INFO  tests.CalculatorFunctionalityTest - Clicking Calculate
2026-01-18 15:43:12.349 INFO  tests.CalculatorFunctionalityTest - Clicking Calculate
2026-01-18 15:43:12.514 INFO  tests.CalculatorFunctionalityTest - Alert detected after submit
2026-01-18 15:43:12.539 INFO  tests.CalculatorFunctionalityTest - Negative case: navigatedToResult=false
2026-01-18 15:43:12.539 INFO  listeners.Listener1 - onTestSuccess -> sendData
2026-01-18 15:43:12.539 INFO  listeners.Listener1 - Deleting pre-submit screenshot for passed test: C:\Users\2457157\IdeaProjects\HealthIndexCalculator\reports\screenshots\age_0__pulse_60__bp_70_31__type_negative_before_20260118_154312_344.png
2026-01-18 15:43:12.549 INFO  listeners.Listener1 - onTestStart -> sendData
2026-01-18 15:43:12.549 INFO  listeners.Listener1 - Parameters for sendData: [1, 72, 120/81, positive]
2026-01-18 15:43:12.551 INFO  tests.CalculatorFunctionalityTest - Executing data row: age='1', pulse='72', bp='120/81', testType='positive'
2026-01-18 15:43:14.032 INFO  tests.CalculatorFunctionalityTest - Clicking Calculate
2026-01-18 15:43:15.748 INFO  tests.CalculatorFunctionalityTest - No alert branch: navigatedToResult=true
2026-01-18 15:43:15.748 INFO  tests.CalculatorFunctionalityTest - Positive case passed: navigated; returning Home via logo text
2026-01-18 15:43:16.588 INFO  tests.CalculatorFunctionalityTest - Clicked 'VitalGuard' logo text to return Home
2026-01-18 15:43:16.588 INFO  listeners.Listener1 - onTestSuccess -> sendData
2026-01-18 15:43:16.589 INFO  listeners.Listener1 - Deleting pre-submit screenshot for passed test: C:\Users\2457157\IdeaProjects\HealthIndexCalculator\reports\screenshots\age_1__pulse_72__bp_120_81__type_positive_before_20260118_154312_234.png
2026-01-18 15:43:16.606 INFO  listeners.Listener1 - onTestStart -> sendData
2026-01-18 15:43:16.606 INFO  listeners.Listener1 - Parameters for sendData: [69.5, -25, 160/91, negative]
2026-01-18 15:43:16.608 INFO  tests.CalculatorFunctionalityTest - Executing data row: age='69.5', pulse='-25', bp='160/91', testType='negative'
2026-01-18 15:43:17.789 INFO  tests.CalculatorFunctionalityTest - No alert branch: navigatedToResult=true
2026-01-18 15:43:17.789 INFO  tests.CalculatorFunctionalityTest - Positive case passed: navigated; returning Home via logo text
2026-01-18 15:43:18.529 INFO  tests.CalculatorFunctionalityTest - Clicked 'VitalGuard' logo text to return Home
2026-01-18 15:43:18.530 INFO  listeners.Listener1 - onTestSuccess -> sendData
2026-01-18 15:43:18.530 INFO  listeners.Listener1 - Deleting pre-submit screenshot for passed test: C:\Users\2457157\IdeaProjects\HealthIndexCalculator\reports\screenshots\age_1__pulse_72__bp_120_81__type_positive_before_20260118_154314_025.png
2026-01-18 15:43:18.559 INFO  listeners.Listener1 - onTestStart -> sendData
2026-01-18 15:43:18.560 INFO  listeners.Listener1 - Parameters for sendData: [69.5, -25, 160/91, negative]
2026-01-18 15:43:18.561 INFO  tests.CalculatorFunctionalityTest - Executing data row: age='69.5', pulse='-25', bp='160/91', testType='negative'
2026-01-18 15:43:18.656 INFO  tests.CalculatorFunctionalityTest - Clicking Calculate
2026-01-18 15:43:20.680 INFO  tests.CalculatorFunctionalityTest - Clicking Calculate
2026-01-18 15:43:22.624 INFO  tests.CalculatorFunctionalityTest - No alert branch: navigatedToResult=true
2026-01-18 15:43:23.587 ERROR tests.CalculatorFunctionalityTest - Negative case failed: navigated without alert
2026-01-18 15:43:23.914 ERROR listeners.Listener1 - onTestFailure -> sendData
java.lang.AssertionError: The following asserts failed:
	NEGATIVE input incorrectly navigated to Result page without showing any alert.
	at org.testng.asserts.SoftAssert.assertAll(SoftAssert.java:46)
	at org.testng.asserts.SoftAssert.assertAll(SoftAssert.java:30)
	at tests.CalculatorFunctionalityTest.sendData(CalculatorFunctionalityTest.java:200)
	at java.base/jdk.internal.reflect.DirectMethodHandleAccessor.invoke(DirectMethodHandleAccessor.java:103)
	at java.base/java.lang.reflect.Method.invoke(Method.java:580)
	at org.testng.internal.invokers.MethodInvocationHelper.invokeMethod(MethodInvocationHelper.java:141)
	at org.testng.internal.invokers.TestInvoker.invokeMethod(TestInvoker.java:687)
	at org.testng.internal.invokers.TestInvoker.invokeTestMethod(TestInvoker.java:230)
	at org.testng.internal.invokers.MethodRunner.runInSequence(MethodRunner.java:63)
	at org.testng.internal.invokers.TestInvoker$MethodInvocationAgent.invoke(TestInvoker.java:995)
	at org.testng.internal.invokers.TestInvoker.invokeTestMethods(TestInvoker.java:203)
	at org.testng.internal.invokers.TestMethodWorker.invokeTestMethods(TestMethodWorker.java:154)
	at org.testng.internal.invokers.TestMethodWorker.run(TestMethodWorker.java:134)
	at java.base/java.util.ArrayList.forEach(ArrayList.java:1596)
	at org.testng.TestRunner.privateRun(TestRunner.java:741)
	at org.testng.TestRunner.run(TestRunner.java:616)
	at org.testng.SuiteRunner.runTest(SuiteRunner.java:421)
	at org.testng.SuiteRunner$SuiteWorker.run(SuiteRunner.java:463)
	at org.testng.internal.thread.ThreadUtil.lambda$execute$0(ThreadUtil.java:64)
	at java.base/java.util.concurrent.FutureTask.run$$$capture(FutureTask.java:317)
	at java.base/java.util.concurrent.FutureTask.run(FutureTask.java)
	at java.base/java.util.concurrent.ThreadPoolExecutor.runWorker(ThreadPoolExecutor.java:1144)
	at java.base/java.util.concurrent.ThreadPoolExecutor$Worker.run(ThreadPoolExecutor.java:642)
	at java.base/java.lang.Thread.run(Thread.java:1583)
2026-01-18 15:43:23.968 INFO  listeners.Listener1 - Attaching pre-submit screenshot: C:\Users\2457157\IdeaProjects\HealthIndexCalculator\reports\screenshots\age_69.5__pulse_-25__bp_160_91__type_negative_before_20260118_154318_645.png
2026-01-18 15:43:23.978 INFO  listeners.Listener1 - Attaching failure screenshot: C:\Users\2457157\IdeaProjects\HealthIndexCalculator\reports\screenshots\age_69.5__pulse_-25__bp_160_91__type_negative_failed_no_alert_20260118_154322_625.png
2026-01-18 15:43:24.017 INFO  listeners.Listener1 - onTestStart -> sendData
2026-01-18 15:43:24.024 INFO  listeners.Listener1 - Parameters for sendData: [120, Seventy Two, 0/0, negative]
2026-01-18 15:43:24.025 INFO  tests.CalculatorFunctionalityTest - Executing data row: age='120', pulse='Seventy Two', bp='0/0', testType='negative'
2026-01-18 15:43:24.345 INFO  tests.CalculatorFunctionalityTest - No alert branch: navigatedToResult=true
2026-01-18 15:43:25.193 ERROR tests.CalculatorFunctionalityTest - Negative case failed: navigated without alert
2026-01-18 15:43:25.631 INFO  tests.CalculatorFunctionalityTest - Clicking Calculate
2026-01-18 15:43:25.684 ERROR listeners.Listener1 - onTestFailure -> sendData
java.lang.AssertionError: The following asserts failed:
	NEGATIVE input incorrectly navigated to Result page without showing any alert.
	at org.testng.asserts.SoftAssert.assertAll(SoftAssert.java:46)
	at org.testng.asserts.SoftAssert.assertAll(SoftAssert.java:30)
	at tests.CalculatorFunctionalityTest.sendData(CalculatorFunctionalityTest.java:200)
	at java.base/jdk.internal.reflect.DirectMethodHandleAccessor.invoke(DirectMethodHandleAccessor.java:103)
	at java.base/java.lang.reflect.Method.invoke(Method.java:580)
	at org.testng.internal.invokers.MethodInvocationHelper.invokeMethod(MethodInvocationHelper.java:141)
	at org.testng.internal.invokers.TestInvoker.invokeMethod(TestInvoker.java:687)
	at org.testng.internal.invokers.TestInvoker.invokeTestMethod(TestInvoker.java:230)
	at org.testng.internal.invokers.MethodRunner.runInSequence(MethodRunner.java:63)
	at org.testng.internal.invokers.TestInvoker$MethodInvocationAgent.invoke(TestInvoker.java:995)
	at org.testng.internal.invokers.TestInvoker.invokeTestMethods(TestInvoker.java:203)
	at org.testng.internal.invokers.TestMethodWorker.invokeTestMethods(TestMethodWorker.java:154)
	at org.testng.internal.invokers.TestMethodWorker.run(TestMethodWorker.java:134)
	at java.base/java.util.ArrayList.forEach(ArrayList.java:1596)
	at org.testng.TestRunner.privateRun(TestRunner.java:741)
	at org.testng.TestRunner.run(TestRunner.java:616)
	at org.testng.SuiteRunner.runTest(SuiteRunner.java:421)
	at org.testng.SuiteRunner$SuiteWorker.run(SuiteRunner.java:463)
	at org.testng.internal.thread.ThreadUtil.lambda$execute$0(ThreadUtil.java:64)
	at java.base/java.util.concurrent.FutureTask.run$$$capture(FutureTask.java:317)
	at java.base/java.util.concurrent.FutureTask.run(FutureTask.java)
	at java.base/java.util.concurrent.ThreadPoolExecutor.runWorker(ThreadPoolExecutor.java:1144)
	at java.base/java.util.concurrent.ThreadPoolExecutor$Worker.run(ThreadPoolExecutor.java:642)
	at java.base/java.lang.Thread.run(Thread.java:1583)
2026-01-18 15:43:25.688 INFO  listeners.Listener1 - Attaching pre-submit screenshot: C:\Users\2457157\IdeaProjects\HealthIndexCalculator\reports\screenshots\age_69.5__pulse_-25__bp_160_91__type_negative_before_20260118_154320_667.png
2026-01-18 15:43:25.688 INFO  listeners.Listener1 - Attaching failure screenshot: C:\Users\2457157\IdeaProjects\HealthIndexCalculator\reports\screenshots\age_69.5__pulse_-25__bp_160_91__type_negative_failed_no_alert_20260118_154324_345.png
2026-01-18 15:43:25.706 INFO  listeners.Listener1 - onTestStart -> sendData
2026-01-18 15:43:25.706 INFO  listeners.Listener1 - Parameters for sendData: [120, Seventy Two, 0/0, negative]
2026-01-18 15:43:25.706 INFO  tests.CalculatorFunctionalityTest - Executing data row: age='120', pulse='Seventy Two', bp='0/0', testType='negative'
2026-01-18 15:43:26.004 INFO  tests.CalculatorFunctionalityTest - Alert detected after submit
2026-01-18 15:43:26.044 INFO  tests.CalculatorFunctionalityTest - Negative case: navigatedToResult=false
2026-01-18 15:43:26.044 INFO  listeners.Listener1 - onTestSuccess -> sendData
2026-01-18 15:43:26.048 INFO  listeners.Listener1 - Deleting pre-submit screenshot for passed test: C:\Users\2457157\IdeaProjects\HealthIndexCalculator\reports\screenshots\age_120__pulse_Seventy_Two__bp_0_0__type_negative_before_20260118_154325_625.png
2026-01-18 15:43:26.066 INFO  listeners.Listener1 - onTestStart -> sendData
2026-01-18 15:43:26.066 INFO  listeners.Listener1 - Parameters for sendData: [121, @$%, 0/0, negative]
2026-01-18 15:43:26.066 INFO  tests.CalculatorFunctionalityTest - Executing data row: age='121', pulse='@$%', bp='0/0', testType='negative'
2026-01-18 15:43:27.553 INFO  tests.CalculatorFunctionalityTest - Clicking Calculate
2026-01-18 15:43:27.733 INFO  tests.CalculatorFunctionalityTest - Clicking Calculate
2026-01-18 15:43:28.001 INFO  tests.CalculatorFunctionalityTest - Alert detected after submit
2026-01-18 15:43:28.089 INFO  tests.CalculatorFunctionalityTest - Negative case: navigatedToResult=false
2026-01-18 15:43:28.097 INFO  listeners.Listener1 - onTestSuccess -> sendData
2026-01-18 15:43:28.097 INFO  listeners.Listener1 - Deleting pre-submit screenshot for passed test: C:\Users\2457157\IdeaProjects\HealthIndexCalculator\reports\screenshots\age_120__pulse_Seventy_Two__bp_0_0__type_negative_before_20260118_154327_550.png
2026-01-18 15:43:28.114 INFO  listeners.Listener1 - onTestStart -> sendData
2026-01-18 15:43:28.114 INFO  listeners.Listener1 - Parameters for sendData: [121, @$%, 0/0, negative]
2026-01-18 15:43:28.117 INFO  tests.CalculatorFunctionalityTest - Executing data row: age='121', pulse='@$%', bp='0/0', testType='negative'
2026-01-18 15:43:28.276 INFO  tests.CalculatorFunctionalityTest - Alert detected after submit
2026-01-18 15:43:28.319 INFO  tests.CalculatorFunctionalityTest - Negative case: navigatedToResult=false
2026-01-18 15:43:28.319 INFO  listeners.Listener1 - onTestSuccess -> sendData
2026-01-18 15:43:28.319 INFO  listeners.Listener1 - Deleting pre-submit screenshot for passed test: C:\Users\2457157\IdeaProjects\HealthIndexCalculator\reports\screenshots\age_121__pulse______bp_0_0__type_negative_before_20260118_154327_729.png
2026-01-18 15:43:28.334 INFO  listeners.Listener1 - onTestStart -> sendData
2026-01-18 15:43:28.334 INFO  listeners.Listener1 - Parameters for sendData: [120.5, 80yrs, 1000/1000, negative]
2026-01-18 15:43:28.334 INFO  tests.CalculatorFunctionalityTest - Executing data row: age='120.5', pulse='80yrs', bp='1000/1000', testType='negative'
2026-01-18 15:43:29.999 INFO  tests.CalculatorFunctionalityTest - Clicking Calculate
2026-01-18 15:43:30.127 INFO  tests.CalculatorFunctionalityTest - Clicking Calculate
2026-01-18 15:43:30.438 INFO  tests.CalculatorFunctionalityTest - Alert detected after submit
2026-01-18 15:43:30.497 INFO  tests.CalculatorFunctionalityTest - Negative case: navigatedToResult=false
2026-01-18 15:43:30.498 INFO  listeners.Listener1 - onTestSuccess -> sendData
2026-01-18 15:43:30.498 INFO  listeners.Listener1 - Deleting pre-submit screenshot for passed test: C:\Users\2457157\IdeaProjects\HealthIndexCalculator\reports\screenshots\age_121__pulse______bp_0_0__type_negative_before_20260118_154329_985.png
2026-01-18 15:43:30.516 INFO  listeners.Listener1 - onTestStart -> sendData
2026-01-18 15:43:30.518 INFO  listeners.Listener1 - Parameters for sendData: [120.5, 80yrs, 1000/1000, negative]
2026-01-18 15:43:30.518 INFO  tests.CalculatorFunctionalityTest - Executing data row: age='120.5', pulse='80yrs', bp='1000/1000', testType='negative'
2026-01-18 15:43:30.619 INFO  tests.CalculatorFunctionalityTest - Alert detected after submit
2026-01-18 15:43:30.699 INFO  tests.CalculatorFunctionalityTest - Negative case: navigatedToResult=false
2026-01-18 15:43:30.701 INFO  listeners.Listener1 - onTestSuccess -> sendData
2026-01-18 15:43:30.701 INFO  listeners.Listener1 - Deleting pre-submit screenshot for passed test: C:\Users\2457157\IdeaProjects\HealthIndexCalculator\reports\screenshots\age_120.5__pulse_80yrs__bp_1000_1000__type_negative_before_20260118_154330_119.png
2026-01-18 15:43:30.721 INFO  listeners.Listener1 - onTestStart -> sendData
2026-01-18 15:43:30.721 INFO  listeners.Listener1 - Parameters for sendData: [abc, 1000, abc, negative]
2026-01-18 15:43:30.730 INFO  tests.CalculatorFunctionalityTest - Executing data row: age='abc', pulse='1000', bp='abc', testType='negative'
2026-01-18 15:43:32.484 INFO  tests.CalculatorFunctionalityTest - Clicking Calculate
2026-01-18 15:43:32.653 INFO  tests.CalculatorFunctionalityTest - Clicking Calculate
2026-01-18 15:43:33.003 INFO  tests.CalculatorFunctionalityTest - Alert detected after submit
2026-01-18 15:43:33.050 INFO  tests.CalculatorFunctionalityTest - Negative case: navigatedToResult=false
2026-01-18 15:43:33.050 INFO  listeners.Listener1 - onTestSuccess -> sendData
2026-01-18 15:43:33.050 INFO  listeners.Listener1 - Deleting pre-submit screenshot for passed test: C:\Users\2457157\IdeaProjects\HealthIndexCalculator\reports\screenshots\age_120.5__pulse_80yrs__bp_1000_1000__type_negative_before_20260118_154332_468.png
2026-01-18 15:43:33.067 INFO  listeners.Listener1 - onTestStart -> sendData
2026-01-18 15:43:33.078 INFO  listeners.Listener1 - Parameters for sendData: [abc, 1000, abc, negative]
2026-01-18 15:43:33.078 INFO  tests.CalculatorFunctionalityTest - Executing data row: age='abc', pulse='1000', bp='abc', testType='negative'
2026-01-18 15:43:33.154 INFO  tests.CalculatorFunctionalityTest - Alert detected after submit
2026-01-18 15:43:33.216 INFO  tests.CalculatorFunctionalityTest - Negative case: navigatedToResult=false
2026-01-18 15:43:33.216 INFO  listeners.Listener1 - onTestSuccess -> sendData
2026-01-18 15:43:33.216 INFO  listeners.Listener1 - Deleting pre-submit screenshot for passed test: C:\Users\2457157\IdeaProjects\HealthIndexCalculator\reports\screenshots\age_abc__pulse_1000__bp_abc__type_negative_before_20260118_154332_646.png
2026-01-18 15:43:33.249 INFO  listeners.Listener1 - onTestStart -> sendData
2026-01-18 15:43:33.249 INFO  listeners.Listener1 - Parameters for sendData: [@#, 65.5, abc/abc, negative]
2026-01-18 15:43:33.249 INFO  tests.CalculatorFunctionalityTest - Executing data row: age='@#', pulse='65.5', bp='abc/abc', testType='negative'
2026-01-18 15:43:35.279 INFO  tests.CalculatorFunctionalityTest - Clicking Calculate
2026-01-18 15:43:35.334 INFO  tests.CalculatorFunctionalityTest - Clicking Calculate
2026-01-18 15:43:35.760 INFO  tests.CalculatorFunctionalityTest - Alert detected after submit
2026-01-18 15:43:35.890 INFO  tests.CalculatorFunctionalityTest - Alert detected after submit
2026-01-18 15:43:35.925 INFO  tests.CalculatorFunctionalityTest - Negative case: navigatedToResult=false
2026-01-18 15:43:35.925 INFO  listeners.Listener1 - onTestSuccess -> sendData
2026-01-18 15:43:35.925 INFO  listeners.Listener1 - Deleting pre-submit screenshot for passed test: C:\Users\2457157\IdeaProjects\HealthIndexCalculator\reports\screenshots\age_abc__pulse_1000__bp_abc__type_negative_before_20260118_154335_267.png
2026-01-18 15:43:35.960 INFO  listeners.Listener1 - onTestStart -> sendData
2026-01-18 15:43:35.960 INFO  listeners.Listener1 - Parameters for sendData: [@#, 65.5, abc/abc, negative]
2026-01-18 15:43:35.964 INFO  tests.CalculatorFunctionalityTest - Executing data row: age='@#', pulse='65.5', bp='abc/abc', testType='negative'
2026-01-18 15:43:35.990 INFO  tests.CalculatorFunctionalityTest - Negative case: navigatedToResult=false
2026-01-18 15:43:35.990 INFO  listeners.Listener1 - onTestSuccess -> sendData
2026-01-18 15:43:35.990 INFO  listeners.Listener1 - Deleting pre-submit screenshot for passed test: C:\Users\2457157\IdeaProjects\HealthIndexCalculator\reports\screenshots\age_____pulse_65.5__bp_abc_abc__type_negative_before_20260118_154335_327.png
2026-01-18 15:43:36.020 INFO  listeners.Listener1 - onTestStart -> sendData
2026-01-18 15:43:36.020 INFO  listeners.Listener1 - Parameters for sendData: [e, "", *(@), negative]
2026-01-18 15:43:36.020 INFO  tests.CalculatorFunctionalityTest - Executing data row: age='e', pulse='""', bp='*(@)', testType='negative'
2026-01-18 15:43:38.125 INFO  tests.CalculatorFunctionalityTest - Clicking Calculate
2026-01-18 15:43:38.131 INFO  tests.CalculatorFunctionalityTest - Clicking Calculate
2026-01-18 15:43:38.558 INFO  tests.CalculatorFunctionalityTest - Alert detected after submit
2026-01-18 15:43:38.645 INFO  tests.CalculatorFunctionalityTest - Negative case: navigatedToResult=false
2026-01-18 15:43:38.645 INFO  listeners.Listener1 - onTestSuccess -> sendData
2026-01-18 15:43:38.647 INFO  listeners.Listener1 - Deleting pre-submit screenshot for passed test: C:\Users\2457157\IdeaProjects\HealthIndexCalculator\reports\screenshots\age_e__pulse_____bp_______type_negative_before_20260118_154338_100.png
2026-01-18 15:43:38.655 INFO  listeners.Listener1 - onTestStart -> sendData
2026-01-18 15:43:38.655 INFO  listeners.Listener1 - Parameters for sendData: [-1, 55, -1, negative]
2026-01-18 15:43:38.655 INFO  tests.CalculatorFunctionalityTest - Executing data row: age='-1', pulse='55', bp='-1', testType='negative'
2026-01-18 15:43:38.734 INFO  tests.CalculatorFunctionalityTest - Alert detected after submit
2026-01-18 15:43:38.880 INFO  tests.CalculatorFunctionalityTest - Negative case: navigatedToResult=false
2026-01-18 15:43:38.880 INFO  listeners.Listener1 - onTestSuccess -> sendData
2026-01-18 15:43:38.880 INFO  listeners.Listener1 - Deleting pre-submit screenshot for passed test: C:\Users\2457157\IdeaProjects\HealthIndexCalculator\reports\screenshots\age_____pulse_65.5__bp_abc_abc__type_negative_before_20260118_154338_100.png
2026-01-18 15:43:38.894 INFO  listeners.Listener1 - onTestStart -> sendData
2026-01-18 15:43:38.894 INFO  listeners.Listener1 - Parameters for sendData: [e, "", *(@), negative]
2026-01-18 15:43:38.894 INFO  tests.CalculatorFunctionalityTest - Executing data row: age='e', pulse='""', bp='*(@)', testType='negative'
2026-01-18 15:43:40.935 INFO  tests.CalculatorFunctionalityTest - Clicking Calculate
2026-01-18 15:43:41.086 INFO  tests.CalculatorFunctionalityTest - Clicking Calculate
2026-01-18 15:43:41.391 INFO  tests.CalculatorFunctionalityTest - Alert detected after submit
2026-01-18 15:43:41.472 INFO  tests.CalculatorFunctionalityTest - Negative case: navigatedToResult=false
2026-01-18 15:43:41.472 INFO  listeners.Listener1 - onTestSuccess -> sendData
2026-01-18 15:43:41.472 INFO  listeners.Listener1 - Deleting pre-submit screenshot for passed test: C:\Users\2457157\IdeaProjects\HealthIndexCalculator\reports\screenshots\age_-1__pulse_55__bp_-1__type_negative_before_20260118_154340_905.png
2026-01-18 15:43:41.494 INFO  listeners.Listener1 - onTestStart -> sendData
2026-01-18 15:43:41.496 INFO  listeners.Listener1 - Parameters for sendData: [35, 80, 80/120, negative]
2026-01-18 15:43:41.499 INFO  tests.CalculatorFunctionalityTest - Executing data row: age='35', pulse='80', bp='80/120', testType='negative'
2026-01-18 15:43:41.678 INFO  tests.CalculatorFunctionalityTest - Alert detected after submit
2026-01-18 15:43:41.767 INFO  tests.CalculatorFunctionalityTest - Negative case: navigatedToResult=false
2026-01-18 15:43:41.769 INFO  listeners.Listener1 - onTestSuccess -> sendData
2026-01-18 15:43:41.769 INFO  listeners.Listener1 - Deleting pre-submit screenshot for passed test: C:\Users\2457157\IdeaProjects\HealthIndexCalculator\reports\screenshots\age_e__pulse_____bp_______type_negative_before_20260118_154341_071.png
2026-01-18 15:43:41.787 INFO  listeners.Listener1 - onTestStart -> sendData
2026-01-18 15:43:41.788 INFO  listeners.Listener1 - Parameters for sendData: [-1, 55, -1, negative]
2026-01-18 15:43:41.788 INFO  tests.CalculatorFunctionalityTest - Executing data row: age='-1', pulse='55', bp='-1', testType='negative'
2026-01-18 15:43:43.380 INFO  tests.CalculatorFunctionalityTest - Clicking Calculate
2026-01-18 15:43:43.533 INFO  tests.CalculatorFunctionalityTest - Clicking Calculate
2026-01-18 15:43:43.887 INFO  tests.CalculatorFunctionalityTest - Alert detected after submit
2026-01-18 15:43:43.934 INFO  tests.CalculatorFunctionalityTest - Negative case: navigatedToResult=false
2026-01-18 15:43:43.934 INFO  listeners.Listener1 - onTestSuccess -> sendData
2026-01-18 15:43:43.934 INFO  listeners.Listener1 - Deleting pre-submit screenshot for passed test: C:\Users\2457157\IdeaProjects\HealthIndexCalculator\reports\screenshots\age_-1__pulse_55__bp_-1__type_negative_before_20260118_154343_531.png
2026-01-18 15:43:43.945 INFO  listeners.Listener1 - onTestStart -> sendData
2026-01-18 15:43:43.947 INFO  listeners.Listener1 - Parameters for sendData: [35, 80, 80/120, negative]
2026-01-18 15:43:43.947 INFO  tests.CalculatorFunctionalityTest - Executing data row: age='35', pulse='80', bp='80/120', testType='negative'
2026-01-18 15:43:45.868 INFO  tests.CalculatorFunctionalityTest - Clicking Calculate
2026-01-18 15:43:47.005 INFO  tests.CalculatorFunctionalityTest - No alert branch: navigatedToResult=true
2026-01-18 15:43:48.131 ERROR tests.CalculatorFunctionalityTest - Negative case failed: navigated without alert
2026-01-18 15:43:48.578 ERROR listeners.Listener1 - onTestFailure -> sendData
java.lang.AssertionError: The following asserts failed:
	NEGATIVE input incorrectly navigated to Result page without showing any alert.
	at org.testng.asserts.SoftAssert.assertAll(SoftAssert.java:46)
	at org.testng.asserts.SoftAssert.assertAll(SoftAssert.java:30)
	at tests.CalculatorFunctionalityTest.sendData(CalculatorFunctionalityTest.java:200)
	at java.base/jdk.internal.reflect.DirectMethodHandleAccessor.invoke(DirectMethodHandleAccessor.java:103)
	at java.base/java.lang.reflect.Method.invoke(Method.java:580)
	at org.testng.internal.invokers.MethodInvocationHelper.invokeMethod(MethodInvocationHelper.java:141)
	at org.testng.internal.invokers.TestInvoker.invokeMethod(TestInvoker.java:687)
	at org.testng.internal.invokers.TestInvoker.invokeTestMethod(TestInvoker.java:230)
	at org.testng.internal.invokers.MethodRunner.runInSequence(MethodRunner.java:63)
	at org.testng.internal.invokers.TestInvoker$MethodInvocationAgent.invoke(TestInvoker.java:995)
	at org.testng.internal.invokers.TestInvoker.invokeTestMethods(TestInvoker.java:203)
	at org.testng.internal.invokers.TestMethodWorker.invokeTestMethods(TestMethodWorker.java:154)
	at org.testng.internal.invokers.TestMethodWorker.run(TestMethodWorker.java:134)
	at java.base/java.util.ArrayList.forEach(ArrayList.java:1596)
	at org.testng.TestRunner.privateRun(TestRunner.java:741)
	at org.testng.TestRunner.run(TestRunner.java:616)
	at org.testng.SuiteRunner.runTest(SuiteRunner.java:421)
	at org.testng.SuiteRunner$SuiteWorker.run(SuiteRunner.java:463)
	at org.testng.internal.thread.ThreadUtil.lambda$execute$0(ThreadUtil.java:64)
	at java.base/java.util.concurrent.FutureTask.run$$$capture(FutureTask.java:317)
	at java.base/java.util.concurrent.FutureTask.run(FutureTask.java)
	at java.base/java.util.concurrent.ThreadPoolExecutor.runWorker(ThreadPoolExecutor.java:1144)
	at java.base/java.util.concurrent.ThreadPoolExecutor$Worker.run(ThreadPoolExecutor.java:642)
	at java.base/java.lang.Thread.run(Thread.java:1583)
2026-01-18 15:43:48.578 INFO  listeners.Listener1 - Attaching pre-submit screenshot: C:\Users\2457157\IdeaProjects\HealthIndexCalculator\reports\screenshots\age_35__pulse_80__bp_80_120__type_negative_before_20260118_154343_377.png
2026-01-18 15:43:48.578 INFO  listeners.Listener1 - Attaching failure screenshot: C:\Users\2457157\IdeaProjects\HealthIndexCalculator\reports\screenshots\age_35__pulse_80__bp_80_120__type_negative_failed_no_alert_20260118_154347_005.png
2026-01-18 15:43:48.598 INFO  listeners.Listener1 - onTestStart -> sendData
2026-01-18 15:43:48.598 INFO  listeners.Listener1 - Parameters for sendData: [42, 70, 0/100, negative]
2026-01-18 15:43:48.598 INFO  tests.CalculatorFunctionalityTest - Executing data row: age='42', pulse='70', bp='0/100', testType='negative'
2026-01-18 15:43:49.616 INFO  tests.CalculatorFunctionalityTest - No alert branch: navigatedToResult=true
2026-01-18 15:43:50.217 INFO  tests.CalculatorFunctionalityTest - Clicking Calculate
2026-01-18 15:43:50.847 ERROR tests.CalculatorFunctionalityTest - Negative case failed: navigated without alert
2026-01-18 15:43:51.485 ERROR listeners.Listener1 - onTestFailure -> sendData
java.lang.AssertionError: The following asserts failed:
	NEGATIVE input incorrectly navigated to Result page without showing any alert.
	at org.testng.asserts.SoftAssert.assertAll(SoftAssert.java:46)
	at org.testng.asserts.SoftAssert.assertAll(SoftAssert.java:30)
	at tests.CalculatorFunctionalityTest.sendData(CalculatorFunctionalityTest.java:200)
	at java.base/jdk.internal.reflect.DirectMethodHandleAccessor.invoke(DirectMethodHandleAccessor.java:103)
	at java.base/java.lang.reflect.Method.invoke(Method.java:580)
	at org.testng.internal.invokers.MethodInvocationHelper.invokeMethod(MethodInvocationHelper.java:141)
	at org.testng.internal.invokers.TestInvoker.invokeMethod(TestInvoker.java:687)
	at org.testng.internal.invokers.TestInvoker.invokeTestMethod(TestInvoker.java:230)
	at org.testng.internal.invokers.MethodRunner.runInSequence(MethodRunner.java:63)
	at org.testng.internal.invokers.TestInvoker$MethodInvocationAgent.invoke(TestInvoker.java:995)
	at org.testng.internal.invokers.TestInvoker.invokeTestMethods(TestInvoker.java:203)
	at org.testng.internal.invokers.TestMethodWorker.invokeTestMethods(TestMethodWorker.java:154)
	at org.testng.internal.invokers.TestMethodWorker.run(TestMethodWorker.java:134)
	at java.base/java.util.ArrayList.forEach(ArrayList.java:1596)
	at org.testng.TestRunner.privateRun(TestRunner.java:741)
	at org.testng.TestRunner.run(TestRunner.java:616)
	at org.testng.SuiteRunner.runTest(SuiteRunner.java:421)
	at org.testng.SuiteRunner$SuiteWorker.run(SuiteRunner.java:463)
	at org.testng.internal.thread.ThreadUtil.lambda$execute$0(ThreadUtil.java:64)
	at java.base/java.util.concurrent.FutureTask.run$$$capture(FutureTask.java:317)
	at java.base/java.util.concurrent.FutureTask.run(FutureTask.java)
	at java.base/java.util.concurrent.ThreadPoolExecutor.runWorker(ThreadPoolExecutor.java:1144)
	at java.base/java.util.concurrent.ThreadPoolExecutor$Worker.run(ThreadPoolExecutor.java:642)
	at java.base/java.lang.Thread.run(Thread.java:1583)
2026-01-18 15:43:51.487 INFO  listeners.Listener1 - Attaching pre-submit screenshot: C:\Users\2457157\IdeaProjects\HealthIndexCalculator\reports\screenshots\age_35__pulse_80__bp_80_120__type_negative_before_20260118_154345_868.png
2026-01-18 15:43:51.487 INFO  listeners.Listener1 - Attaching failure screenshot: C:\Users\2457157\IdeaProjects\HealthIndexCalculator\reports\screenshots\age_35__pulse_80__bp_80_120__type_negative_failed_no_alert_20260118_154349_616.png
2026-01-18 15:43:51.504 INFO  listeners.Listener1 - onTestStart -> sendData
2026-01-18 15:43:51.504 INFO  listeners.Listener1 - Parameters for sendData: [42, 70, 0/100, negative]
2026-01-18 15:43:51.507 INFO  tests.CalculatorFunctionalityTest - Executing data row: age='42', pulse='70', bp='0/100', testType='negative'
2026-01-18 15:43:53.371 INFO  tests.CalculatorFunctionalityTest - Clicking Calculate
2026-01-18 15:43:53.942 INFO  tests.CalculatorFunctionalityTest - No alert branch: navigatedToResult=true
2026-01-18 15:43:55.033 ERROR tests.CalculatorFunctionalityTest - Negative case failed: navigated without alert
2026-01-18 15:43:55.452 ERROR listeners.Listener1 - onTestFailure -> sendData
java.lang.AssertionError: The following asserts failed:
	NEGATIVE input incorrectly navigated to Result page without showing any alert.
	at org.testng.asserts.SoftAssert.assertAll(SoftAssert.java:46)
	at org.testng.asserts.SoftAssert.assertAll(SoftAssert.java:30)
	at tests.CalculatorFunctionalityTest.sendData(CalculatorFunctionalityTest.java:200)
	at java.base/jdk.internal.reflect.DirectMethodHandleAccessor.invoke(DirectMethodHandleAccessor.java:103)
	at java.base/java.lang.reflect.Method.invoke(Method.java:580)
	at org.testng.internal.invokers.MethodInvocationHelper.invokeMethod(MethodInvocationHelper.java:141)
	at org.testng.internal.invokers.TestInvoker.invokeMethod(TestInvoker.java:687)
	at org.testng.internal.invokers.TestInvoker.invokeTestMethod(TestInvoker.java:230)
	at org.testng.internal.invokers.MethodRunner.runInSequence(MethodRunner.java:63)
	at org.testng.internal.invokers.TestInvoker$MethodInvocationAgent.invoke(TestInvoker.java:995)
	at org.testng.internal.invokers.TestInvoker.invokeTestMethods(TestInvoker.java:203)
	at org.testng.internal.invokers.TestMethodWorker.invokeTestMethods(TestMethodWorker.java:154)
	at org.testng.internal.invokers.TestMethodWorker.run(TestMethodWorker.java:134)
	at java.base/java.util.ArrayList.forEach(ArrayList.java:1596)
	at org.testng.TestRunner.privateRun(TestRunner.java:741)
	at org.testng.TestRunner.run(TestRunner.java:616)
	at org.testng.SuiteRunner.runTest(SuiteRunner.java:421)
	at org.testng.SuiteRunner$SuiteWorker.run(SuiteRunner.java:463)
	at org.testng.internal.thread.ThreadUtil.lambda$execute$0(ThreadUtil.java:64)
	at java.base/java.util.concurrent.FutureTask.run$$$capture(FutureTask.java:317)
	at java.base/java.util.concurrent.FutureTask.run(FutureTask.java)
	at java.base/java.util.concurrent.ThreadPoolExecutor.runWorker(ThreadPoolExecutor.java:1144)
	at java.base/java.util.concurrent.ThreadPoolExecutor$Worker.run(ThreadPoolExecutor.java:642)
	at java.base/java.lang.Thread.run(Thread.java:1583)
2026-01-18 15:43:55.454 INFO  listeners.Listener1 - Attaching pre-submit screenshot: C:\Users\2457157\IdeaProjects\HealthIndexCalculator\reports\screenshots\age_42__pulse_70__bp_0_100__type_negative_before_20260118_154350_214.png
2026-01-18 15:43:55.454 INFO  listeners.Listener1 - Attaching failure screenshot: C:\Users\2457157\IdeaProjects\HealthIndexCalculator\reports\screenshots\age_42__pulse_70__bp_0_100__type_negative_failed_no_alert_20260118_154353_942.png
2026-01-18 15:43:55.468 INFO  listeners.Listener1 - onTestStart -> sendData
2026-01-18 15:43:55.472 INFO  listeners.Listener1 - Parameters for sendData: [55, 100, 122/0, negative]
2026-01-18 15:43:55.472 INFO  tests.CalculatorFunctionalityTest - Executing data row: age='55', pulse='100', bp='122/0', testType='negative'
2026-01-18 15:43:57.019 INFO  tests.CalculatorFunctionalityTest - Clicking Calculate
2026-01-18 15:43:57.137 INFO  tests.CalculatorFunctionalityTest - No alert branch: navigatedToResult=true
2026-01-18 15:43:58.264 ERROR tests.CalculatorFunctionalityTest - Negative case failed: navigated without alert
2026-01-18 15:43:58.746 ERROR listeners.Listener1 - onTestFailure -> sendData
java.lang.AssertionError: The following asserts failed:
	NEGATIVE input incorrectly navigated to Result page without showing any alert.
	at org.testng.asserts.SoftAssert.assertAll(SoftAssert.java:46)
	at org.testng.asserts.SoftAssert.assertAll(SoftAssert.java:30)
	at tests.CalculatorFunctionalityTest.sendData(CalculatorFunctionalityTest.java:200)
	at java.base/jdk.internal.reflect.DirectMethodHandleAccessor.invoke(DirectMethodHandleAccessor.java:103)
	at java.base/java.lang.reflect.Method.invoke(Method.java:580)
	at org.testng.internal.invokers.MethodInvocationHelper.invokeMethod(MethodInvocationHelper.java:141)
	at org.testng.internal.invokers.TestInvoker.invokeMethod(TestInvoker.java:687)
	at org.testng.internal.invokers.TestInvoker.invokeTestMethod(TestInvoker.java:230)
	at org.testng.internal.invokers.MethodRunner.runInSequence(MethodRunner.java:63)
	at org.testng.internal.invokers.TestInvoker$MethodInvocationAgent.invoke(TestInvoker.java:995)
	at org.testng.internal.invokers.TestInvoker.invokeTestMethods(TestInvoker.java:203)
	at org.testng.internal.invokers.TestMethodWorker.invokeTestMethods(TestMethodWorker.java:154)
	at org.testng.internal.invokers.TestMethodWorker.run(TestMethodWorker.java:134)
	at java.base/java.util.ArrayList.forEach(ArrayList.java:1596)
	at org.testng.TestRunner.privateRun(TestRunner.java:741)
	at org.testng.TestRunner.run(TestRunner.java:616)
	at org.testng.SuiteRunner.runTest(SuiteRunner.java:421)
	at org.testng.SuiteRunner$SuiteWorker.run(SuiteRunner.java:463)
	at org.testng.internal.thread.ThreadUtil.lambda$execute$0(ThreadUtil.java:64)
	at java.base/java.util.concurrent.FutureTask.run$$$capture(FutureTask.java:317)
	at java.base/java.util.concurrent.FutureTask.run(FutureTask.java)
	at java.base/java.util.concurrent.ThreadPoolExecutor.runWorker(ThreadPoolExecutor.java:1144)
	at java.base/java.util.concurrent.ThreadPoolExecutor$Worker.run(ThreadPoolExecutor.java:642)
	at java.base/java.lang.Thread.run(Thread.java:1583)
2026-01-18 15:43:58.751 INFO  listeners.Listener1 - Attaching pre-submit screenshot: C:\Users\2457157\IdeaProjects\HealthIndexCalculator\reports\screenshots\age_42__pulse_70__bp_0_100__type_negative_before_20260118_154353_363.png
2026-01-18 15:43:58.751 INFO  listeners.Listener1 - Attaching failure screenshot: C:\Users\2457157\IdeaProjects\HealthIndexCalculator\reports\screenshots\age_42__pulse_70__bp_0_100__type_negative_failed_no_alert_20260118_154357_137.png
2026-01-18 15:43:58.768 INFO  listeners.Listener1 - onTestStart -> sendData
2026-01-18 15:43:58.768 INFO  listeners.Listener1 - Parameters for sendData: [55, 100, 122/0, negative]
2026-01-18 15:43:58.768 INFO  tests.CalculatorFunctionalityTest - Executing data row: age='55', pulse='100', bp='122/0', testType='negative'
2026-01-18 15:44:00.420 INFO  tests.CalculatorFunctionalityTest - Clicking Calculate
2026-01-18 15:44:00.766 INFO  tests.CalculatorFunctionalityTest - No alert branch: navigatedToResult=true
2026-01-18 15:44:01.781 ERROR tests.CalculatorFunctionalityTest - Negative case failed: navigated without alert
2026-01-18 15:44:02.257 ERROR listeners.Listener1 - onTestFailure -> sendData
java.lang.AssertionError: The following asserts failed:
	NEGATIVE input incorrectly navigated to Result page without showing any alert.
	at org.testng.asserts.SoftAssert.assertAll(SoftAssert.java:46)
	at org.testng.asserts.SoftAssert.assertAll(SoftAssert.java:30)
	at tests.CalculatorFunctionalityTest.sendData(CalculatorFunctionalityTest.java:200)
	at java.base/jdk.internal.reflect.DirectMethodHandleAccessor.invoke(DirectMethodHandleAccessor.java:103)
	at java.base/java.lang.reflect.Method.invoke(Method.java:580)
	at org.testng.internal.invokers.MethodInvocationHelper.invokeMethod(MethodInvocationHelper.java:141)
	at org.testng.internal.invokers.TestInvoker.invokeMethod(TestInvoker.java:687)
	at org.testng.internal.invokers.TestInvoker.invokeTestMethod(TestInvoker.java:230)
	at org.testng.internal.invokers.MethodRunner.runInSequence(MethodRunner.java:63)
	at org.testng.internal.invokers.TestInvoker$MethodInvocationAgent.invoke(TestInvoker.java:995)
	at org.testng.internal.invokers.TestInvoker.invokeTestMethods(TestInvoker.java:203)
	at org.testng.internal.invokers.TestMethodWorker.invokeTestMethods(TestMethodWorker.java:154)
	at org.testng.internal.invokers.TestMethodWorker.run(TestMethodWorker.java:134)
	at java.base/java.util.ArrayList.forEach(ArrayList.java:1596)
	at org.testng.TestRunner.privateRun(TestRunner.java:741)
	at org.testng.TestRunner.run(TestRunner.java:616)
	at org.testng.SuiteRunner.runTest(SuiteRunner.java:421)
	at org.testng.SuiteRunner$SuiteWorker.run(SuiteRunner.java:463)
	at org.testng.internal.thread.ThreadUtil.lambda$execute$0(ThreadUtil.java:64)
	at java.base/java.util.concurrent.FutureTask.run$$$capture(FutureTask.java:317)
	at java.base/java.util.concurrent.FutureTask.run(FutureTask.java)
	at java.base/java.util.concurrent.ThreadPoolExecutor.runWorker(ThreadPoolExecutor.java:1144)
	at java.base/java.util.concurrent.ThreadPoolExecutor$Worker.run(ThreadPoolExecutor.java:642)
	at java.base/java.lang.Thread.run(Thread.java:1583)
2026-01-18 15:44:02.257 INFO  listeners.Listener1 - Attaching pre-submit screenshot: C:\Users\2457157\IdeaProjects\HealthIndexCalculator\reports\screenshots\age_55__pulse_100__bp_122_0__type_negative_before_20260118_154357_018.png
2026-01-18 15:44:02.257 INFO  listeners.Listener1 - Attaching failure screenshot: C:\Users\2457157\IdeaProjects\HealthIndexCalculator\reports\screenshots\age_55__pulse_100__bp_122_0__type_negative_failed_no_alert_20260118_154400_766.png
2026-01-18 15:44:02.271 INFO  listeners.Listener1 - onTestStart -> sendData
2026-01-18 15:44:02.271 INFO  listeners.Listener1 - Parameters for sendData: [63, 65, 120/120, negative]
2026-01-18 15:44:02.274 INFO  tests.CalculatorFunctionalityTest - Executing data row: age='63', pulse='65', bp='120/120', testType='negative'
2026-01-18 15:44:04.197 INFO  tests.CalculatorFunctionalityTest - Clicking Calculate
2026-01-18 15:44:04.217 INFO  tests.CalculatorFunctionalityTest - No alert branch: navigatedToResult=true
2026-01-18 15:44:05.371 ERROR tests.CalculatorFunctionalityTest - Negative case failed: navigated without alert
2026-01-18 15:44:05.881 ERROR listeners.Listener1 - onTestFailure -> sendData
java.lang.AssertionError: The following asserts failed:
	NEGATIVE input incorrectly navigated to Result page without showing any alert.
	at org.testng.asserts.SoftAssert.assertAll(SoftAssert.java:46)
	at org.testng.asserts.SoftAssert.assertAll(SoftAssert.java:30)
	at tests.CalculatorFunctionalityTest.sendData(CalculatorFunctionalityTest.java:200)
	at java.base/jdk.internal.reflect.DirectMethodHandleAccessor.invoke(DirectMethodHandleAccessor.java:103)
	at java.base/java.lang.reflect.Method.invoke(Method.java:580)
	at org.testng.internal.invokers.MethodInvocationHelper.invokeMethod(MethodInvocationHelper.java:141)
	at org.testng.internal.invokers.TestInvoker.invokeMethod(TestInvoker.java:687)
	at org.testng.internal.invokers.TestInvoker.invokeTestMethod(TestInvoker.java:230)
	at org.testng.internal.invokers.MethodRunner.runInSequence(MethodRunner.java:63)
	at org.testng.internal.invokers.TestInvoker$MethodInvocationAgent.invoke(TestInvoker.java:995)
	at org.testng.internal.invokers.TestInvoker.invokeTestMethods(TestInvoker.java:203)
	at org.testng.internal.invokers.TestMethodWorker.invokeTestMethods(TestMethodWorker.java:154)
	at org.testng.internal.invokers.TestMethodWorker.run(TestMethodWorker.java:134)
	at java.base/java.util.ArrayList.forEach(ArrayList.java:1596)
	at org.testng.TestRunner.privateRun(TestRunner.java:741)
	at org.testng.TestRunner.run(TestRunner.java:616)
	at org.testng.SuiteRunner.runTest(SuiteRunner.java:421)
	at org.testng.SuiteRunner$SuiteWorker.run(SuiteRunner.java:463)
	at org.testng.internal.thread.ThreadUtil.lambda$execute$0(ThreadUtil.java:64)
	at java.base/java.util.concurrent.FutureTask.run$$$capture(FutureTask.java:317)
	at java.base/java.util.concurrent.FutureTask.run(FutureTask.java)
	at java.base/java.util.concurrent.ThreadPoolExecutor.runWorker(ThreadPoolExecutor.java:1144)
	at java.base/java.util.concurrent.ThreadPoolExecutor$Worker.run(ThreadPoolExecutor.java:642)
	at java.base/java.lang.Thread.run(Thread.java:1583)
2026-01-18 15:44:05.881 INFO  listeners.Listener1 - Attaching pre-submit screenshot: C:\Users\2457157\IdeaProjects\HealthIndexCalculator\reports\screenshots\age_55__pulse_100__bp_122_0__type_negative_before_20260118_154400_420.png
2026-01-18 15:44:05.881 INFO  listeners.Listener1 - Attaching failure screenshot: C:\Users\2457157\IdeaProjects\HealthIndexCalculator\reports\screenshots\age_55__pulse_100__bp_122_0__type_negative_failed_no_alert_20260118_154404_225.png
2026-01-18 15:44:05.897 INFO  listeners.Listener1 - onTestStart -> sendData
2026-01-18 15:44:05.897 INFO  listeners.Listener1 - Parameters for sendData: [63, 65, 120/120, negative]
2026-01-18 15:44:05.897 INFO  tests.CalculatorFunctionalityTest - Executing data row: age='63', pulse='65', bp='120/120', testType='negative'
2026-01-18 15:44:07.636 INFO  tests.CalculatorFunctionalityTest - Clicking Calculate
2026-01-18 15:44:07.817 INFO  tests.CalculatorFunctionalityTest - No alert branch: navigatedToResult=true
2026-01-18 15:44:08.948 ERROR tests.CalculatorFunctionalityTest - Negative case failed: navigated without alert
2026-01-18 15:44:09.360 ERROR listeners.Listener1 - onTestFailure -> sendData
java.lang.AssertionError: The following asserts failed:
	NEGATIVE input incorrectly navigated to Result page without showing any alert.
	at org.testng.asserts.SoftAssert.assertAll(SoftAssert.java:46)
	at org.testng.asserts.SoftAssert.assertAll(SoftAssert.java:30)
	at tests.CalculatorFunctionalityTest.sendData(CalculatorFunctionalityTest.java:200)
	at java.base/jdk.internal.reflect.DirectMethodHandleAccessor.invoke(DirectMethodHandleAccessor.java:103)
	at java.base/java.lang.reflect.Method.invoke(Method.java:580)
	at org.testng.internal.invokers.MethodInvocationHelper.invokeMethod(MethodInvocationHelper.java:141)
	at org.testng.internal.invokers.TestInvoker.invokeMethod(TestInvoker.java:687)
	at org.testng.internal.invokers.TestInvoker.invokeTestMethod(TestInvoker.java:230)
	at org.testng.internal.invokers.MethodRunner.runInSequence(MethodRunner.java:63)
	at org.testng.internal.invokers.TestInvoker$MethodInvocationAgent.invoke(TestInvoker.java:995)
	at org.testng.internal.invokers.TestInvoker.invokeTestMethods(TestInvoker.java:203)
	at org.testng.internal.invokers.TestMethodWorker.invokeTestMethods(TestMethodWorker.java:154)
	at org.testng.internal.invokers.TestMethodWorker.run(TestMethodWorker.java:134)
	at java.base/java.util.ArrayList.forEach(ArrayList.java:1596)
	at org.testng.TestRunner.privateRun(TestRunner.java:741)
	at org.testng.TestRunner.run(TestRunner.java:616)
	at org.testng.SuiteRunner.runTest(SuiteRunner.java:421)
	at org.testng.SuiteRunner$SuiteWorker.run(SuiteRunner.java:463)
	at org.testng.internal.thread.ThreadUtil.lambda$execute$0(ThreadUtil.java:64)
	at java.base/java.util.concurrent.FutureTask.run$$$capture(FutureTask.java:317)
	at java.base/java.util.concurrent.FutureTask.run(FutureTask.java)
	at java.base/java.util.concurrent.ThreadPoolExecutor.runWorker(ThreadPoolExecutor.java:1144)
	at java.base/java.util.concurrent.ThreadPoolExecutor$Worker.run(ThreadPoolExecutor.java:642)
	at java.base/java.lang.Thread.run(Thread.java:1583)
2026-01-18 15:44:09.362 INFO  listeners.Listener1 - Attaching pre-submit screenshot: C:\Users\2457157\IdeaProjects\HealthIndexCalculator\reports\screenshots\age_63__pulse_65__bp_120_120__type_negative_before_20260118_154404_184.png
2026-01-18 15:44:09.362 INFO  listeners.Listener1 - Attaching failure screenshot: C:\Users\2457157\IdeaProjects\HealthIndexCalculator\reports\screenshots\age_63__pulse_65__bp_120_120__type_negative_failed_no_alert_20260118_154407_830.png
2026-01-18 15:44:09.382 INFO  listeners.Listener1 - onTestStart -> sendData
2026-01-18 15:44:09.382 INFO  listeners.Listener1 - Parameters for sendData: [29, 75, 120/, negative]
2026-01-18 15:44:09.383 INFO  tests.CalculatorFunctionalityTest - Executing data row: age='29', pulse='75', bp='120/', testType='negative'
2026-01-18 15:44:11.298 INFO  tests.CalculatorFunctionalityTest - Clicking Calculate
2026-01-18 15:44:11.466 INFO  tests.CalculatorFunctionalityTest - No alert branch: navigatedToResult=true
2026-01-18 15:44:11.757 INFO  tests.CalculatorFunctionalityTest - Alert detected after submit
2026-01-18 15:44:11.790 INFO  tests.CalculatorFunctionalityTest - Negative case: navigatedToResult=false
2026-01-18 15:44:11.790 INFO  listeners.Listener1 - onTestSuccess -> sendData
2026-01-18 15:44:11.790 INFO  listeners.Listener1 - Deleting pre-submit screenshot for passed test: C:\Users\2457157\IdeaProjects\HealthIndexCalculator\reports\screenshots\age_29__pulse_75__bp_120___type_negative_before_20260118_154411_289.png
2026-01-18 15:44:11.804 INFO  listeners.Listener1 - onTestStart -> sendData
2026-01-18 15:44:11.804 INFO  listeners.Listener1 - Parameters for sendData: [31, 68, /80, negative]
2026-01-18 15:44:11.804 INFO  tests.CalculatorFunctionalityTest - Executing data row: age='31', pulse='68', bp='/80', testType='negative'
2026-01-18 15:44:12.631 ERROR tests.CalculatorFunctionalityTest - Negative case failed: navigated without alert
2026-01-18 15:44:13.166 ERROR listeners.Listener1 - onTestFailure -> sendData
java.lang.AssertionError: The following asserts failed:
	NEGATIVE input incorrectly navigated to Result page without showing any alert.
	at org.testng.asserts.SoftAssert.assertAll(SoftAssert.java:46)
	at org.testng.asserts.SoftAssert.assertAll(SoftAssert.java:30)
	at tests.CalculatorFunctionalityTest.sendData(CalculatorFunctionalityTest.java:200)
	at java.base/jdk.internal.reflect.DirectMethodHandleAccessor.invoke(DirectMethodHandleAccessor.java:103)
	at java.base/java.lang.reflect.Method.invoke(Method.java:580)
	at org.testng.internal.invokers.MethodInvocationHelper.invokeMethod(MethodInvocationHelper.java:141)
	at org.testng.internal.invokers.TestInvoker.invokeMethod(TestInvoker.java:687)
	at org.testng.internal.invokers.TestInvoker.invokeTestMethod(TestInvoker.java:230)
	at org.testng.internal.invokers.MethodRunner.runInSequence(MethodRunner.java:63)
	at org.testng.internal.invokers.TestInvoker$MethodInvocationAgent.invoke(TestInvoker.java:995)
	at org.testng.internal.invokers.TestInvoker.invokeTestMethods(TestInvoker.java:203)
	at org.testng.internal.invokers.TestMethodWorker.invokeTestMethods(TestMethodWorker.java:154)
	at org.testng.internal.invokers.TestMethodWorker.run(TestMethodWorker.java:134)
	at java.base/java.util.ArrayList.forEach(ArrayList.java:1596)
	at org.testng.TestRunner.privateRun(TestRunner.java:741)
	at org.testng.TestRunner.run(TestRunner.java:616)
	at org.testng.SuiteRunner.runTest(SuiteRunner.java:421)
	at org.testng.SuiteRunner$SuiteWorker.run(SuiteRunner.java:463)
	at org.testng.internal.thread.ThreadUtil.lambda$execute$0(ThreadUtil.java:64)
	at java.base/java.util.concurrent.FutureTask.run$$$capture(FutureTask.java:317)
	at java.base/java.util.concurrent.FutureTask.run(FutureTask.java)
	at java.base/java.util.concurrent.ThreadPoolExecutor.runWorker(ThreadPoolExecutor.java:1144)
	at java.base/java.util.concurrent.ThreadPoolExecutor$Worker.run(ThreadPoolExecutor.java:642)
	at java.base/java.lang.Thread.run(Thread.java:1583)
2026-01-18 15:44:13.166 INFO  listeners.Listener1 - Attaching pre-submit screenshot: C:\Users\2457157\IdeaProjects\HealthIndexCalculator\reports\screenshots\age_63__pulse_65__bp_120_120__type_negative_before_20260118_154407_636.png
2026-01-18 15:44:13.166 INFO  listeners.Listener1 - Attaching failure screenshot: C:\Users\2457157\IdeaProjects\HealthIndexCalculator\reports\screenshots\age_63__pulse_65__bp_120_120__type_negative_failed_no_alert_20260118_154411_466.png
2026-01-18 15:44:13.175 INFO  listeners.Listener1 - onTestStart -> sendData
2026-01-18 15:44:13.175 INFO  listeners.Listener1 - Parameters for sendData: [29, 75, 120/, negative]
2026-01-18 15:44:13.175 INFO  tests.CalculatorFunctionalityTest - Executing data row: age='29', pulse='75', bp='120/', testType='negative'
2026-01-18 15:44:13.500 INFO  tests.CalculatorFunctionalityTest - Clicking Calculate
2026-01-18 15:44:13.861 INFO  tests.CalculatorFunctionalityTest - Alert detected after submit
2026-01-18 15:44:13.905 INFO  tests.CalculatorFunctionalityTest - Negative case: navigatedToResult=false
2026-01-18 15:44:13.905 INFO  listeners.Listener1 - onTestSuccess -> sendData
2026-01-18 15:44:13.905 INFO  listeners.Listener1 - Deleting pre-submit screenshot for passed test: C:\Users\2457157\IdeaProjects\HealthIndexCalculator\reports\screenshots\age_31__pulse_68__bp__80__type_negative_before_20260118_154413_500.png
2026-01-18 15:44:13.916 INFO  listeners.Listener1 - onTestStart -> sendData
2026-01-18 15:44:13.916 INFO  listeners.Listener1 - Parameters for sendData: [25, 72, 118/76, positive]
2026-01-18 15:44:13.916 INFO  tests.CalculatorFunctionalityTest - Executing data row: age='25', pulse='72', bp='118/76', testType='positive'
2026-01-18 15:44:14.850 INFO  tests.CalculatorFunctionalityTest - Clicking Calculate
2026-01-18 15:44:15.302 INFO  tests.CalculatorFunctionalityTest - Alert detected after submit
2026-01-18 15:44:15.335 INFO  tests.CalculatorFunctionalityTest - Negative case: navigatedToResult=false
2026-01-18 15:44:15.339 INFO  listeners.Listener1 - onTestSuccess -> sendData
2026-01-18 15:44:15.339 INFO  listeners.Listener1 - Deleting pre-submit screenshot for passed test: C:\Users\2457157\IdeaProjects\HealthIndexCalculator\reports\screenshots\age_29__pulse_75__bp_120___type_negative_before_20260118_154414_843.png
2026-01-18 15:44:15.346 INFO  listeners.Listener1 - onTestStart -> sendData
2026-01-18 15:44:15.346 INFO  listeners.Listener1 - Parameters for sendData: [31, 68, /80, negative]
2026-01-18 15:44:15.346 INFO  tests.CalculatorFunctionalityTest - Executing data row: age='31', pulse='68', bp='/80', testType='negative'
2026-01-18 15:44:15.603 INFO  tests.CalculatorFunctionalityTest - Clicking Calculate
2026-01-18 15:44:17.035 INFO  tests.CalculatorFunctionalityTest - Clicking Calculate
2026-01-18 15:44:17.461 INFO  tests.CalculatorFunctionalityTest - Alert detected after submit
2026-01-18 15:44:17.506 INFO  tests.CalculatorFunctionalityTest - Negative case: navigatedToResult=false
2026-01-18 15:44:17.506 INFO  listeners.Listener1 - onTestSuccess -> sendData
2026-01-18 15:44:17.506 INFO  listeners.Listener1 - Deleting pre-submit screenshot for passed test: C:\Users\2457157\IdeaProjects\HealthIndexCalculator\reports\screenshots\age_31__pulse_68__bp__80__type_negative_before_20260118_154417_035.png
2026-01-18 15:44:17.516 INFO  listeners.Listener1 - onTestStart -> sendData
2026-01-18 15:44:17.519 INFO  listeners.Listener1 - Parameters for sendData: [25, 72, 118/76, positive]
2026-01-18 15:44:17.519 INFO  tests.CalculatorFunctionalityTest - Executing data row: age='25', pulse='72', bp='118/76', testType='positive'
2026-01-18 15:44:18.866 INFO  tests.CalculatorFunctionalityTest - Clicking Calculate
2026-01-18 15:44:19.357 INFO  tests.CalculatorFunctionalityTest - No alert branch: navigatedToResult=true
2026-01-18 15:44:19.357 INFO  tests.CalculatorFunctionalityTest - Positive case passed: navigated; returning Home via logo text
2026-01-18 15:44:19.881 INFO  tests.CalculatorFunctionalityTest - Clicked 'VitalGuard' logo text to return Home
2026-01-18 15:44:19.893 INFO  listeners.Listener1 - onTestSuccess -> sendData
2026-01-18 15:44:19.893 INFO  listeners.Listener1 - Deleting pre-submit screenshot for passed test: C:\Users\2457157\IdeaProjects\HealthIndexCalculator\reports\screenshots\age_25__pulse_72__bp_118_76__type_positive_before_20260118_154415_598.png
2026-01-18 15:44:19.903 INFO  listeners.Listener1 - onTestStart -> sendData
2026-01-18 15:44:19.903 INFO  listeners.Listener1 - Parameters for sendData: [34, 64, 110/70, positive]
2026-01-18 15:44:19.906 INFO  tests.CalculatorFunctionalityTest - Executing data row: age='34', pulse='64', bp='110/70', testType='positive'
2026-01-18 15:44:21.725 INFO  tests.CalculatorFunctionalityTest - Clicking Calculate
2026-01-18 15:44:22.725 INFO  tests.CalculatorFunctionalityTest - No alert branch: navigatedToResult=true
2026-01-18 15:44:22.725 INFO  tests.CalculatorFunctionalityTest - Positive case passed: navigated; returning Home via logo text
2026-01-18 15:44:23.239 INFO  tests.CalculatorFunctionalityTest - Clicked 'VitalGuard' logo text to return Home
2026-01-18 15:44:23.240 INFO  listeners.Listener1 - onTestSuccess -> sendData
2026-01-18 15:44:23.240 INFO  listeners.Listener1 - Deleting pre-submit screenshot for passed test: C:\Users\2457157\IdeaProjects\HealthIndexCalculator\reports\screenshots\age_25__pulse_72__bp_118_76__type_positive_before_20260118_154418_866.png
2026-01-18 15:44:23.247 INFO  listeners.Listener1 - onTestStart -> sendData
2026-01-18 15:44:23.248 INFO  listeners.Listener1 - Parameters for sendData: [34, 64, 110/70, positive]
2026-01-18 15:44:23.248 INFO  tests.CalculatorFunctionalityTest - Executing data row: age='34', pulse='64', bp='110/70', testType='positive'
2026-01-18 15:44:24.833 INFO  tests.CalculatorFunctionalityTest - Clicking Calculate
2026-01-18 15:44:25.424 INFO  tests.CalculatorFunctionalityTest - No alert branch: navigatedToResult=true
2026-01-18 15:44:25.424 INFO  tests.CalculatorFunctionalityTest - Positive case passed: navigated; returning Home via logo text
2026-01-18 15:44:25.935 INFO  tests.CalculatorFunctionalityTest - Clicked 'VitalGuard' logo text to return Home
2026-01-18 15:44:25.935 INFO  listeners.Listener1 - onTestSuccess -> sendData
2026-01-18 15:44:25.935 INFO  listeners.Listener1 - Deleting pre-submit screenshot for passed test: C:\Users\2457157\IdeaProjects\HealthIndexCalculator\reports\screenshots\age_34__pulse_64__bp_110_70__type_positive_before_20260118_154421_720.png
2026-01-18 15:44:25.952 INFO  listeners.Listener1 - onTestStart -> sendData
2026-01-18 15:44:25.952 INFO  listeners.Listener1 - Parameters for sendData: [47, 82, 130/85, positive]
2026-01-18 15:44:25.952 INFO  tests.CalculatorFunctionalityTest - Executing data row: age='47', pulse='82', bp='130/85', testType='positive'
2026-01-18 15:44:27.519 INFO  tests.CalculatorFunctionalityTest - Clicking Calculate
2026-01-18 15:44:28.662 INFO  tests.CalculatorFunctionalityTest - No alert branch: navigatedToResult=true
2026-01-18 15:44:28.664 INFO  tests.CalculatorFunctionalityTest - Positive case passed: navigated; returning Home via logo text
2026-01-18 15:44:29.124 INFO  tests.CalculatorFunctionalityTest - Clicked 'VitalGuard' logo text to return Home
2026-01-18 15:44:29.124 INFO  listeners.Listener1 - onTestSuccess -> sendData
2026-01-18 15:44:29.124 INFO  listeners.Listener1 - Deleting pre-submit screenshot for passed test: C:\Users\2457157\IdeaProjects\HealthIndexCalculator\reports\screenshots\age_34__pulse_64__bp_110_70__type_positive_before_20260118_154424_833.png
2026-01-18 15:44:29.130 INFO  listeners.Listener1 - onTestStart -> sendData
2026-01-18 15:44:29.130 INFO  listeners.Listener1 - Parameters for sendData: [47, 82, 130/85, positive]
2026-01-18 15:44:29.130 INFO  tests.CalculatorFunctionalityTest - Executing data row: age='47', pulse='82', bp='130/85', testType='positive'
2026-01-18 15:44:30.617 INFO  tests.CalculatorFunctionalityTest - Clicking Calculate
2026-01-18 15:44:31.231 INFO  tests.CalculatorFunctionalityTest - No alert branch: navigatedToResult=true
2026-01-18 15:44:31.231 INFO  tests.CalculatorFunctionalityTest - Positive case passed: navigated; returning Home via logo text
2026-01-18 15:44:31.630 INFO  tests.CalculatorFunctionalityTest - Clicked 'VitalGuard' logo text to return Home
2026-01-18 15:44:31.630 INFO  listeners.Listener1 - onTestSuccess -> sendData
2026-01-18 15:44:31.630 INFO  listeners.Listener1 - Deleting pre-submit screenshot for passed test: C:\Users\2457157\IdeaProjects\HealthIndexCalculator\reports\screenshots\age_47__pulse_82__bp_130_85__type_positive_before_20260118_154427_514.png
2026-01-18 15:44:31.638 INFO  listeners.Listener1 - onTestStart -> sendData
2026-01-18 15:44:31.638 INFO  listeners.Listener1 - Parameters for sendData: [58, 96, 140/95, positive]
2026-01-18 15:44:31.638 INFO  tests.CalculatorFunctionalityTest - Executing data row: age='58', pulse='96', bp='140/95', testType='positive'
2026-01-18 15:44:33.133 INFO  tests.CalculatorFunctionalityTest - Clicking Calculate
2026-01-18 15:44:34.315 INFO  tests.CalculatorFunctionalityTest - No alert branch: navigatedToResult=true
2026-01-18 15:44:34.315 INFO  tests.CalculatorFunctionalityTest - Positive case passed: navigated; returning Home via logo text
2026-01-18 15:44:34.877 INFO  tests.CalculatorFunctionalityTest - Clicked 'VitalGuard' logo text to return Home
2026-01-18 15:44:34.877 INFO  listeners.Listener1 - onTestSuccess -> sendData
2026-01-18 15:44:34.877 INFO  listeners.Listener1 - Deleting pre-submit screenshot for passed test: C:\Users\2457157\IdeaProjects\HealthIndexCalculator\reports\screenshots\age_47__pulse_82__bp_130_85__type_positive_before_20260118_154430_617.png
2026-01-18 15:44:34.885 INFO  listeners.Listener1 - onTestStart -> sendData
2026-01-18 15:44:34.885 INFO  listeners.Listener1 - Parameters for sendData: [58, 96, 140/95, positive]
2026-01-18 15:44:34.885 INFO  tests.CalculatorFunctionalityTest - Executing data row: age='58', pulse='96', bp='140/95', testType='positive'
2026-01-18 15:44:36.500 INFO  tests.CalculatorFunctionalityTest - Clicking Calculate
2026-01-18 15:44:36.719 INFO  tests.CalculatorFunctionalityTest - No alert branch: navigatedToResult=true
2026-01-18 15:44:36.719 INFO  tests.CalculatorFunctionalityTest - Positive case passed: navigated; returning Home via logo text
2026-01-18 15:44:37.541 INFO  tests.CalculatorFunctionalityTest - Clicked 'VitalGuard' logo text to return Home
2026-01-18 15:44:37.541 INFO  listeners.Listener1 - onTestSuccess -> sendData
2026-01-18 15:44:37.541 INFO  listeners.Listener1 - Deleting pre-submit screenshot for passed test: C:\Users\2457157\IdeaProjects\HealthIndexCalculator\reports\screenshots\age_58__pulse_96__bp_140_95__type_positive_before_20260118_154433_133.png
2026-01-18 15:44:37.551 INFO  listeners.Listener1 - onTestStart -> sendData
2026-01-18 15:44:37.551 INFO  listeners.Listener1 - Parameters for sendData: [72, 60, 150/100, positive]
2026-01-18 15:44:37.551 INFO  tests.CalculatorFunctionalityTest - Executing data row: age='72', pulse='60', bp='150/100', testType='positive'
2026-01-18 15:44:39.213 INFO  tests.CalculatorFunctionalityTest - Clicking Calculate
2026-01-18 15:44:40.533 INFO  tests.CalculatorFunctionalityTest - No alert branch: navigatedToResult=true
2026-01-18 15:44:40.533 INFO  tests.CalculatorFunctionalityTest - Positive case passed: navigated; returning Home via logo text
2026-01-18 15:44:41.153 INFO  tests.CalculatorFunctionalityTest - Clicked 'VitalGuard' logo text to return Home
2026-01-18 15:44:41.153 INFO  listeners.Listener1 - onTestSuccess -> sendData
2026-01-18 15:44:41.153 INFO  listeners.Listener1 - Deleting pre-submit screenshot for passed test: C:\Users\2457157\IdeaProjects\HealthIndexCalculator\reports\screenshots\age_58__pulse_96__bp_140_95__type_positive_before_20260118_154436_500.png
2026-01-18 15:44:41.159 INFO  listeners.Listener1 - onTestStart -> sendData
2026-01-18 15:44:41.159 INFO  listeners.Listener1 - Parameters for sendData: [72, 60, 150/100, positive]
2026-01-18 15:44:41.159 INFO  tests.CalculatorFunctionalityTest - Executing data row: age='72', pulse='60', bp='150/100', testType='positive'
2026-01-18 15:44:42.853 INFO  tests.CalculatorFunctionalityTest - Clicking Calculate
2026-01-18 15:44:42.964 INFO  tests.CalculatorFunctionalityTest - No alert branch: navigatedToResult=true
2026-01-18 15:44:42.964 INFO  tests.CalculatorFunctionalityTest - Positive case passed: navigated; returning Home via logo text
2026-01-18 15:44:43.454 INFO  tests.CalculatorFunctionalityTest - Clicked 'VitalGuard' logo text to return Home
2026-01-18 15:44:43.454 INFO  listeners.Listener1 - onTestSuccess -> sendData
2026-01-18 15:44:43.454 INFO  listeners.Listener1 - Deleting pre-submit screenshot for passed test: C:\Users\2457157\IdeaProjects\HealthIndexCalculator\reports\screenshots\age_72__pulse_60__bp_150_100__type_positive_before_20260118_154439_201.png
2026-01-18 15:44:43.464 INFO  listeners.Listener1 - onTestStart -> sendData
2026-01-18 15:44:43.464 INFO  listeners.Listener1 - Parameters for sendData: [5, 100, 95/60, positive]
2026-01-18 15:44:43.464 INFO  tests.CalculatorFunctionalityTest - Executing data row: age='5', pulse='100', bp='95/60', testType='positive'
2026-01-18 15:44:45.105 INFO  tests.CalculatorFunctionalityTest - Clicking Calculate
2026-01-18 15:44:46.648 INFO  tests.CalculatorFunctionalityTest - No alert branch: navigatedToResult=true
2026-01-18 15:44:46.648 INFO  tests.CalculatorFunctionalityTest - Positive case passed: navigated; returning Home via logo text
2026-01-18 15:44:47.187 INFO  tests.CalculatorFunctionalityTest - Clicked 'VitalGuard' logo text to return Home
2026-01-18 15:44:47.187 INFO  listeners.Listener1 - onTestSuccess -> sendData
2026-01-18 15:44:47.187 INFO  listeners.Listener1 - Deleting pre-submit screenshot for passed test: C:\Users\2457157\IdeaProjects\HealthIndexCalculator\reports\screenshots\age_72__pulse_60__bp_150_100__type_positive_before_20260118_154442_845.png
2026-01-18 15:44:47.205 INFO  listeners.Listener1 - onTestStart -> sendData
2026-01-18 15:44:47.205 INFO  listeners.Listener1 - Parameters for sendData: [5, 100, 95/60, positive]
2026-01-18 15:44:47.205 INFO  tests.CalculatorFunctionalityTest - Executing data row: age='5', pulse='100', bp='95/60', testType='positive'
2026-01-18 15:44:48.683 INFO  tests.CalculatorFunctionalityTest - No alert branch: navigatedToResult=true
2026-01-18 15:44:48.687 INFO  tests.CalculatorFunctionalityTest - Positive case passed: navigated; returning Home via logo text
2026-01-18 15:44:48.750 INFO  tests.CalculatorFunctionalityTest - Clicking Calculate
2026-01-18 15:44:49.049 INFO  tests.CalculatorFunctionalityTest - Clicked 'VitalGuard' logo text to return Home
2026-01-18 15:44:49.049 INFO  listeners.Listener1 - onTestSuccess -> sendData
2026-01-18 15:44:49.049 INFO  listeners.Listener1 - Deleting pre-submit screenshot for passed test: C:\Users\2457157\IdeaProjects\HealthIndexCalculator\reports\screenshots\age_5__pulse_100__bp_95_60__type_positive_before_20260118_154445_100.png
2026-01-18 15:44:49.070 INFO  listeners.Listener1 - onTestStart -> sendData
2026-01-18 15:44:49.072 INFO  listeners.Listener1 - Parameters for sendData: [88, 58, 160/70, positive]
2026-01-18 15:44:49.072 INFO  tests.CalculatorFunctionalityTest - Executing data row: age='88', pulse='58', bp='160/70', testType='positive'
2026-01-18 15:44:50.700 INFO  tests.CalculatorFunctionalityTest - Clicking Calculate
2026-01-18 15:44:52.549 INFO  tests.CalculatorFunctionalityTest - No alert branch: navigatedToResult=true
2026-01-18 15:44:52.549 INFO  tests.CalculatorFunctionalityTest - Positive case passed: navigated; returning Home via logo text
2026-01-18 15:44:53.054 INFO  tests.CalculatorFunctionalityTest - Clicked 'VitalGuard' logo text to return Home
2026-01-18 15:44:53.054 INFO  listeners.Listener1 - onTestSuccess -> sendData
2026-01-18 15:44:53.054 INFO  listeners.Listener1 - Deleting pre-submit screenshot for passed test: C:\Users\2457157\IdeaProjects\HealthIndexCalculator\reports\screenshots\age_5__pulse_100__bp_95_60__type_positive_before_20260118_154448_736.png
2026-01-18 15:44:53.068 INFO  listeners.Listener1 - onTestStart -> sendData
2026-01-18 15:44:53.068 INFO  listeners.Listener1 - Parameters for sendData: [88, 58, 160/70, positive]
2026-01-18 15:44:53.068 INFO  tests.CalculatorFunctionalityTest - Executing data row: age='88', pulse='58', bp='160/70', testType='positive'
2026-01-18 15:44:54.526 INFO  tests.CalculatorFunctionalityTest - No alert branch: navigatedToResult=true
2026-01-18 15:44:54.526 INFO  tests.CalculatorFunctionalityTest - Positive case passed: navigated; returning Home via logo text
2026-01-18 15:44:54.660 INFO  tests.CalculatorFunctionalityTest - Clicking Calculate
2026-01-18 15:44:55.091 INFO  tests.CalculatorFunctionalityTest - Clicked 'VitalGuard' logo text to return Home
2026-01-18 15:44:55.092 INFO  listeners.Listener1 - onTestSuccess -> sendData
2026-01-18 15:44:55.092 INFO  listeners.Listener1 - Deleting pre-submit screenshot for passed test: C:\Users\2457157\IdeaProjects\HealthIndexCalculator\reports\screenshots\age_88__pulse_58__bp_160_70__type_positive_before_20260118_154450_700.png
2026-01-18 15:44:55.116 INFO  listeners.Listener1 - onTestStart -> sendData
2026-01-18 15:44:55.118 INFO  listeners.Listener1 - Parameters for sendData: [40, 40, 90/50, positive]
2026-01-18 15:44:55.118 INFO  tests.CalculatorFunctionalityTest - Executing data row: age='40', pulse='40', bp='90/50', testType='positive'
2026-01-18 15:44:56.652 INFO  tests.CalculatorFunctionalityTest - Clicking Calculate
2026-01-18 15:44:58.530 INFO  tests.CalculatorFunctionalityTest - No alert branch: navigatedToResult=true
2026-01-18 15:44:58.530 INFO  tests.CalculatorFunctionalityTest - Positive case passed: navigated; returning Home via logo text
2026-01-18 15:44:59.070 INFO  tests.CalculatorFunctionalityTest - Clicked 'VitalGuard' logo text to return Home
2026-01-18 15:44:59.070 INFO  listeners.Listener1 - onTestSuccess -> sendData
2026-01-18 15:44:59.070 INFO  listeners.Listener1 - Deleting pre-submit screenshot for passed test: C:\Users\2457157\IdeaProjects\HealthIndexCalculator\reports\screenshots\age_88__pulse_58__bp_160_70__type_positive_before_20260118_154454_656.png
2026-01-18 15:44:59.082 INFO  listeners.Listener1 - onTestStart -> sendData
2026-01-18 15:44:59.083 INFO  listeners.Listener1 - Parameters for sendData: [40, 40, 90/50, positive]
2026-01-18 15:44:59.084 INFO  tests.CalculatorFunctionalityTest - Executing data row: age='40', pulse='40', bp='90/50', testType='positive'
2026-01-18 15:45:00.305 INFO  tests.CalculatorFunctionalityTest - No alert branch: navigatedToResult=true
2026-01-18 15:45:00.305 INFO  tests.CalculatorFunctionalityTest - Positive case passed: navigated; returning Home via logo text
2026-01-18 15:45:00.634 INFO  tests.CalculatorFunctionalityTest - Clicking Calculate
2026-01-18 15:45:00.906 INFO  tests.CalculatorFunctionalityTest - Clicked 'VitalGuard' logo text to return Home
2026-01-18 15:45:00.913 INFO  listeners.Listener1 - onTestSuccess -> sendData
2026-01-18 15:45:00.913 INFO  listeners.Listener1 - Deleting pre-submit screenshot for passed test: C:\Users\2457157\IdeaProjects\HealthIndexCalculator\reports\screenshots\age_40__pulse_40__bp_90_50__type_positive_before_20260118_154456_652.png
2026-01-18 15:45:00.927 INFO  listeners.Listener1 - onTestStart -> sendData
2026-01-18 15:45:00.927 INFO  listeners.Listener1 - Parameters for sendData: [40, 140, 170/110, negative]
2026-01-18 15:45:00.927 INFO  tests.CalculatorFunctionalityTest - Executing data row: age='40', pulse='140', bp='170/110', testType='negative'
2026-01-18 15:45:02.668 INFO  tests.CalculatorFunctionalityTest - Clicking Calculate
2026-01-18 15:45:04.549 INFO  tests.CalculatorFunctionalityTest - No alert branch: navigatedToResult=true
2026-01-18 15:45:04.549 INFO  tests.CalculatorFunctionalityTest - Positive case passed: navigated; returning Home via logo text
2026-01-18 15:45:05.042 INFO  tests.CalculatorFunctionalityTest - Clicked 'VitalGuard' logo text to return Home
2026-01-18 15:45:05.042 INFO  listeners.Listener1 - onTestSuccess -> sendData
2026-01-18 15:45:05.042 INFO  listeners.Listener1 - Deleting pre-submit screenshot for passed test: C:\Users\2457157\IdeaProjects\HealthIndexCalculator\reports\screenshots\age_40__pulse_40__bp_90_50__type_positive_before_20260118_154500_625.png
2026-01-18 15:45:05.077 INFO  listeners.Listener1 - onTestStart -> sendData
2026-01-18 15:45:05.077 INFO  listeners.Listener1 - Parameters for sendData: [40, 140, 170/110, negative]
2026-01-18 15:45:05.082 INFO  tests.CalculatorFunctionalityTest - Executing data row: age='40', pulse='140', bp='170/110', testType='negative'
2026-01-18 15:45:06.481 INFO  tests.CalculatorFunctionalityTest - No alert branch: navigatedToResult=true
2026-01-18 15:45:07.231 INFO  tests.CalculatorFunctionalityTest - Clicking Calculate
2026-01-18 15:45:07.574 ERROR tests.CalculatorFunctionalityTest - Negative case failed: navigated without alert
2026-01-18 15:45:08.172 ERROR listeners.Listener1 - onTestFailure -> sendData
java.lang.AssertionError: The following asserts failed:
	NEGATIVE input incorrectly navigated to Result page without showing any alert.
	at org.testng.asserts.SoftAssert.assertAll(SoftAssert.java:46)
	at org.testng.asserts.SoftAssert.assertAll(SoftAssert.java:30)
	at tests.CalculatorFunctionalityTest.sendData(CalculatorFunctionalityTest.java:200)
	at java.base/jdk.internal.reflect.DirectMethodHandleAccessor.invoke(DirectMethodHandleAccessor.java:103)
	at java.base/java.lang.reflect.Method.invoke(Method.java:580)
	at org.testng.internal.invokers.MethodInvocationHelper.invokeMethod(MethodInvocationHelper.java:141)
	at org.testng.internal.invokers.TestInvoker.invokeMethod(TestInvoker.java:687)
	at org.testng.internal.invokers.TestInvoker.invokeTestMethod(TestInvoker.java:230)
	at org.testng.internal.invokers.MethodRunner.runInSequence(MethodRunner.java:63)
	at org.testng.internal.invokers.TestInvoker$MethodInvocationAgent.invoke(TestInvoker.java:995)
	at org.testng.internal.invokers.TestInvoker.invokeTestMethods(TestInvoker.java:203)
	at org.testng.internal.invokers.TestMethodWorker.invokeTestMethods(TestMethodWorker.java:154)
	at org.testng.internal.invokers.TestMethodWorker.run(TestMethodWorker.java:134)
	at java.base/java.util.ArrayList.forEach(ArrayList.java:1596)
	at org.testng.TestRunner.privateRun(TestRunner.java:741)
	at org.testng.TestRunner.run(TestRunner.java:616)
	at org.testng.SuiteRunner.runTest(SuiteRunner.java:421)
	at org.testng.SuiteRunner$SuiteWorker.run(SuiteRunner.java:463)
	at org.testng.internal.thread.ThreadUtil.lambda$execute$0(ThreadUtil.java:64)
	at java.base/java.util.concurrent.FutureTask.run$$$capture(FutureTask.java:317)
	at java.base/java.util.concurrent.FutureTask.run(FutureTask.java)
	at java.base/java.util.concurrent.ThreadPoolExecutor.runWorker(ThreadPoolExecutor.java:1144)
	at java.base/java.util.concurrent.ThreadPoolExecutor$Worker.run(ThreadPoolExecutor.java:642)
	at java.base/java.lang.Thread.run(Thread.java:1583)
2026-01-18 15:45:08.172 INFO  listeners.Listener1 - Attaching pre-submit screenshot: C:\Users\2457157\IdeaProjects\HealthIndexCalculator\reports\screenshots\age_40__pulse_140__bp_170_110__type_negative_before_20260118_154502_663.png
2026-01-18 15:45:08.172 INFO  listeners.Listener1 - Attaching failure screenshot: C:\Users\2457157\IdeaProjects\HealthIndexCalculator\reports\screenshots\age_40__pulse_140__bp_170_110__type_negative_failed_no_alert_20260118_154506_481.png
2026-01-18 15:45:10.964 INFO  tests.CalculatorFunctionalityTest - No alert branch: navigatedToResult=true
2026-01-18 15:45:11.774 ERROR tests.CalculatorFunctionalityTest - Negative case failed: navigated without alert
2026-01-18 15:45:12.248 ERROR listeners.Listener1 - onTestFailure -> sendData
java.lang.AssertionError: The following asserts failed:
	NEGATIVE input incorrectly navigated to Result page without showing any alert.
	at org.testng.asserts.SoftAssert.assertAll(SoftAssert.java:46)
	at org.testng.asserts.SoftAssert.assertAll(SoftAssert.java:30)
	at tests.CalculatorFunctionalityTest.sendData(CalculatorFunctionalityTest.java:200)
	at java.base/jdk.internal.reflect.DirectMethodHandleAccessor.invoke(DirectMethodHandleAccessor.java:103)
	at java.base/java.lang.reflect.Method.invoke(Method.java:580)
	at org.testng.internal.invokers.MethodInvocationHelper.invokeMethod(MethodInvocationHelper.java:141)
	at org.testng.internal.invokers.TestInvoker.invokeMethod(TestInvoker.java:687)
	at org.testng.internal.invokers.TestInvoker.invokeTestMethod(TestInvoker.java:230)
	at org.testng.internal.invokers.MethodRunner.runInSequence(MethodRunner.java:63)
	at org.testng.internal.invokers.TestInvoker$MethodInvocationAgent.invoke(TestInvoker.java:995)
	at org.testng.internal.invokers.TestInvoker.invokeTestMethods(TestInvoker.java:203)
	at org.testng.internal.invokers.TestMethodWorker.invokeTestMethods(TestMethodWorker.java:154)
	at org.testng.internal.invokers.TestMethodWorker.run(TestMethodWorker.java:134)
	at java.base/java.util.ArrayList.forEach(ArrayList.java:1596)
	at org.testng.TestRunner.privateRun(TestRunner.java:741)
	at org.testng.TestRunner.run(TestRunner.java:616)
	at org.testng.SuiteRunner.runTest(SuiteRunner.java:421)
	at org.testng.SuiteRunner$SuiteWorker.run(SuiteRunner.java:463)
	at org.testng.internal.thread.ThreadUtil.lambda$execute$0(ThreadUtil.java:64)
	at java.base/java.util.concurrent.FutureTask.run$$$capture(FutureTask.java:317)
	at java.base/java.util.concurrent.FutureTask.run(FutureTask.java)
	at java.base/java.util.concurrent.ThreadPoolExecutor.runWorker(ThreadPoolExecutor.java:1144)
	at java.base/java.util.concurrent.ThreadPoolExecutor$Worker.run(ThreadPoolExecutor.java:642)
	at java.base/java.lang.Thread.run(Thread.java:1583)
2026-01-18 15:45:12.252 INFO  listeners.Listener1 - Attaching pre-submit screenshot: C:\Users\2457157\IdeaProjects\HealthIndexCalculator\reports\screenshots\age_40__pulse_140__bp_170_110__type_negative_before_20260118_154507_226.png
2026-01-18 15:45:12.254 INFO  listeners.Listener1 - Attaching failure screenshot: C:\Users\2457157\IdeaProjects\HealthIndexCalculator\reports\screenshots\age_40__pulse_140__bp_170_110__type_negative_failed_no_alert_20260118_154510_964.png
2026-01-18 15:45:14.605 INFO  tests.CalculatorFunctionalityTest - Tearing down webdriver
2026-01-18 15:45:14.605 INFO  tests.CalculatorFunctionalityTest - WebDriver quit successfully
2026-01-18 15:45:14.621 INFO  listeners.Listener1 - onTestStart -> isResultDisplayed
2026-01-18 15:45:14.621 INFO  tests.ResultsPageUiTest - === Starting 'isResultDisplayed' test ===
2026-01-18 15:45:14.742 INFO  tests.ResultsPageUiTest - Result displayed? true
2026-01-18 15:45:14.742 INFO  tests.ResultsPageUiTest - PASS: Result is displayed
2026-01-18 15:45:14.742 INFO  tests.ResultsPageUiTest - === Completed 'isResultDisplayed' test ===
2026-01-18 15:45:14.745 INFO  listeners.Listener1 - onTestSuccess -> isResultDisplayed
2026-01-18 15:45:14.758 INFO  listeners.Listener1 - onTestStart -> gotoTeamDetails
2026-01-18 15:45:14.758 INFO  tests.HomePageValidationTest - Navigating to Team Details from Home page
2026-01-18 15:45:15.189 INFO  tests.HomePageValidationTest - URL after goToTeamDetails(): https://hackvyatharth.github.io/Vitalguard_Team_Vanguardians/#foot
2026-01-18 15:45:15.189 INFO  tests.HomePageValidationTest - PASS: 'gotoTeamDetails' assertion passed
2026-01-18 15:45:15.189 INFO  listeners.Listener1 - onTestSuccess -> gotoTeamDetails
2026-01-18 15:45:15.197 INFO  tests.HomePageValidationTest - Tearing down webdriver
2026-01-18 15:45:18.010 INFO  tests.CalculatorFunctionalityTest - Tearing down webdriver
2026-01-18 15:45:18.010 INFO  tests.CalculatorFunctionalityTest - WebDriver quit successfully
2026-01-18 15:45:18.010 INFO  listeners.Listener1 - onTestStart -> isResultDisplayed
2026-01-18 15:45:18.010 INFO  tests.ResultsPageUiTest - === Starting 'isResultDisplayed' test ===
2026-01-18 15:45:18.090 INFO  tests.ResultsPageUiTest - Result displayed? true
2026-01-18 15:45:18.090 INFO  tests.ResultsPageUiTest - PASS: Result is displayed
2026-01-18 15:45:18.090 INFO  tests.ResultsPageUiTest - === Completed 'isResultDisplayed' test ===
2026-01-18 15:45:18.090 INFO  listeners.Listener1 - onTestSuccess -> isResultDisplayed
2026-01-18 15:45:18.097 INFO  listeners.Listener1 - onTestStart -> gotoTeamDetails
2026-01-18 15:45:18.097 INFO  tests.HomePageValidationTest - Navigating to Team Details from Home page
2026-01-18 15:45:18.480 INFO  tests.HomePageValidationTest - URL after goToTeamDetails(): https://hackvyatharth.github.io/Vitalguard_Team_Vanguardians/#foot
2026-01-18 15:45:18.480 INFO  tests.HomePageValidationTest - PASS: 'gotoTeamDetails' assertion passed
2026-01-18 15:45:18.480 INFO  listeners.Listener1 - onTestSuccess -> gotoTeamDetails
2026-01-18 15:45:18.499 INFO  tests.HomePageValidationTest - Tearing down webdriver
2026-01-18 15:45:21.695 INFO  tests.HomePageValidationTest - WebDriver quit successfully
2026-01-18 15:45:21.707 INFO  listeners.Listener1 - onTestStart -> gotoTeamDetails
2026-01-18 15:45:21.707 INFO  t.BloodPressurePageValidationTest - Navigating to Team Details via BloodPressurePage.goToTeamDetails()...
2026-01-18 15:45:22.095 INFO  t.BloodPressurePageValidationTest - URL after goToTeamDetails(): https://hackvyatharth.github.io/Vitalguard_Team_Vanguardians/#foot
2026-01-18 15:45:22.097 INFO  t.BloodPressurePageValidationTest - PASS: Team Details navigation assertion passed.
2026-01-18 15:45:22.097 INFO  listeners.Listener1 - onTestSuccess -> gotoTeamDetails
2026-01-18 15:45:22.098 INFO  t.BloodPressurePageValidationTest - Tearing down webdriver
2026-01-18 15:45:25.245 INFO  tests.HomePageValidationTest - WebDriver quit successfully
2026-01-18 15:45:25.252 INFO  listeners.Listener1 - onTestStart -> gotoTeamDetails
2026-01-18 15:45:25.254 INFO  t.BloodPressurePageValidationTest - Navigating to Team Details via BloodPressurePage.goToTeamDetails()...
2026-01-18 15:45:25.664 INFO  t.BloodPressurePageValidationTest - URL after goToTeamDetails(): https://hackvyatharth.github.io/Vitalguard_Team_Vanguardians/#foot
2026-01-18 15:45:25.664 INFO  t.BloodPressurePageValidationTest - PASS: Team Details navigation assertion passed.
2026-01-18 15:45:25.664 INFO  listeners.Listener1 - onTestSuccess -> gotoTeamDetails
2026-01-18 15:45:25.680 INFO  t.BloodPressurePageValidationTest - Tearing down webdriver
2026-01-18 15:45:28.428 INFO  t.BloodPressurePageValidationTest - WebDriver quit successfully
2026-01-18 15:45:28.438 INFO  listeners.Listener1 - onTestStart -> gotoTeamDetails
2026-01-18 15:45:28.440 INFO  tests.AgeFactorPageValidationTest - Navigating to Team Details via AgeFactorPage.goToTeamDetails()
2026-01-18 15:45:28.785 INFO  tests.AgeFactorPageValidationTest - PASS: Team Details navigation assertion passed
2026-01-18 15:45:28.785 INFO  listeners.Listener1 - onTestSuccess -> gotoTeamDetails
2026-01-18 15:45:28.785 INFO  tests.AgeFactorPageValidationTest - Tearing down webdriver
2026-01-18 15:45:31.386 INFO  t.BloodPressurePageValidationTest - WebDriver quit successfully
2026-01-18 15:45:31.394 INFO  listeners.Listener1 - onTestStart -> gotoTeamDetails
2026-01-18 15:45:31.394 INFO  tests.AgeFactorPageValidationTest - Navigating to Team Details via AgeFactorPage.goToTeamDetails()
2026-01-18 15:45:31.778 INFO  tests.AgeFactorPageValidationTest - PASS: Team Details navigation assertion passed
2026-01-18 15:45:31.778 INFO  listeners.Listener1 - onTestSuccess -> gotoTeamDetails
2026-01-18 15:45:31.778 INFO  tests.AgeFactorPageValidationTest - Tearing down webdriver
2026-01-18 15:45:34.374 INFO  tests.AgeFactorPageValidationTest - WebDriver quit successfully
2026-01-18 15:45:34.381 INFO  listeners.Listener1 - onTestStart -> gotoAgeFactor
2026-01-18 15:45:34.381 INFO  tests.TeamDetailsPageValidationTest - === Starting 'gotoAgeFactor' test ===
2026-01-18 15:45:34.846 INFO  tests.TeamDetailsPageValidationTest - Current URL after gotoAgeFactor(): https://hackvyatharth.github.io/Vitalguard_Team_Vanguardians/#ageFactor
2026-01-18 15:45:34.846 INFO  tests.TeamDetailsPageValidationTest - PASS: 'gotoAgeFactor' assertion passed (URL contains '#ageFactor')
2026-01-18 15:45:34.846 INFO  tests.TeamDetailsPageValidationTest - === Completed 'gotoAgeFactor' test ===
2026-01-18 15:45:34.846 INFO  listeners.Listener1 - onTestSuccess -> gotoAgeFactor
2026-01-18 15:45:34.863 INFO  tests.TeamDetailsPageValidationTest - Tearing down webdriver
2026-01-18 15:45:37.918 INFO  tests.AgeFactorPageValidationTest - WebDriver quit successfully
2026-01-18 15:45:37.918 INFO  listeners.Listener1 - onTestStart -> gotoAgeFactor
2026-01-18 15:45:37.918 INFO  tests.TeamDetailsPageValidationTest - === Starting 'gotoAgeFactor' test ===
2026-01-18 15:45:38.396 INFO  tests.TeamDetailsPageValidationTest - Current URL after gotoAgeFactor(): https://hackvyatharth.github.io/Vitalguard_Team_Vanguardians/#ageFactor
2026-01-18 15:45:38.396 INFO  tests.TeamDetailsPageValidationTest - PASS: 'gotoAgeFactor' assertion passed (URL contains '#ageFactor')
2026-01-18 15:45:38.396 INFO  tests.TeamDetailsPageValidationTest - === Completed 'gotoAgeFactor' test ===
2026-01-18 15:45:38.396 INFO  listeners.Listener1 - onTestSuccess -> gotoAgeFactor
2026-01-18 15:45:38.409 INFO  tests.TeamDetailsPageValidationTest - Tearing down webdriver
2026-01-18 15:45:41.163 INFO  tests.TeamDetailsPageValidationTest - WebDriver quit successfully
2026-01-18 15:45:41.179 INFO  listeners.Listener1 - onTestStart -> isFeedbackBoxdisplayed
2026-01-18 15:45:41.179 INFO  tests.ResultsPageUiTest - === Starting 'isFeedbackBoxdisplayed' test ===
2026-01-18 15:45:41.258 INFO  tests.ResultsPageUiTest - Feedback box present? true
2026-01-18 15:45:41.258 INFO  tests.ResultsPageUiTest - PASS: Feedback box is present
2026-01-18 15:45:41.258 INFO  tests.ResultsPageUiTest - === Completed 'isFeedbackBoxdisplayed' test ===
2026-01-18 15:45:41.258 INFO  listeners.Listener1 - onTestSuccess -> isFeedbackBoxdisplayed
2026-01-18 15:45:41.258 INFO  tests.ResultsPageUiTest - Tearing down webdriver
2026-01-18 15:45:44.480 INFO  tests.TeamDetailsPageValidationTest - WebDriver quit successfully
2026-01-18 15:45:44.480 INFO  listeners.Listener1 - onTestStart -> isFeedbackBoxdisplayed
2026-01-18 15:45:44.480 INFO  tests.ResultsPageUiTest - === Starting 'isFeedbackBoxdisplayed' test ===
2026-01-18 15:45:44.542 INFO  tests.ResultsPageUiTest - Feedback box present? true
2026-01-18 15:45:44.542 INFO  tests.ResultsPageUiTest - PASS: Feedback box is present
2026-01-18 15:45:44.542 INFO  tests.ResultsPageUiTest - === Completed 'isFeedbackBoxdisplayed' test ===
2026-01-18 15:45:44.542 INFO  listeners.Listener1 - onTestSuccess -> isFeedbackBoxdisplayed
2026-01-18 15:45:44.546 INFO  tests.ResultsPageUiTest - Tearing down webdriver
2026-01-18 15:45:47.383 INFO  tests.ResultsPageUiTest - WebDriver quit successfully
2026-01-18 15:45:47.383 INFO  listeners.Listener1 - Flushing ExtentReports...
2026-01-18 15:45:48.151 INFO  listeners.Listener1 - ExtentReports flushed successfully
2026-01-18 15:45:48.151 INFO  listeners.Listener1 - Cleared testMap. Listener finished.
2026-01-18 15:45:49.085 INFO  tests.ResultsPageUiTest - WebDriver quit successfully
2026-01-18 15:45:49.085 INFO  listeners.Listener1 - Flushing ExtentReports...
2026-01-18 15:45:49.227 INFO  listeners.Listener1 - ExtentReports flushed successfully
2026-01-18 15:45:49.227 INFO  listeners.Listener1 - Cleared testMap. Listener finished.
2026-01-18 15:48:29.142 INFO  org.testng.internal.Utils - [TestNG] Running:
  C:\Users\2457157\IdeaProjects\HealthIndexCalculator\project.xml

2026-01-18 15:48:29.235 INFO  listeners.Listener1 - Initializing ExtentReports. Report path: C:\Users\2457157\IdeaProjects\HealthIndexCalculator/reports/Test-Report2026.01.18.15.48.29.html
2026-01-18 15:48:29.235 INFO  listeners.Listener1 - Initializing ExtentReports. Report path: C:\Users\2457157\IdeaProjects\HealthIndexCalculator/reports/Test-Report2026.01.18.15.48.29.html
2026-01-18 15:48:29.710 INFO  listeners.Listener1 - System info set: Browser=chrome
2026-01-18 15:48:29.710 INFO  listeners.Listener1 - System info set: Browser=edge
2026-01-18 15:48:29.710 INFO  listeners.Listener1 - ExtentReports initialization complete
2026-01-18 15:48:29.710 INFO  listeners.Listener1 - ExtentReports initialization complete
2026-01-18 15:48:29.889 INFO  tests.UrlValidationTest - Starting WebDriver and navigating to Home: https://hackvyatharth.github.io/Vitalguard_Team_Vanguardians/
2026-01-18 15:48:29.891 INFO  tests.UrlValidationTest - Starting WebDriver and navigating to Home: https://hackvyatharth.github.io/Vitalguard_Team_Vanguardians/
2026-01-18 15:48:35.206 INFO  tests.UrlValidationTest - chrome Browser started
2026-01-18 15:48:35.461 INFO  tests.UrlValidationTest - edge Browser started
2026-01-18 15:48:36.012 INFO  tests.UrlValidationTest - Initializing page objects: TopNavigation, HomePage
2026-01-18 15:48:36.341 INFO  tests.UrlValidationTest - Setup completed for UrlValidationTest
2026-01-18 15:48:36.607 INFO  tests.UrlValidationTest - Initializing page objects: TopNavigation, HomePage
2026-01-18 15:48:36.636 INFO  tests.UrlValidationTest - Setup completed for UrlValidationTest
2026-01-18 15:48:36.828 INFO  listeners.Listener1 - onTestStart -> isURLWorking
2026-01-18 15:48:36.828 INFO  listeners.Listener1 - onTestStart -> isURLWorking
2026-01-18 15:48:36.895 INFO  tests.UrlValidationTest - === Starting 'isURLWorking' test ===
2026-01-18 15:48:36.895 INFO  tests.UrlValidationTest - === Starting 'isURLWorking' test ===
2026-01-18 15:48:38.354 INFO  tests.UrlValidationTest - NavBar present? true
2026-01-18 15:48:38.356 INFO  tests.UrlValidationTest - Left image present? true
2026-01-18 15:48:38.356 INFO  tests.UrlValidationTest - Calculator present? true
2026-01-18 15:48:38.367 INFO  tests.UrlValidationTest - PASS: Home page loaded successfully with all required elements
2026-01-18 15:48:38.371 INFO  tests.UrlValidationTest - === Completed 'isURLWorking' test ===
2026-01-18 15:48:38.379 INFO  listeners.Listener1 - onTestSuccess -> isURLWorking
2026-01-18 15:48:38.608 INFO  tests.UrlValidationTest - NavBar present? true
2026-01-18 15:48:38.608 INFO  tests.UrlValidationTest - Left image present? true
2026-01-18 15:48:38.608 INFO  tests.UrlValidationTest - Calculator present? true
2026-01-18 15:48:38.613 INFO  tests.UrlValidationTest - PASS: Home page loaded successfully with all required elements
2026-01-18 15:48:38.613 INFO  tests.UrlValidationTest - === Completed 'isURLWorking' test ===
2026-01-18 15:48:38.615 INFO  listeners.Listener1 - onTestSuccess -> isURLWorking
2026-01-18 15:48:39.366 INFO  tests.UrlValidationTest - Tearing down webdriver
2026-01-18 15:48:39.368 INFO  tests.UrlValidationTest - Tearing down webdriver
2026-01-18 15:48:43.206 INFO  tests.HeartPulsePageValidationTest - Starting WebDriver and navigating to Home: https://hackvyatharth.github.io/Vitalguard_Team_Vanguardians/
2026-01-18 15:48:43.574 INFO  tests.HeartPulsePageValidationTest - Starting WebDriver and navigating to Home: https://hackvyatharth.github.io/Vitalguard_Team_Vanguardians/
2026-01-18 15:48:46.135 INFO  tests.HeartPulsePageValidationTest - chrome Browser started
2026-01-18 15:48:46.723 INFO  tests.HeartPulsePageValidationTest - Initializing HeartPulsePage and TopNavigation with driver ChromeDriver: chrome on windows (8f4223af03c1a0e13cc75127a1c753c8)
2026-01-18 15:48:46.795 INFO  tests.HeartPulsePageValidationTest - Navigating to 'Heart Pulse' via top navigation
2026-01-18 15:48:47.712 INFO  tests.HeartPulsePageValidationTest - Arrived at Heart Pulse page. Current URL: https://hackvyatharth.github.io/Vitalguard_Team_Vanguardians/#pulseRate
2026-01-18 15:48:47.778 INFO  listeners.Listener1 - onTestStart -> isHeadingPresent
2026-01-18 15:48:47.782 INFO  tests.HeartPulsePageValidationTest - Checking Heart Pulse page heading presence
2026-01-18 15:48:48.014 INFO  tests.HeartPulsePageValidationTest - 'isHeadingPresent' assertion passed
2026-01-18 15:48:48.016 INFO  listeners.Listener1 - onTestSuccess -> isHeadingPresent
2026-01-18 15:48:48.034 INFO  listeners.Listener1 - onTestStart -> isTopNavPresent
2026-01-18 15:48:48.036 INFO  tests.HeartPulsePageValidationTest - Verifying top navigation presence on Heart Pulse page
2026-01-18 15:48:48.220 INFO  tests.HeartPulsePageValidationTest - edge Browser started
2026-01-18 15:48:48.766 INFO  tests.HeartPulsePageValidationTest - 'isTopNavPresent' assertion passed
2026-01-18 15:48:48.766 INFO  tests.HeartPulsePageValidationTest - Initializing HeartPulsePage and TopNavigation with driver EdgeDriver: MicrosoftEdge on windows (05715cc9a78ddc580edd9bf5c4c1c511)
2026-01-18 15:48:48.769 INFO  listeners.Listener1 - onTestSuccess -> isTopNavPresent
2026-01-18 15:48:48.780 INFO  tests.HeartPulsePageValidationTest - Navigating to 'Heart Pulse' via top navigation
2026-01-18 15:48:48.806 INFO  tests.HomePageValidationTest - Starting WebDriver and navigating to Home: https://hackvyatharth.github.io/Vitalguard_Team_Vanguardians/
2026-01-18 15:48:49.356 INFO  tests.HeartPulsePageValidationTest - Arrived at Heart Pulse page. Current URL: https://hackvyatharth.github.io/Vitalguard_Team_Vanguardians/#pulseRate
2026-01-18 15:48:49.409 INFO  listeners.Listener1 - onTestStart -> isHeadingPresent
2026-01-18 15:48:49.418 INFO  tests.HeartPulsePageValidationTest - Checking Heart Pulse page heading presence
2026-01-18 15:48:49.636 INFO  tests.HeartPulsePageValidationTest - 'isHeadingPresent' assertion passed
2026-01-18 15:48:49.636 INFO  listeners.Listener1 - onTestSuccess -> isHeadingPresent
2026-01-18 15:48:49.666 INFO  listeners.Listener1 - onTestStart -> isTopNavPresent
2026-01-18 15:48:49.669 INFO  tests.HeartPulsePageValidationTest - Verifying top navigation presence on Heart Pulse page
2026-01-18 15:48:50.388 INFO  tests.HeartPulsePageValidationTest - 'isTopNavPresent' assertion passed
2026-01-18 15:48:50.390 INFO  listeners.Listener1 - onTestSuccess -> isTopNavPresent
2026-01-18 15:48:50.420 INFO  tests.HomePageValidationTest - Starting WebDriver and navigating to Home: https://hackvyatharth.github.io/Vitalguard_Team_Vanguardians/
2026-01-18 15:48:54.378 INFO  tests.HomePageValidationTest - chrome Browser started
2026-01-18 15:48:54.957 INFO  tests.HomePageValidationTest - Initializing HomePage and TopNavigation with driver
2026-01-18 15:48:54.957 INFO  tests.HomePageValidationTest - Navigating to Home page via TopNavigation.goToHome()
2026-01-18 15:48:55.603 INFO  tests.HomePageValidationTest - edge Browser started
2026-01-18 15:48:55.735 INFO  tests.HomePageValidationTest - Arrived at Home page. Current URL: https://hackvyatharth.github.io/Vitalguard_Team_Vanguardians/#container
2026-01-18 15:48:55.757 INFO  listeners.Listener1 - onTestStart -> isTopNavPresent
2026-01-18 15:48:55.757 INFO  tests.HomePageValidationTest - === Starting 'isTopNavPresent' test ===
2026-01-18 15:48:55.973 INFO  tests.HomePageValidationTest - Initializing HomePage and TopNavigation with driver
2026-01-18 15:48:55.975 INFO  tests.HomePageValidationTest - Navigating to Home page via TopNavigation.goToHome()
2026-01-18 15:48:56.079 INFO  tests.HomePageValidationTest - PASS: Top navigation is present
2026-01-18 15:48:56.079 INFO  tests.HomePageValidationTest - === Completed 'isTopNavPresent' test ===
2026-01-18 15:48:56.079 INFO  listeners.Listener1 - onTestSuccess -> isTopNavPresent
2026-01-18 15:48:56.085 INFO  listeners.Listener1 - onTestStart -> gotoHome
2026-01-18 15:48:56.087 INFO  tests.HeartPulsePageValidationTest - Navigating to Home from Heart Pulse page
2026-01-18 15:48:56.117 INFO  tests.HomePageValidationTest - Arrived at Home page. Current URL: https://hackvyatharth.github.io/Vitalguard_Team_Vanguardians/#container
2026-01-18 15:48:56.135 INFO  listeners.Listener1 - onTestStart -> isTopNavPresent
2026-01-18 15:48:56.135 INFO  tests.HomePageValidationTest - === Starting 'isTopNavPresent' test ===
2026-01-18 15:48:56.323 INFO  tests.HeartPulsePageValidationTest - URL after goToHome(): https://hackvyatharth.github.io/Vitalguard_Team_Vanguardians/#container
2026-01-18 15:48:56.325 INFO  tests.HeartPulsePageValidationTest - 'gotoHome' assertion passed
2026-01-18 15:48:56.325 INFO  listeners.Listener1 - onTestSuccess -> gotoHome
2026-01-18 15:48:56.335 INFO  t.BloodPressurePageValidationTest - Starting WebDriver and navigating to Home: https://hackvyatharth.github.io/Vitalguard_Team_Vanguardians/
2026-01-18 15:48:56.533 INFO  tests.HomePageValidationTest - PASS: Top navigation is present
2026-01-18 15:48:56.533 INFO  tests.HomePageValidationTest - === Completed 'isTopNavPresent' test ===
2026-01-18 15:48:56.533 INFO  listeners.Listener1 - onTestSuccess -> isTopNavPresent
2026-01-18 15:48:56.537 INFO  listeners.Listener1 - onTestStart -> gotoHome
2026-01-18 15:48:56.537 INFO  tests.HeartPulsePageValidationTest - Navigating to Home from Heart Pulse page
2026-01-18 15:48:56.673 INFO  tests.HeartPulsePageValidationTest - URL after goToHome(): https://hackvyatharth.github.io/Vitalguard_Team_Vanguardians/#container
2026-01-18 15:48:56.673 INFO  tests.HeartPulsePageValidationTest - 'gotoHome' assertion passed
2026-01-18 15:48:56.675 INFO  listeners.Listener1 - onTestSuccess -> gotoHome
2026-01-18 15:48:56.682 INFO  t.BloodPressurePageValidationTest - Starting WebDriver and navigating to Home: https://hackvyatharth.github.io/Vitalguard_Team_Vanguardians/
2026-01-18 15:51:55.387 INFO  org.testng.internal.Utils - [TestNG] Running:
  C:\Users\2457157\IdeaProjects\HealthIndexCalculator\project.xml

2026-01-18 15:51:55.439 INFO  listeners.Listener1 - Initializing ExtentReports. Report path: C:\Users\2457157\IdeaProjects\HealthIndexCalculator/reports/Test-Report2026.01.18.15.51.55.html
2026-01-18 15:51:55.439 INFO  listeners.Listener1 - Initializing ExtentReports. Report path: C:\Users\2457157\IdeaProjects\HealthIndexCalculator/reports/Test-Report2026.01.18.15.51.55.html
2026-01-18 15:51:55.752 INFO  listeners.Listener1 - System info set: Browser=chrome
2026-01-18 15:51:55.752 INFO  listeners.Listener1 - System info set: Browser=edge
2026-01-18 15:51:55.752 INFO  listeners.Listener1 - ExtentReports initialization complete
2026-01-18 15:51:55.752 INFO  listeners.Listener1 - ExtentReports initialization complete
2026-01-18 15:51:55.859 INFO  tests.UrlValidationTest - Starting WebDriver and navigating to Home: https://hackvyatharth.github.io/Vitalguard_Team_Vanguardians/
2026-01-18 15:51:55.859 INFO  tests.UrlValidationTest - Starting WebDriver and navigating to Home: https://hackvyatharth.github.io/Vitalguard_Team_Vanguardians/
2026-01-18 15:52:00.316 INFO  tests.UrlValidationTest - chrome Browser started
2026-01-18 15:52:00.762 INFO  tests.UrlValidationTest - edge Browser started
2026-01-18 15:52:00.955 INFO  tests.UrlValidationTest - Initializing page objects: TopNavigation, HomePage
2026-01-18 15:52:01.094 INFO  tests.UrlValidationTest - Setup completed for UrlValidationTest
2026-01-18 15:52:01.287 INFO  listeners.Listener1 - onTestStart -> isURLWorking
2026-01-18 15:52:01.333 INFO  tests.UrlValidationTest - === Starting 'isURLWorking' test ===
2026-01-18 15:52:01.668 INFO  tests.UrlValidationTest - Initializing page objects: TopNavigation, HomePage
2026-01-18 15:52:01.672 INFO  tests.UrlValidationTest - Setup completed for UrlValidationTest
2026-01-18 15:52:01.683 INFO  listeners.Listener1 - onTestStart -> isURLWorking
2026-01-18 15:52:01.687 INFO  tests.UrlValidationTest - === Starting 'isURLWorking' test ===
2026-01-18 15:52:02.362 INFO  tests.UrlValidationTest - NavBar present? true
2026-01-18 15:52:02.364 INFO  tests.UrlValidationTest - Left image present? true
2026-01-18 15:52:02.364 INFO  tests.UrlValidationTest - Calculator present? true
2026-01-18 15:52:02.374 INFO  tests.UrlValidationTest - PASS: Home page loaded successfully with all required elements
2026-01-18 15:52:02.374 INFO  tests.UrlValidationTest - === Completed 'isURLWorking' test ===
2026-01-18 15:52:02.381 INFO  listeners.Listener1 - onTestSuccess -> isURLWorking
2026-01-18 15:52:02.965 INFO  tests.UrlValidationTest - NavBar present? true
2026-01-18 15:52:02.965 INFO  tests.UrlValidationTest - Left image present? true
2026-01-18 15:52:02.965 INFO  tests.UrlValidationTest - Calculator present? true
2026-01-18 15:52:02.965 INFO  tests.UrlValidationTest - PASS: Home page loaded successfully with all required elements
2026-01-18 15:52:02.965 INFO  tests.UrlValidationTest - === Completed 'isURLWorking' test ===
2026-01-18 15:52:02.967 INFO  listeners.Listener1 - onTestSuccess -> isURLWorking
2026-01-18 15:52:06.987 INFO  tests.UrlValidationTest - Tearing down webdriver
2026-01-18 15:52:06.991 INFO  tests.HeartPulsePageValidationTest - Starting WebDriver and navigating to Home: https://hackvyatharth.github.io/Vitalguard_Team_Vanguardians/
2026-01-18 15:52:07.270 INFO  tests.UrlValidationTest - Tearing down webdriver
2026-01-18 15:52:07.273 INFO  tests.HeartPulsePageValidationTest - Starting WebDriver and navigating to Home: https://hackvyatharth.github.io/Vitalguard_Team_Vanguardians/
2026-01-18 15:52:09.884 INFO  tests.HeartPulsePageValidationTest - chrome Browser started
2026-01-18 15:52:10.656 INFO  tests.HeartPulsePageValidationTest - Initializing HeartPulsePage and TopNavigation with driver ChromeDriver: chrome on windows (07071e7f9cc359a5644b0a9c2d90e6d8)
2026-01-18 15:52:10.701 INFO  tests.HeartPulsePageValidationTest - Navigating to 'Heart Pulse' via top navigation
2026-01-18 15:52:11.513 INFO  tests.HeartPulsePageValidationTest - Arrived at Heart Pulse page. Current URL: https://hackvyatharth.github.io/Vitalguard_Team_Vanguardians/#pulseRate
2026-01-18 15:52:11.618 INFO  listeners.Listener1 - onTestStart -> isHeadingPresent
2026-01-18 15:52:11.628 INFO  tests.HeartPulsePageValidationTest - Checking Heart Pulse page heading presence
2026-01-18 15:52:11.791 INFO  tests.HeartPulsePageValidationTest - 'isHeadingPresent' assertion passed
2026-01-18 15:52:11.792 INFO  listeners.Listener1 - onTestSuccess -> isHeadingPresent
2026-01-18 15:52:11.805 INFO  listeners.Listener1 - onTestStart -> isTopNavPresent
2026-01-18 15:52:11.805 INFO  tests.HeartPulsePageValidationTest - Verifying top navigation presence on Heart Pulse page
2026-01-18 15:52:11.951 INFO  tests.HeartPulsePageValidationTest - edge Browser started
2026-01-18 15:52:12.422 INFO  tests.HeartPulsePageValidationTest - 'isTopNavPresent' assertion passed
2026-01-18 15:52:12.424 INFO  listeners.Listener1 - onTestSuccess -> isTopNavPresent
2026-01-18 15:52:12.436 INFO  tests.HomePageValidationTest - Starting WebDriver and navigating to Home: https://hackvyatharth.github.io/Vitalguard_Team_Vanguardians/
2026-01-18 15:52:12.505 INFO  tests.HeartPulsePageValidationTest - Initializing HeartPulsePage and TopNavigation with driver EdgeDriver: MicrosoftEdge on windows (44a48cf918600be6bab3dab6e37797fb)
2026-01-18 15:52:12.515 INFO  tests.HeartPulsePageValidationTest - Navigating to 'Heart Pulse' via top navigation
2026-01-18 15:52:12.764 INFO  tests.HeartPulsePageValidationTest - Arrived at Heart Pulse page. Current URL: https://hackvyatharth.github.io/Vitalguard_Team_Vanguardians/#pulseRate
2026-01-18 15:52:12.787 INFO  listeners.Listener1 - onTestStart -> isHeadingPresent
2026-01-18 15:52:12.789 INFO  tests.HeartPulsePageValidationTest - Checking Heart Pulse page heading presence
2026-01-18 15:52:12.931 INFO  tests.HeartPulsePageValidationTest - 'isHeadingPresent' assertion passed
2026-01-18 15:52:12.931 INFO  listeners.Listener1 - onTestSuccess -> isHeadingPresent
2026-01-18 15:52:12.950 INFO  listeners.Listener1 - onTestStart -> isTopNavPresent
2026-01-18 15:52:12.954 INFO  tests.HeartPulsePageValidationTest - Verifying top navigation presence on Heart Pulse page
2026-01-18 15:52:13.759 INFO  tests.HeartPulsePageValidationTest - 'isTopNavPresent' assertion passed
2026-01-18 15:52:13.761 INFO  listeners.Listener1 - onTestSuccess -> isTopNavPresent
2026-01-18 15:52:13.797 INFO  tests.HomePageValidationTest - Starting WebDriver and navigating to Home: https://hackvyatharth.github.io/Vitalguard_Team_Vanguardians/
2026-01-18 15:52:18.571 INFO  tests.HomePageValidationTest - chrome Browser started
2026-01-18 15:52:19.054 INFO  tests.HomePageValidationTest - Initializing HomePage and TopNavigation with driver
2026-01-18 15:52:19.057 INFO  tests.HomePageValidationTest - Navigating to Home page via TopNavigation.goToHome()
2026-01-18 15:52:19.468 INFO  tests.HomePageValidationTest - Arrived at Home page. Current URL: https://hackvyatharth.github.io/Vitalguard_Team_Vanguardians/#container
2026-01-18 15:52:19.547 INFO  listeners.Listener1 - onTestStart -> isTopNavPresent
2026-01-18 15:52:19.553 INFO  tests.HomePageValidationTest - === Starting 'isTopNavPresent' test ===
2026-01-18 15:52:21.561 INFO  tests.HomePageValidationTest - PASS: Top navigation is present
2026-01-18 15:52:21.563 INFO  tests.HomePageValidationTest - === Completed 'isTopNavPresent' test ===
2026-01-18 15:52:21.563 INFO  listeners.Listener1 - onTestSuccess -> isTopNavPresent
2026-01-18 15:52:21.587 INFO  listeners.Listener1 - onTestStart -> gotoHome
2026-01-18 15:52:21.595 INFO  tests.HeartPulsePageValidationTest - Navigating to Home from Heart Pulse page
2026-01-18 15:52:21.916 INFO  tests.HomePageValidationTest - edge Browser started
2026-01-18 15:52:22.041 INFO  tests.HeartPulsePageValidationTest - URL after goToHome(): https://hackvyatharth.github.io/Vitalguard_Team_Vanguardians/#container
2026-01-18 15:52:22.044 INFO  tests.HeartPulsePageValidationTest - 'gotoHome' assertion passed
2026-01-18 15:52:22.045 INFO  listeners.Listener1 - onTestSuccess -> gotoHome
2026-01-18 15:52:22.064 INFO  t.BloodPressurePageValidationTest - Starting WebDriver and navigating to Home: https://hackvyatharth.github.io/Vitalguard_Team_Vanguardians/
2026-01-18 15:52:22.537 INFO  tests.HomePageValidationTest - Initializing HomePage and TopNavigation with driver
2026-01-18 15:52:22.547 INFO  tests.HomePageValidationTest - Navigating to Home page via TopNavigation.goToHome()
2026-01-18 15:52:22.816 INFO  tests.HomePageValidationTest - Arrived at Home page. Current URL: https://hackvyatharth.github.io/Vitalguard_Team_Vanguardians/#container
2026-01-18 15:52:22.845 INFO  listeners.Listener1 - onTestStart -> isTopNavPresent
2026-01-18 15:52:22.847 INFO  tests.HomePageValidationTest - === Starting 'isTopNavPresent' test ===
2026-01-18 15:52:23.460 INFO  tests.HomePageValidationTest - PASS: Top navigation is present
2026-01-18 15:52:23.460 INFO  tests.HomePageValidationTest - === Completed 'isTopNavPresent' test ===
2026-01-18 15:52:23.460 INFO  listeners.Listener1 - onTestSuccess -> isTopNavPresent
2026-01-18 15:52:23.481 INFO  listeners.Listener1 - onTestStart -> gotoHome
2026-01-18 15:52:23.483 INFO  tests.HeartPulsePageValidationTest - Navigating to Home from Heart Pulse page
2026-01-18 15:52:23.949 INFO  tests.HeartPulsePageValidationTest - URL after goToHome(): https://hackvyatharth.github.io/Vitalguard_Team_Vanguardians/#container
2026-01-18 15:52:23.949 INFO  tests.HeartPulsePageValidationTest - 'gotoHome' assertion passed
2026-01-18 15:52:23.951 INFO  listeners.Listener1 - onTestSuccess -> gotoHome
2026-01-18 15:52:23.966 INFO  t.BloodPressurePageValidationTest - Starting WebDriver and navigating to Home: https://hackvyatharth.github.io/Vitalguard_Team_Vanguardians/
2026-01-18 15:52:28.831 INFO  t.BloodPressurePageValidationTest - chrome Browser started
2026-01-18 15:52:29.312 INFO  t.BloodPressurePageValidationTest - Initializing BloodPressurePage and TopNavigation...
2026-01-18 15:52:29.321 INFO  t.BloodPressurePageValidationTest - Navigating to 'Blood Pressure' via top navigation...
2026-01-18 15:52:29.673 INFO  t.BloodPressurePageValidationTest - Arrived at Blood Pressure page. Current URL: https://hackvyatharth.github.io/Vitalguard_Team_Vanguardians/#bloodPressure
2026-01-18 15:52:29.752 INFO  listeners.Listener1 - onTestStart -> isTopNavPresent
2026-01-18 15:52:29.754 INFO  t.BloodPressurePageValidationTest - === Starting 'isTopNavPresent' test ===
2026-01-18 15:52:31.768 INFO  t.BloodPressurePageValidationTest - PASS: Top navigation presence assertion passed.
2026-01-18 15:52:31.768 INFO  t.BloodPressurePageValidationTest - === Completed 'isTopNavPresent' test ===
2026-01-18 15:52:31.771 INFO  listeners.Listener1 - onTestSuccess -> isTopNavPresent
2026-01-18 15:52:31.802 INFO  tests.AgeFactorPageValidationTest - Starting WebDriver and navigating to Home: https://hackvyatharth.github.io/Vitalguard_Team_Vanguardians/
2026-01-18 15:52:32.254 INFO  t.BloodPressurePageValidationTest - edge Browser started
2026-01-18 15:52:32.935 INFO  t.BloodPressurePageValidationTest - Initializing BloodPressurePage and TopNavigation...
2026-01-18 15:52:32.950 INFO  t.BloodPressurePageValidationTest - Navigating to 'Blood Pressure' via top navigation...
2026-01-18 15:52:33.467 INFO  t.BloodPressurePageValidationTest - Arrived at Blood Pressure page. Current URL: https://hackvyatharth.github.io/Vitalguard_Team_Vanguardians/#bloodPressure
2026-01-18 15:52:33.520 INFO  listeners.Listener1 - onTestStart -> isTopNavPresent
2026-01-18 15:52:33.522 INFO  t.BloodPressurePageValidationTest - === Starting 'isTopNavPresent' test ===
2026-01-18 15:52:34.182 INFO  t.BloodPressurePageValidationTest - PASS: Top navigation presence assertion passed.
2026-01-18 15:52:34.182 INFO  t.BloodPressurePageValidationTest - === Completed 'isTopNavPresent' test ===
2026-01-18 15:52:34.184 INFO  listeners.Listener1 - onTestSuccess -> isTopNavPresent
2026-01-18 15:52:34.187 INFO  tests.AgeFactorPageValidationTest - Starting WebDriver and navigating to Home: https://hackvyatharth.github.io/Vitalguard_Team_Vanguardians/
2026-01-18 15:52:38.123 INFO  tests.AgeFactorPageValidationTest - chrome Browser started
2026-01-18 15:52:42.667 INFO  tests.AgeFactorPageValidationTest - edge Browser started
2026-01-18 15:52:46.477 INFO  tests.AgeFactorPageValidationTest - Initializing AgeFactorPage and TopNavigation for driver: ChromeDriver: chrome on windows (05c9fc0ebe5d32023261f4b0667a5b73)
2026-01-18 15:52:46.484 INFO  tests.AgeFactorPageValidationTest - Navigating to 'Age Factor' via top navigation
2026-01-18 15:52:47.555 INFO  tests.AgeFactorPageValidationTest - Arrived at Age factor page
2026-01-18 15:52:47.643 INFO  listeners.Listener1 - onTestStart -> isTopNavPresent
2026-01-18 15:52:47.644 INFO  tests.AgeFactorPageValidationTest - Verifying top navigation presence on Age Factor page
2026-01-18 15:52:48.705 INFO  tests.AgeFactorPageValidationTest - PASS: Top navigation presence assertion passed
2026-01-18 15:52:48.707 INFO  listeners.Listener1 - onTestSuccess -> isTopNavPresent
2026-01-18 15:52:48.720 INFO  tests.TeamDetailsPageValidationTest - Starting WebDriver and navigating to Home: https://hackvyatharth.github.io/Vitalguard_Team_Vanguardians/
2026-01-18 15:52:50.082 INFO  tests.AgeFactorPageValidationTest - Initializing AgeFactorPage and TopNavigation for driver: EdgeDriver: MicrosoftEdge on windows (e069996b9a7b15ca4d3ca368464da760)
2026-01-18 15:52:50.086 INFO  tests.AgeFactorPageValidationTest - Navigating to 'Age Factor' via top navigation
2026-01-18 15:52:50.431 INFO  tests.AgeFactorPageValidationTest - Arrived at Age factor page
2026-01-18 15:52:50.464 INFO  listeners.Listener1 - onTestStart -> isTopNavPresent
2026-01-18 15:52:50.466 INFO  tests.AgeFactorPageValidationTest - Verifying top navigation presence on Age Factor page
2026-01-18 15:52:51.403 INFO  tests.AgeFactorPageValidationTest - PASS: Top navigation presence assertion passed
2026-01-18 15:52:51.405 INFO  listeners.Listener1 - onTestSuccess -> isTopNavPresent
2026-01-18 15:52:51.431 INFO  tests.TeamDetailsPageValidationTest - Starting WebDriver and navigating to Home: https://hackvyatharth.github.io/Vitalguard_Team_Vanguardians/
2026-01-18 15:52:57.333 INFO  tests.TeamDetailsPageValidationTest - chrome Browser started
2026-01-18 15:52:58.468 INFO  tests.TeamDetailsPageValidationTest - Initializing page objects: TeamDetails, TopNavigation
2026-01-18 15:52:58.499 INFO  tests.TeamDetailsPageValidationTest - Navigating to Team Details page via TopNavigation
2026-01-18 15:52:59.373 INFO  tests.TeamDetailsPageValidationTest - Setup completed for TeamDetailsPageValidationTest
2026-01-18 15:52:59.417 INFO  listeners.Listener1 - onTestStart -> isTopNavPresent
2026-01-18 15:52:59.421 INFO  tests.TeamDetailsPageValidationTest - === Starting 'isTopNavPresent' test ===
2026-01-18 15:53:02.918 INFO  tests.TeamDetailsPageValidationTest - Top navigation present? true
2026-01-18 15:53:02.933 INFO  tests.TeamDetailsPageValidationTest - PASS: Top navigation is present
2026-01-18 15:53:02.935 INFO  tests.TeamDetailsPageValidationTest - === Completed 'isTopNavPresent' test ===
2026-01-18 15:53:02.951 INFO  listeners.Listener1 - onTestSuccess -> isTopNavPresent
2026-01-18 15:53:03.000 INFO  tests.CalculatorFunctionalityTest - Starting WebDriver and navigating to Home: https://hackvyatharth.github.io/Vitalguard_Team_Vanguardians/
2026-01-18 15:53:04.321 INFO  tests.TeamDetailsPageValidationTest - edge Browser started
2026-01-18 15:53:05.456 INFO  tests.TeamDetailsPageValidationTest - Initializing page objects: TeamDetails, TopNavigation
2026-01-18 15:53:05.470 INFO  tests.TeamDetailsPageValidationTest - Navigating to Team Details page via TopNavigation
2026-01-18 15:53:06.354 INFO  tests.TeamDetailsPageValidationTest - Setup completed for TeamDetailsPageValidationTest
2026-01-18 15:53:06.469 INFO  listeners.Listener1 - onTestStart -> isTopNavPresent
2026-01-18 15:53:06.473 INFO  tests.TeamDetailsPageValidationTest - === Starting 'isTopNavPresent' test ===
2026-01-18 15:53:08.518 INFO  tests.TeamDetailsPageValidationTest - Top navigation present? true
2026-01-18 15:53:08.518 INFO  tests.TeamDetailsPageValidationTest - PASS: Top navigation is present
2026-01-18 15:53:08.518 INFO  tests.TeamDetailsPageValidationTest - === Completed 'isTopNavPresent' test ===
2026-01-18 15:53:08.520 INFO  listeners.Listener1 - onTestSuccess -> isTopNavPresent
2026-01-18 15:53:08.587 INFO  tests.CalculatorFunctionalityTest - Starting WebDriver and navigating to Home: https://hackvyatharth.github.io/Vitalguard_Team_Vanguardians/
2026-01-18 15:53:18.824 INFO  tests.CalculatorFunctionalityTest - chrome Browser started
2026-01-18 15:53:20.005 INFO  tests.CalculatorFunctionalityTest - Initializing CalculatorForm, ExcelDataManager, TopNavigation
2026-01-18 15:53:20.155 INFO  tests.CalculatorFunctionalityTest - Setup complete for CalculatorFunctionalityTest
2026-01-18 15:53:20.168 INFO  listeners.Listener1 - onTestStart -> isFormHeadingPresent
2026-01-18 15:53:20.171 INFO  tests.CalculatorFunctionalityTest - Verifying form heading presence
2026-01-18 15:53:23.531 INFO  tests.CalculatorFunctionalityTest - edge Browser started
2026-01-18 15:53:24.440 INFO  tests.CalculatorFunctionalityTest - Initializing CalculatorForm, ExcelDataManager, TopNavigation
2026-01-18 15:53:24.450 INFO  tests.CalculatorFunctionalityTest - Setup complete for CalculatorFunctionalityTest
2026-01-18 15:53:24.466 INFO  listeners.Listener1 - onTestStart -> isFormHeadingPresent
2026-01-18 15:53:24.470 INFO  tests.CalculatorFunctionalityTest - Verifying form heading presence
2026-01-18 15:53:24.673 INFO  tests.CalculatorFunctionalityTest - Form Heading assertion passed
2026-01-18 15:53:24.673 INFO  listeners.Listener1 - onTestSuccess -> isFormHeadingPresent
2026-01-18 15:53:24.700 INFO  tests.ResultsPageUiTest - Starting WebDriver and navigating to Home: https://hackvyatharth.github.io/Vitalguard_Team_Vanguardians/
2026-01-18 15:59:29.222 INFO  org.testng.internal.Utils - [TestNG] Running:
  C:\Users\2457157\IdeaProjects\HealthIndexCalculator\project.xml

2026-01-18 15:59:29.271 INFO  listeners.Listener1 - Initializing ExtentReports. Report path: C:\Users\2457157\IdeaProjects\HealthIndexCalculator/reports/Test-Report2026.01.18.15.59.29.html
2026-01-18 15:59:29.271 INFO  listeners.Listener1 - Initializing ExtentReports. Report path: C:\Users\2457157\IdeaProjects\HealthIndexCalculator/reports/Test-Report2026.01.18.15.59.29.html
2026-01-18 15:59:29.587 INFO  listeners.Listener1 - System info set: Browser=chrome
2026-01-18 15:59:29.587 INFO  listeners.Listener1 - System info set: Browser=edge
2026-01-18 15:59:29.587 INFO  listeners.Listener1 - ExtentReports initialization complete
2026-01-18 15:59:29.587 INFO  listeners.Listener1 - ExtentReports initialization complete
2026-01-18 15:59:29.700 INFO  tests.UrlValidationTest - Starting WebDriver and navigating to Home: https://hackvyatharth.github.io/Vitalguard_Team_Vanguardians/
2026-01-18 15:59:29.700 INFO  tests.UrlValidationTest - Starting WebDriver and navigating to Home: https://hackvyatharth.github.io/Vitalguard_Team_Vanguardians/
2026-01-18 15:59:34.645 INFO  tests.UrlValidationTest - chrome Browser started
2026-01-18 15:59:35.022 INFO  tests.UrlValidationTest - edge Browser started
2026-01-18 15:59:35.607 INFO  tests.UrlValidationTest - Initializing page objects: TopNavigation, HomePage
2026-01-18 15:59:35.805 INFO  tests.UrlValidationTest - Setup completed for UrlValidationTest
2026-01-18 15:59:36.011 INFO  tests.UrlValidationTest - Initializing page objects: TopNavigation, HomePage
2026-01-18 15:59:36.018 INFO  tests.UrlValidationTest - Setup completed for UrlValidationTest
2026-01-18 15:59:36.112 INFO  listeners.Listener1 - onTestStart -> isURLWorking
2026-01-18 15:59:36.114 INFO  listeners.Listener1 - onTestStart -> isURLWorking
2026-01-18 15:59:36.156 INFO  tests.UrlValidationTest - === Starting 'isURLWorking' test ===
2026-01-18 15:59:36.156 INFO  tests.UrlValidationTest - === Starting 'isURLWorking' test ===
2026-01-18 15:59:37.198 INFO  tests.UrlValidationTest - NavBar present? true
2026-01-18 15:59:37.198 INFO  tests.UrlValidationTest - Left image present? true
2026-01-18 15:59:37.198 INFO  tests.UrlValidationTest - Calculator present? true
2026-01-18 15:59:37.207 INFO  tests.UrlValidationTest - PASS: Home page loaded successfully with all required elements
2026-01-18 15:59:37.207 INFO  tests.UrlValidationTest - === Completed 'isURLWorking' test ===
2026-01-18 15:59:37.214 INFO  listeners.Listener1 - onTestSuccess -> isURLWorking
2026-01-18 15:59:37.271 INFO  tests.UrlValidationTest - NavBar present? true
2026-01-18 15:59:37.271 INFO  tests.UrlValidationTest - Left image present? true
2026-01-18 15:59:37.271 INFO  tests.UrlValidationTest - Calculator present? true
2026-01-18 15:59:37.271 INFO  tests.UrlValidationTest - PASS: Home page loaded successfully with all required elements
2026-01-18 15:59:37.271 INFO  tests.UrlValidationTest - === Completed 'isURLWorking' test ===
2026-01-18 15:59:37.271 INFO  listeners.Listener1 - onTestSuccess -> isURLWorking
2026-01-18 15:59:42.000 INFO  tests.UrlValidationTest - Tearing down webdriver
2026-01-18 15:59:42.011 INFO  tests.HeartPulsePageValidationTest - Starting WebDriver and navigating to Home: https://hackvyatharth.github.io/Vitalguard_Team_Vanguardians/
2026-01-18 15:59:42.192 INFO  tests.UrlValidationTest - Tearing down webdriver
2026-01-18 15:59:42.192 INFO  tests.HeartPulsePageValidationTest - Starting WebDriver and navigating to Home: https://hackvyatharth.github.io/Vitalguard_Team_Vanguardians/
2026-01-18 15:59:45.692 INFO  tests.HeartPulsePageValidationTest - chrome Browser started
2026-01-18 15:59:46.413 INFO  tests.HeartPulsePageValidationTest - Initializing HeartPulsePage and TopNavigation with driver ChromeDriver: chrome on windows (c707f002b16b60d834be5f750b9cf068)
2026-01-18 15:59:46.431 INFO  tests.HeartPulsePageValidationTest - Navigating to 'Heart Pulse' via top navigation
2026-01-18 15:59:46.611 INFO  tests.HeartPulsePageValidationTest - edge Browser started
2026-01-18 15:59:46.941 INFO  tests.HeartPulsePageValidationTest - Arrived at Heart Pulse page. Current URL: https://hackvyatharth.github.io/Vitalguard_Team_Vanguardians/#pulseRate
2026-01-18 15:59:47.045 INFO  listeners.Listener1 - onTestStart -> isHeadingPresent
2026-01-18 15:59:47.048 INFO  tests.HeartPulsePageValidationTest - Checking Heart Pulse page heading presence
2026-01-18 15:59:47.140 INFO  tests.HeartPulsePageValidationTest - Initializing HeartPulsePage and TopNavigation with driver EdgeDriver: MicrosoftEdge on windows (bfb88c59b946102b5a0103027a007dd8)
2026-01-18 15:59:47.150 INFO  tests.HeartPulsePageValidationTest - Navigating to 'Heart Pulse' via top navigation
2026-01-18 15:59:47.403 INFO  tests.HeartPulsePageValidationTest - 'isHeadingPresent' assertion passed
2026-01-18 15:59:47.403 INFO  listeners.Listener1 - onTestSuccess -> isHeadingPresent
2026-01-18 15:59:47.428 INFO  listeners.Listener1 - onTestStart -> isTopNavPresent
2026-01-18 15:59:47.428 INFO  tests.HeartPulsePageValidationTest - Verifying top navigation presence on Heart Pulse page
2026-01-18 15:59:47.607 INFO  tests.HeartPulsePageValidationTest - Arrived at Heart Pulse page. Current URL: https://hackvyatharth.github.io/Vitalguard_Team_Vanguardians/#pulseRate
2026-01-18 15:59:47.645 INFO  listeners.Listener1 - onTestStart -> isHeadingPresent
2026-01-18 15:59:47.654 INFO  tests.HeartPulsePageValidationTest - Checking Heart Pulse page heading presence
2026-01-18 15:59:47.866 INFO  tests.HeartPulsePageValidationTest - 'isHeadingPresent' assertion passed
2026-01-18 15:59:47.866 INFO  listeners.Listener1 - onTestSuccess -> isHeadingPresent
2026-01-18 15:59:47.889 INFO  listeners.Listener1 - onTestStart -> isTopNavPresent
2026-01-18 15:59:47.897 INFO  tests.HeartPulsePageValidationTest - Verifying top navigation presence on Heart Pulse page
2026-01-18 15:59:48.188 INFO  tests.HeartPulsePageValidationTest - 'isTopNavPresent' assertion passed
2026-01-18 15:59:48.188 INFO  listeners.Listener1 - onTestSuccess -> isTopNavPresent
2026-01-18 15:59:48.204 INFO  tests.HomePageValidationTest - Starting WebDriver and navigating to Home: https://hackvyatharth.github.io/Vitalguard_Team_Vanguardians/
2026-01-18 15:59:48.432 INFO  tests.HeartPulsePageValidationTest - 'isTopNavPresent' assertion passed
2026-01-18 15:59:48.434 INFO  listeners.Listener1 - onTestSuccess -> isTopNavPresent
2026-01-18 15:59:48.446 INFO  tests.HomePageValidationTest - Starting WebDriver and navigating to Home: https://hackvyatharth.github.io/Vitalguard_Team_Vanguardians/
2026-01-18 15:59:55.071 INFO  tests.HomePageValidationTest - chrome Browser started
2026-01-18 15:59:56.026 INFO  tests.HomePageValidationTest - Initializing HomePage and TopNavigation with driver
2026-01-18 15:59:56.028 INFO  tests.HomePageValidationTest - Navigating to Home page via TopNavigation.goToHome()
2026-01-18 15:59:56.650 INFO  listeners.Listener1 - onTestStart -> isTopNavPresent
2026-01-18 15:59:56.660 WARN  listeners.Listener1 - onTestSkipped -> isTopNavPresent
org.openqa.selenium.NoSuchElementException: Unable to find element with locator By.linkText: Home
For documentation on this error, please visit: https://www.selenium.dev/documentation/webdriver/troubleshooting/errors#no-such-element-exception
Build info: version: '4.33.0', revision: '2c6aaad03a'
System info: os.name: 'Windows 11', os.arch: 'amd64', os.version: '10.0', java.version: '21'
Driver info: driver.version: RemoteWebDriver
	at org.openqa.selenium.remote.ElementLocation$ElementFinder$2.findElement(ElementLocation.java:168)
	at org.openqa.selenium.remote.ElementLocation.findElement(ElementLocation.java:59)
	at org.openqa.selenium.remote.RemoteWebDriver.findElement(RemoteWebDriver.java:367)
	at org.openqa.selenium.remote.RemoteWebDriver.findElement(RemoteWebDriver.java:361)
	at org.openqa.selenium.support.pagefactory.DefaultElementLocator.findElement(DefaultElementLocator.java:68)
	at org.openqa.selenium.support.pagefactory.internal.LocatingElementHandler.invoke(LocatingElementHandler.java:38)
	at jdk.proxy2/jdk.proxy2.$Proxy16.click(Unknown Source)
	at pages.TopNavigation.goToHome(TopNavigation.java:74)
	at tests.HomePageValidationTest.setUp(HomePageValidationTest.java:27)
	at java.base/jdk.internal.reflect.DirectMethodHandleAccessor.invoke(DirectMethodHandleAccessor.java:103)
	at java.base/java.lang.reflect.Method.invoke(Method.java:580)
	at org.testng.internal.invokers.MethodInvocationHelper.invokeMethod(MethodInvocationHelper.java:141)
	at org.testng.internal.invokers.MethodInvocationHelper.invokeMethodConsideringTimeout(MethodInvocationHelper.java:71)
	at org.testng.internal.invokers.ConfigInvoker.invokeConfigurationMethod(ConfigInvoker.java:400)
	at org.testng.internal.invokers.ConfigInvoker.invokeConfigurations(ConfigInvoker.java:333)
	at org.testng.internal.invokers.TestMethodWorker.invokeBeforeClassMethods(TestMethodWorker.java:188)
	at org.testng.internal.invokers.TestMethodWorker.run(TestMethodWorker.java:128)
	at java.base/java.util.ArrayList.forEach(ArrayList.java:1596)
	at org.testng.TestRunner.privateRun(TestRunner.java:741)
	at org.testng.TestRunner.run(TestRunner.java:616)
	at org.testng.SuiteRunner.runTest(SuiteRunner.java:421)
	at org.testng.SuiteRunner$SuiteWorker.run(SuiteRunner.java:463)
	at org.testng.internal.thread.ThreadUtil.lambda$execute$0(ThreadUtil.java:64)
	at java.base/java.util.concurrent.FutureTask.run$$$capture(FutureTask.java:317)
	at java.base/java.util.concurrent.FutureTask.run(FutureTask.java)
	at java.base/java.util.concurrent.ThreadPoolExecutor.runWorker(ThreadPoolExecutor.java:1144)
	at java.base/java.util.concurrent.ThreadPoolExecutor$Worker.run(ThreadPoolExecutor.java:642)
	at java.base/java.lang.Thread.run(Thread.java:1583)
2026-01-18 15:59:56.745 INFO  listeners.Listener1 - onTestStart -> gotoHome
2026-01-18 15:59:56.747 INFO  tests.HeartPulsePageValidationTest - Navigating to Home from Heart Pulse page
2026-01-18 15:59:57.462 INFO  tests.HomePageValidationTest - edge Browser started
2026-01-18 15:59:57.613 INFO  tests.HeartPulsePageValidationTest - URL after goToHome(): https://hackvyatharth.github.io/Vitalguard_Team_Vanguardians/#container
2026-01-18 15:59:57.613 INFO  tests.HeartPulsePageValidationTest - 'gotoHome' assertion passed
2026-01-18 15:59:57.613 INFO  listeners.Listener1 - onTestSuccess -> gotoHome
2026-01-18 15:59:57.630 INFO  t.BloodPressurePageValidationTest - Starting WebDriver and navigating to Home: https://hackvyatharth.github.io/Vitalguard_Team_Vanguardians/
2026-01-18 15:59:58.221 INFO  tests.HomePageValidationTest - Initializing HomePage and TopNavigation with driver
2026-01-18 15:59:58.234 INFO  tests.HomePageValidationTest - Navigating to Home page via TopNavigation.goToHome()
2026-01-18 15:59:58.871 INFO  tests.HomePageValidationTest - Arrived at Home page. Current URL: https://hackvyatharth.github.io/Vitalguard_Team_Vanguardians/#container
2026-01-18 15:59:58.904 INFO  listeners.Listener1 - onTestStart -> isTopNavPresent
2026-01-18 15:59:58.904 INFO  tests.HomePageValidationTest - === Starting 'isTopNavPresent' test ===
2026-01-18 15:59:59.503 INFO  tests.HomePageValidationTest - PASS: Top navigation is present
2026-01-18 15:59:59.503 INFO  tests.HomePageValidationTest - === Completed 'isTopNavPresent' test ===
2026-01-18 15:59:59.518 INFO  listeners.Listener1 - onTestSuccess -> isTopNavPresent
2026-01-18 15:59:59.537 INFO  listeners.Listener1 - onTestStart -> gotoHome
2026-01-18 15:59:59.550 INFO  tests.HeartPulsePageValidationTest - Navigating to Home from Heart Pulse page
2026-01-18 16:00:00.383 INFO  tests.HeartPulsePageValidationTest - URL after goToHome(): https://hackvyatharth.github.io/Vitalguard_Team_Vanguardians/#container
2026-01-18 16:00:00.383 INFO  tests.HeartPulsePageValidationTest - 'gotoHome' assertion passed
2026-01-18 16:00:00.383 INFO  listeners.Listener1 - onTestSuccess -> gotoHome
2026-01-18 16:00:00.415 INFO  t.BloodPressurePageValidationTest - Starting WebDriver and navigating to Home: https://hackvyatharth.github.io/Vitalguard_Team_Vanguardians/
2026-01-18 16:00:03.771 INFO  t.BloodPressurePageValidationTest - chrome Browser started
2026-01-18 16:00:04.435 INFO  t.BloodPressurePageValidationTest - Initializing BloodPressurePage and TopNavigation...
2026-01-18 16:00:04.475 INFO  t.BloodPressurePageValidationTest - Navigating to 'Blood Pressure' via top navigation...
2026-01-18 16:00:05.171 INFO  t.BloodPressurePageValidationTest - Arrived at Blood Pressure page. Current URL: https://hackvyatharth.github.io/Vitalguard_Team_Vanguardians/#bloodPressure
2026-01-18 16:00:05.222 INFO  listeners.Listener1 - onTestStart -> isTopNavPresent
2026-01-18 16:00:05.228 INFO  t.BloodPressurePageValidationTest - === Starting 'isTopNavPresent' test ===
2026-01-18 16:00:05.803 INFO  t.BloodPressurePageValidationTest - PASS: Top navigation presence assertion passed.
2026-01-18 16:00:05.803 INFO  t.BloodPressurePageValidationTest - === Completed 'isTopNavPresent' test ===
2026-01-18 16:00:05.803 INFO  listeners.Listener1 - onTestSuccess -> isTopNavPresent
2026-01-18 16:00:05.820 INFO  tests.AgeFactorPageValidationTest - Starting WebDriver and navigating to Home: https://hackvyatharth.github.io/Vitalguard_Team_Vanguardians/
2026-01-18 16:00:08.951 INFO  t.BloodPressurePageValidationTest - edge Browser started
2026-01-18 16:00:09.929 INFO  t.BloodPressurePageValidationTest - Initializing BloodPressurePage and TopNavigation...
2026-01-18 16:00:09.931 INFO  t.BloodPressurePageValidationTest - Navigating to 'Blood Pressure' via top navigation...
2026-01-18 16:00:12.035 INFO  t.BloodPressurePageValidationTest - Arrived at Blood Pressure page. Current URL: https://hackvyatharth.github.io/Vitalguard_Team_Vanguardians/#bloodPressure
2026-01-18 16:00:12.238 INFO  listeners.Listener1 - onTestStart -> isTopNavPresent
2026-01-18 16:00:12.239 INFO  t.BloodPressurePageValidationTest - === Starting 'isTopNavPresent' test ===
